Mono path[0] = 'E:/Games/Nunholy.Build.17796373/Nunholy_Data/Managed'
Mono config path = 'E:/Games/Nunholy.Build.17796373/MonoBleedingEdge/etc'
Input System module state changed to: Initialized.
[PhysX] Initialized MultithreadedTaskDispatcher with 12 workers.
Loading player data from E:/Games/Nunholy.Build.17796373/Nunholy_Data/data.unity3d
Initialize engine version: 2022.3.56f1 (dd0c98481d00)
[Subsystems] Discovering subsystems at path E:/Games/Nunholy.Build.17796373/Nunholy_Data/UnitySubsystems
GfxDevice: creating device client; threaded=1; jobified=1
Direct3D:
    Version:  Direct3D 11.0 [level 11.1]
    Renderer: AMD Radeon RX 7700 XT (ID=0x747e)
    Vendor:   ATI
    VRAM:     12081 MB
    Driver:   32.0.31041.1004
Begin MonoManager ReloadAssembly
- Loaded All Assemblies, in  3.193 seconds
- Finished resetting the current domain, in  0.001 seconds
D3D11 device created for Microsoft Media Foundation video decoding.
<RI> Initializing input.
Using Windows.Gaming.Input
<RI> Input initialized.
<RI> Initialized touch support.
[PhysX] Initialized MultithreadedTaskDispatcher with 12 workers.
UnloadTime: 0.623900 ms
No Playlist Controllers exist in the Scene. Music will not play.
Goldberg
Unloading 6 Unused Serialized files (Serialized files now loaded: 4)
[PhysX] Initialized MultithreadedTaskDispatcher with 12 workers.
UnloadTime: 1.304400 ms
Unloading 4 unused Assets to reduce memory usage. Loaded Objects now: 11400.
Total: 4.311500 ms (FindLiveObjects: 0.684300 ms CreateObjectMapping: 0.170500 ms MarkObjects: 3.413500 ms  DeleteObjects: 0.043100 ms)

Direct3D: detected that using refresh rate causes time drift. Will stop trusting refresh rate until the game window is moved.
Direct3D: detected that vsync is broken (it does not limit frame rate properly). Delta time will now be calculated using cpu-side time stampling until the game window is moved.
Joystick connected ("").
Input System polling thread started.
Joystick disconnected ("").
Joystick connected ("Controller (XBOX 360 For Windows)").
Unloading 5 Unused Serialized files (Serialized files now loaded: 5)
[PhysX] Initialized MultithreadedTaskDispatcher with 12 workers.
UnloadTime: 2.641700 ms
Unloading 3922 unused Assets to reduce memory usage. Loaded Objects now: 5369.
Total: 6.187500 ms (FindLiveObjects: 0.437900 ms CreateObjectMapping: 0.195300 ms MarkObjects: 1.491400 ms  DeleteObjects: 4.062700 ms)

Unloading 3 Unused Serialized files (Serialized files now loaded: 5)
[PhysX] Initialized MultithreadedTaskDispatcher with 12 workers.
UnloadTime: 0.491900 ms
Unloading 41 unused Assets to reduce memory usage. Loaded Objects now: 5262.
Total: 2.025400 ms (FindLiveObjects: 0.277300 ms CreateObjectMapping: 0.077700 ms MarkObjects: 1.592700 ms  DeleteObjects: 0.077600 ms)

Unloading 7 Unused Serialized files (Serialized files now loaded: 5)
[PhysX] Initialized MultithreadedTaskDispatcher with 12 workers.
UnloadTime: 0.896900 ms
Unloading 14939 unused Assets to reduce memory usage. Loaded Objects now: 116409.
Total: 48.191200 ms (FindLiveObjects: 8.608600 ms CreateObjectMapping: 7.887200 ms MarkObjects: 28.077900 ms  DeleteObjects: 3.617300 ms)

T: 213.4254 - MasterAudio: All 5 children of CoinDrop were busy. Will not play this sound for this instance. If you need more voices, increase the 'Voices / Weight' field on the Variation(s) in your Sound Group.
T: 213.4646 - MasterAudio: All 5 children of CoinDrop were busy. Will not play this sound for this instance. If you need more voices, increase the 'Voices / Weight' field on the Variation(s) in your Sound Group.
T: 213.4735 - MasterAudio: All 5 children of CoinDrop were busy. Will not play this sound for this instance. If you need more voices, increase the 'Voices / Weight' field on the Variation(s) in your Sound Group.
T: 213.7237 - MasterAudio: All 5 children of CoinDrop were busy. Will not play this sound for this instance. If you need more voices, increase the 'Voices / Weight' field on the Variation(s) in your Sound Group.
T: 213.726 - MasterAudio: All 5 children of CoinDrop were busy. Will not play this sound for this instance. If you need more voices, increase the 'Voices / Weight' field on the Variation(s) in your Sound Group.
T: 213.7284 - MasterAudio: All 5 children of CoinDrop were busy. Will not play this sound for this instance. If you need more voices, increase the 'Voices / Weight' field on the Variation(s) in your Sound Group.
T: 213.7525 - MasterAudio: All 5 children of CoinDrop were busy. Will not play this sound for this instance. If you need more voices, increase the 'Voices / Weight' field on the Variation(s) in your Sound Group.
T: 248.26 - MasterAudio: All 1 children of Critical were busy. Will not play this sound for this instance. If you need more voices, increase the 'Voices / Weight' field on the Variation(s) in your Sound Group.
T: 261.48 - MasterAudio: All 3 children of DeathSkeleton were busy. Will not play this sound for this instance. If you need more voices, increase the 'Voices / Weight' field on the Variation(s) in your Sound Group.
Joystick disconnected ("Controller (XBOX 360 For Windows)").
Joystick connected ("Controller (XBOX 360 For Windows)").
T: 454.5579 - MasterAudio: All 5 children of CoinDrop were busy. Will not play this sound for this instance. If you need more voices, increase the 'Voices / Weight' field on the Variation(s) in your Sound Group.
T: 454.5756 - MasterAudio: All 5 children of CoinDrop were busy. Will not play this sound for this instance. If you need more voices, increase the 'Voices / Weight' field on the Variation(s) in your Sound Group.
T: 454.618 - MasterAudio: All 5 children of CoinDrop were busy. Will not play this sound for this instance. If you need more voices, increase the 'Voices / Weight' field on the Variation(s) in your Sound Group.
T: 454.786 - MasterAudio: All 5 children of CoinDrop were busy. Will not play this sound for this instance. If you need more voices, increase the 'Voices / Weight' field on the Variation(s) in your Sound Group.
T: 454.7885 - MasterAudio: All 5 children of CoinDrop were busy. Will not play this sound for this instance. If you need more voices, increase the 'Voices / Weight' field on the Variation(s) in your Sound Group.
T: 454.8051 - MasterAudio: All 5 children of CoinDrop were busy. Will not play this sound for this instance. If you need more voices, increase the 'Voices / Weight' field on the Variation(s) in your Sound Group.
T: 454.875 - MasterAudio: All 5 children of CoinDrop were busy. Will not play this sound for this instance. If you need more voices, increase the 'Voices / Weight' field on the Variation(s) in your Sound Group.
T: 495.96 - MasterAudio: All 1 children of Critical were busy. Will not play this sound for this instance. If you need more voices, increase the 'Voices / Weight' field on the Variation(s) in your Sound Group.
T: 633.6281 - MasterAudio: All 5 children of CoinDrop were busy. Will not play this sound for this instance. If you need more voices, increase the 'Voices / Weight' field on the Variation(s) in your Sound Group.
T: 633.6517 - MasterAudio: All 5 children of CoinDrop were busy. Will not play this sound for this instance. If you need more voices, increase the 'Voices / Weight' field on the Variation(s) in your Sound Group.
T: 633.7126 - MasterAudio: All 5 children of CoinDrop were busy. Will not play this sound for this instance. If you need more voices, increase the 'Voices / Weight' field on the Variation(s) in your Sound Group.
T: 633.7657 - MasterAudio: All 5 children of CoinDrop were busy. Will not play this sound for this instance. If you need more voices, increase the 'Voices / Weight' field on the Variation(s) in your Sound Group.
T: 633.7961 - MasterAudio: All 5 children of CoinDrop were busy. Will not play this sound for this instance. If you need more voices, increase the 'Voices / Weight' field on the Variation(s) in your Sound Group.
T: 634.0564 - MasterAudio: All 5 children of CoinDrop were busy. Will not play this sound for this instance. If you need more voices, increase the 'Voices / Weight' field on the Variation(s) in your Sound Group.
T: 651.58 - MasterAudio: All 1 children of Critical were busy. Will not play this sound for this instance. If you need more voices, increase the 'Voices / Weight' field on the Variation(s) in your Sound Group.
Unloading 6 Unused Serialized files (Serialized files now loaded: 5)
[PhysX] Initialized MultithreadedTaskDispatcher with 12 workers.
UnloadTime: 24.865200 ms
<color=#0099bc><b>DOTWEEN ► </b></color>Target or field is missing/null () ► 

  at (wrapper managed-to-native) UnityEngine.Transform.get_position_Injected(UnityEngine.Transform,UnityEngine.Vector3&)
  at UnityEngine.Transform.get_position () [0x00000] in <5a923feee9f944f3a14f9848c3ed83b4>:0 
  at DG.Tweening.ShortcutExtensions+<>c__DisplayClass34_0.<DOMoveY>b__0 () [0x00000] in <82a2fd073ee449928e161903460426d7>:0 
  at (wrapper delegate-invoke) DG.Tweening.Core.DOGetter`1[UnityEngine.Vector3].invoke_T()
  at DG.Tweening.Plugins.Vector3Plugin.EvaluateAndApply (DG.Tweening.Plugins.Options.VectorOptions options, DG.Tweening.Tween t, System.Boolean isRelative, DG.Tweening.Core.DOGetter`1[T] getter, DG.Tweening.Core.DOSetter`1[T] setter, System.Single elapsed, UnityEngine.Vector3 startValue, UnityEngine.Vector3 changeValue, System.Single duration, System.Boolean usingInversePosition, System.Int32 newCompletedSteps, DG.Tweening.Core.Enums.UpdateNotice updateNotice) [0x0011e] in <82a2fd073ee449928e161903460426d7>:0 
  at DG.Tweening.Core.TweenerCore`3[T1,T2,TPlugOptions].ApplyTween (System.Single prevPosition, System.Int32 prevCompletedLoops, System.Int32 newCompletedSteps, System.Boolean useInversePosition, DG.Tweening.Core.Enums.UpdateMode updateMode, DG.Tweening.Core.Enums.UpdateNotice updateNotice) [0x00043] in <82a2fd073ee449928e161903460426d7>:0 

<color=#0099bc><b>DOTWEEN ► </b></color>Target or field is missing/null () ► 

  at (wrapper managed-to-native) UnityEngine.Transform.get_position_Injected(UnityEngine.Transform,UnityEngine.Vector3&)
  at UnityEngine.Transform.get_position () [0x00000] in <5a923feee9f944f3a14f9848c3ed83b4>:0 
  at DG.Tweening.ShortcutExtensions+<>c__DisplayClass34_0.<DOMoveY>b__0 () [0x00000] in <82a2fd073ee449928e161903460426d7>:0 
  at (wrapper delegate-invoke) DG.Tweening.Core.DOGetter`1[UnityEngine.Vector3].invoke_T()
  at DG.Tweening.Plugins.Vector3Plugin.EvaluateAndApply (DG.Tweening.Plugins.Options.VectorOptions options, DG.Tweening.Tween t, System.Boolean isRelative, DG.Tweening.Core.DOGetter`1[T] getter, DG.Tweening.Core.DOSetter`1[T] setter, System.Single elapsed, UnityEngine.Vector3 startValue, UnityEngine.Vector3 changeValue, System.Single duration, System.Boolean usingInversePosition, System.Int32 newCompletedSteps, DG.Tweening.Core.Enums.UpdateNotice updateNotice) [0x0011e] in <82a2fd073ee449928e161903460426d7>:0 
  at DG.Tweening.Core.TweenerCore`3[T1,T2,TPlugOptions].ApplyTween (System.Single prevPosition, System.Int32 prevCompletedLoops, System.Int32 newCompletedSteps, System.Boolean useInversePosition, DG.Tweening.Core.Enums.UpdateMode updateMode, DG.Tweening.Core.Enums.UpdateNotice updateNotice) [0x00043] in <82a2fd073ee449928e161903460426d7>:0 

<color=#0099bc><b>DOTWEEN ► </b></color>Target or field is missing/null () ► 

  at (wrapper managed-to-native) UnityEngine.Transform.get_position_Injected(UnityEngine.Transform,UnityEngine.Vector3&)
  at UnityEngine.Transform.get_position () [0x00000] in <5a923feee9f944f3a14f9848c3ed83b4>:0 
  at DG.Tweening.ShortcutExtensions+<>c__DisplayClass34_0.<DOMoveY>b__0 () [0x00000] in <82a2fd073ee449928e161903460426d7>:0 
  at (wrapper delegate-invoke) DG.Tweening.Core.DOGetter`1[UnityEngine.Vector3].invoke_T()
  at DG.Tweening.Plugins.Vector3Plugin.EvaluateAndApply (DG.Tweening.Plugins.Options.VectorOptions options, DG.Tweening.Tween t, System.Boolean isRelative, DG.Tweening.Core.DOGetter`1[T] getter, DG.Tweening.Core.DOSetter`1[T] setter, System.Single elapsed, UnityEngine.Vector3 startValue, UnityEngine.Vector3 changeValue, System.Single duration, System.Boolean usingInversePosition, System.Int32 newCompletedSteps, DG.Tweening.Core.Enums.UpdateNotice updateNotice) [0x0011e] in <82a2fd073ee449928e161903460426d7>:0 
  at DG.Tweening.Core.TweenerCore`3[T1,T2,TPlugOptions].ApplyTween (System.Single prevPosition, System.Int32 prevCompletedLoops, System.Int32 newCompletedSteps, System.Boolean useInversePosition, DG.Tweening.Core.Enums.UpdateMode updateMode, DG.Tweening.Core.Enums.UpdateNotice updateNotice) [0x00043] in <82a2fd073ee449928e161903460426d7>:0 

<color=#0099bc><b>DOTWEEN ► </b></color>Target or field is missing/null () ► 

  at (wrapper managed-to-native) UnityEngine.Transform.get_position_Injected(UnityEngine.Transform,UnityEngine.Vector3&)
  at UnityEngine.Transform.get_position () [0x00000] in <5a923feee9f944f3a14f9848c3ed83b4>:0 
  at DG.Tweening.ShortcutExtensions+<>c__DisplayClass34_0.<DOMoveY>b__0 () [0x00000] in <82a2fd073ee449928e161903460426d7>:0 
  at (wrapper delegate-invoke) DG.Tweening.Core.DOGetter`1[UnityEngine.Vector3].invoke_T()
  at DG.Tweening.Plugins.Vector3Plugin.EvaluateAndApply (DG.Tweening.Plugins.Options.VectorOptions options, DG.Tweening.Tween t, System.Boolean isRelative, DG.Tweening.Core.DOGetter`1[T] getter, DG.Tweening.Core.DOSetter`1[T] setter, System.Single elapsed, UnityEngine.Vector3 startValue, UnityEngine.Vector3 changeValue, System.Single duration, System.Boolean usingInversePosition, System.Int32 newCompletedSteps, DG.Tweening.Core.Enums.UpdateNotice updateNotice) [0x0011e] in <82a2fd073ee449928e161903460426d7>:0 
  at DG.Tweening.Core.TweenerCore`3[T1,T2,TPlugOptions].ApplyTween (System.Single prevPosition, System.Int32 prevCompletedLoops, System.Int32 newCompletedSteps, System.Boolean useInversePosition, DG.Tweening.Core.Enums.UpdateMode updateMode, DG.Tweening.Core.Enums.UpdateNotice updateNotice) [0x00043] in <82a2fd073ee449928e161903460426d7>:0 

<color=#0099bc><b>DOTWEEN ► </b></color>Target or field is missing/null () ► 

  at (wrapper managed-to-native) UnityEngine.Transform.get_position_Injected(UnityEngine.Transform,UnityEngine.Vector3&)
  at UnityEngine.Transform.get_position () [0x00000] in <5a923feee9f944f3a14f9848c3ed83b4>:0 
  at DG.Tweening.ShortcutExtensions+<>c__DisplayClass34_0.<DOMoveY>b__0 () [0x00000] in <82a2fd073ee449928e161903460426d7>:0 
  at (wrapper delegate-invoke) DG.Tweening.Core.DOGetter`1[UnityEngine.Vector3].invoke_T()
  at DG.Tweening.Plugins.Vector3Plugin.EvaluateAndApply (DG.Tweening.Plugins.Options.VectorOptions options, DG.Tweening.Tween t, System.Boolean isRelative, DG.Tweening.Core.DOGetter`1[T] getter, DG.Tweening.Core.DOSetter`1[T] setter, System.Single elapsed, UnityEngine.Vector3 startValue, UnityEngine.Vector3 changeValue, System.Single duration, System.Boolean usingInversePosition, System.Int32 newCompletedSteps, DG.Tweening.Core.Enums.UpdateNotice updateNotice) [0x0011e] in <82a2fd073ee449928e161903460426d7>:0 
  at DG.Tweening.Core.TweenerCore`3[T1,T2,TPlugOptions].ApplyTween (System.Single prevPosition, System.Int32 prevCompletedLoops, System.Int32 newCompletedSteps, System.Boolean useInversePosition, DG.Tweening.Core.Enums.UpdateMode updateMode, DG.Tweening.Core.Enums.UpdateNotice updateNotice) [0x00043] in <82a2fd073ee449928e161903460426d7>:0 

<color=#0099bc><b>DOTWEEN ► </b></color>Target or field is missing/null () ► 

  at (wrapper managed-to-native) UnityEngine.Transform.get_position_Injected(UnityEngine.Transform,UnityEngine.Vector3&)
  at UnityEngine.Transform.get_position () [0x00000] in <5a923feee9f944f3a14f9848c3ed83b4>:0 
  at DG.Tweening.ShortcutExtensions+<>c__DisplayClass34_0.<DOMoveY>b__0 () [0x00000] in <82a2fd073ee449928e161903460426d7>:0 
  at (wrapper delegate-invoke) DG.Tweening.Core.DOGetter`1[UnityEngine.Vector3].invoke_T()
  at DG.Tweening.Plugins.Vector3Plugin.EvaluateAndApply (DG.Tweening.Plugins.Options.VectorOptions options, DG.Tweening.Tween t, System.Boolean isRelative, DG.Tweening.Core.DOGetter`1[T] getter, DG.Tweening.Core.DOSetter`1[T] setter, System.Single elapsed, UnityEngine.Vector3 startValue, UnityEngine.Vector3 changeValue, System.Single duration, System.Boolean usingInversePosition, System.Int32 newCompletedSteps, DG.Tweening.Core.Enums.UpdateNotice updateNotice) [0x0011e] in <82a2fd073ee449928e161903460426d7>:0 
  at DG.Tweening.Core.TweenerCore`3[T1,T2,TPlugOptions].ApplyTween (System.Single prevPosition, System.Int32 prevCompletedLoops, System.Int32 newCompletedSteps, System.Boolean useInversePosition, DG.Tweening.Core.Enums.UpdateMode updateMode, DG.Tweening.Core.Enums.UpdateNotice updateNotice) [0x00043] in <82a2fd073ee449928e161903460426d7>:0 

<color=#0099bc><b>DOTWEEN ► </b></color>Target or field is missing/null () ► 

  at (wrapper managed-to-native) UnityEngine.Transform.get_position_Injected(UnityEngine.Transform,UnityEngine.Vector3&)
  at UnityEngine.Transform.get_position () [0x00000] in <5a923feee9f944f3a14f9848c3ed83b4>:0 
  at DG.Tweening.ShortcutExtensions+<>c__DisplayClass34_0.<DOMoveY>b__0 () [0x00000] in <82a2fd073ee449928e161903460426d7>:0 
  at (wrapper delegate-invoke) DG.Tweening.Core.DOGetter`1[UnityEngine.Vector3].invoke_T()
  at DG.Tweening.Plugins.Vector3Plugin.EvaluateAndApply (DG.Tweening.Plugins.Options.VectorOptions options, DG.Tweening.Tween t, System.Boolean isRelative, DG.Tweening.Core.DOGetter`1[T] getter, DG.Tweening.Core.DOSetter`1[T] setter, System.Single elapsed, UnityEngine.Vector3 startValue, UnityEngine.Vector3 changeValue, System.Single duration, System.Boolean usingInversePosition, System.Int32 newCompletedSteps, DG.Tweening.Core.Enums.UpdateNotice updateNotice) [0x0011e] in <82a2fd073ee449928e161903460426d7>:0 
  at DG.Tweening.Core.TweenerCore`3[T1,T2,TPlugOptions].ApplyTween (System.Single prevPosition, System.Int32 prevCompletedLoops, System.Int32 newCompletedSteps, System.Boolean useInversePosition, DG.Tweening.Core.Enums.UpdateMode updateMode, DG.Tweening.Core.Enums.UpdateNotice updateNotice) [0x00043] in <82a2fd073ee449928e161903460426d7>:0 

<color=#0099bc><b>DOTWEEN ► </b></color>Target or field is missing/null () ► 

  at (wrapper managed-to-native) UnityEngine.Transform.get_position_Injected(UnityEngine.Transform,UnityEngine.Vector3&)
  at UnityEngine.Transform.get_position () [0x00000] in <5a923feee9f944f3a14f9848c3ed83b4>:0 
  at DG.Tweening.ShortcutExtensions+<>c__DisplayClass34_0.<DOMoveY>b__0 () [0x00000] in <82a2fd073ee449928e161903460426d7>:0 
  at (wrapper delegate-invoke) DG.Tweening.Core.DOGetter`1[UnityEngine.Vector3].invoke_T()
  at DG.Tweening.Plugins.Vector3Plugin.EvaluateAndApply (DG.Tweening.Plugins.Options.VectorOptions options, DG.Tweening.Tween t, System.Boolean isRelative, DG.Tweening.Core.DOGetter`1[T] getter, DG.Tweening.Core.DOSetter`1[T] setter, System.Single elapsed, UnityEngine.Vector3 startValue, UnityEngine.Vector3 changeValue, System.Single duration, System.Boolean usingInversePosition, System.Int32 newCompletedSteps, DG.Tweening.Core.Enums.UpdateNotice updateNotice) [0x0011e] in <82a2fd073ee449928e161903460426d7>:0 
  at DG.Tweening.Core.TweenerCore`3[T1,T2,TPlugOptions].ApplyTween (System.Single prevPosition, System.Int32 prevCompletedLoops, System.Int32 newCompletedSteps, System.Boolean useInversePosition, DG.Tweening.Core.Enums.UpdateMode updateMode, DG.Tweening.Core.Enums.UpdateNotice updateNotice) [0x00043] in <82a2fd073ee449928e161903460426d7>:0 

<color=#0099bc><b>DOTWEEN ► </b></color>Target or field is missing/null () ► 

  at (wrapper managed-to-native) UnityEngine.Transform.get_position_Injected(UnityEngine.Transform,UnityEngine.Vector3&)
  at UnityEngine.Transform.get_position () [0x00000] in <5a923feee9f944f3a14f9848c3ed83b4>:0 
  at DG.Tweening.ShortcutExtensions+<>c__DisplayClass34_0.<DOMoveY>b__0 () [0x00000] in <82a2fd073ee449928e161903460426d7>:0 
  at (wrapper delegate-invoke) DG.Tweening.Core.DOGetter`1[UnityEngine.Vector3].invoke_T()
  at DG.Tweening.Plugins.Vector3Plugin.EvaluateAndApply (DG.Tweening.Plugins.Options.VectorOptions options, DG.Tweening.Tween t, System.Boolean isRelative, DG.Tweening.Core.DOGetter`1[T] getter, DG.Tweening.Core.DOSetter`1[T] setter, System.Single elapsed, UnityEngine.Vector3 startValue, UnityEngine.Vector3 changeValue, System.Single duration, System.Boolean usingInversePosition, System.Int32 newCompletedSteps, DG.Tweening.Core.Enums.UpdateNotice updateNotice) [0x0011e] in <82a2fd073ee449928e161903460426d7>:0 
  at DG.Tweening.Core.TweenerCore`3[T1,T2,TPlugOptions].ApplyTween (System.Single prevPosition, System.Int32 prevCompletedLoops, System.Int32 newCompletedSteps, System.Boolean useInversePosition, DG.Tweening.Core.Enums.UpdateMode updateMode, DG.Tweening.Core.Enums.UpdateNotice updateNotice) [0x00043] in <82a2fd073ee449928e161903460426d7>:0 

<color=#0099bc><b>DOTWEEN ► </b></color>Target or field is missing/null () ► 

  at (wrapper managed-to-native) UnityEngine.Transform.get_position_Injected(UnityEngine.Transform,UnityEngine.Vector3&)
  at UnityEngine.Transform.get_position () [0x00000] in <5a923feee9f944f3a14f9848c3ed83b4>:0 
  at DG.Tweening.ShortcutExtensions+<>c__DisplayClass34_0.<DOMoveY>b__0 () [0x00000] in <82a2fd073ee449928e161903460426d7>:0 
  at (wrapper delegate-invoke) DG.Tweening.Core.DOGetter`1[UnityEngine.Vector3].invoke_T()
  at DG.Tweening.Plugins.Vector3Plugin.EvaluateAndApply (DG.Tweening.Plugins.Options.VectorOptions options, DG.Tweening.Tween t, System.Boolean isRelative, DG.Tweening.Core.DOGetter`1[T] getter, DG.Tweening.Core.DOSetter`1[T] setter, System.Single elapsed, UnityEngine.Vector3 startValue, UnityEngine.Vector3 changeValue, System.Single duration, System.Boolean usingInversePosition, System.Int32 newCompletedSteps, DG.Tweening.Core.Enums.UpdateNotice updateNotice) [0x0011e] in <82a2fd073ee449928e161903460426d7>:0 
  at DG.Tweening.Core.TweenerCore`3[T1,T2,TPlugOptions].ApplyTween (System.Single prevPosition, System.Int32 prevCompletedLoops, System.Int32 newCompletedSteps, System.Boolean useInversePosition, DG.Tweening.Core.Enums.UpdateMode updateMode, DG.Tweening.Core.Enums.UpdateNotice updateNotice) [0x00043] in <82a2fd073ee449928e161903460426d7>:0 

<color=#0099bc><b>DOTWEEN ► </b></color>Target or field is missing/null () ► 

  at (wrapper managed-to-native) UnityEngine.Transform.get_position_Injected(UnityEngine.Transform,UnityEngine.Vector3&)
  at UnityEngine.Transform.get_position () [0x00000] in <5a923feee9f944f3a14f9848c3ed83b4>:0 
  at DG.Tweening.ShortcutExtensions+<>c__DisplayClass34_0.<DOMoveY>b__0 () [0x00000] in <82a2fd073ee449928e161903460426d7>:0 
  at (wrapper delegate-invoke) DG.Tweening.Core.DOGetter`1[UnityEngine.Vector3].invoke_T()
  at DG.Tweening.Plugins.Vector3Plugin.EvaluateAndApply (DG.Tweening.Plugins.Options.VectorOptions options, DG.Tweening.Tween t, System.Boolean isRelative, DG.Tweening.Core.DOGetter`1[T] getter, DG.Tweening.Core.DOSetter`1[T] setter, System.Single elapsed, UnityEngine.Vector3 startValue, UnityEngine.Vector3 changeValue, System.Single duration, System.Boolean usingInversePosition, System.Int32 newCompletedSteps, DG.Tweening.Core.Enums.UpdateNotice updateNotice) [0x0011e] in <82a2fd073ee449928e161903460426d7>:0 
  at DG.Tweening.Core.TweenerCore`3[T1,T2,TPlugOptions].ApplyTween (System.Single prevPosition, System.Int32 prevCompletedLoops, System.Int32 newCompletedSteps, System.Boolean useInversePosition, DG.Tweening.Core.Enums.UpdateMode updateMode, DG.Tweening.Core.Enums.UpdateNotice updateNotice) [0x00043] in <82a2fd073ee449928e161903460426d7>:0 

<color=#0099bc><b>DOTWEEN ► </b></color>Target or field is missing/null () ► 

  at (wrapper managed-to-native) UnityEngine.Transform.get_position_Injected(UnityEngine.Transform,UnityEngine.Vector3&)
  at UnityEngine.Transform.get_position () [0x00000] in <5a923feee9f944f3a14f9848c3ed83b4>:0 
  at DG.Tweening.ShortcutExtensions+<>c__DisplayClass34_0.<DOMoveY>b__0 () [0x00000] in <82a2fd073ee449928e161903460426d7>:0 
  at (wrapper delegate-invoke) DG.Tweening.Core.DOGetter`1[UnityEngine.Vector3].invoke_T()
  at DG.Tweening.Plugins.Vector3Plugin.EvaluateAndApply (DG.Tweening.Plugins.Options.VectorOptions options, DG.Tweening.Tween t, System.Boolean isRelative, DG.Tweening.Core.DOGetter`1[T] getter, DG.Tweening.Core.DOSetter`1[T] setter, System.Single elapsed, UnityEngine.Vector3 startValue, UnityEngine.Vector3 changeValue, System.Single duration, System.Boolean usingInversePosition, System.Int32 newCompletedSteps, DG.Tweening.Core.Enums.UpdateNotice updateNotice) [0x0011e] in <82a2fd073ee449928e161903460426d7>:0 
  at DG.Tweening.Core.TweenerCore`3[T1,T2,TPlugOptions].ApplyTween (System.Single prevPosition, System.Int32 prevCompletedLoops, System.Int32 newCompletedSteps, System.Boolean useInversePosition, DG.Tweening.Core.Enums.UpdateMode updateMode, DG.Tweening.Core.Enums.UpdateNotice updateNotice) [0x00043] in <82a2fd073ee449928e161903460426d7>:0 

<color=#0099bc><b>DOTWEEN ► </b></color>Target or field is missing/null () ► 

  at (wrapper managed-to-native) UnityEngine.Transform.get_position_Injected(UnityEngine.Transform,UnityEngine.Vector3&)
  at UnityEngine.Transform.get_position () [0x00000] in <5a923feee9f944f3a14f9848c3ed83b4>:0 
  at DG.Tweening.ShortcutExtensions+<>c__DisplayClass34_0.<DOMoveY>b__0 () [0x00000] in <82a2fd073ee449928e161903460426d7>:0 
  at (wrapper delegate-invoke) DG.Tweening.Core.DOGetter`1[UnityEngine.Vector3].invoke_T()
  at DG.Tweening.Plugins.Vector3Plugin.EvaluateAndApply (DG.Tweening.Plugins.Options.VectorOptions options, DG.Tweening.Tween t, System.Boolean isRelative, DG.Tweening.Core.DOGetter`1[T] getter, DG.Tweening.Core.DOSetter`1[T] setter, System.Single elapsed, UnityEngine.Vector3 startValue, UnityEngine.Vector3 changeValue, System.Single duration, System.Boolean usingInversePosition, System.Int32 newCompletedSteps, DG.Tweening.Core.Enums.UpdateNotice updateNotice) [0x0011e] in <82a2fd073ee449928e161903460426d7>:0 
  at DG.Tweening.Core.TweenerCore`3[T1,T2,TPlugOptions].ApplyTween (System.Single prevPosition, System.Int32 prevCompletedLoops, System.Int32 newCompletedSteps, System.Boolean useInversePosition, DG.Tweening.Core.Enums.UpdateMode updateMode, DG.Tweening.Core.Enums.UpdateNotice updateNotice) [0x00043] in <82a2fd073ee449928e161903460426d7>:0 

<color=#0099bc><b>DOTWEEN ► </b></color>Target or field is missing/null () ► 

  at (wrapper managed-to-native) UnityEngine.Transform.get_position_Injected(UnityEngine.Transform,UnityEngine.Vector3&)
  at UnityEngine.Transform.get_position () [0x00000] in <5a923feee9f944f3a14f9848c3ed83b4>:0 
  at DG.Tweening.ShortcutExtensions+<>c__DisplayClass34_0.<DOMoveY>b__0 () [0x00000] in <82a2fd073ee449928e161903460426d7>:0 
  at (wrapper delegate-invoke) DG.Tweening.Core.DOGetter`1[UnityEngine.Vector3].invoke_T()
  at DG.Tweening.Plugins.Vector3Plugin.EvaluateAndApply (DG.Tweening.Plugins.Options.VectorOptions options, DG.Tweening.Tween t, System.Boolean isRelative, DG.Tweening.Core.DOGetter`1[T] getter, DG.Tweening.Core.DOSetter`1[T] setter, System.Single elapsed, UnityEngine.Vector3 startValue, UnityEngine.Vector3 changeValue, System.Single duration, System.Boolean usingInversePosition, System.Int32 newCompletedSteps, DG.Tweening.Core.Enums.UpdateNotice updateNotice) [0x0011e] in <82a2fd073ee449928e161903460426d7>:0 
  at DG.Tweening.Core.TweenerCore`3[T1,T2,TPlugOptions].ApplyTween (System.Single prevPosition, System.Int32 prevCompletedLoops, System.Int32 newCompletedSteps, System.Boolean useInversePosition, DG.Tweening.Core.Enums.UpdateMode updateMode, DG.Tweening.Core.Enums.UpdateNotice updateNotice) [0x00043] in <82a2fd073ee449928e161903460426d7>:0 

<color=#0099bc><b>DOTWEEN ► </b></color>Target or field is missing/null () ► 

  at (wrapper managed-to-native) UnityEngine.Transform.get_position_Injected(UnityEngine.Transform,UnityEngine.Vector3&)
  at UnityEngine.Transform.get_position () [0x00000] in <5a923feee9f944f3a14f9848c3ed83b4>:0 
  at DG.Tweening.ShortcutExtensions+<>c__DisplayClass34_0.<DOMoveY>b__0 () [0x00000] in <82a2fd073ee449928e161903460426d7>:0 
  at (wrapper delegate-invoke) DG.Tweening.Core.DOGetter`1[UnityEngine.Vector3].invoke_T()
  at DG.Tweening.Plugins.Vector3Plugin.EvaluateAndApply (DG.Tweening.Plugins.Options.VectorOptions options, DG.Tweening.Tween t, System.Boolean isRelative, DG.Tweening.Core.DOGetter`1[T] getter, DG.Tweening.Core.DOSetter`1[T] setter, System.Single elapsed, UnityEngine.Vector3 startValue, UnityEngine.Vector3 changeValue, System.Single duration, System.Boolean usingInversePosition, System.Int32 newCompletedSteps, DG.Tweening.Core.Enums.UpdateNotice updateNotice) [0x0011e] in <82a2fd073ee449928e161903460426d7>:0 
  at DG.Tweening.Core.TweenerCore`3[T1,T2,TPlugOptions].ApplyTween (System.Single prevPosition, System.Int32 prevCompletedLoops, System.Int32 newCompletedSteps, System.Boolean useInversePosition, DG.Tweening.Core.Enums.UpdateMode updateMode, DG.Tweening.Core.Enums.UpdateNotice updateNotice) [0x00043] in <82a2fd073ee449928e161903460426d7>:0 

<color=#0099bc><b>DOTWEEN ► </b></color>Target or field is missing/null () ► 

  at (wrapper managed-to-native) UnityEngine.Transform.get_position_Injected(UnityEngine.Transform,UnityEngine.Vector3&)
  at UnityEngine.Transform.get_position () [0x00000] in <5a923feee9f944f3a14f9848c3ed83b4>:0 
  at DG.Tweening.ShortcutExtensions+<>c__DisplayClass34_0.<DOMoveY>b__0 () [0x00000] in <82a2fd073ee449928e161903460426d7>:0 
  at (wrapper delegate-invoke) DG.Tweening.Core.DOGetter`1[UnityEngine.Vector3].invoke_T()
  at DG.Tweening.Plugins.Vector3Plugin.EvaluateAndApply (DG.Tweening.Plugins.Options.VectorOptions options, DG.Tweening.Tween t, System.Boolean isRelative, DG.Tweening.Core.DOGetter`1[T] getter, DG.Tweening.Core.DOSetter`1[T] setter, System.Single elapsed, UnityEngine.Vector3 startValue, UnityEngine.Vector3 changeValue, System.Single duration, System.Boolean usingInversePosition, System.Int32 newCompletedSteps, DG.Tweening.Core.Enums.UpdateNotice updateNotice) [0x0011e] in <82a2fd073ee449928e161903460426d7>:0 
  at DG.Tweening.Core.TweenerCore`3[T1,T2,TPlugOptions].ApplyTween (System.Single prevPosition, System.Int32 prevCompletedLoops, System.Int32 newCompletedSteps, System.Boolean useInversePosition, DG.Tweening.Core.Enums.UpdateMode updateMode, DG.Tweening.Core.Enums.UpdateNotice updateNotice) [0x00043] in <82a2fd073ee449928e161903460426d7>:0 

<color=#0099bc><b>DOTWEEN ► </b></color>Target or field is missing/null () ► 

  at (wrapper managed-to-native) UnityEngine.Transform.get_position_Injected(UnityEngine.Transform,UnityEngine.Vector3&)
  at UnityEngine.Transform.get_position () [0x00000] in <5a923feee9f944f3a14f9848c3ed83b4>:0 
  at DG.Tweening.ShortcutExtensions+<>c__DisplayClass34_0.<DOMoveY>b__0 () [0x00000] in <82a2fd073ee449928e161903460426d7>:0 
  at (wrapper delegate-invoke) DG.Tweening.Core.DOGetter`1[UnityEngine.Vector3].invoke_T()
  at DG.Tweening.Plugins.Vector3Plugin.EvaluateAndApply (DG.Tweening.Plugins.Options.VectorOptions options, DG.Tweening.Tween t, System.Boolean isRelative, DG.Tweening.Core.DOGetter`1[T] getter, DG.Tweening.Core.DOSetter`1[T] setter, System.Single elapsed, UnityEngine.Vector3 startValue, UnityEngine.Vector3 changeValue, System.Single duration, System.Boolean usingInversePosition, System.Int32 newCompletedSteps, DG.Tweening.Core.Enums.UpdateNotice updateNotice) [0x0011e] in <82a2fd073ee449928e161903460426d7>:0 
  at DG.Tweening.Core.TweenerCore`3[T1,T2,TPlugOptions].ApplyTween (System.Single prevPosition, System.Int32 prevCompletedLoops, System.Int32 newCompletedSteps, System.Boolean useInversePosition, DG.Tweening.Core.Enums.UpdateMode updateMode, DG.Tweening.Core.Enums.UpdateNotice updateNotice) [0x00043] in <82a2fd073ee449928e161903460426d7>:0 

Unloading 143 unused Assets to reduce memory usage. Loaded Objects now: 108749.
Total: 50.309500 ms (FindLiveObjects: 7.250800 ms CreateObjectMapping: 7.394600 ms MarkObjects: 35.232500 ms  DeleteObjects: 0.431400 ms)

T: 802.7641 - MasterAudio: All 2 children of CloseButton were busy. Will not play this sound for this instance. If you need more voices, increase the 'Voices / Weight' field on the Variation(s) in your Sound Group.
T: 802.7641 - MasterAudio: All 2 children of CloseButton were busy. Will not play this sound for this instance. If you need more voices, increase the 'Voices / Weight' field on the Variation(s) in your Sound Group.
T: 802.7641 - MasterAudio: All 2 children of CloseButton were busy. Will not play this sound for this instance. If you need more voices, increase the 'Voices / Weight' field on the Variation(s) in your Sound Group.
T: 802.7641 - MasterAudio: All 2 children of CloseButton were busy. Will not play this sound for this instance. If you need more voices, increase the 'Voices / Weight' field on the Variation(s) in your Sound Group.
Unloading 3 Unused Serialized files (Serialized files now loaded: 5)
[PhysX] Initialized MultithreadedTaskDispatcher with 12 workers.
UnloadTime: 5.028300 ms
Unloading 2938 unused Assets to reduce memory usage. Loaded Objects now: 103469.
Total: 49.996100 ms (FindLiveObjects: 4.482300 ms CreateObjectMapping: 4.523800 ms MarkObjects: 38.875200 ms  DeleteObjects: 2.114600 ms)

Unloading 7 Unused Serialized files (Serialized files now loaded: 5)
[PhysX] Initialized MultithreadedTaskDispatcher with 12 workers.
UnloadTime: 0.970800 ms
Unloading 15019 unused Assets to reduce memory usage. Loaded Objects now: 116615.
Total: 39.811100 ms (FindLiveObjects: 6.266200 ms CreateObjectMapping: 5.091800 ms MarkObjects: 24.892300 ms  DeleteObjects: 3.560600 ms)

Look rotation viewing vector is zero
Look rotation viewing vector is zero
Look rotation viewing vector is zero
Look rotation viewing vector is zero
T: 1132.779 - MasterAudio: All 5 children of CoinDrop were busy. Will not play this sound for this instance. If you need more voices, increase the 'Voices / Weight' field on the Variation(s) in your Sound Group.
T: 1132.797 - MasterAudio: All 5 children of CoinDrop were busy. Will not play this sound for this instance. If you need more voices, increase the 'Voices / Weight' field on the Variation(s) in your Sound Group.
T: 1132.831 - MasterAudio: All 5 children of CoinDrop were busy. Will not play this sound for this instance. If you need more voices, increase the 'Voices / Weight' field on the Variation(s) in your Sound Group.
T: 1132.859 - MasterAudio: All 5 children of CoinDrop were busy. Will not play this sound for this instance. If you need more voices, increase the 'Voices / Weight' field on the Variation(s) in your Sound Group.
T: 1132.903 - MasterAudio: All 5 children of CoinDrop were busy. Will not play this sound for this instance. If you need more voices, increase the 'Voices / Weight' field on the Variation(s) in your Sound Group.
T: 1132.913 - MasterAudio: All 5 children of CoinDrop were busy. Will not play this sound for this instance. If you need more voices, increase the 'Voices / Weight' field on the Variation(s) in your Sound Group.
T: 1133.096 - MasterAudio: All 5 children of CoinDrop were busy. Will not play this sound for this instance. If you need more voices, increase the 'Voices / Weight' field on the Variation(s) in your Sound Group.
T: 1182.128 - MasterAudio: All 5 children of CoinDrop were busy. Will not play this sound for this instance. If you need more voices, increase the 'Voices / Weight' field on the Variation(s) in your Sound Group.
T: 1182.132 - MasterAudio: All 5 children of CoinDrop were busy. Will not play this sound for this instance. If you need more voices, increase the 'Voices / Weight' field on the Variation(s) in your Sound Group.
T: 1182.234 - MasterAudio: All 5 children of CoinDrop were busy. Will not play this sound for this instance. If you need more voices, increase the 'Voices / Weight' field on the Variation(s) in your Sound Group.
T: 1182.235 - MasterAudio: All 5 children of CoinDrop were busy. Will not play this sound for this instance. If you need more voices, increase the 'Voices / Weight' field on the Variation(s) in your Sound Group.
T: 1182.247 - MasterAudio: All 5 children of CoinDrop were busy. Will not play this sound for this instance. If you need more voices, increase the 'Voices / Weight' field on the Variation(s) in your Sound Group.
T: 1196.2 - MasterAudio: All 1 children of Critical were busy. Will not play this sound for this instance. If you need more voices, increase the 'Voices / Weight' field on the Variation(s) in your Sound Group.
T: 1293.72 - MasterAudio: All 3 children of DeathFanatic were busy. Will not play this sound for this instance. If you need more voices, increase the 'Voices / Weight' field on the Variation(s) in your Sound Group.
T: 1440.84 - MasterAudio: All 1 children of Critical were busy. Will not play this sound for this instance. If you need more voices, increase the 'Voices / Weight' field on the Variation(s) in your Sound Group.
T: 1462.56 - MasterAudio: All 5 children of CoinDrop were busy. Will not play this sound for this instance. If you need more voices, increase the 'Voices / Weight' field on the Variation(s) in your Sound Group.
T: 1462.562 - MasterAudio: All 5 children of CoinDrop were busy. Will not play this sound for this instance. If you need more voices, increase the 'Voices / Weight' field on the Variation(s) in your Sound Group.
T: 1462.562 - MasterAudio: All 5 children of CoinDrop were busy. Will not play this sound for this instance. If you need more voices, increase the 'Voices / Weight' field on the Variation(s) in your Sound Group.
T: 1462.562 - MasterAudio: All 5 children of CoinDrop were busy. Will not play this sound for this instance. If you need more voices, increase the 'Voices / Weight' field on the Variation(s) in your Sound Group.
T: 1462.725 - MasterAudio: All 5 children of CoinDrop were busy. Will not play this sound for this instance. If you need more voices, increase the 'Voices / Weight' field on the Variation(s) in your Sound Group.
T: 1462.74 - MasterAudio: All 5 children of CoinDrop were busy. Will not play this sound for this instance. If you need more voices, increase the 'Voices / Weight' field on the Variation(s) in your Sound Group.
T: 1462.778 - MasterAudio: All 5 children of CoinDrop were busy. Will not play this sound for this instance. If you need more voices, increase the 'Voices / Weight' field on the Variation(s) in your Sound Group.
T: 1481.599 - MasterAudio: All 5 children of CoinDrop were busy. Will not play this sound for this instance. If you need more voices, increase the 'Voices / Weight' field on the Variation(s) in your Sound Group.
T: 1481.623 - MasterAudio: All 5 children of CoinDrop were busy. Will not play this sound for this instance. If you need more voices, increase the 'Voices / Weight' field on the Variation(s) in your Sound Group.
T: 1481.69 - MasterAudio: All 5 children of CoinDrop were busy. Will not play this sound for this instance. If you need more voices, increase the 'Voices / Weight' field on the Variation(s) in your Sound Group.
T: 1481.69 - MasterAudio: All 5 children of CoinDrop were busy. Will not play this sound for this instance. If you need more voices, increase the 'Voices / Weight' field on the Variation(s) in your Sound Group.
T: 1481.691 - MasterAudio: All 5 children of CoinDrop were busy. Will not play this sound for this instance. If you need more voices, increase the 'Voices / Weight' field on the Variation(s) in your Sound Group.
T: 1481.735 - MasterAudio: All 5 children of CoinDrop were busy. Will not play this sound for this instance. If you need more voices, increase the 'Voices / Weight' field on the Variation(s) in your Sound Group.
T: 1508.815 - MasterAudio: All 5 children of CoinDrop were busy. Will not play this sound for this instance. If you need more voices, increase the 'Voices / Weight' field on the Variation(s) in your Sound Group.
T: 1508.818 - MasterAudio: All 5 children of CoinDrop were busy. Will not play this sound for this instance. If you need more voices, increase the 'Voices / Weight' field on the Variation(s) in your Sound Group.
T: 1508.858 - MasterAudio: All 5 children of CoinDrop were busy. Will not play this sound for this instance. If you need more voices, increase the 'Voices / Weight' field on the Variation(s) in your Sound Group.
T: 1508.942 - MasterAudio: All 5 children of CoinDrop were busy. Will not play this sound for this instance. If you need more voices, increase the 'Voices / Weight' field on the Variation(s) in your Sound Group.
T: 1509.031 - MasterAudio: All 5 children of CoinDrop were busy. Will not play this sound for this instance. If you need more voices, increase the 'Voices / Weight' field on the Variation(s) in your Sound Group.
T: 1509.036 - MasterAudio: All 5 children of CoinDrop were busy. Will not play this sound for this instance. If you need more voices, increase the 'Voices / Weight' field on the Variation(s) in your Sound Group.
<color=#0099bc><b>DOTWEEN ► </b></color>Target or field is missing/null () ► 

  at (wrapper managed-to-native) UnityEngine.Transform.get_position_Injected(UnityEngine.Transform,UnityEngine.Vector3&)
  at UnityEngine.Transform.get_position () [0x00000] in <5a923feee9f944f3a14f9848c3ed83b4>:0 
  at DG.Tweening.ShortcutExtensions+<>c__DisplayClass34_0.<DOMoveY>b__0 () [0x00000] in <82a2fd073ee449928e161903460426d7>:0 
  at (wrapper delegate-invoke) DG.Tweening.Core.DOGetter`1[UnityEngine.Vector3].invoke_T()
  at DG.Tweening.Plugins.Vector3Plugin.EvaluateAndApply (DG.Tweening.Plugins.Options.VectorOptions options, DG.Tweening.Tween t, System.Boolean isRelative, DG.Tweening.Core.DOGetter`1[T] getter, DG.Tweening.Core.DOSetter`1[T] setter, System.Single elapsed, UnityEngine.Vector3 startValue, UnityEngine.Vector3 changeValue, System.Single duration, System.Boolean usingInversePosition, System.Int32 newCompletedSteps, DG.Tweening.Core.Enums.UpdateNotice updateNotice) [0x0011e] in <82a2fd073ee449928e161903460426d7>:0 
  at DG.Tweening.Core.TweenerCore`3[T1,T2,TPlugOptions].ApplyTween (System.Single prevPosition, System.Int32 prevCompletedLoops, System.Int32 newCompletedSteps, System.Boolean useInversePosition, DG.Tweening.Core.Enums.UpdateMode updateMode, DG.Tweening.Core.Enums.UpdateNotice updateNotice) [0x00043] in <82a2fd073ee449928e161903460426d7>:0 

<color=#0099bc><b>DOTWEEN ► </b></color>Target or field is missing/null () ► 

  at (wrapper managed-to-native) UnityEngine.Transform.get_position_Injected(UnityEngine.Transform,UnityEngine.Vector3&)
  at UnityEngine.Transform.get_position () [0x00000] in <5a923feee9f944f3a14f9848c3ed83b4>:0 
  at DG.Tweening.ShortcutExtensions+<>c__DisplayClass34_0.<DOMoveY>b__0 () [0x00000] in <82a2fd073ee449928e161903460426d7>:0 
  at (wrapper delegate-invoke) DG.Tweening.Core.DOGetter`1[UnityEngine.Vector3].invoke_T()
  at DG.Tweening.Plugins.Vector3Plugin.EvaluateAndApply (DG.Tweening.Plugins.Options.VectorOptions options, DG.Tweening.Tween t, System.Boolean isRelative, DG.Tweening.Core.DOGetter`1[T] getter, DG.Tweening.Core.DOSetter`1[T] setter, System.Single elapsed, UnityEngine.Vector3 startValue, UnityEngine.Vector3 changeValue, System.Single duration, System.Boolean usingInversePosition, System.Int32 newCompletedSteps, DG.Tweening.Core.Enums.UpdateNotice updateNotice) [0x0011e] in <82a2fd073ee449928e161903460426d7>:0 
  at DG.Tweening.Core.TweenerCore`3[T1,T2,TPlugOptions].ApplyTween (System.Single prevPosition, System.Int32 prevCompletedLoops, System.Int32 newCompletedSteps, System.Boolean useInversePosition, DG.Tweening.Core.Enums.UpdateMode updateMode, DG.Tweening.Core.Enums.UpdateNotice updateNotice) [0x00043] in <82a2fd073ee449928e161903460426d7>:0 

<color=#0099bc><b>DOTWEEN ► </b></color>Target or field is missing/null () ► 

  at (wrapper managed-to-native) UnityEngine.Transform.get_position_Injected(UnityEngine.Transform,UnityEngine.Vector3&)
  at UnityEngine.Transform.get_position () [0x00000] in <5a923feee9f944f3a14f9848c3ed83b4>:0 
  at DG.Tweening.ShortcutExtensions+<>c__DisplayClass34_0.<DOMoveY>b__0 () [0x00000] in <82a2fd073ee449928e161903460426d7>:0 
  at (wrapper delegate-invoke) DG.Tweening.Core.DOGetter`1[UnityEngine.Vector3].invoke_T()
  at DG.Tweening.Plugins.Vector3Plugin.EvaluateAndApply (DG.Tweening.Plugins.Options.VectorOptions options, DG.Tweening.Tween t, System.Boolean isRelative, DG.Tweening.Core.DOGetter`1[T] getter, DG.Tweening.Core.DOSetter`1[T] setter, System.Single elapsed, UnityEngine.Vector3 startValue, UnityEngine.Vector3 changeValue, System.Single duration, System.Boolean usingInversePosition, System.Int32 newCompletedSteps, DG.Tweening.Core.Enums.UpdateNotice updateNotice) [0x0011e] in <82a2fd073ee449928e161903460426d7>:0 
  at DG.Tweening.Core.TweenerCore`3[T1,T2,TPlugOptions].ApplyTween (System.Single prevPosition, System.Int32 prevCompletedLoops, System.Int32 newCompletedSteps, System.Boolean useInversePosition, DG.Tweening.Core.Enums.UpdateMode updateMode, DG.Tweening.Core.Enums.UpdateNotice updateNotice) [0x00043] in <82a2fd073ee449928e161903460426d7>:0 

<color=#0099bc><b>DOTWEEN ► </b></color>Target or field is missing/null () ► 

  at (wrapper managed-to-native) UnityEngine.Transform.get_position_Injected(UnityEngine.Transform,UnityEngine.Vector3&)
  at UnityEngine.Transform.get_position () [0x00000] in <5a923feee9f944f3a14f9848c3ed83b4>:0 
  at DG.Tweening.ShortcutExtensions+<>c__DisplayClass34_0.<DOMoveY>b__0 () [0x00000] in <82a2fd073ee449928e161903460426d7>:0 
  at (wrapper delegate-invoke) DG.Tweening.Core.DOGetter`1[UnityEngine.Vector3].invoke_T()
  at DG.Tweening.Plugins.Vector3Plugin.EvaluateAndApply (DG.Tweening.Plugins.Options.VectorOptions options, DG.Tweening.Tween t, System.Boolean isRelative, DG.Tweening.Core.DOGetter`1[T] getter, DG.Tweening.Core.DOSetter`1[T] setter, System.Single elapsed, UnityEngine.Vector3 startValue, UnityEngine.Vector3 changeValue, System.Single duration, System.Boolean usingInversePosition, System.Int32 newCompletedSteps, DG.Tweening.Core.Enums.UpdateNotice updateNotice) [0x0011e] in <82a2fd073ee449928e161903460426d7>:0 
  at DG.Tweening.Core.TweenerCore`3[T1,T2,TPlugOptions].ApplyTween (System.Single prevPosition, System.Int32 prevCompletedLoops, System.Int32 newCompletedSteps, System.Boolean useInversePosition, DG.Tweening.Core.Enums.UpdateMode updateMode, DG.Tweening.Core.Enums.UpdateNotice updateNotice) [0x00043] in <82a2fd073ee449928e161903460426d7>:0 

<color=#0099bc><b>DOTWEEN ► </b></color>Target or field is missing/null () ► 

  at (wrapper managed-to-native) UnityEngine.Transform.get_position_Injected(UnityEngine.Transform,UnityEngine.Vector3&)
  at UnityEngine.Transform.get_position () [0x00000] in <5a923feee9f944f3a14f9848c3ed83b4>:0 
  at DG.Tweening.ShortcutExtensions+<>c__DisplayClass34_0.<DOMoveY>b__0 () [0x00000] in <82a2fd073ee449928e161903460426d7>:0 
  at (wrapper delegate-invoke) DG.Tweening.Core.DOGetter`1[UnityEngine.Vector3].invoke_T()
  at DG.Tweening.Plugins.Vector3Plugin.EvaluateAndApply (DG.Tweening.Plugins.Options.VectorOptions options, DG.Tweening.Tween t, System.Boolean isRelative, DG.Tweening.Core.DOGetter`1[T] getter, DG.Tweening.Core.DOSetter`1[T] setter, System.Single elapsed, UnityEngine.Vector3 startValue, UnityEngine.Vector3 changeValue, System.Single duration, System.Boolean usingInversePosition, System.Int32 newCompletedSteps, DG.Tweening.Core.Enums.UpdateNotice updateNotice) [0x0011e] in <82a2fd073ee449928e161903460426d7>:0 
  at DG.Tweening.Core.TweenerCore`3[T1,T2,TPlugOptions].ApplyTween (System.Single prevPosition, System.Int32 prevCompletedLoops, System.Int32 newCompletedSteps, System.Boolean useInversePosition, DG.Tweening.Core.Enums.UpdateMode updateMode, DG.Tweening.Core.Enums.UpdateNotice updateNotice) [0x00043] in <82a2fd073ee449928e161903460426d7>:0 

<color=#0099bc><b>DOTWEEN ► </b></color>Target or field is missing/null () ► 

  at (wrapper managed-to-native) UnityEngine.Transform.get_position_Injected(UnityEngine.Transform,UnityEngine.Vector3&)
  at UnityEngine.Transform.get_position () [0x00000] in <5a923feee9f944f3a14f9848c3ed83b4>:0 
  at DG.Tweening.ShortcutExtensions+<>c__DisplayClass34_0.<DOMoveY>b__0 () [0x00000] in <82a2fd073ee449928e161903460426d7>:0 
  at (wrapper delegate-invoke) DG.Tweening.Core.DOGetter`1[UnityEngine.Vector3].invoke_T()
  at DG.Tweening.Plugins.Vector3Plugin.EvaluateAndApply (DG.Tweening.Plugins.Options.VectorOptions options, DG.Tweening.Tween t, System.Boolean isRelative, DG.Tweening.Core.DOGetter`1[T] getter, DG.Tweening.Core.DOSetter`1[T] setter, System.Single elapsed, UnityEngine.Vector3 startValue, UnityEngine.Vector3 changeValue, System.Single duration, System.Boolean usingInversePosition, System.Int32 newCompletedSteps, DG.Tweening.Core.Enums.UpdateNotice updateNotice) [0x0011e] in <82a2fd073ee449928e161903460426d7>:0 
  at DG.Tweening.Core.TweenerCore`3[T1,T2,TPlugOptions].ApplyTween (System.Single prevPosition, System.Int32 prevCompletedLoops, System.Int32 newCompletedSteps, System.Boolean useInversePosition, DG.Tweening.Core.Enums.UpdateMode updateMode, DG.Tweening.Core.Enums.UpdateNotice updateNotice) [0x00043] in <82a2fd073ee449928e161903460426d7>:0 

<color=#0099bc><b>DOTWEEN ► </b></color>Target or field is missing/null () ► 

  at (wrapper managed-to-native) UnityEngine.Transform.get_position_Injected(UnityEngine.Transform,UnityEngine.Vector3&)
  at UnityEngine.Transform.get_position () [0x00000] in <5a923feee9f944f3a14f9848c3ed83b4>:0 
  at DG.Tweening.ShortcutExtensions+<>c__DisplayClass34_0.<DOMoveY>b__0 () [0x00000] in <82a2fd073ee449928e161903460426d7>:0 
  at (wrapper delegate-invoke) DG.Tweening.Core.DOGetter`1[UnityEngine.Vector3].invoke_T()
  at DG.Tweening.Plugins.Vector3Plugin.EvaluateAndApply (DG.Tweening.Plugins.Options.VectorOptions options, DG.Tweening.Tween t, System.Boolean isRelative, DG.Tweening.Core.DOGetter`1[T] getter, DG.Tweening.Core.DOSetter`1[T] setter, System.Single elapsed, UnityEngine.Vector3 startValue, UnityEngine.Vector3 changeValue, System.Single duration, System.Boolean usingInversePosition, System.Int32 newCompletedSteps, DG.Tweening.Core.Enums.UpdateNotice updateNotice) [0x0011e] in <82a2fd073ee449928e161903460426d7>:0 
  at DG.Tweening.Core.TweenerCore`3[T1,T2,TPlugOptions].ApplyTween (System.Single prevPosition, System.Int32 prevCompletedLoops, System.Int32 newCompletedSteps, System.Boolean useInversePosition, DG.Tweening.Core.Enums.UpdateMode updateMode, DG.Tweening.Core.Enums.UpdateNotice updateNotice) [0x00043] in <82a2fd073ee449928e161903460426d7>:0 

<color=#0099bc><b>DOTWEEN ► </b></color>Target or field is missing/null () ► 

  at (wrapper managed-to-native) UnityEngine.Transform.get_position_Injected(UnityEngine.Transform,UnityEngine.Vector3&)
  at UnityEngine.Transform.get_position () [0x00000] in <5a923feee9f944f3a14f9848c3ed83b4>:0 
  at DG.Tweening.ShortcutExtensions+<>c__DisplayClass34_0.<DOMoveY>b__0 () [0x00000] in <82a2fd073ee449928e161903460426d7>:0 
  at (wrapper delegate-invoke) DG.Tweening.Core.DOGetter`1[UnityEngine.Vector3].invoke_T()
  at DG.Tweening.Plugins.Vector3Plugin.EvaluateAndApply (DG.Tweening.Plugins.Options.VectorOptions options, DG.Tweening.Tween t, System.Boolean isRelative, DG.Tweening.Core.DOGetter`1[T] getter, DG.Tweening.Core.DOSetter`1[T] setter, System.Single elapsed, UnityEngine.Vector3 startValue, UnityEngine.Vector3 changeValue, System.Single duration, System.Boolean usingInversePosition, System.Int32 newCompletedSteps, DG.Tweening.Core.Enums.UpdateNotice updateNotice) [0x0011e] in <82a2fd073ee449928e161903460426d7>:0 
  at DG.Tweening.Core.TweenerCore`3[T1,T2,TPlugOptions].ApplyTween (System.Single prevPosition, System.Int32 prevCompletedLoops, System.Int32 newCompletedSteps, System.Boolean useInversePosition, DG.Tweening.Core.Enums.UpdateMode updateMode, DG.Tweening.Core.Enums.UpdateNotice updateNotice) [0x00043] in <82a2fd073ee449928e161903460426d7>:0 

<color=#0099bc><b>DOTWEEN ► </b></color>Target or field is missing/null () ► 

  at (wrapper managed-to-native) UnityEngine.Transform.get_position_Injected(UnityEngine.Transform,UnityEngine.Vector3&)
  at UnityEngine.Transform.get_position () [0x00000] in <5a923feee9f944f3a14f9848c3ed83b4>:0 
  at DG.Tweening.ShortcutExtensions+<>c__DisplayClass34_0.<DOMoveY>b__0 () [0x00000] in <82a2fd073ee449928e161903460426d7>:0 
  at (wrapper delegate-invoke) DG.Tweening.Core.DOGetter`1[UnityEngine.Vector3].invoke_T()
  at DG.Tweening.Plugins.Vector3Plugin.EvaluateAndApply (DG.Tweening.Plugins.Options.VectorOptions options, DG.Tweening.Tween t, System.Boolean isRelative, DG.Tweening.Core.DOGetter`1[T] getter, DG.Tweening.Core.DOSetter`1[T] setter, System.Single elapsed, UnityEngine.Vector3 startValue, UnityEngine.Vector3 changeValue, System.Single duration, System.Boolean usingInversePosition, System.Int32 newCompletedSteps, DG.Tweening.Core.Enums.UpdateNotice updateNotice) [0x0011e] in <82a2fd073ee449928e161903460426d7>:0 
  at DG.Tweening.Core.TweenerCore`3[T1,T2,TPlugOptions].ApplyTween (System.Single prevPosition, System.Int32 prevCompletedLoops, System.Int32 newCompletedSteps, System.Boolean useInversePosition, DG.Tweening.Core.Enums.UpdateMode updateMode, DG.Tweening.Core.Enums.UpdateNotice updateNotice) [0x00043] in <82a2fd073ee449928e161903460426d7>:0 

<color=#0099bc><b>DOTWEEN ► </b></color>Target or field is missing/null () ► 

  at (wrapper managed-to-native) UnityEngine.Transform.get_position_Injected(UnityEngine.Transform,UnityEngine.Vector3&)
  at UnityEngine.Transform.get_position () [0x00000] in <5a923feee9f944f3a14f9848c3ed83b4>:0 
  at DG.Tweening.ShortcutExtensions+<>c__DisplayClass34_0.<DOMoveY>b__0 () [0x00000] in <82a2fd073ee449928e161903460426d7>:0 
  at (wrapper delegate-invoke) DG.Tweening.Core.DOGetter`1[UnityEngine.Vector3].invoke_T()
  at DG.Tweening.Plugins.Vector3Plugin.EvaluateAndApply (DG.Tweening.Plugins.Options.VectorOptions options, DG.Tweening.Tween t, System.Boolean isRelative, DG.Tweening.Core.DOGetter`1[T] getter, DG.Tweening.Core.DOSetter`1[T] setter, System.Single elapsed, UnityEngine.Vector3 startValue, UnityEngine.Vector3 changeValue, System.Single duration, System.Boolean usingInversePosition, System.Int32 newCompletedSteps, DG.Tweening.Core.Enums.UpdateNotice updateNotice) [0x0011e] in <82a2fd073ee449928e161903460426d7>:0 
  at DG.Tweening.Core.TweenerCore`3[T1,T2,TPlugOptions].ApplyTween (System.Single prevPosition, System.Int32 prevCompletedLoops, System.Int32 newCompletedSteps, System.Boolean useInversePosition, DG.Tweening.Core.Enums.UpdateMode updateMode, DG.Tweening.Core.Enums.UpdateNotice updateNotice) [0x00043] in <82a2fd073ee449928e161903460426d7>:0 

<color=#0099bc><b>DOTWEEN ► </b></color>Target or field is missing/null () ► 

  at (wrapper managed-to-native) UnityEngine.Transform.get_position_Injected(UnityEngine.Transform,UnityEngine.Vector3&)
  at UnityEngine.Transform.get_position () [0x00000] in <5a923feee9f944f3a14f9848c3ed83b4>:0 
  at DG.Tweening.ShortcutExtensions+<>c__DisplayClass34_0.<DOMoveY>b__0 () [0x00000] in <82a2fd073ee449928e161903460426d7>:0 
  at (wrapper delegate-invoke) DG.Tweening.Core.DOGetter`1[UnityEngine.Vector3].invoke_T()
  at DG.Tweening.Plugins.Vector3Plugin.EvaluateAndApply (DG.Tweening.Plugins.Options.VectorOptions options, DG.Tweening.Tween t, System.Boolean isRelative, DG.Tweening.Core.DOGetter`1[T] getter, DG.Tweening.Core.DOSetter`1[T] setter, System.Single elapsed, UnityEngine.Vector3 startValue, UnityEngine.Vector3 changeValue, System.Single duration, System.Boolean usingInversePosition, System.Int32 newCompletedSteps, DG.Tweening.Core.Enums.UpdateNotice updateNotice) [0x0011e] in <82a2fd073ee449928e161903460426d7>:0 
  at DG.Tweening.Core.TweenerCore`3[T1,T2,TPlugOptions].ApplyTween (System.Single prevPosition, System.Int32 prevCompletedLoops, System.Int32 newCompletedSteps, System.Boolean useInversePosition, DG.Tweening.Core.Enums.UpdateMode updateMode, DG.Tweening.Core.Enums.UpdateNotice updateNotice) [0x00043] in <82a2fd073ee449928e161903460426d7>:0 

<color=#0099bc><b>DOTWEEN ► </b></color>Target or field is missing/null () ► 

  at (wrapper managed-to-native) UnityEngine.Transform.get_position_Injected(UnityEngine.Transform,UnityEngine.Vector3&)
  at UnityEngine.Transform.get_position () [0x00000] in <5a923feee9f944f3a14f9848c3ed83b4>:0 
  at DG.Tweening.ShortcutExtensions+<>c__DisplayClass34_0.<DOMoveY>b__0 () [0x00000] in <82a2fd073ee449928e161903460426d7>:0 
  at (wrapper delegate-invoke) DG.Tweening.Core.DOGetter`1[UnityEngine.Vector3].invoke_T()
  at DG.Tweening.Plugins.Vector3Plugin.EvaluateAndApply (DG.Tweening.Plugins.Options.VectorOptions options, DG.Tweening.Tween t, System.Boolean isRelative, DG.Tweening.Core.DOGetter`1[T] getter, DG.Tweening.Core.DOSetter`1[T] setter, System.Single elapsed, UnityEngine.Vector3 startValue, UnityEngine.Vector3 changeValue, System.Single duration, System.Boolean usingInversePosition, System.Int32 newCompletedSteps, DG.Tweening.Core.Enums.UpdateNotice updateNotice) [0x0011e] in <82a2fd073ee449928e161903460426d7>:0 
  at DG.Tweening.Core.TweenerCore`3[T1,T2,TPlugOptions].ApplyTween (System.Single prevPosition, System.Int32 prevCompletedLoops, System.Int32 newCompletedSteps, System.Boolean useInversePosition, DG.Tweening.Core.Enums.UpdateMode updateMode, DG.Tweening.Core.Enums.UpdateNotice updateNotice) [0x00043] in <82a2fd073ee449928e161903460426d7>:0 

<color=#0099bc><b>DOTWEEN ► </b></color>Target or field is missing/null () ► 

  at (wrapper managed-to-native) UnityEngine.Transform.get_position_Injected(UnityEngine.Transform,UnityEngine.Vector3&)
  at UnityEngine.Transform.get_position () [0x00000] in <5a923feee9f944f3a14f9848c3ed83b4>:0 
  at DG.Tweening.ShortcutExtensions+<>c__DisplayClass34_0.<DOMoveY>b__0 () [0x00000] in <82a2fd073ee449928e161903460426d7>:0 
  at (wrapper delegate-invoke) DG.Tweening.Core.DOGetter`1[UnityEngine.Vector3].invoke_T()
  at DG.Tweening.Plugins.Vector3Plugin.EvaluateAndApply (DG.Tweening.Plugins.Options.VectorOptions options, DG.Tweening.Tween t, System.Boolean isRelative, DG.Tweening.Core.DOGetter`1[T] getter, DG.Tweening.Core.DOSetter`1[T] setter, System.Single elapsed, UnityEngine.Vector3 startValue, UnityEngine.Vector3 changeValue, System.Single duration, System.Boolean usingInversePosition, System.Int32 newCompletedSteps, DG.Tweening.Core.Enums.UpdateNotice updateNotice) [0x0011e] in <82a2fd073ee449928e161903460426d7>:0 
  at DG.Tweening.Core.TweenerCore`3[T1,T2,TPlugOptions].ApplyTween (System.Single prevPosition, System.Int32 prevCompletedLoops, System.Int32 newCompletedSteps, System.Boolean useInversePosition, DG.Tweening.Core.Enums.UpdateMode updateMode, DG.Tweening.Core.Enums.UpdateNotice updateNotice) [0x00043] in <82a2fd073ee449928e161903460426d7>:0 

<color=#0099bc><b>DOTWEEN ► </b></color>Target or field is missing/null () ► 

  at (wrapper managed-to-native) UnityEngine.Transform.get_position_Injected(UnityEngine.Transform,UnityEngine.Vector3&)
  at UnityEngine.Transform.get_position () [0x00000] in <5a923feee9f944f3a14f9848c3ed83b4>:0 
  at DG.Tweening.ShortcutExtensions+<>c__DisplayClass34_0.<DOMoveY>b__0 () [0x00000] in <82a2fd073ee449928e161903460426d7>:0 
  at (wrapper delegate-invoke) DG.Tweening.Core.DOGetter`1[UnityEngine.Vector3].invoke_T()
  at DG.Tweening.Plugins.Vector3Plugin.EvaluateAndApply (DG.Tweening.Plugins.Options.VectorOptions options, DG.Tweening.Tween t, System.Boolean isRelative, DG.Tweening.Core.DOGetter`1[T] getter, DG.Tweening.Core.DOSetter`1[T] setter, System.Single elapsed, UnityEngine.Vector3 startValue, UnityEngine.Vector3 changeValue, System.Single duration, System.Boolean usingInversePosition, System.Int32 newCompletedSteps, DG.Tweening.Core.Enums.UpdateNotice updateNotice) [0x0011e] in <82a2fd073ee449928e161903460426d7>:0 
  at DG.Tweening.Core.TweenerCore`3[T1,T2,TPlugOptions].ApplyTween (System.Single prevPosition, System.Int32 prevCompletedLoops, System.Int32 newCompletedSteps, System.Boolean useInversePosition, DG.Tweening.Core.Enums.UpdateMode updateMode, DG.Tweening.Core.Enums.UpdateNotice updateNotice) [0x00043] in <82a2fd073ee449928e161903460426d7>:0 

T: 1629.92 - MasterAudio: All 1 children of Critical were busy. Will not play this sound for this instance. If you need more voices, increase the 'Voices / Weight' field on the Variation(s) in your Sound Group.
T: 1636.371 - MasterAudio: All 5 children of CoinDrop were busy. Will not play this sound for this instance. If you need more voices, increase the 'Voices / Weight' field on the Variation(s) in your Sound Group.
T: 1636.41 - MasterAudio: All 5 children of CoinDrop were busy. Will not play this sound for this instance. If you need more voices, increase the 'Voices / Weight' field on the Variation(s) in your Sound Group.
T: 1636.58 - MasterAudio: All 5 children of CoinDrop were busy. Will not play this sound for this instance. If you need more voices, increase the 'Voices / Weight' field on the Variation(s) in your Sound Group.
T: 1636.603 - MasterAudio: All 5 children of CoinDrop were busy. Will not play this sound for this instance. If you need more voices, increase the 'Voices / Weight' field on the Variation(s) in your Sound Group.
T: 1636.608 - MasterAudio: All 5 children of CoinDrop were busy. Will not play this sound for this instance. If you need more voices, increase the 'Voices / Weight' field on the Variation(s) in your Sound Group.
T: 1636.625 - MasterAudio: All 5 children of CoinDrop were busy. Will not play this sound for this instance. If you need more voices, increase the 'Voices / Weight' field on the Variation(s) in your Sound Group.
T: 1721.769 - MasterAudio: All 2 children of DeathBug were busy. Will not play this sound for this instance. If you need more voices, increase the 'Voices / Weight' field on the Variation(s) in your Sound Group.
T: 1733.18 - MasterAudio: All 2 children of DeathBug were busy. Will not play this sound for this instance. If you need more voices, increase the 'Voices / Weight' field on the Variation(s) in your Sound Group.
T: 1760.03 - MasterAudio: All 5 children of CoinDrop were busy. Will not play this sound for this instance. If you need more voices, increase the 'Voices / Weight' field on the Variation(s) in your Sound Group.
T: 1760.041 - MasterAudio: All 5 children of CoinDrop were busy. Will not play this sound for this instance. If you need more voices, increase the 'Voices / Weight' field on the Variation(s) in your Sound Group.
T: 1760.135 - MasterAudio: All 5 children of CoinDrop were busy. Will not play this sound for this instance. If you need more voices, increase the 'Voices / Weight' field on the Variation(s) in your Sound Group.
T: 1760.143 - MasterAudio: All 5 children of CoinDrop were busy. Will not play this sound for this instance. If you need more voices, increase the 'Voices / Weight' field on the Variation(s) in your Sound Group.
T: 1760.163 - MasterAudio: All 5 children of CoinDrop were busy. Will not play this sound for this instance. If you need more voices, increase the 'Voices / Weight' field on the Variation(s) in your Sound Group.
T: 1760.186 - MasterAudio: All 5 children of CoinDrop were busy. Will not play this sound for this instance. If you need more voices, increase the 'Voices / Weight' field on the Variation(s) in your Sound Group.
T: 1760.29 - MasterAudio: All 5 children of CoinDrop were busy. Will not play this sound for this instance. If you need more voices, increase the 'Voices / Weight' field on the Variation(s) in your Sound Group.
T: 1849.101 - MasterAudio: All 5 children of CoinDrop were busy. Will not play this sound for this instance. If you need more voices, increase the 'Voices / Weight' field on the Variation(s) in your Sound Group.
T: 1849.11 - MasterAudio: All 5 children of CoinDrop were busy. Will not play this sound for this instance. If you need more voices, increase the 'Voices / Weight' field on the Variation(s) in your Sound Group.
T: 1849.122 - MasterAudio: All 5 children of CoinDrop were busy. Will not play this sound for this instance. If you need more voices, increase the 'Voices / Weight' field on the Variation(s) in your Sound Group.
T: 1849.148 - MasterAudio: All 5 children of CoinDrop were busy. Will not play this sound for this instance. If you need more voices, increase the 'Voices / Weight' field on the Variation(s) in your Sound Group.
T: 1849.275 - MasterAudio: All 5 children of CoinDrop were busy. Will not play this sound for this instance. If you need more voices, increase the 'Voices / Weight' field on the Variation(s) in your Sound Group.
T: 1849.331 - MasterAudio: All 5 children of CoinDrop were busy. Will not play this sound for this instance. If you need more voices, increase the 'Voices / Weight' field on the Variation(s) in your Sound Group.
T: 1849.332 - MasterAudio: All 5 children of CoinDrop were busy. Will not play this sound for this instance. If you need more voices, increase the 'Voices / Weight' field on the Variation(s) in your Sound Group.
T: 2023.787 - MasterAudio: All 5 children of CoinDrop were busy. Will not play this sound for this instance. If you need more voices, increase the 'Voices / Weight' field on the Variation(s) in your Sound Group.
T: 2023.807 - MasterAudio: All 5 children of CoinDrop were busy. Will not play this sound for this instance. If you need more voices, increase the 'Voices / Weight' field on the Variation(s) in your Sound Group.
T: 2023.968 - MasterAudio: All 5 children of CoinDrop were busy. Will not play this sound for this instance. If you need more voices, increase the 'Voices / Weight' field on the Variation(s) in your Sound Group.
T: 2023.976 - MasterAudio: All 5 children of CoinDrop were busy. Will not play this sound for this instance. If you need more voices, increase the 'Voices / Weight' field on the Variation(s) in your Sound Group.
T: 2024.023 - MasterAudio: All 5 children of CoinDrop were busy. Will not play this sound for this instance. If you need more voices, increase the 'Voices / Weight' field on the Variation(s) in your Sound Group.
T: 2024.031 - MasterAudio: All 5 children of CoinDrop were busy. Will not play this sound for this instance. If you need more voices, increase the 'Voices / Weight' field on the Variation(s) in your Sound Group.
T: 2024.042 - MasterAudio: All 5 children of CoinDrop were busy. Will not play this sound for this instance. If you need more voices, increase the 'Voices / Weight' field on the Variation(s) in your Sound Group.
Look rotation viewing vector is zero
Unloading 6 Unused Serialized files (Serialized files now loaded: 5)
[PhysX] Initialized MultithreadedTaskDispatcher with 12 workers.
UnloadTime: 23.101800 ms
<color=#0099bc><b>DOTWEEN ► </b></color>Target or field is missing/null () ► 

  at (wrapper managed-to-native) UnityEngine.Transform.get_position_Injected(UnityEngine.Transform,UnityEngine.Vector3&)
  at UnityEngine.Transform.get_position () [0x00000] in <5a923feee9f944f3a14f9848c3ed83b4>:0 
  at DG.Tweening.ShortcutExtensions+<>c__DisplayClass34_0.<DOMoveY>b__0 () [0x00000] in <82a2fd073ee449928e161903460426d7>:0 
  at (wrapper delegate-invoke) DG.Tweening.Core.DOGetter`1[UnityEngine.Vector3].invoke_T()
  at DG.Tweening.Plugins.Vector3Plugin.EvaluateAndApply (DG.Tweening.Plugins.Options.VectorOptions options, DG.Tweening.Tween t, System.Boolean isRelative, DG.Tweening.Core.DOGetter`1[T] getter, DG.Tweening.Core.DOSetter`1[T] setter, System.Single elapsed, UnityEngine.Vector3 startValue, UnityEngine.Vector3 changeValue, System.Single duration, System.Boolean usingInversePosition, System.Int32 newCompletedSteps, DG.Tweening.Core.Enums.UpdateNotice updateNotice) [0x0011e] in <82a2fd073ee449928e161903460426d7>:0 
  at DG.Tweening.Core.TweenerCore`3[T1,T2,TPlugOptions].ApplyTween (System.Single prevPosition, System.Int32 prevCompletedLoops, System.Int32 newCompletedSteps, System.Boolean useInversePosition, DG.Tweening.Core.Enums.UpdateMode updateMode, DG.Tweening.Core.Enums.UpdateNotice updateNotice) [0x00043] in <82a2fd073ee449928e161903460426d7>:0 

<color=#0099bc><b>DOTWEEN ► </b></color>Target or field is missing/null () ► 

  at (wrapper managed-to-native) UnityEngine.Transform.get_position_Injected(UnityEngine.Transform,UnityEngine.Vector3&)
  at UnityEngine.Transform.get_position () [0x00000] in <5a923feee9f944f3a14f9848c3ed83b4>:0 
  at DG.Tweening.ShortcutExtensions+<>c__DisplayClass34_0.<DOMoveY>b__0 () [0x00000] in <82a2fd073ee449928e161903460426d7>:0 
  at (wrapper delegate-invoke) DG.Tweening.Core.DOGetter`1[UnityEngine.Vector3].invoke_T()
  at DG.Tweening.Plugins.Vector3Plugin.EvaluateAndApply (DG.Tweening.Plugins.Options.VectorOptions options, DG.Tweening.Tween t, System.Boolean isRelative, DG.Tweening.Core.DOGetter`1[T] getter, DG.Tweening.Core.DOSetter`1[T] setter, System.Single elapsed, UnityEngine.Vector3 startValue, UnityEngine.Vector3 changeValue, System.Single duration, System.Boolean usingInversePosition, System.Int32 newCompletedSteps, DG.Tweening.Core.Enums.UpdateNotice updateNotice) [0x0011e] in <82a2fd073ee449928e161903460426d7>:0 
  at DG.Tweening.Core.TweenerCore`3[T1,T2,TPlugOptions].ApplyTween (System.Single prevPosition, System.Int32 prevCompletedLoops, System.Int32 newCompletedSteps, System.Boolean useInversePosition, DG.Tweening.Core.Enums.UpdateMode updateMode, DG.Tweening.Core.Enums.UpdateNotice updateNotice) [0x00043] in <82a2fd073ee449928e161903460426d7>:0 

<color=#0099bc><b>DOTWEEN ► </b></color>Target or field is missing/null () ► 

  at (wrapper managed-to-native) UnityEngine.Transform.get_position_Injected(UnityEngine.Transform,UnityEngine.Vector3&)
  at UnityEngine.Transform.get_position () [0x00000] in <5a923feee9f944f3a14f9848c3ed83b4>:0 
  at DG.Tweening.ShortcutExtensions+<>c__DisplayClass34_0.<DOMoveY>b__0 () [0x00000] in <82a2fd073ee449928e161903460426d7>:0 
  at (wrapper delegate-invoke) DG.Tweening.Core.DOGetter`1[UnityEngine.Vector3].invoke_T()
  at DG.Tweening.Plugins.Vector3Plugin.EvaluateAndApply (DG.Tweening.Plugins.Options.VectorOptions options, DG.Tweening.Tween t, System.Boolean isRelative, DG.Tweening.Core.DOGetter`1[T] getter, DG.Tweening.Core.DOSetter`1[T] setter, System.Single elapsed, UnityEngine.Vector3 startValue, UnityEngine.Vector3 changeValue, System.Single duration, System.Boolean usingInversePosition, System.Int32 newCompletedSteps, DG.Tweening.Core.Enums.UpdateNotice updateNotice) [0x0011e] in <82a2fd073ee449928e161903460426d7>:0 
  at DG.Tweening.Core.TweenerCore`3[T1,T2,TPlugOptions].ApplyTween (System.Single prevPosition, System.Int32 prevCompletedLoops, System.Int32 newCompletedSteps, System.Boolean useInversePosition, DG.Tweening.Core.Enums.UpdateMode updateMode, DG.Tweening.Core.Enums.UpdateNotice updateNotice) [0x00043] in <82a2fd073ee449928e161903460426d7>:0 

<color=#0099bc><b>DOTWEEN ► </b></color>Target or field is missing/null () ► 

  at (wrapper managed-to-native) UnityEngine.Transform.get_position_Injected(UnityEngine.Transform,UnityEngine.Vector3&)
  at UnityEngine.Transform.get_position () [0x00000] in <5a923feee9f944f3a14f9848c3ed83b4>:0 
  at DG.Tweening.ShortcutExtensions+<>c__DisplayClass34_0.<DOMoveY>b__0 () [0x00000] in <82a2fd073ee449928e161903460426d7>:0 
  at (wrapper delegate-invoke) DG.Tweening.Core.DOGetter`1[UnityEngine.Vector3].invoke_T()
  at DG.Tweening.Plugins.Vector3Plugin.EvaluateAndApply (DG.Tweening.Plugins.Options.VectorOptions options, DG.Tweening.Tween t, System.Boolean isRelative, DG.Tweening.Core.DOGetter`1[T] getter, DG.Tweening.Core.DOSetter`1[T] setter, System.Single elapsed, UnityEngine.Vector3 startValue, UnityEngine.Vector3 changeValue, System.Single duration, System.Boolean usingInversePosition, System.Int32 newCompletedSteps, DG.Tweening.Core.Enums.UpdateNotice updateNotice) [0x0011e] in <82a2fd073ee449928e161903460426d7>:0 
  at DG.Tweening.Core.TweenerCore`3[T1,T2,TPlugOptions].ApplyTween (System.Single prevPosition, System.Int32 prevCompletedLoops, System.Int32 newCompletedSteps, System.Boolean useInversePosition, DG.Tweening.Core.Enums.UpdateMode updateMode, DG.Tweening.Core.Enums.UpdateNotice updateNotice) [0x00043] in <82a2fd073ee449928e161903460426d7>:0 

<color=#0099bc><b>DOTWEEN ► </b></color>Target or field is missing/null () ► 

  at (wrapper managed-to-native) UnityEngine.Transform.get_position_Injected(UnityEngine.Transform,UnityEngine.Vector3&)
  at UnityEngine.Transform.get_position () [0x00000] in <5a923feee9f944f3a14f9848c3ed83b4>:0 
  at DG.Tweening.ShortcutExtensions+<>c__DisplayClass34_0.<DOMoveY>b__0 () [0x00000] in <82a2fd073ee449928e161903460426d7>:0 
  at (wrapper delegate-invoke) DG.Tweening.Core.DOGetter`1[UnityEngine.Vector3].invoke_T()
  at DG.Tweening.Plugins.Vector3Plugin.EvaluateAndApply (DG.Tweening.Plugins.Options.VectorOptions options, DG.Tweening.Tween t, System.Boolean isRelative, DG.Tweening.Core.DOGetter`1[T] getter, DG.Tweening.Core.DOSetter`1[T] setter, System.Single elapsed, UnityEngine.Vector3 startValue, UnityEngine.Vector3 changeValue, System.Single duration, System.Boolean usingInversePosition, System.Int32 newCompletedSteps, DG.Tweening.Core.Enums.UpdateNotice updateNotice) [0x0011e] in <82a2fd073ee449928e161903460426d7>:0 
  at DG.Tweening.Core.TweenerCore`3[T1,T2,TPlugOptions].ApplyTween (System.Single prevPosition, System.Int32 prevCompletedLoops, System.Int32 newCompletedSteps, System.Boolean useInversePosition, DG.Tweening.Core.Enums.UpdateMode updateMode, DG.Tweening.Core.Enums.UpdateNotice updateNotice) [0x00043] in <82a2fd073ee449928e161903460426d7>:0 

<color=#0099bc><b>DOTWEEN ► </b></color>Target or field is missing/null () ► 

  at (wrapper managed-to-native) UnityEngine.Transform.get_position_Injected(UnityEngine.Transform,UnityEngine.Vector3&)
  at UnityEngine.Transform.get_position () [0x00000] in <5a923feee9f944f3a14f9848c3ed83b4>:0 
  at DG.Tweening.ShortcutExtensions+<>c__DisplayClass34_0.<DOMoveY>b__0 () [0x00000] in <82a2fd073ee449928e161903460426d7>:0 
  at (wrapper delegate-invoke) DG.Tweening.Core.DOGetter`1[UnityEngine.Vector3].invoke_T()
  at DG.Tweening.Plugins.Vector3Plugin.EvaluateAndApply (DG.Tweening.Plugins.Options.VectorOptions options, DG.Tweening.Tween t, System.Boolean isRelative, DG.Tweening.Core.DOGetter`1[T] getter, DG.Tweening.Core.DOSetter`1[T] setter, System.Single elapsed, UnityEngine.Vector3 startValue, UnityEngine.Vector3 changeValue, System.Single duration, System.Boolean usingInversePosition, System.Int32 newCompletedSteps, DG.Tweening.Core.Enums.UpdateNotice updateNotice) [0x0011e] in <82a2fd073ee449928e161903460426d7>:0 
  at DG.Tweening.Core.TweenerCore`3[T1,T2,TPlugOptions].ApplyTween (System.Single prevPosition, System.Int32 prevCompletedLoops, System.Int32 newCompletedSteps, System.Boolean useInversePosition, DG.Tweening.Core.Enums.UpdateMode updateMode, DG.Tweening.Core.Enums.UpdateNotice updateNotice) [0x00043] in <82a2fd073ee449928e161903460426d7>:0 

<color=#0099bc><b>DOTWEEN ► </b></color>Target or field is missing/null () ► 

  at (wrapper managed-to-native) UnityEngine.Transform.get_position_Injected(UnityEngine.Transform,UnityEngine.Vector3&)
  at UnityEngine.Transform.get_position () [0x00000] in <5a923feee9f944f3a14f9848c3ed83b4>:0 
  at DG.Tweening.ShortcutExtensions+<>c__DisplayClass34_0.<DOMoveY>b__0 () [0x00000] in <82a2fd073ee449928e161903460426d7>:0 
  at (wrapper delegate-invoke) DG.Tweening.Core.DOGetter`1[UnityEngine.Vector3].invoke_T()
  at DG.Tweening.Plugins.Vector3Plugin.EvaluateAndApply (DG.Tweening.Plugins.Options.VectorOptions options, DG.Tweening.Tween t, System.Boolean isRelative, DG.Tweening.Core.DOGetter`1[T] getter, DG.Tweening.Core.DOSetter`1[T] setter, System.Single elapsed, UnityEngine.Vector3 startValue, UnityEngine.Vector3 changeValue, System.Single duration, System.Boolean usingInversePosition, System.Int32 newCompletedSteps, DG.Tweening.Core.Enums.UpdateNotice updateNotice) [0x0011e] in <82a2fd073ee449928e161903460426d7>:0 
  at DG.Tweening.Core.TweenerCore`3[T1,T2,TPlugOptions].ApplyTween (System.Single prevPosition, System.Int32 prevCompletedLoops, System.Int32 newCompletedSteps, System.Boolean useInversePosition, DG.Tweening.Core.Enums.UpdateMode updateMode, DG.Tweening.Core.Enums.UpdateNotice updateNotice) [0x00043] in <82a2fd073ee449928e161903460426d7>:0 

<color=#0099bc><b>DOTWEEN ► </b></color>Target or field is missing/null () ► 

  at (wrapper managed-to-native) UnityEngine.Transform.get_position_Injected(UnityEngine.Transform,UnityEngine.Vector3&)
  at UnityEngine.Transform.get_position () [0x00000] in <5a923feee9f944f3a14f9848c3ed83b4>:0 
  at DG.Tweening.ShortcutExtensions+<>c__DisplayClass34_0.<DOMoveY>b__0 () [0x00000] in <82a2fd073ee449928e161903460426d7>:0 
  at (wrapper delegate-invoke) DG.Tweening.Core.DOGetter`1[UnityEngine.Vector3].invoke_T()
  at DG.Tweening.Plugins.Vector3Plugin.EvaluateAndApply (DG.Tweening.Plugins.Options.VectorOptions options, DG.Tweening.Tween t, System.Boolean isRelative, DG.Tweening.Core.DOGetter`1[T] getter, DG.Tweening.Core.DOSetter`1[T] setter, System.Single elapsed, UnityEngine.Vector3 startValue, UnityEngine.Vector3 changeValue, System.Single duration, System.Boolean usingInversePosition, System.Int32 newCompletedSteps, DG.Tweening.Core.Enums.UpdateNotice updateNotice) [0x0011e] in <82a2fd073ee449928e161903460426d7>:0 
  at DG.Tweening.Core.TweenerCore`3[T1,T2,TPlugOptions].ApplyTween (System.Single prevPosition, System.Int32 prevCompletedLoops, System.Int32 newCompletedSteps, System.Boolean useInversePosition, DG.Tweening.Core.Enums.UpdateMode updateMode, DG.Tweening.Core.Enums.UpdateNotice updateNotice) [0x00043] in <82a2fd073ee449928e161903460426d7>:0 

<color=#0099bc><b>DOTWEEN ► </b></color>Target or field is missing/null () ► 

  at (wrapper managed-to-native) UnityEngine.Transform.get_position_Injected(UnityEngine.Transform,UnityEngine.Vector3&)
  at UnityEngine.Transform.get_position () [0x00000] in <5a923feee9f944f3a14f9848c3ed83b4>:0 
  at DG.Tweening.ShortcutExtensions+<>c__DisplayClass34_0.<DOMoveY>b__0 () [0x00000] in <82a2fd073ee449928e161903460426d7>:0 
  at (wrapper delegate-invoke) DG.Tweening.Core.DOGetter`1[UnityEngine.Vector3].invoke_T()
  at DG.Tweening.Plugins.Vector3Plugin.EvaluateAndApply (DG.Tweening.Plugins.Options.VectorOptions options, DG.Tweening.Tween t, System.Boolean isRelative, DG.Tweening.Core.DOGetter`1[T] getter, DG.Tweening.Core.DOSetter`1[T] setter, System.Single elapsed, UnityEngine.Vector3 startValue, UnityEngine.Vector3 changeValue, System.Single duration, System.Boolean usingInversePosition, System.Int32 newCompletedSteps, DG.Tweening.Core.Enums.UpdateNotice updateNotice) [0x0011e] in <82a2fd073ee449928e161903460426d7>:0 
  at DG.Tweening.Core.TweenerCore`3[T1,T2,TPlugOptions].ApplyTween (System.Single prevPosition, System.Int32 prevCompletedLoops, System.Int32 newCompletedSteps, System.Boolean useInversePosition, DG.Tweening.Core.Enums.UpdateMode updateMode, DG.Tweening.Core.Enums.UpdateNotice updateNotice) [0x00043] in <82a2fd073ee449928e161903460426d7>:0 

<color=#0099bc><b>DOTWEEN ► </b></color>Target or field is missing/null () ► 

  at (wrapper managed-to-native) UnityEngine.Transform.get_position_Injected(UnityEngine.Transform,UnityEngine.Vector3&)
  at UnityEngine.Transform.get_position () [0x00000] in <5a923feee9f944f3a14f9848c3ed83b4>:0 
  at DG.Tweening.ShortcutExtensions+<>c__DisplayClass34_0.<DOMoveY>b__0 () [0x00000] in <82a2fd073ee449928e161903460426d7>:0 
  at (wrapper delegate-invoke) DG.Tweening.Core.DOGetter`1[UnityEngine.Vector3].invoke_T()
  at DG.Tweening.Plugins.Vector3Plugin.EvaluateAndApply (DG.Tweening.Plugins.Options.VectorOptions options, DG.Tweening.Tween t, System.Boolean isRelative, DG.Tweening.Core.DOGetter`1[T] getter, DG.Tweening.Core.DOSetter`1[T] setter, System.Single elapsed, UnityEngine.Vector3 startValue, UnityEngine.Vector3 changeValue, System.Single duration, System.Boolean usingInversePosition, System.Int32 newCompletedSteps, DG.Tweening.Core.Enums.UpdateNotice updateNotice) [0x0011e] in <82a2fd073ee449928e161903460426d7>:0 
  at DG.Tweening.Core.TweenerCore`3[T1,T2,TPlugOptions].ApplyTween (System.Single prevPosition, System.Int32 prevCompletedLoops, System.Int32 newCompletedSteps, System.Boolean useInversePosition, DG.Tweening.Core.Enums.UpdateMode updateMode, DG.Tweening.Core.Enums.UpdateNotice updateNotice) [0x00043] in <82a2fd073ee449928e161903460426d7>:0 

<color=#0099bc><b>DOTWEEN ► </b></color>Target or field is missing/null () ► 

  at (wrapper managed-to-native) UnityEngine.Transform.get_position_Injected(UnityEngine.Transform,UnityEngine.Vector3&)
  at UnityEngine.Transform.get_position () [0x00000] in <5a923feee9f944f3a14f9848c3ed83b4>:0 
  at DG.Tweening.ShortcutExtensions+<>c__DisplayClass34_0.<DOMoveY>b__0 () [0x00000] in <82a2fd073ee449928e161903460426d7>:0 
  at (wrapper delegate-invoke) DG.Tweening.Core.DOGetter`1[UnityEngine.Vector3].invoke_T()
  at DG.Tweening.Plugins.Vector3Plugin.EvaluateAndApply (DG.Tweening.Plugins.Options.VectorOptions options, DG.Tweening.Tween t, System.Boolean isRelative, DG.Tweening.Core.DOGetter`1[T] getter, DG.Tweening.Core.DOSetter`1[T] setter, System.Single elapsed, UnityEngine.Vector3 startValue, UnityEngine.Vector3 changeValue, System.Single duration, System.Boolean usingInversePosition, System.Int32 newCompletedSteps, DG.Tweening.Core.Enums.UpdateNotice updateNotice) [0x0011e] in <82a2fd073ee449928e161903460426d7>:0 
  at DG.Tweening.Core.TweenerCore`3[T1,T2,TPlugOptions].ApplyTween (System.Single prevPosition, System.Int32 prevCompletedLoops, System.Int32 newCompletedSteps, System.Boolean useInversePosition, DG.Tweening.Core.Enums.UpdateMode updateMode, DG.Tweening.Core.Enums.UpdateNotice updateNotice) [0x00043] in <82a2fd073ee449928e161903460426d7>:0 

<color=#0099bc><b>DOTWEEN ► </b></color>Target or field is missing/null () ► 

  at (wrapper managed-to-native) UnityEngine.Transform.get_position_Injected(UnityEngine.Transform,UnityEngine.Vector3&)
  at UnityEngine.Transform.get_position () [0x00000] in <5a923feee9f944f3a14f9848c3ed83b4>:0 
  at DG.Tweening.ShortcutExtensions+<>c__DisplayClass34_0.<DOMoveY>b__0 () [0x00000] in <82a2fd073ee449928e161903460426d7>:0 
  at (wrapper delegate-invoke) DG.Tweening.Core.DOGetter`1[UnityEngine.Vector3].invoke_T()
  at DG.Tweening.Plugins.Vector3Plugin.EvaluateAndApply (DG.Tweening.Plugins.Options.VectorOptions options, DG.Tweening.Tween t, System.Boolean isRelative, DG.Tweening.Core.DOGetter`1[T] getter, DG.Tweening.Core.DOSetter`1[T] setter, System.Single elapsed, UnityEngine.Vector3 startValue, UnityEngine.Vector3 changeValue, System.Single duration, System.Boolean usingInversePosition, System.Int32 newCompletedSteps, DG.Tweening.Core.Enums.UpdateNotice updateNotice) [0x0011e] in <82a2fd073ee449928e161903460426d7>:0 
  at DG.Tweening.Core.TweenerCore`3[T1,T2,TPlugOptions].ApplyTween (System.Single prevPosition, System.Int32 prevCompletedLoops, System.Int32 newCompletedSteps, System.Boolean useInversePosition, DG.Tweening.Core.Enums.UpdateMode updateMode, DG.Tweening.Core.Enums.UpdateNotice updateNotice) [0x00043] in <82a2fd073ee449928e161903460426d7>:0 

<color=#0099bc><b>DOTWEEN ► </b></color>Target or field is missing/null () ► 

  at (wrapper managed-to-native) UnityEngine.Transform.get_position_Injected(UnityEngine.Transform,UnityEngine.Vector3&)
  at UnityEngine.Transform.get_position () [0x00000] in <5a923feee9f944f3a14f9848c3ed83b4>:0 
  at DG.Tweening.ShortcutExtensions+<>c__DisplayClass34_0.<DOMoveY>b__0 () [0x00000] in <82a2fd073ee449928e161903460426d7>:0 
  at (wrapper delegate-invoke) DG.Tweening.Core.DOGetter`1[UnityEngine.Vector3].invoke_T()
  at DG.Tweening.Plugins.Vector3Plugin.EvaluateAndApply (DG.Tweening.Plugins.Options.VectorOptions options, DG.Tweening.Tween t, System.Boolean isRelative, DG.Tweening.Core.DOGetter`1[T] getter, DG.Tweening.Core.DOSetter`1[T] setter, System.Single elapsed, UnityEngine.Vector3 startValue, UnityEngine.Vector3 changeValue, System.Single duration, System.Boolean usingInversePosition, System.Int32 newCompletedSteps, DG.Tweening.Core.Enums.UpdateNotice updateNotice) [0x0011e] in <82a2fd073ee449928e161903460426d7>:0 
  at DG.Tweening.Core.TweenerCore`3[T1,T2,TPlugOptions].ApplyTween (System.Single prevPosition, System.Int32 prevCompletedLoops, System.Int32 newCompletedSteps, System.Boolean useInversePosition, DG.Tweening.Core.Enums.UpdateMode updateMode, DG.Tweening.Core.Enums.UpdateNotice updateNotice) [0x00043] in <82a2fd073ee449928e161903460426d7>:0 

<color=#0099bc><b>DOTWEEN ► </b></color>Target or field is missing/null () ► 

  at (wrapper managed-to-native) UnityEngine.Transform.get_position_Injected(UnityEngine.Transform,UnityEngine.Vector3&)
  at UnityEngine.Transform.get_position () [0x00000] in <5a923feee9f944f3a14f9848c3ed83b4>:0 
  at DG.Tweening.ShortcutExtensions+<>c__DisplayClass34_0.<DOMoveY>b__0 () [0x00000] in <82a2fd073ee449928e161903460426d7>:0 
  at (wrapper delegate-invoke) DG.Tweening.Core.DOGetter`1[UnityEngine.Vector3].invoke_T()
  at DG.Tweening.Plugins.Vector3Plugin.EvaluateAndApply (DG.Tweening.Plugins.Options.VectorOptions options, DG.Tweening.Tween t, System.Boolean isRelative, DG.Tweening.Core.DOGetter`1[T] getter, DG.Tweening.Core.DOSetter`1[T] setter, System.Single elapsed, UnityEngine.Vector3 startValue, UnityEngine.Vector3 changeValue, System.Single duration, System.Boolean usingInversePosition, System.Int32 newCompletedSteps, DG.Tweening.Core.Enums.UpdateNotice updateNotice) [0x0011e] in <82a2fd073ee449928e161903460426d7>:0 
  at DG.Tweening.Core.TweenerCore`3[T1,T2,TPlugOptions].ApplyTween (System.Single prevPosition, System.Int32 prevCompletedLoops, System.Int32 newCompletedSteps, System.Boolean useInversePosition, DG.Tweening.Core.Enums.UpdateMode updateMode, DG.Tweening.Core.Enums.UpdateNotice updateNotice) [0x00043] in <82a2fd073ee449928e161903460426d7>:0 

<color=#0099bc><b>DOTWEEN ► </b></color>Target or field is missing/null () ► 

  at (wrapper managed-to-native) UnityEngine.Transform.get_position_Injected(UnityEngine.Transform,UnityEngine.Vector3&)
  at UnityEngine.Transform.get_position () [0x00000] in <5a923feee9f944f3a14f9848c3ed83b4>:0 
  at DG.Tweening.ShortcutExtensions+<>c__DisplayClass34_0.<DOMoveY>b__0 () [0x00000] in <82a2fd073ee449928e161903460426d7>:0 
  at (wrapper delegate-invoke) DG.Tweening.Core.DOGetter`1[UnityEngine.Vector3].invoke_T()
  at DG.Tweening.Plugins.Vector3Plugin.EvaluateAndApply (DG.Tweening.Plugins.Options.VectorOptions options, DG.Tweening.Tween t, System.Boolean isRelative, DG.Tweening.Core.DOGetter`1[T] getter, DG.Tweening.Core.DOSetter`1[T] setter, System.Single elapsed, UnityEngine.Vector3 startValue, UnityEngine.Vector3 changeValue, System.Single duration, System.Boolean usingInversePosition, System.Int32 newCompletedSteps, DG.Tweening.Core.Enums.UpdateNotice updateNotice) [0x0011e] in <82a2fd073ee449928e161903460426d7>:0 
  at DG.Tweening.Core.TweenerCore`3[T1,T2,TPlugOptions].ApplyTween (System.Single prevPosition, System.Int32 prevCompletedLoops, System.Int32 newCompletedSteps, System.Boolean useInversePosition, DG.Tweening.Core.Enums.UpdateMode updateMode, DG.Tweening.Core.Enums.UpdateNotice updateNotice) [0x00043] in <82a2fd073ee449928e161903460426d7>:0 

<color=#0099bc><b>DOTWEEN ► </b></color>Target or field is missing/null () ► 

  at (wrapper managed-to-native) UnityEngine.Transform.get_position_Injected(UnityEngine.Transform,UnityEngine.Vector3&)
  at UnityEngine.Transform.get_position () [0x00000] in <5a923feee9f944f3a14f9848c3ed83b4>:0 
  at DG.Tweening.ShortcutExtensions+<>c__DisplayClass34_0.<DOMoveY>b__0 () [0x00000] in <82a2fd073ee449928e161903460426d7>:0 
  at (wrapper delegate-invoke) DG.Tweening.Core.DOGetter`1[UnityEngine.Vector3].invoke_T()
  at DG.Tweening.Plugins.Vector3Plugin.EvaluateAndApply (DG.Tweening.Plugins.Options.VectorOptions options, DG.Tweening.Tween t, System.Boolean isRelative, DG.Tweening.Core.DOGetter`1[T] getter, DG.Tweening.Core.DOSetter`1[T] setter, System.Single elapsed, UnityEngine.Vector3 startValue, UnityEngine.Vector3 changeValue, System.Single duration, System.Boolean usingInversePosition, System.Int32 newCompletedSteps, DG.Tweening.Core.Enums.UpdateNotice updateNotice) [0x0011e] in <82a2fd073ee449928e161903460426d7>:0 
  at DG.Tweening.Core.TweenerCore`3[T1,T2,TPlugOptions].ApplyTween (System.Single prevPosition, System.Int32 prevCompletedLoops, System.Int32 newCompletedSteps, System.Boolean useInversePosition, DG.Tweening.Core.Enums.UpdateMode updateMode, DG.Tweening.Core.Enums.UpdateNotice updateNotice) [0x00043] in <82a2fd073ee449928e161903460426d7>:0 

<color=#0099bc><b>DOTWEEN ► </b></color>Target or field is missing/null () ► 

  at (wrapper managed-to-native) UnityEngine.Transform.get_position_Injected(UnityEngine.Transform,UnityEngine.Vector3&)
  at UnityEngine.Transform.get_position () [0x00000] in <5a923feee9f944f3a14f9848c3ed83b4>:0 
  at DG.Tweening.ShortcutExtensions+<>c__DisplayClass34_0.<DOMoveY>b__0 () [0x00000] in <82a2fd073ee449928e161903460426d7>:0 
  at (wrapper delegate-invoke) DG.Tweening.Core.DOGetter`1[UnityEngine.Vector3].invoke_T()
  at DG.Tweening.Plugins.Vector3Plugin.EvaluateAndApply (DG.Tweening.Plugins.Options.VectorOptions options, DG.Tweening.Tween t, System.Boolean isRelative, DG.Tweening.Core.DOGetter`1[T] getter, DG.Tweening.Core.DOSetter`1[T] setter, System.Single elapsed, UnityEngine.Vector3 startValue, UnityEngine.Vector3 changeValue, System.Single duration, System.Boolean usingInversePosition, System.Int32 newCompletedSteps, DG.Tweening.Core.Enums.UpdateNotice updateNotice) [0x0011e] in <82a2fd073ee449928e161903460426d7>:0 
  at DG.Tweening.Core.TweenerCore`3[T1,T2,TPlugOptions].ApplyTween (System.Single prevPosition, System.Int32 prevCompletedLoops, System.Int32 newCompletedSteps, System.Boolean useInversePosition, DG.Tweening.Core.Enums.UpdateMode updateMode, DG.Tweening.Core.Enums.UpdateNotice updateNotice) [0x00043] in <82a2fd073ee449928e161903460426d7>:0 

<color=#0099bc><b>DOTWEEN ► </b></color>Target or field is missing/null () ► 

  at (wrapper managed-to-native) UnityEngine.Transform.get_position_Injected(UnityEngine.Transform,UnityEngine.Vector3&)
  at UnityEngine.Transform.get_position () [0x00000] in <5a923feee9f944f3a14f9848c3ed83b4>:0 
  at DG.Tweening.ShortcutExtensions+<>c__DisplayClass34_0.<DOMoveY>b__0 () [0x00000] in <82a2fd073ee449928e161903460426d7>:0 
  at (wrapper delegate-invoke) DG.Tweening.Core.DOGetter`1[UnityEngine.Vector3].invoke_T()
  at DG.Tweening.Plugins.Vector3Plugin.EvaluateAndApply (DG.Tweening.Plugins.Options.VectorOptions options, DG.Tweening.Tween t, System.Boolean isRelative, DG.Tweening.Core.DOGetter`1[T] getter, DG.Tweening.Core.DOSetter`1[T] setter, System.Single elapsed, UnityEngine.Vector3 startValue, UnityEngine.Vector3 changeValue, System.Single duration, System.Boolean usingInversePosition, System.Int32 newCompletedSteps, DG.Tweening.Core.Enums.UpdateNotice updateNotice) [0x0011e] in <82a2fd073ee449928e161903460426d7>:0 
  at DG.Tweening.Core.TweenerCore`3[T1,T2,TPlugOptions].ApplyTween (System.Single prevPosition, System.Int32 prevCompletedLoops, System.Int32 newCompletedSteps, System.Boolean useInversePosition, DG.Tweening.Core.Enums.UpdateMode updateMode, DG.Tweening.Core.Enums.UpdateNotice updateNotice) [0x00043] in <82a2fd073ee449928e161903460426d7>:0 

<color=#0099bc><b>DOTWEEN ► </b></color>Target or field is missing/null () ► 

  at (wrapper managed-to-native) UnityEngine.Transform.get_position_Injected(UnityEngine.Transform,UnityEngine.Vector3&)
  at UnityEngine.Transform.get_position () [0x00000] in <5a923feee9f944f3a14f9848c3ed83b4>:0 
  at DG.Tweening.ShortcutExtensions+<>c__DisplayClass34_0.<DOMoveY>b__0 () [0x00000] in <82a2fd073ee449928e161903460426d7>:0 
  at (wrapper delegate-invoke) DG.Tweening.Core.DOGetter`1[UnityEngine.Vector3].invoke_T()
  at DG.Tweening.Plugins.Vector3Plugin.EvaluateAndApply (DG.Tweening.Plugins.Options.VectorOptions options, DG.Tweening.Tween t, System.Boolean isRelative, DG.Tweening.Core.DOGetter`1[T] getter, DG.Tweening.Core.DOSetter`1[T] setter, System.Single elapsed, UnityEngine.Vector3 startValue, UnityEngine.Vector3 changeValue, System.Single duration, System.Boolean usingInversePosition, System.Int32 newCompletedSteps, DG.Tweening.Core.Enums.UpdateNotice updateNotice) [0x0011e] in <82a2fd073ee449928e161903460426d7>:0 
  at DG.Tweening.Core.TweenerCore`3[T1,T2,TPlugOptions].ApplyTween (System.Single prevPosition, System.Int32 prevCompletedLoops, System.Int32 newCompletedSteps, System.Boolean useInversePosition, DG.Tweening.Core.Enums.UpdateMode updateMode, DG.Tweening.Core.Enums.UpdateNotice updateNotice) [0x00043] in <82a2fd073ee449928e161903460426d7>:0 

<color=#0099bc><b>DOTWEEN ► </b></color>Target or field is missing/null () ► 

  at (wrapper managed-to-native) UnityEngine.Transform.get_position_Injected(UnityEngine.Transform,UnityEngine.Vector3&)
  at UnityEngine.Transform.get_position () [0x00000] in <5a923feee9f944f3a14f9848c3ed83b4>:0 
  at DG.Tweening.ShortcutExtensions+<>c__DisplayClass34_0.<DOMoveY>b__0 () [0x00000] in <82a2fd073ee449928e161903460426d7>:0 
  at (wrapper delegate-invoke) DG.Tweening.Core.DOGetter`1[UnityEngine.Vector3].invoke_T()
  at DG.Tweening.Plugins.Vector3Plugin.EvaluateAndApply (DG.Tweening.Plugins.Options.VectorOptions options, DG.Tweening.Tween t, System.Boolean isRelative, DG.Tweening.Core.DOGetter`1[T] getter, DG.Tweening.Core.DOSetter`1[T] setter, System.Single elapsed, UnityEngine.Vector3 startValue, UnityEngine.Vector3 changeValue, System.Single duration, System.Boolean usingInversePosition, System.Int32 newCompletedSteps, DG.Tweening.Core.Enums.UpdateNotice updateNotice) [0x0011e] in <82a2fd073ee449928e161903460426d7>:0 
  at DG.Tweening.Core.TweenerCore`3[T1,T2,TPlugOptions].ApplyTween (System.Single prevPosition, System.Int32 prevCompletedLoops, System.Int32 newCompletedSteps, System.Boolean useInversePosition, DG.Tweening.Core.Enums.UpdateMode updateMode, DG.Tweening.Core.Enums.UpdateNotice updateNotice) [0x00043] in <82a2fd073ee449928e161903460426d7>:0 

<color=#0099bc><b>DOTWEEN ► </b></color>Target or field is missing/null () ► 

  at (wrapper managed-to-native) UnityEngine.Transform.get_position_Injected(UnityEngine.Transform,UnityEngine.Vector3&)
  at UnityEngine.Transform.get_position () [0x00000] in <5a923feee9f944f3a14f9848c3ed83b4>:0 
  at DG.Tweening.ShortcutExtensions+<>c__DisplayClass34_0.<DOMoveY>b__0 () [0x00000] in <82a2fd073ee449928e161903460426d7>:0 
  at (wrapper delegate-invoke) DG.Tweening.Core.DOGetter`1[UnityEngine.Vector3].invoke_T()
  at DG.Tweening.Plugins.Vector3Plugin.EvaluateAndApply (DG.Tweening.Plugins.Options.VectorOptions options, DG.Tweening.Tween t, System.Boolean isRelative, DG.Tweening.Core.DOGetter`1[T] getter, DG.Tweening.Core.DOSetter`1[T] setter, System.Single elapsed, UnityEngine.Vector3 startValue, UnityEngine.Vector3 changeValue, System.Single duration, System.Boolean usingInversePosition, System.Int32 newCompletedSteps, DG.Tweening.Core.Enums.UpdateNotice updateNotice) [0x0011e] in <82a2fd073ee449928e161903460426d7>:0 
  at DG.Tweening.Core.TweenerCore`3[T1,T2,TPlugOptions].ApplyTween (System.Single prevPosition, System.Int32 prevCompletedLoops, System.Int32 newCompletedSteps, System.Boolean useInversePosition, DG.Tweening.Core.Enums.UpdateMode updateMode, DG.Tweening.Core.Enums.UpdateNotice updateNotice) [0x00043] in <82a2fd073ee449928e161903460426d7>:0 

<color=#0099bc><b>DOTWEEN ► </b></color>Target or field is missing/null () ► 

  at (wrapper managed-to-native) UnityEngine.Transform.get_position_Injected(UnityEngine.Transform,UnityEngine.Vector3&)
  at UnityEngine.Transform.get_position () [0x00000] in <5a923feee9f944f3a14f9848c3ed83b4>:0 
  at DG.Tweening.ShortcutExtensions+<>c__DisplayClass34_0.<DOMoveY>b__0 () [0x00000] in <82a2fd073ee449928e161903460426d7>:0 
  at (wrapper delegate-invoke) DG.Tweening.Core.DOGetter`1[UnityEngine.Vector3].invoke_T()
  at DG.Tweening.Plugins.Vector3Plugin.EvaluateAndApply (DG.Tweening.Plugins.Options.VectorOptions options, DG.Tweening.Tween t, System.Boolean isRelative, DG.Tweening.Core.DOGetter`1[T] getter, DG.Tweening.Core.DOSetter`1[T] setter, System.Single elapsed, UnityEngine.Vector3 startValue, UnityEngine.Vector3 changeValue, System.Single duration, System.Boolean usingInversePosition, System.Int32 newCompletedSteps, DG.Tweening.Core.Enums.UpdateNotice updateNotice) [0x0011e] in <82a2fd073ee449928e161903460426d7>:0 
  at DG.Tweening.Core.TweenerCore`3[T1,T2,TPlugOptions].ApplyTween (System.Single prevPosition, System.Int32 prevCompletedLoops, System.Int32 newCompletedSteps, System.Boolean useInversePosition, DG.Tweening.Core.Enums.UpdateMode updateMode, DG.Tweening.Core.Enums.UpdateNotice updateNotice) [0x00043] in <82a2fd073ee449928e161903460426d7>:0 

<color=#0099bc><b>DOTWEEN ► </b></color>Target or field is missing/null () ► 

  at (wrapper managed-to-native) UnityEngine.Transform.get_position_Injected(UnityEngine.Transform,UnityEngine.Vector3&)
  at UnityEngine.Transform.get_position () [0x00000] in <5a923feee9f944f3a14f9848c3ed83b4>:0 
  at DG.Tweening.ShortcutExtensions+<>c__DisplayClass34_0.<DOMoveY>b__0 () [0x00000] in <82a2fd073ee449928e161903460426d7>:0 
  at (wrapper delegate-invoke) DG.Tweening.Core.DOGetter`1[UnityEngine.Vector3].invoke_T()
  at DG.Tweening.Plugins.Vector3Plugin.EvaluateAndApply (DG.Tweening.Plugins.Options.VectorOptions options, DG.Tweening.Tween t, System.Boolean isRelative, DG.Tweening.Core.DOGetter`1[T] getter, DG.Tweening.Core.DOSetter`1[T] setter, System.Single elapsed, UnityEngine.Vector3 startValue, UnityEngine.Vector3 changeValue, System.Single duration, System.Boolean usingInversePosition, System.Int32 newCompletedSteps, DG.Tweening.Core.Enums.UpdateNotice updateNotice) [0x0011e] in <82a2fd073ee449928e161903460426d7>:0 
  at DG.Tweening.Core.TweenerCore`3[T1,T2,TPlugOptions].ApplyTween (System.Single prevPosition, System.Int32 prevCompletedLoops, System.Int32 newCompletedSteps, System.Boolean useInversePosition, DG.Tweening.Core.Enums.UpdateMode updateMode, DG.Tweening.Core.Enums.UpdateNotice updateNotice) [0x00043] in <82a2fd073ee449928e161903460426d7>:0 

<color=#0099bc><b>DOTWEEN ► </b></color>Target or field is missing/null () ► 

  at (wrapper managed-to-native) UnityEngine.Transform.get_position_Injected(UnityEngine.Transform,UnityEngine.Vector3&)
  at UnityEngine.Transform.get_position () [0x00000] in <5a923feee9f944f3a14f9848c3ed83b4>:0 
  at DG.Tweening.ShortcutExtensions+<>c__DisplayClass34_0.<DOMoveY>b__0 () [0x00000] in <82a2fd073ee449928e161903460426d7>:0 
  at (wrapper delegate-invoke) DG.Tweening.Core.DOGetter`1[UnityEngine.Vector3].invoke_T()
  at DG.Tweening.Plugins.Vector3Plugin.EvaluateAndApply (DG.Tweening.Plugins.Options.VectorOptions options, DG.Tweening.Tween t, System.Boolean isRelative, DG.Tweening.Core.DOGetter`1[T] getter, DG.Tweening.Core.DOSetter`1[T] setter, System.Single elapsed, UnityEngine.Vector3 startValue, UnityEngine.Vector3 changeValue, System.Single duration, System.Boolean usingInversePosition, System.Int32 newCompletedSteps, DG.Tweening.Core.Enums.UpdateNotice updateNotice) [0x0011e] in <82a2fd073ee449928e161903460426d7>:0 
  at DG.Tweening.Core.TweenerCore`3[T1,T2,TPlugOptions].ApplyTween (System.Single prevPosition, System.Int32 prevCompletedLoops, System.Int32 newCompletedSteps, System.Boolean useInversePosition, DG.Tweening.Core.Enums.UpdateMode updateMode, DG.Tweening.Core.Enums.UpdateNotice updateNotice) [0x00043] in <82a2fd073ee449928e161903460426d7>:0 

<color=#0099bc><b>DOTWEEN ► </b></color>Target or field is missing/null () ► 

  at (wrapper managed-to-native) UnityEngine.Transform.get_position_Injected(UnityEngine.Transform,UnityEngine.Vector3&)
  at UnityEngine.Transform.get_position () [0x00000] in <5a923feee9f944f3a14f9848c3ed83b4>:0 
  at DG.Tweening.ShortcutExtensions+<>c__DisplayClass34_0.<DOMoveY>b__0 () [0x00000] in <82a2fd073ee449928e161903460426d7>:0 
  at (wrapper delegate-invoke) DG.Tweening.Core.DOGetter`1[UnityEngine.Vector3].invoke_T()
  at DG.Tweening.Plugins.Vector3Plugin.EvaluateAndApply (DG.Tweening.Plugins.Options.VectorOptions options, DG.Tweening.Tween t, System.Boolean isRelative, DG.Tweening.Core.DOGetter`1[T] getter, DG.Tweening.Core.DOSetter`1[T] setter, System.Single elapsed, UnityEngine.Vector3 startValue, UnityEngine.Vector3 changeValue, System.Single duration, System.Boolean usingInversePosition, System.Int32 newCompletedSteps, DG.Tweening.Core.Enums.UpdateNotice updateNotice) [0x0011e] in <82a2fd073ee449928e161903460426d7>:0 
  at DG.Tweening.Core.TweenerCore`3[T1,T2,TPlugOptions].ApplyTween (System.Single prevPosition, System.Int32 prevCompletedLoops, System.Int32 newCompletedSteps, System.Boolean useInversePosition, DG.Tweening.Core.Enums.UpdateMode updateMode, DG.Tweening.Core.Enums.UpdateNotice updateNotice) [0x00043] in <82a2fd073ee449928e161903460426d7>:0 

<color=#0099bc><b>DOTWEEN ► </b></color>Target or field is missing/null () ► 

  at (wrapper managed-to-native) UnityEngine.Transform.get_position_Injected(UnityEngine.Transform,UnityEngine.Vector3&)
  at UnityEngine.Transform.get_position () [0x00000] in <5a923feee9f944f3a14f9848c3ed83b4>:0 
  at DG.Tweening.ShortcutExtensions+<>c__DisplayClass34_0.<DOMoveY>b__0 () [0x00000] in <82a2fd073ee449928e161903460426d7>:0 
  at (wrapper delegate-invoke) DG.Tweening.Core.DOGetter`1[UnityEngine.Vector3].invoke_T()
  at DG.Tweening.Plugins.Vector3Plugin.EvaluateAndApply (DG.Tweening.Plugins.Options.VectorOptions options, DG.Tweening.Tween t, System.Boolean isRelative, DG.Tweening.Core.DOGetter`1[T] getter, DG.Tweening.Core.DOSetter`1[T] setter, System.Single elapsed, UnityEngine.Vector3 startValue, UnityEngine.Vector3 changeValue, System.Single duration, System.Boolean usingInversePosition, System.Int32 newCompletedSteps, DG.Tweening.Core.Enums.UpdateNotice updateNotice) [0x0011e] in <82a2fd073ee449928e161903460426d7>:0 
  at DG.Tweening.Core.TweenerCore`3[T1,T2,TPlugOptions].ApplyTween (System.Single prevPosition, System.Int32 prevCompletedLoops, System.Int32 newCompletedSteps, System.Boolean useInversePosition, DG.Tweening.Core.Enums.UpdateMode updateMode, DG.Tweening.Core.Enums.UpdateNotice updateNotice) [0x00043] in <82a2fd073ee449928e161903460426d7>:0 

<color=#0099bc><b>DOTWEEN ► </b></color>Target or field is missing/null () ► 

  at (wrapper managed-to-native) UnityEngine.Transform.get_position_Injected(UnityEngine.Transform,UnityEngine.Vector3&)
  at UnityEngine.Transform.get_position () [0x00000] in <5a923feee9f944f3a14f9848c3ed83b4>:0 
  at DG.Tweening.ShortcutExtensions+<>c__DisplayClass34_0.<DOMoveY>b__0 () [0x00000] in <82a2fd073ee449928e161903460426d7>:0 
  at (wrapper delegate-invoke) DG.Tweening.Core.DOGetter`1[UnityEngine.Vector3].invoke_T()
  at DG.Tweening.Plugins.Vector3Plugin.EvaluateAndApply (DG.Tweening.Plugins.Options.VectorOptions options, DG.Tweening.Tween t, System.Boolean isRelative, DG.Tweening.Core.DOGetter`1[T] getter, DG.Tweening.Core.DOSetter`1[T] setter, System.Single elapsed, UnityEngine.Vector3 startValue, UnityEngine.Vector3 changeValue, System.Single duration, System.Boolean usingInversePosition, System.Int32 newCompletedSteps, DG.Tweening.Core.Enums.UpdateNotice updateNotice) [0x0011e] in <82a2fd073ee449928e161903460426d7>:0 
  at DG.Tweening.Core.TweenerCore`3[T1,T2,TPlugOptions].ApplyTween (System.Single prevPosition, System.Int32 prevCompletedLoops, System.Int32 newCompletedSteps, System.Boolean useInversePosition, DG.Tweening.Core.Enums.UpdateMode updateMode, DG.Tweening.Core.Enums.UpdateNotice updateNotice) [0x00043] in <82a2fd073ee449928e161903460426d7>:0 

<color=#0099bc><b>DOTWEEN ► </b></color>Target or field is missing/null () ► 

  at (wrapper managed-to-native) UnityEngine.Transform.get_position_Injected(UnityEngine.Transform,UnityEngine.Vector3&)
  at UnityEngine.Transform.get_position () [0x00000] in <5a923feee9f944f3a14f9848c3ed83b4>:0 
  at DG.Tweening.ShortcutExtensions+<>c__DisplayClass34_0.<DOMoveY>b__0 () [0x00000] in <82a2fd073ee449928e161903460426d7>:0 
  at (wrapper delegate-invoke) DG.Tweening.Core.DOGetter`1[UnityEngine.Vector3].invoke_T()
  at DG.Tweening.Plugins.Vector3Plugin.EvaluateAndApply (DG.Tweening.Plugins.Options.VectorOptions options, DG.Tweening.Tween t, System.Boolean isRelative, DG.Tweening.Core.DOGetter`1[T] getter, DG.Tweening.Core.DOSetter`1[T] setter, System.Single elapsed, UnityEngine.Vector3 startValue, UnityEngine.Vector3 changeValue, System.Single duration, System.Boolean usingInversePosition, System.Int32 newCompletedSteps, DG.Tweening.Core.Enums.UpdateNotice updateNotice) [0x0011e] in <82a2fd073ee449928e161903460426d7>:0 
  at DG.Tweening.Core.TweenerCore`3[T1,T2,TPlugOptions].ApplyTween (System.Single prevPosition, System.Int32 prevCompletedLoops, System.Int32 newCompletedSteps, System.Boolean useInversePosition, DG.Tweening.Core.Enums.UpdateMode updateMode, DG.Tweening.Core.Enums.UpdateNotice updateNotice) [0x00043] in <82a2fd073ee449928e161903460426d7>:0 

<color=#0099bc><b>DOTWEEN ► </b></color>Target or field is missing/null () ► 

  at (wrapper managed-to-native) UnityEngine.Transform.get_position_Injected(UnityEngine.Transform,UnityEngine.Vector3&)
  at UnityEngine.Transform.get_position () [0x00000] in <5a923feee9f944f3a14f9848c3ed83b4>:0 
  at DG.Tweening.ShortcutExtensions+<>c__DisplayClass34_0.<DOMoveY>b__0 () [0x00000] in <82a2fd073ee449928e161903460426d7>:0 
  at (wrapper delegate-invoke) DG.Tweening.Core.DOGetter`1[UnityEngine.Vector3].invoke_T()
  at DG.Tweening.Plugins.Vector3Plugin.EvaluateAndApply (DG.Tweening.Plugins.Options.VectorOptions options, DG.Tweening.Tween t, System.Boolean isRelative, DG.Tweening.Core.DOGetter`1[T] getter, DG.Tweening.Core.DOSetter`1[T] setter, System.Single elapsed, UnityEngine.Vector3 startValue, UnityEngine.Vector3 changeValue, System.Single duration, System.Boolean usingInversePosition, System.Int32 newCompletedSteps, DG.Tweening.Core.Enums.UpdateNotice updateNotice) [0x0011e] in <82a2fd073ee449928e161903460426d7>:0 
  at DG.Tweening.Core.TweenerCore`3[T1,T2,TPlugOptions].ApplyTween (System.Single prevPosition, System.Int32 prevCompletedLoops, System.Int32 newCompletedSteps, System.Boolean useInversePosition, DG.Tweening.Core.Enums.UpdateMode updateMode, DG.Tweening.Core.Enums.UpdateNotice updateNotice) [0x00043] in <82a2fd073ee449928e161903460426d7>:0 

<color=#0099bc><b>DOTWEEN ► </b></color>Target or field is missing/null () ► 

  at (wrapper managed-to-native) UnityEngine.Transform.get_position_Injected(UnityEngine.Transform,UnityEngine.Vector3&)
  at UnityEngine.Transform.get_position () [0x00000] in <5a923feee9f944f3a14f9848c3ed83b4>:0 
  at DG.Tweening.ShortcutExtensions+<>c__DisplayClass34_0.<DOMoveY>b__0 () [0x00000] in <82a2fd073ee449928e161903460426d7>:0 
  at (wrapper delegate-invoke) DG.Tweening.Core.DOGetter`1[UnityEngine.Vector3].invoke_T()
  at DG.Tweening.Plugins.Vector3Plugin.EvaluateAndApply (DG.Tweening.Plugins.Options.VectorOptions options, DG.Tweening.Tween t, System.Boolean isRelative, DG.Tweening.Core.DOGetter`1[T] getter, DG.Tweening.Core.DOSetter`1[T] setter, System.Single elapsed, UnityEngine.Vector3 startValue, UnityEngine.Vector3 changeValue, System.Single duration, System.Boolean usingInversePosition, System.Int32 newCompletedSteps, DG.Tweening.Core.Enums.UpdateNotice updateNotice) [0x0011e] in <82a2fd073ee449928e161903460426d7>:0 
  at DG.Tweening.Core.TweenerCore`3[T1,T2,TPlugOptions].ApplyTween (System.Single prevPosition, System.Int32 prevCompletedLoops, System.Int32 newCompletedSteps, System.Boolean useInversePosition, DG.Tweening.Core.Enums.UpdateMode updateMode, DG.Tweening.Core.Enums.UpdateNotice updateNotice) [0x00043] in <82a2fd073ee449928e161903460426d7>:0 

<color=#0099bc><b>DOTWEEN ► </b></color>Target or field is missing/null () ► 

  at (wrapper managed-to-native) UnityEngine.Transform.get_position_Injected(UnityEngine.Transform,UnityEngine.Vector3&)
  at UnityEngine.Transform.get_position () [0x00000] in <5a923feee9f944f3a14f9848c3ed83b4>:0 
  at DG.Tweening.ShortcutExtensions+<>c__DisplayClass34_0.<DOMoveY>b__0 () [0x00000] in <82a2fd073ee449928e161903460426d7>:0 
  at (wrapper delegate-invoke) DG.Tweening.Core.DOGetter`1[UnityEngine.Vector3].invoke_T()
  at DG.Tweening.Plugins.Vector3Plugin.EvaluateAndApply (DG.Tweening.Plugins.Options.VectorOptions options, DG.Tweening.Tween t, System.Boolean isRelative, DG.Tweening.Core.DOGetter`1[T] getter, DG.Tweening.Core.DOSetter`1[T] setter, System.Single elapsed, UnityEngine.Vector3 startValue, UnityEngine.Vector3 changeValue, System.Single duration, System.Boolean usingInversePosition, System.Int32 newCompletedSteps, DG.Tweening.Core.Enums.UpdateNotice updateNotice) [0x0011e] in <82a2fd073ee449928e161903460426d7>:0 
  at DG.Tweening.Core.TweenerCore`3[T1,T2,TPlugOptions].ApplyTween (System.Single prevPosition, System.Int32 prevCompletedLoops, System.Int32 newCompletedSteps, System.Boolean useInversePosition, DG.Tweening.Core.Enums.UpdateMode updateMode, DG.Tweening.Core.Enums.UpdateNotice updateNotice) [0x00043] in <82a2fd073ee449928e161903460426d7>:0 

<color=#0099bc><b>DOTWEEN ► </b></color>Target or field is missing/null () ► 

  at (wrapper managed-to-native) UnityEngine.Transform.get_position_Injected(UnityEngine.Transform,UnityEngine.Vector3&)
  at UnityEngine.Transform.get_position () [0x00000] in <5a923feee9f944f3a14f9848c3ed83b4>:0 
  at DG.Tweening.ShortcutExtensions+<>c__DisplayClass34_0.<DOMoveY>b__0 () [0x00000] in <82a2fd073ee449928e161903460426d7>:0 
  at (wrapper delegate-invoke) DG.Tweening.Core.DOGetter`1[UnityEngine.Vector3].invoke_T()
  at DG.Tweening.Plugins.Vector3Plugin.EvaluateAndApply (DG.Tweening.Plugins.Options.VectorOptions options, DG.Tweening.Tween t, System.Boolean isRelative, DG.Tweening.Core.DOGetter`1[T] getter, DG.Tweening.Core.DOSetter`1[T] setter, System.Single elapsed, UnityEngine.Vector3 startValue, UnityEngine.Vector3 changeValue, System.Single duration, System.Boolean usingInversePosition, System.Int32 newCompletedSteps, DG.Tweening.Core.Enums.UpdateNotice updateNotice) [0x0011e] in <82a2fd073ee449928e161903460426d7>:0 
  at DG.Tweening.Core.TweenerCore`3[T1,T2,TPlugOptions].ApplyTween (System.Single prevPosition, System.Int32 prevCompletedLoops, System.Int32 newCompletedSteps, System.Boolean useInversePosition, DG.Tweening.Core.Enums.UpdateMode updateMode, DG.Tweening.Core.Enums.UpdateNotice updateNotice) [0x00043] in <82a2fd073ee449928e161903460426d7>:0 

<color=#0099bc><b>DOTWEEN ► </b></color>Target or field is missing/null () ► 

  at (wrapper managed-to-native) UnityEngine.Transform.get_position_Injected(UnityEngine.Transform,UnityEngine.Vector3&)
  at UnityEngine.Transform.get_position () [0x00000] in <5a923feee9f944f3a14f9848c3ed83b4>:0 
  at DG.Tweening.ShortcutExtensions+<>c__DisplayClass34_0.<DOMoveY>b__0 () [0x00000] in <82a2fd073ee449928e161903460426d7>:0 
  at (wrapper delegate-invoke) DG.Tweening.Core.DOGetter`1[UnityEngine.Vector3].invoke_T()
  at DG.Tweening.Plugins.Vector3Plugin.EvaluateAndApply (DG.Tweening.Plugins.Options.VectorOptions options, DG.Tweening.Tween t, System.Boolean isRelative, DG.Tweening.Core.DOGetter`1[T] getter, DG.Tweening.Core.DOSetter`1[T] setter, System.Single elapsed, UnityEngine.Vector3 startValue, UnityEngine.Vector3 changeValue, System.Single duration, System.Boolean usingInversePosition, System.Int32 newCompletedSteps, DG.Tweening.Core.Enums.UpdateNotice updateNotice) [0x0011e] in <82a2fd073ee449928e161903460426d7>:0 
  at DG.Tweening.Core.TweenerCore`3[T1,T2,TPlugOptions].ApplyTween (System.Single prevPosition, System.Int32 prevCompletedLoops, System.Int32 newCompletedSteps, System.Boolean useInversePosition, DG.Tweening.Core.Enums.UpdateMode updateMode, DG.Tweening.Core.Enums.UpdateNotice updateNotice) [0x00043] in <82a2fd073ee449928e161903460426d7>:0 

<color=#0099bc><b>DOTWEEN ► </b></color>Target or field is missing/null () ► 

  at (wrapper managed-to-native) UnityEngine.Transform.get_position_Injected(UnityEngine.Transform,UnityEngine.Vector3&)
  at UnityEngine.Transform.get_position () [0x00000] in <5a923feee9f944f3a14f9848c3ed83b4>:0 
  at DG.Tweening.ShortcutExtensions+<>c__DisplayClass34_0.<DOMoveY>b__0 () [0x00000] in <82a2fd073ee449928e161903460426d7>:0 
  at (wrapper delegate-invoke) DG.Tweening.Core.DOGetter`1[UnityEngine.Vector3].invoke_T()
  at DG.Tweening.Plugins.Vector3Plugin.EvaluateAndApply (DG.Tweening.Plugins.Options.VectorOptions options, DG.Tweening.Tween t, System.Boolean isRelative, DG.Tweening.Core.DOGetter`1[T] getter, DG.Tweening.Core.DOSetter`1[T] setter, System.Single elapsed, UnityEngine.Vector3 startValue, UnityEngine.Vector3 changeValue, System.Single duration, System.Boolean usingInversePosition, System.Int32 newCompletedSteps, DG.Tweening.Core.Enums.UpdateNotice updateNotice) [0x0011e] in <82a2fd073ee449928e161903460426d7>:0 
  at DG.Tweening.Core.TweenerCore`3[T1,T2,TPlugOptions].ApplyTween (System.Single prevPosition, System.Int32 prevCompletedLoops, System.Int32 newCompletedSteps, System.Boolean useInversePosition, DG.Tweening.Core.Enums.UpdateMode updateMode, DG.Tweening.Core.Enums.UpdateNotice updateNotice) [0x00043] in <82a2fd073ee449928e161903460426d7>:0 

<color=#0099bc><b>DOTWEEN ► </b></color>Target or field is missing/null () ► 

  at (wrapper managed-to-native) UnityEngine.Transform.get_position_Injected(UnityEngine.Transform,UnityEngine.Vector3&)
  at UnityEngine.Transform.get_position () [0x00000] in <5a923feee9f944f3a14f9848c3ed83b4>:0 
  at DG.Tweening.ShortcutExtensions+<>c__DisplayClass34_0.<DOMoveY>b__0 () [0x00000] in <82a2fd073ee449928e161903460426d7>:0 
  at (wrapper delegate-invoke) DG.Tweening.Core.DOGetter`1[UnityEngine.Vector3].invoke_T()
  at DG.Tweening.Plugins.Vector3Plugin.EvaluateAndApply (DG.Tweening.Plugins.Options.VectorOptions options, DG.Tweening.Tween t, System.Boolean isRelative, DG.Tweening.Core.DOGetter`1[T] getter, DG.Tweening.Core.DOSetter`1[T] setter, System.Single elapsed, UnityEngine.Vector3 startValue, UnityEngine.Vector3 changeValue, System.Single duration, System.Boolean usingInversePosition, System.Int32 newCompletedSteps, DG.Tweening.Core.Enums.UpdateNotice updateNotice) [0x0011e] in <82a2fd073ee449928e161903460426d7>:0 
  at DG.Tweening.Core.TweenerCore`3[T1,T2,TPlugOptions].ApplyTween (System.Single prevPosition, System.Int32 prevCompletedLoops, System.Int32 newCompletedSteps, System.Boolean useInversePosition, DG.Tweening.Core.Enums.UpdateMode updateMode, DG.Tweening.Core.Enums.UpdateNotice updateNotice) [0x00043] in <82a2fd073ee449928e161903460426d7>:0 

<color=#0099bc><b>DOTWEEN ► </b></color>Target or field is missing/null () ► 

  at (wrapper managed-to-native) UnityEngine.Transform.get_position_Injected(UnityEngine.Transform,UnityEngine.Vector3&)
  at UnityEngine.Transform.get_position () [0x00000] in <5a923feee9f944f3a14f9848c3ed83b4>:0 
  at DG.Tweening.ShortcutExtensions+<>c__DisplayClass34_0.<DOMoveY>b__0 () [0x00000] in <82a2fd073ee449928e161903460426d7>:0 
  at (wrapper delegate-invoke) DG.Tweening.Core.DOGetter`1[UnityEngine.Vector3].invoke_T()
  at DG.Tweening.Plugins.Vector3Plugin.EvaluateAndApply (DG.Tweening.Plugins.Options.VectorOptions options, DG.Tweening.Tween t, System.Boolean isRelative, DG.Tweening.Core.DOGetter`1[T] getter, DG.Tweening.Core.DOSetter`1[T] setter, System.Single elapsed, UnityEngine.Vector3 startValue, UnityEngine.Vector3 changeValue, System.Single duration, System.Boolean usingInversePosition, System.Int32 newCompletedSteps, DG.Tweening.Core.Enums.UpdateNotice updateNotice) [0x0011e] in <82a2fd073ee449928e161903460426d7>:0 
  at DG.Tweening.Core.TweenerCore`3[T1,T2,TPlugOptions].ApplyTween (System.Single prevPosition, System.Int32 prevCompletedLoops, System.Int32 newCompletedSteps, System.Boolean useInversePosition, DG.Tweening.Core.Enums.UpdateMode updateMode, DG.Tweening.Core.Enums.UpdateNotice updateNotice) [0x00043] in <82a2fd073ee449928e161903460426d7>:0 

<color=#0099bc><b>DOTWEEN ► </b></color>Target or field is missing/null () ► 

  at (wrapper managed-to-native) UnityEngine.Transform.get_position_Injected(UnityEngine.Transform,UnityEngine.Vector3&)
  at UnityEngine.Transform.get_position () [0x00000] in <5a923feee9f944f3a14f9848c3ed83b4>:0 
  at DG.Tweening.ShortcutExtensions+<>c__DisplayClass34_0.<DOMoveY>b__0 () [0x00000] in <82a2fd073ee449928e161903460426d7>:0 
  at (wrapper delegate-invoke) DG.Tweening.Core.DOGetter`1[UnityEngine.Vector3].invoke_T()
  at DG.Tweening.Plugins.Vector3Plugin.EvaluateAndApply (DG.Tweening.Plugins.Options.VectorOptions options, DG.Tweening.Tween t, System.Boolean isRelative, DG.Tweening.Core.DOGetter`1[T] getter, DG.Tweening.Core.DOSetter`1[T] setter, System.Single elapsed, UnityEngine.Vector3 startValue, UnityEngine.Vector3 changeValue, System.Single duration, System.Boolean usingInversePosition, System.Int32 newCompletedSteps, DG.Tweening.Core.Enums.UpdateNotice updateNotice) [0x0011e] in <82a2fd073ee449928e161903460426d7>:0 
  at DG.Tweening.Core.TweenerCore`3[T1,T2,TPlugOptions].ApplyTween (System.Single prevPosition, System.Int32 prevCompletedLoops, System.Int32 newCompletedSteps, System.Boolean useInversePosition, DG.Tweening.Core.Enums.UpdateMode updateMode, DG.Tweening.Core.Enums.UpdateNotice updateNotice) [0x00043] in <82a2fd073ee449928e161903460426d7>:0 

<color=#0099bc><b>DOTWEEN ► </b></color>Target or field is missing/null () ► 

  at (wrapper managed-to-native) UnityEngine.Transform.get_position_Injected(UnityEngine.Transform,UnityEngine.Vector3&)
  at UnityEngine.Transform.get_position () [0x00000] in <5a923feee9f944f3a14f9848c3ed83b4>:0 
  at DG.Tweening.ShortcutExtensions+<>c__DisplayClass34_0.<DOMoveY>b__0 () [0x00000] in <82a2fd073ee449928e161903460426d7>:0 
  at (wrapper delegate-invoke) DG.Tweening.Core.DOGetter`1[UnityEngine.Vector3].invoke_T()
  at DG.Tweening.Plugins.Vector3Plugin.EvaluateAndApply (DG.Tweening.Plugins.Options.VectorOptions options, DG.Tweening.Tween t, System.Boolean isRelative, DG.Tweening.Core.DOGetter`1[T] getter, DG.Tweening.Core.DOSetter`1[T] setter, System.Single elapsed, UnityEngine.Vector3 startValue, UnityEngine.Vector3 changeValue, System.Single duration, System.Boolean usingInversePosition, System.Int32 newCompletedSteps, DG.Tweening.Core.Enums.UpdateNotice updateNotice) [0x0011e] in <82a2fd073ee449928e161903460426d7>:0 
  at DG.Tweening.Core.TweenerCore`3[T1,T2,TPlugOptions].ApplyTween (System.Single prevPosition, System.Int32 prevCompletedLoops, System.Int32 newCompletedSteps, System.Boolean useInversePosition, DG.Tweening.Core.Enums.UpdateMode updateMode, DG.Tweening.Core.Enums.UpdateNotice updateNotice) [0x00043] in <82a2fd073ee449928e161903460426d7>:0 

<color=#0099bc><b>DOTWEEN ► </b></color>Target or field is missing/null () ► 

  at (wrapper managed-to-native) UnityEngine.Transform.get_position_Injected(UnityEngine.Transform,UnityEngine.Vector3&)
  at UnityEngine.Transform.get_position () [0x00000] in <5a923feee9f944f3a14f9848c3ed83b4>:0 
  at DG.Tweening.ShortcutExtensions+<>c__DisplayClass34_0.<DOMoveY>b__0 () [0x00000] in <82a2fd073ee449928e161903460426d7>:0 
  at (wrapper delegate-invoke) DG.Tweening.Core.DOGetter`1[UnityEngine.Vector3].invoke_T()
  at DG.Tweening.Plugins.Vector3Plugin.EvaluateAndApply (DG.Tweening.Plugins.Options.VectorOptions options, DG.Tweening.Tween t, System.Boolean isRelative, DG.Tweening.Core.DOGetter`1[T] getter, DG.Tweening.Core.DOSetter`1[T] setter, System.Single elapsed, UnityEngine.Vector3 startValue, UnityEngine.Vector3 changeValue, System.Single duration, System.Boolean usingInversePosition, System.Int32 newCompletedSteps, DG.Tweening.Core.Enums.UpdateNotice updateNotice) [0x0011e] in <82a2fd073ee449928e161903460426d7>:0 
  at DG.Tweening.Core.TweenerCore`3[T1,T2,TPlugOptions].ApplyTween (System.Single prevPosition, System.Int32 prevCompletedLoops, System.Int32 newCompletedSteps, System.Boolean useInversePosition, DG.Tweening.Core.Enums.UpdateMode updateMode, DG.Tweening.Core.Enums.UpdateNotice updateNotice) [0x00043] in <82a2fd073ee449928e161903460426d7>:0 

<color=#0099bc><b>DOTWEEN ► </b></color>Target or field is missing/null () ► 

  at (wrapper managed-to-native) UnityEngine.Transform.get_position_Injected(UnityEngine.Transform,UnityEngine.Vector3&)
  at UnityEngine.Transform.get_position () [0x00000] in <5a923feee9f944f3a14f9848c3ed83b4>:0 
  at DG.Tweening.ShortcutExtensions+<>c__DisplayClass34_0.<DOMoveY>b__0 () [0x00000] in <82a2fd073ee449928e161903460426d7>:0 
  at (wrapper delegate-invoke) DG.Tweening.Core.DOGetter`1[UnityEngine.Vector3].invoke_T()
  at DG.Tweening.Plugins.Vector3Plugin.EvaluateAndApply (DG.Tweening.Plugins.Options.VectorOptions options, DG.Tweening.Tween t, System.Boolean isRelative, DG.Tweening.Core.DOGetter`1[T] getter, DG.Tweening.Core.DOSetter`1[T] setter, System.Single elapsed, UnityEngine.Vector3 startValue, UnityEngine.Vector3 changeValue, System.Single duration, System.Boolean usingInversePosition, System.Int32 newCompletedSteps, DG.Tweening.Core.Enums.UpdateNotice updateNotice) [0x0011e] in <82a2fd073ee449928e161903460426d7>:0 
  at DG.Tweening.Core.TweenerCore`3[T1,T2,TPlugOptions].ApplyTween (System.Single prevPosition, System.Int32 prevCompletedLoops, System.Int32 newCompletedSteps, System.Boolean useInversePosition, DG.Tweening.Core.Enums.UpdateMode updateMode, DG.Tweening.Core.Enums.UpdateNotice updateNotice) [0x00043] in <82a2fd073ee449928e161903460426d7>:0 

<color=#0099bc><b>DOTWEEN ► </b></color>Target or field is missing/null () ► 

  at (wrapper managed-to-native) UnityEngine.Transform.get_position_Injected(UnityEngine.Transform,UnityEngine.Vector3&)
  at UnityEngine.Transform.get_position () [0x00000] in <5a923feee9f944f3a14f9848c3ed83b4>:0 
  at DG.Tweening.ShortcutExtensions+<>c__DisplayClass34_0.<DOMoveY>b__0 () [0x00000] in <82a2fd073ee449928e161903460426d7>:0 
  at (wrapper delegate-invoke) DG.Tweening.Core.DOGetter`1[UnityEngine.Vector3].invoke_T()
  at DG.Tweening.Plugins.Vector3Plugin.EvaluateAndApply (DG.Tweening.Plugins.Options.VectorOptions options, DG.Tweening.Tween t, System.Boolean isRelative, DG.Tweening.Core.DOGetter`1[T] getter, DG.Tweening.Core.DOSetter`1[T] setter, System.Single elapsed, UnityEngine.Vector3 startValue, UnityEngine.Vector3 changeValue, System.Single duration, System.Boolean usingInversePosition, System.Int32 newCompletedSteps, DG.Tweening.Core.Enums.UpdateNotice updateNotice) [0x0011e] in <82a2fd073ee449928e161903460426d7>:0 
  at DG.Tweening.Core.TweenerCore`3[T1,T2,TPlugOptions].ApplyTween (System.Single prevPosition, System.Int32 prevCompletedLoops, System.Int32 newCompletedSteps, System.Boolean useInversePosition, DG.Tweening.Core.Enums.UpdateMode updateMode, DG.Tweening.Core.Enums.UpdateNotice updateNotice) [0x00043] in <82a2fd073ee449928e161903460426d7>:0 

<color=#0099bc><b>DOTWEEN ► </b></color>Target or field is missing/null () ► 

  at (wrapper managed-to-native) UnityEngine.Transform.get_position_Injected(UnityEngine.Transform,UnityEngine.Vector3&)
  at UnityEngine.Transform.get_position () [0x00000] in <5a923feee9f944f3a14f9848c3ed83b4>:0 
  at DG.Tweening.ShortcutExtensions+<>c__DisplayClass34_0.<DOMoveY>b__0 () [0x00000] in <82a2fd073ee449928e161903460426d7>:0 
  at (wrapper delegate-invoke) DG.Tweening.Core.DOGetter`1[UnityEngine.Vector3].invoke_T()
  at DG.Tweening.Plugins.Vector3Plugin.EvaluateAndApply (DG.Tweening.Plugins.Options.VectorOptions options, DG.Tweening.Tween t, System.Boolean isRelative, DG.Tweening.Core.DOGetter`1[T] getter, DG.Tweening.Core.DOSetter`1[T] setter, System.Single elapsed, UnityEngine.Vector3 startValue, UnityEngine.Vector3 changeValue, System.Single duration, System.Boolean usingInversePosition, System.Int32 newCompletedSteps, DG.Tweening.Core.Enums.UpdateNotice updateNotice) [0x0011e] in <82a2fd073ee449928e161903460426d7>:0 
  at DG.Tweening.Core.TweenerCore`3[T1,T2,TPlugOptions].ApplyTween (System.Single prevPosition, System.Int32 prevCompletedLoops, System.Int32 newCompletedSteps, System.Boolean useInversePosition, DG.Tweening.Core.Enums.UpdateMode updateMode, DG.Tweening.Core.Enums.UpdateNotice updateNotice) [0x00043] in <82a2fd073ee449928e161903460426d7>:0 

<color=#0099bc><b>DOTWEEN ► </b></color>Target or field is missing/null () ► 

  at (wrapper managed-to-native) UnityEngine.Transform.get_position_Injected(UnityEngine.Transform,UnityEngine.Vector3&)
  at UnityEngine.Transform.get_position () [0x00000] in <5a923feee9f944f3a14f9848c3ed83b4>:0 
  at DG.Tweening.ShortcutExtensions+<>c__DisplayClass34_0.<DOMoveY>b__0 () [0x00000] in <82a2fd073ee449928e161903460426d7>:0 
  at (wrapper delegate-invoke) DG.Tweening.Core.DOGetter`1[UnityEngine.Vector3].invoke_T()
  at DG.Tweening.Plugins.Vector3Plugin.EvaluateAndApply (DG.Tweening.Plugins.Options.VectorOptions options, DG.Tweening.Tween t, System.Boolean isRelative, DG.Tweening.Core.DOGetter`1[T] getter, DG.Tweening.Core.DOSetter`1[T] setter, System.Single elapsed, UnityEngine.Vector3 startValue, UnityEngine.Vector3 changeValue, System.Single duration, System.Boolean usingInversePosition, System.Int32 newCompletedSteps, DG.Tweening.Core.Enums.UpdateNotice updateNotice) [0x0011e] in <82a2fd073ee449928e161903460426d7>:0 
  at DG.Tweening.Core.TweenerCore`3[T1,T2,TPlugOptions].ApplyTween (System.Single prevPosition, System.Int32 prevCompletedLoops, System.Int32 newCompletedSteps, System.Boolean useInversePosition, DG.Tweening.Core.Enums.UpdateMode updateMode, DG.Tweening.Core.Enums.UpdateNotice updateNotice) [0x00043] in <82a2fd073ee449928e161903460426d7>:0 

Unloading 327 unused Assets to reduce memory usage. Loaded Objects now: 108820.
Total: 50.399600 ms (FindLiveObjects: 5.283800 ms CreateObjectMapping: 4.596200 ms MarkObjects: 39.593500 ms  DeleteObjects: 0.925800 ms)

T: 2132.657 - MasterAudio: All 2 children of CloseButton were busy. Will not play this sound for this instance. If you need more voices, increase the 'Voices / Weight' field on the Variation(s) in your Sound Group.
T: 2132.657 - MasterAudio: All 2 children of CloseButton were busy. Will not play this sound for this instance. If you need more voices, increase the 'Voices / Weight' field on the Variation(s) in your Sound Group.
T: 2132.657 - MasterAudio: All 2 children of CloseButton were busy. Will not play this sound for this instance. If you need more voices, increase the 'Voices / Weight' field on the Variation(s) in your Sound Group.
T: 2132.657 - MasterAudio: All 2 children of CloseButton were busy. Will not play this sound for this instance. If you need more voices, increase the 'Voices / Weight' field on the Variation(s) in your Sound Group.
Unloading 3 Unused Serialized files (Serialized files now loaded: 5)
[PhysX] Initialized MultithreadedTaskDispatcher with 12 workers.
UnloadTime: 6.502000 ms
Unloading 2940 unused Assets to reduce memory usage. Loaded Objects now: 103536.
Total: 53.594500 ms (FindLiveObjects: 4.888400 ms CreateObjectMapping: 4.698400 ms MarkObjects: 41.669400 ms  DeleteObjects: 2.338100 ms)

Unloading 7 Unused Serialized files (Serialized files now loaded: 5)
[PhysX] Initialized MultithreadedTaskDispatcher with 12 workers.
UnloadTime: 0.865000 ms
Unloading 15066 unused Assets to reduce memory usage. Loaded Objects now: 116631.
Total: 35.438100 ms (FindLiveObjects: 6.443600 ms CreateObjectMapping: 4.927700 ms MarkObjects: 19.654900 ms  DeleteObjects: 4.411800 ms)

T: 2248.134 - MasterAudio: All 5 children of CoinDrop were busy. Will not play this sound for this instance. If you need more voices, increase the 'Voices / Weight' field on the Variation(s) in your Sound Group.
T: 2248.138 - MasterAudio: All 5 children of CoinDrop were busy. Will not play this sound for this instance. If you need more voices, increase the 'Voices / Weight' field on the Variation(s) in your Sound Group.
T: 2248.16 - MasterAudio: All 5 children of CoinDrop were busy. Will not play this sound for this instance. If you need more voices, increase the 'Voices / Weight' field on the Variation(s) in your Sound Group.
T: 2248.18 - MasterAudio: All 5 children of CoinDrop were busy. Will not play this sound for this instance. If you need more voices, increase the 'Voices / Weight' field on the Variation(s) in your Sound Group.
T: 2248.294 - MasterAudio: All 5 children of CoinDrop were busy. Will not play this sound for this instance. If you need more voices, increase the 'Voices / Weight' field on the Variation(s) in your Sound Group.
T: 2248.48 - MasterAudio: All 5 children of CoinDrop were busy. Will not play this sound for this instance. If you need more voices, increase the 'Voices / Weight' field on the Variation(s) in your Sound Group.
T: 2248.486 - MasterAudio: All 5 children of CoinDrop were busy. Will not play this sound for this instance. If you need more voices, increase the 'Voices / Weight' field on the Variation(s) in your Sound Group.
Look rotation viewing vector is zero
T: 2337.872 - MasterAudio: All 5 children of CoinDrop were busy. Will not play this sound for this instance. If you need more voices, increase the 'Voices / Weight' field on the Variation(s) in your Sound Group.
T: 2338.087 - MasterAudio: All 5 children of CoinDrop were busy. Will not play this sound for this instance. If you need more voices, increase the 'Voices / Weight' field on the Variation(s) in your Sound Group.
T: 2338.087 - MasterAudio: All 5 children of CoinDrop were busy. Will not play this sound for this instance. If you need more voices, increase the 'Voices / Weight' field on the Variation(s) in your Sound Group.
T: 2338.132 - MasterAudio: All 5 children of CoinDrop were busy. Will not play this sound for this instance. If you need more voices, increase the 'Voices / Weight' field on the Variation(s) in your Sound Group.
T: 2338.138 - MasterAudio: All 5 children of CoinDrop were busy. Will not play this sound for this instance. If you need more voices, increase the 'Voices / Weight' field on the Variation(s) in your Sound Group.
T: 2338.169 - MasterAudio: All 5 children of CoinDrop were busy. Will not play this sound for this instance. If you need more voices, increase the 'Voices / Weight' field on the Variation(s) in your Sound Group.
T: 2416.7 - MasterAudio: All 1 children of Critical were busy. Will not play this sound for this instance. If you need more voices, increase the 'Voices / Weight' field on the Variation(s) in your Sound Group.
T: 2429.284 - MasterAudio: All 5 children of CoinDrop were busy. Will not play this sound for this instance. If you need more voices, increase the 'Voices / Weight' field on the Variation(s) in your Sound Group.
T: 2429.294 - MasterAudio: All 5 children of CoinDrop were busy. Will not play this sound for this instance. If you need more voices, increase the 'Voices / Weight' field on the Variation(s) in your Sound Group.
T: 2429.305 - MasterAudio: All 5 children of CoinDrop were busy. Will not play this sound for this instance. If you need more voices, increase the 'Voices / Weight' field on the Variation(s) in your Sound Group.
T: 2429.335 - MasterAudio: All 5 children of CoinDrop were busy. Will not play this sound for this instance. If you need more voices, increase the 'Voices / Weight' field on the Variation(s) in your Sound Group.
T: 2429.349 - MasterAudio: All 5 children of CoinDrop were busy. Will not play this sound for this instance. If you need more voices, increase the 'Voices / Weight' field on the Variation(s) in your Sound Group.
T: 2429.386 - MasterAudio: All 5 children of CoinDrop were busy. Will not play this sound for this instance. If you need more voices, increase the 'Voices / Weight' field on the Variation(s) in your Sound Group.
T: 2429.473 - MasterAudio: All 5 children of CoinDrop were busy. Will not play this sound for this instance. If you need more voices, increase the 'Voices / Weight' field on the Variation(s) in your Sound Group.
T: 2509.182 - MasterAudio: All 5 children of CoinDrop were busy. Will not play this sound for this instance. If you need more voices, increase the 'Voices / Weight' field on the Variation(s) in your Sound Group.
T: 2509.19 - MasterAudio: All 5 children of CoinDrop were busy. Will not play this sound for this instance. If you need more voices, increase the 'Voices / Weight' field on the Variation(s) in your Sound Group.
T: 2509.197 - MasterAudio: All 5 children of CoinDrop were busy. Will not play this sound for this instance. If you need more voices, increase the 'Voices / Weight' field on the Variation(s) in your Sound Group.
T: 2509.523 - MasterAudio: All 5 children of CoinDrop were busy. Will not play this sound for this instance. If you need more voices, increase the 'Voices / Weight' field on the Variation(s) in your Sound Group.
T: 2509.527 - MasterAudio: All 5 children of CoinDrop were busy. Will not play this sound for this instance. If you need more voices, increase the 'Voices / Weight' field on the Variation(s) in your Sound Group.
T: 2509.567 - MasterAudio: All 5 children of CoinDrop were busy. Will not play this sound for this instance. If you need more voices, increase the 'Voices / Weight' field on the Variation(s) in your Sound Group.
T: 2545.74 - MasterAudio: All 4 children of Death were busy. Will not play this sound for this instance. If you need more voices, increase the 'Voices / Weight' field on the Variation(s) in your Sound Group.
T: 2548.16 - MasterAudio: All 1 children of Critical were busy. Will not play this sound for this instance. If you need more voices, increase the 'Voices / Weight' field on the Variation(s) in your Sound Group.
T: 2562.417 - MasterAudio: All 5 children of CoinDrop were busy. Will not play this sound for this instance. If you need more voices, increase the 'Voices / Weight' field on the Variation(s) in your Sound Group.
T: 2562.45 - MasterAudio: All 5 children of CoinDrop were busy. Will not play this sound for this instance. If you need more voices, increase the 'Voices / Weight' field on the Variation(s) in your Sound Group.
T: 2562.466 - MasterAudio: All 5 children of CoinDrop were busy. Will not play this sound for this instance. If you need more voices, increase the 'Voices / Weight' field on the Variation(s) in your Sound Group.
T: 2562.48 - MasterAudio: All 5 children of CoinDrop were busy. Will not play this sound for this instance. If you need more voices, increase the 'Voices / Weight' field on the Variation(s) in your Sound Group.
T: 2562.7 - MasterAudio: All 5 children of CoinDrop were busy. Will not play this sound for this instance. If you need more voices, increase the 'Voices / Weight' field on the Variation(s) in your Sound Group.
T: 2649.46 - MasterAudio: All 1 children of Critical were busy. Will not play this sound for this instance. If you need more voices, increase the 'Voices / Weight' field on the Variation(s) in your Sound Group.
T: 2668.761 - MasterAudio: All 5 children of CoinDrop were busy. Will not play this sound for this instance. If you need more voices, increase the 'Voices / Weight' field on the Variation(s) in your Sound Group.
T: 2668.824 - MasterAudio: All 5 children of CoinDrop were busy. Will not play this sound for this instance. If you need more voices, increase the 'Voices / Weight' field on the Variation(s) in your Sound Group.
T: 2668.842 - MasterAudio: All 5 children of CoinDrop were busy. Will not play this sound for this instance. If you need more voices, increase the 'Voices / Weight' field on the Variation(s) in your Sound Group.
T: 2669.098 - MasterAudio: All 5 children of CoinDrop were busy. Will not play this sound for this instance. If you need more voices, increase the 'Voices / Weight' field on the Variation(s) in your Sound Group.
T: 2691.146 - MasterAudio: All 5 children of CoinDrop were busy. Will not play this sound for this instance. If you need more voices, increase the 'Voices / Weight' field on the Variation(s) in your Sound Group.
T: 2691.167 - MasterAudio: All 5 children of CoinDrop were busy. Will not play this sound for this instance. If you need more voices, increase the 'Voices / Weight' field on the Variation(s) in your Sound Group.
T: 2691.167 - MasterAudio: All 5 children of CoinDrop were busy. Will not play this sound for this instance. If you need more voices, increase the 'Voices / Weight' field on the Variation(s) in your Sound Group.
T: 2691.215 - MasterAudio: All 5 children of CoinDrop were busy. Will not play this sound for this instance. If you need more voices, increase the 'Voices / Weight' field on the Variation(s) in your Sound Group.
T: 2691.216 - MasterAudio: All 5 children of CoinDrop were busy. Will not play this sound for this instance. If you need more voices, increase the 'Voices / Weight' field on the Variation(s) in your Sound Group.
T: 2691.22 - MasterAudio: All 5 children of CoinDrop were busy. Will not play this sound for this instance. If you need more voices, increase the 'Voices / Weight' field on the Variation(s) in your Sound Group.
T: 2691.222 - MasterAudio: All 5 children of CoinDrop were busy. Will not play this sound for this instance. If you need more voices, increase the 'Voices / Weight' field on the Variation(s) in your Sound Group.
T: 2716.749 - MasterAudio: All 5 children of CoinDrop were busy. Will not play this sound for this instance. If you need more voices, increase the 'Voices / Weight' field on the Variation(s) in your Sound Group.
T: 2716.749 - MasterAudio: All 5 children of CoinDrop were busy. Will not play this sound for this instance. If you need more voices, increase the 'Voices / Weight' field on the Variation(s) in your Sound Group.
T: 2716.821 - MasterAudio: All 5 children of CoinDrop were busy. Will not play this sound for this instance. If you need more voices, increase the 'Voices / Weight' field on the Variation(s) in your Sound Group.
T: 2716.916 - MasterAudio: All 5 children of CoinDrop were busy. Will not play this sound for this instance. If you need more voices, increase the 'Voices / Weight' field on the Variation(s) in your Sound Group.
T: 2717.02 - MasterAudio: All 5 children of CoinDrop were busy. Will not play this sound for this instance. If you need more voices, increase the 'Voices / Weight' field on the Variation(s) in your Sound Group.
T: 2717.02 - MasterAudio: All 5 children of CoinDrop were busy. Will not play this sound for this instance. If you need more voices, increase the 'Voices / Weight' field on the Variation(s) in your Sound Group.
MasterAudio could not find sound: BugWing. If your Scene just changed, this could happen when an OnDisable or OnInvisible event sound happened to a per-scene sound, which is expected.
MasterAudio could not find sound: BugWing. If your Scene just changed, this could happen when an OnDisable or OnInvisible event sound happened to a per-scene sound, which is expected.
Unloading 6 Unused Serialized files (Serialized files now loaded: 5)
[PhysX] Initialized MultithreadedTaskDispatcher with 12 workers.
UnloadTime: 18.162800 ms
<color=#0099bc><b>DOTWEEN ► </b></color>Target or field is missing/null () ► 

  at (wrapper managed-to-native) UnityEngine.Transform.get_position_Injected(UnityEngine.Transform,UnityEngine.Vector3&)
  at UnityEngine.Transform.get_position () [0x00000] in <5a923feee9f944f3a14f9848c3ed83b4>:0 
  at DG.Tweening.ShortcutExtensions+<>c__DisplayClass34_0.<DOMoveY>b__0 () [0x00000] in <82a2fd073ee449928e161903460426d7>:0 
  at (wrapper delegate-invoke) DG.Tweening.Core.DOGetter`1[UnityEngine.Vector3].invoke_T()
  at DG.Tweening.Plugins.Vector3Plugin.EvaluateAndApply (DG.Tweening.Plugins.Options.VectorOptions options, DG.Tweening.Tween t, System.Boolean isRelative, DG.Tweening.Core.DOGetter`1[T] getter, DG.Tweening.Core.DOSetter`1[T] setter, System.Single elapsed, UnityEngine.Vector3 startValue, UnityEngine.Vector3 changeValue, System.Single duration, System.Boolean usingInversePosition, System.Int32 newCompletedSteps, DG.Tweening.Core.Enums.UpdateNotice updateNotice) [0x0011e] in <82a2fd073ee449928e161903460426d7>:0 
  at DG.Tweening.Core.TweenerCore`3[T1,T2,TPlugOptions].ApplyTween (System.Single prevPosition, System.Int32 prevCompletedLoops, System.Int32 newCompletedSteps, System.Boolean useInversePosition, DG.Tweening.Core.Enums.UpdateMode updateMode, DG.Tweening.Core.Enums.UpdateNotice updateNotice) [0x00043] in <82a2fd073ee449928e161903460426d7>:0 

<color=#0099bc><b>DOTWEEN ► </b></color>Target or field is missing/null () ► 

  at (wrapper managed-to-native) UnityEngine.Transform.get_position_Injected(UnityEngine.Transform,UnityEngine.Vector3&)
  at UnityEngine.Transform.get_position () [0x00000] in <5a923feee9f944f3a14f9848c3ed83b4>:0 
  at DG.Tweening.ShortcutExtensions+<>c__DisplayClass34_0.<DOMoveY>b__0 () [0x00000] in <82a2fd073ee449928e161903460426d7>:0 
  at (wrapper delegate-invoke) DG.Tweening.Core.DOGetter`1[UnityEngine.Vector3].invoke_T()
  at DG.Tweening.Plugins.Vector3Plugin.EvaluateAndApply (DG.Tweening.Plugins.Options.VectorOptions options, DG.Tweening.Tween t, System.Boolean isRelative, DG.Tweening.Core.DOGetter`1[T] getter, DG.Tweening.Core.DOSetter`1[T] setter, System.Single elapsed, UnityEngine.Vector3 startValue, UnityEngine.Vector3 changeValue, System.Single duration, System.Boolean usingInversePosition, System.Int32 newCompletedSteps, DG.Tweening.Core.Enums.UpdateNotice updateNotice) [0x0011e] in <82a2fd073ee449928e161903460426d7>:0 
  at DG.Tweening.Core.TweenerCore`3[T1,T2,TPlugOptions].ApplyTween (System.Single prevPosition, System.Int32 prevCompletedLoops, System.Int32 newCompletedSteps, System.Boolean useInversePosition, DG.Tweening.Core.Enums.UpdateMode updateMode, DG.Tweening.Core.Enums.UpdateNotice updateNotice) [0x00043] in <82a2fd073ee449928e161903460426d7>:0 

<color=#0099bc><b>DOTWEEN ► </b></color>Target or field is missing/null () ► 

  at (wrapper managed-to-native) UnityEngine.Transform.get_position_Injected(UnityEngine.Transform,UnityEngine.Vector3&)
  at UnityEngine.Transform.get_position () [0x00000] in <5a923feee9f944f3a14f9848c3ed83b4>:0 
  at DG.Tweening.ShortcutExtensions+<>c__DisplayClass34_0.<DOMoveY>b__0 () [0x00000] in <82a2fd073ee449928e161903460426d7>:0 
  at (wrapper delegate-invoke) DG.Tweening.Core.DOGetter`1[UnityEngine.Vector3].invoke_T()
  at DG.Tweening.Plugins.Vector3Plugin.EvaluateAndApply (DG.Tweening.Plugins.Options.VectorOptions options, DG.Tweening.Tween t, System.Boolean isRelative, DG.Tweening.Core.DOGetter`1[T] getter, DG.Tweening.Core.DOSetter`1[T] setter, System.Single elapsed, UnityEngine.Vector3 startValue, UnityEngine.Vector3 changeValue, System.Single duration, System.Boolean usingInversePosition, System.Int32 newCompletedSteps, DG.Tweening.Core.Enums.UpdateNotice updateNotice) [0x0011e] in <82a2fd073ee449928e161903460426d7>:0 
  at DG.Tweening.Core.TweenerCore`3[T1,T2,TPlugOptions].ApplyTween (System.Single prevPosition, System.Int32 prevCompletedLoops, System.Int32 newCompletedSteps, System.Boolean useInversePosition, DG.Tweening.Core.Enums.UpdateMode updateMode, DG.Tweening.Core.Enums.UpdateNotice updateNotice) [0x00043] in <82a2fd073ee449928e161903460426d7>:0 

<color=#0099bc><b>DOTWEEN ► </b></color>Target or field is missing/null () ► 

  at (wrapper managed-to-native) UnityEngine.Transform.get_position_Injected(UnityEngine.Transform,UnityEngine.Vector3&)
  at UnityEngine.Transform.get_position () [0x00000] in <5a923feee9f944f3a14f9848c3ed83b4>:0 
  at DG.Tweening.ShortcutExtensions+<>c__DisplayClass34_0.<DOMoveY>b__0 () [0x00000] in <82a2fd073ee449928e161903460426d7>:0 
  at (wrapper delegate-invoke) DG.Tweening.Core.DOGetter`1[UnityEngine.Vector3].invoke_T()
  at DG.Tweening.Plugins.Vector3Plugin.EvaluateAndApply (DG.Tweening.Plugins.Options.VectorOptions options, DG.Tweening.Tween t, System.Boolean isRelative, DG.Tweening.Core.DOGetter`1[T] getter, DG.Tweening.Core.DOSetter`1[T] setter, System.Single elapsed, UnityEngine.Vector3 startValue, UnityEngine.Vector3 changeValue, System.Single duration, System.Boolean usingInversePosition, System.Int32 newCompletedSteps, DG.Tweening.Core.Enums.UpdateNotice updateNotice) [0x0011e] in <82a2fd073ee449928e161903460426d7>:0 
  at DG.Tweening.Core.TweenerCore`3[T1,T2,TPlugOptions].ApplyTween (System.Single prevPosition, System.Int32 prevCompletedLoops, System.Int32 newCompletedSteps, System.Boolean useInversePosition, DG.Tweening.Core.Enums.UpdateMode updateMode, DG.Tweening.Core.Enums.UpdateNotice updateNotice) [0x00043] in <82a2fd073ee449928e161903460426d7>:0 

<color=#0099bc><b>DOTWEEN ► </b></color>Target or field is missing/null () ► 

  at (wrapper managed-to-native) UnityEngine.Transform.get_position_Injected(UnityEngine.Transform,UnityEngine.Vector3&)
  at UnityEngine.Transform.get_position () [0x00000] in <5a923feee9f944f3a14f9848c3ed83b4>:0 
  at DG.Tweening.ShortcutExtensions+<>c__DisplayClass34_0.<DOMoveY>b__0 () [0x00000] in <82a2fd073ee449928e161903460426d7>:0 
  at (wrapper delegate-invoke) DG.Tweening.Core.DOGetter`1[UnityEngine.Vector3].invoke_T()
  at DG.Tweening.Plugins.Vector3Plugin.EvaluateAndApply (DG.Tweening.Plugins.Options.VectorOptions options, DG.Tweening.Tween t, System.Boolean isRelative, DG.Tweening.Core.DOGetter`1[T] getter, DG.Tweening.Core.DOSetter`1[T] setter, System.Single elapsed, UnityEngine.Vector3 startValue, UnityEngine.Vector3 changeValue, System.Single duration, System.Boolean usingInversePosition, System.Int32 newCompletedSteps, DG.Tweening.Core.Enums.UpdateNotice updateNotice) [0x0011e] in <82a2fd073ee449928e161903460426d7>:0 
  at DG.Tweening.Core.TweenerCore`3[T1,T2,TPlugOptions].ApplyTween (System.Single prevPosition, System.Int32 prevCompletedLoops, System.Int32 newCompletedSteps, System.Boolean useInversePosition, DG.Tweening.Core.Enums.UpdateMode updateMode, DG.Tweening.Core.Enums.UpdateNotice updateNotice) [0x00043] in <82a2fd073ee449928e161903460426d7>:0 

<color=#0099bc><b>DOTWEEN ► </b></color>Target or field is missing/null () ► 

  at (wrapper managed-to-native) UnityEngine.Transform.get_position_Injected(UnityEngine.Transform,UnityEngine.Vector3&)
  at UnityEngine.Transform.get_position () [0x00000] in <5a923feee9f944f3a14f9848c3ed83b4>:0 
  at DG.Tweening.ShortcutExtensions+<>c__DisplayClass34_0.<DOMoveY>b__0 () [0x00000] in <82a2fd073ee449928e161903460426d7>:0 
  at (wrapper delegate-invoke) DG.Tweening.Core.DOGetter`1[UnityEngine.Vector3].invoke_T()
  at DG.Tweening.Plugins.Vector3Plugin.EvaluateAndApply (DG.Tweening.Plugins.Options.VectorOptions options, DG.Tweening.Tween t, System.Boolean isRelative, DG.Tweening.Core.DOGetter`1[T] getter, DG.Tweening.Core.DOSetter`1[T] setter, System.Single elapsed, UnityEngine.Vector3 startValue, UnityEngine.Vector3 changeValue, System.Single duration, System.Boolean usingInversePosition, System.Int32 newCompletedSteps, DG.Tweening.Core.Enums.UpdateNotice updateNotice) [0x0011e] in <82a2fd073ee449928e161903460426d7>:0 
  at DG.Tweening.Core.TweenerCore`3[T1,T2,TPlugOptions].ApplyTween (System.Single prevPosition, System.Int32 prevCompletedLoops, System.Int32 newCompletedSteps, System.Boolean useInversePosition, DG.Tweening.Core.Enums.UpdateMode updateMode, DG.Tweening.Core.Enums.UpdateNotice updateNotice) [0x00043] in <82a2fd073ee449928e161903460426d7>:0 

<color=#0099bc><b>DOTWEEN ► </b></color>Target or field is missing/null () ► 

  at (wrapper managed-to-native) UnityEngine.Transform.get_position_Injected(UnityEngine.Transform,UnityEngine.Vector3&)
  at UnityEngine.Transform.get_position () [0x00000] in <5a923feee9f944f3a14f9848c3ed83b4>:0 
  at DG.Tweening.ShortcutExtensions+<>c__DisplayClass34_0.<DOMoveY>b__0 () [0x00000] in <82a2fd073ee449928e161903460426d7>:0 
  at (wrapper delegate-invoke) DG.Tweening.Core.DOGetter`1[UnityEngine.Vector3].invoke_T()
  at DG.Tweening.Plugins.Vector3Plugin.EvaluateAndApply (DG.Tweening.Plugins.Options.VectorOptions options, DG.Tweening.Tween t, System.Boolean isRelative, DG.Tweening.Core.DOGetter`1[T] getter, DG.Tweening.Core.DOSetter`1[T] setter, System.Single elapsed, UnityEngine.Vector3 startValue, UnityEngine.Vector3 changeValue, System.Single duration, System.Boolean usingInversePosition, System.Int32 newCompletedSteps, DG.Tweening.Core.Enums.UpdateNotice updateNotice) [0x0011e] in <82a2fd073ee449928e161903460426d7>:0 
  at DG.Tweening.Core.TweenerCore`3[T1,T2,TPlugOptions].ApplyTween (System.Single prevPosition, System.Int32 prevCompletedLoops, System.Int32 newCompletedSteps, System.Boolean useInversePosition, DG.Tweening.Core.Enums.UpdateMode updateMode, DG.Tweening.Core.Enums.UpdateNotice updateNotice) [0x00043] in <82a2fd073ee449928e161903460426d7>:0 

<color=#0099bc><b>DOTWEEN ► </b></color>Target or field is missing/null () ► 

  at (wrapper managed-to-native) UnityEngine.Transform.get_position_Injected(UnityEngine.Transform,UnityEngine.Vector3&)
  at UnityEngine.Transform.get_position () [0x00000] in <5a923feee9f944f3a14f9848c3ed83b4>:0 
  at DG.Tweening.ShortcutExtensions+<>c__DisplayClass34_0.<DOMoveY>b__0 () [0x00000] in <82a2fd073ee449928e161903460426d7>:0 
  at (wrapper delegate-invoke) DG.Tweening.Core.DOGetter`1[UnityEngine.Vector3].invoke_T()
  at DG.Tweening.Plugins.Vector3Plugin.EvaluateAndApply (DG.Tweening.Plugins.Options.VectorOptions options, DG.Tweening.Tween t, System.Boolean isRelative, DG.Tweening.Core.DOGetter`1[T] getter, DG.Tweening.Core.DOSetter`1[T] setter, System.Single elapsed, UnityEngine.Vector3 startValue, UnityEngine.Vector3 changeValue, System.Single duration, System.Boolean usingInversePosition, System.Int32 newCompletedSteps, DG.Tweening.Core.Enums.UpdateNotice updateNotice) [0x0011e] in <82a2fd073ee449928e161903460426d7>:0 
  at DG.Tweening.Core.TweenerCore`3[T1,T2,TPlugOptions].ApplyTween (System.Single prevPosition, System.Int32 prevCompletedLoops, System.Int32 newCompletedSteps, System.Boolean useInversePosition, DG.Tweening.Core.Enums.UpdateMode updateMode, DG.Tweening.Core.Enums.UpdateNotice updateNotice) [0x00043] in <82a2fd073ee449928e161903460426d7>:0 

<color=#0099bc><b>DOTWEEN ► </b></color>Target or field is missing/null () ► 

  at (wrapper managed-to-native) UnityEngine.Transform.get_position_Injected(UnityEngine.Transform,UnityEngine.Vector3&)
  at UnityEngine.Transform.get_position () [0x00000] in <5a923feee9f944f3a14f9848c3ed83b4>:0 
  at DG.Tweening.ShortcutExtensions+<>c__DisplayClass34_0.<DOMoveY>b__0 () [0x00000] in <82a2fd073ee449928e161903460426d7>:0 
  at (wrapper delegate-invoke) DG.Tweening.Core.DOGetter`1[UnityEngine.Vector3].invoke_T()
  at DG.Tweening.Plugins.Vector3Plugin.EvaluateAndApply (DG.Tweening.Plugins.Options.VectorOptions options, DG.Tweening.Tween t, System.Boolean isRelative, DG.Tweening.Core.DOGetter`1[T] getter, DG.Tweening.Core.DOSetter`1[T] setter, System.Single elapsed, UnityEngine.Vector3 startValue, UnityEngine.Vector3 changeValue, System.Single duration, System.Boolean usingInversePosition, System.Int32 newCompletedSteps, DG.Tweening.Core.Enums.UpdateNotice updateNotice) [0x0011e] in <82a2fd073ee449928e161903460426d7>:0 
  at DG.Tweening.Core.TweenerCore`3[T1,T2,TPlugOptions].ApplyTween (System.Single prevPosition, System.Int32 prevCompletedLoops, System.Int32 newCompletedSteps, System.Boolean useInversePosition, DG.Tweening.Core.Enums.UpdateMode updateMode, DG.Tweening.Core.Enums.UpdateNotice updateNotice) [0x00043] in <82a2fd073ee449928e161903460426d7>:0 

<color=#0099bc><b>DOTWEEN ► </b></color>Target or field is missing/null () ► 

  at (wrapper managed-to-native) UnityEngine.Transform.get_position_Injected(UnityEngine.Transform,UnityEngine.Vector3&)
  at UnityEngine.Transform.get_position () [0x00000] in <5a923feee9f944f3a14f9848c3ed83b4>:0 
  at DG.Tweening.ShortcutExtensions+<>c__DisplayClass34_0.<DOMoveY>b__0 () [0x00000] in <82a2fd073ee449928e161903460426d7>:0 
  at (wrapper delegate-invoke) DG.Tweening.Core.DOGetter`1[UnityEngine.Vector3].invoke_T()
  at DG.Tweening.Plugins.Vector3Plugin.EvaluateAndApply (DG.Tweening.Plugins.Options.VectorOptions options, DG.Tweening.Tween t, System.Boolean isRelative, DG.Tweening.Core.DOGetter`1[T] getter, DG.Tweening.Core.DOSetter`1[T] setter, System.Single elapsed, UnityEngine.Vector3 startValue, UnityEngine.Vector3 changeValue, System.Single duration, System.Boolean usingInversePosition, System.Int32 newCompletedSteps, DG.Tweening.Core.Enums.UpdateNotice updateNotice) [0x0011e] in <82a2fd073ee449928e161903460426d7>:0 
  at DG.Tweening.Core.TweenerCore`3[T1,T2,TPlugOptions].ApplyTween (System.Single prevPosition, System.Int32 prevCompletedLoops, System.Int32 newCompletedSteps, System.Boolean useInversePosition, DG.Tweening.Core.Enums.UpdateMode updateMode, DG.Tweening.Core.Enums.UpdateNotice updateNotice) [0x00043] in <82a2fd073ee449928e161903460426d7>:0 

<color=#0099bc><b>DOTWEEN ► </b></color>Target or field is missing/null () ► 

  at (wrapper managed-to-native) UnityEngine.Transform.get_position_Injected(UnityEngine.Transform,UnityEngine.Vector3&)
  at UnityEngine.Transform.get_position () [0x00000] in <5a923feee9f944f3a14f9848c3ed83b4>:0 
  at DG.Tweening.ShortcutExtensions+<>c__DisplayClass34_0.<DOMoveY>b__0 () [0x00000] in <82a2fd073ee449928e161903460426d7>:0 
  at (wrapper delegate-invoke) DG.Tweening.Core.DOGetter`1[UnityEngine.Vector3].invoke_T()
  at DG.Tweening.Plugins.Vector3Plugin.EvaluateAndApply (DG.Tweening.Plugins.Options.VectorOptions options, DG.Tweening.Tween t, System.Boolean isRelative, DG.Tweening.Core.DOGetter`1[T] getter, DG.Tweening.Core.DOSetter`1[T] setter, System.Single elapsed, UnityEngine.Vector3 startValue, UnityEngine.Vector3 changeValue, System.Single duration, System.Boolean usingInversePosition, System.Int32 newCompletedSteps, DG.Tweening.Core.Enums.UpdateNotice updateNotice) [0x0011e] in <82a2fd073ee449928e161903460426d7>:0 
  at DG.Tweening.Core.TweenerCore`3[T1,T2,TPlugOptions].ApplyTween (System.Single prevPosition, System.Int32 prevCompletedLoops, System.Int32 newCompletedSteps, System.Boolean useInversePosition, DG.Tweening.Core.Enums.UpdateMode updateMode, DG.Tweening.Core.Enums.UpdateNotice updateNotice) [0x00043] in <82a2fd073ee449928e161903460426d7>:0 

<color=#0099bc><b>DOTWEEN ► </b></color>Target or field is missing/null () ► 

  at (wrapper managed-to-native) UnityEngine.Transform.get_position_Injected(UnityEngine.Transform,UnityEngine.Vector3&)
  at UnityEngine.Transform.get_position () [0x00000] in <5a923feee9f944f3a14f9848c3ed83b4>:0 
  at DG.Tweening.ShortcutExtensions+<>c__DisplayClass34_0.<DOMoveY>b__0 () [0x00000] in <82a2fd073ee449928e161903460426d7>:0 
  at (wrapper delegate-invoke) DG.Tweening.Core.DOGetter`1[UnityEngine.Vector3].invoke_T()
  at DG.Tweening.Plugins.Vector3Plugin.EvaluateAndApply (DG.Tweening.Plugins.Options.VectorOptions options, DG.Tweening.Tween t, System.Boolean isRelative, DG.Tweening.Core.DOGetter`1[T] getter, DG.Tweening.Core.DOSetter`1[T] setter, System.Single elapsed, UnityEngine.Vector3 startValue, UnityEngine.Vector3 changeValue, System.Single duration, System.Boolean usingInversePosition, System.Int32 newCompletedSteps, DG.Tweening.Core.Enums.UpdateNotice updateNotice) [0x0011e] in <82a2fd073ee449928e161903460426d7>:0 
  at DG.Tweening.Core.TweenerCore`3[T1,T2,TPlugOptions].ApplyTween (System.Single prevPosition, System.Int32 prevCompletedLoops, System.Int32 newCompletedSteps, System.Boolean useInversePosition, DG.Tweening.Core.Enums.UpdateMode updateMode, DG.Tweening.Core.Enums.UpdateNotice updateNotice) [0x00043] in <82a2fd073ee449928e161903460426d7>:0 

<color=#0099bc><b>DOTWEEN ► </b></color>Target or field is missing/null () ► 

  at (wrapper managed-to-native) UnityEngine.Transform.get_position_Injected(UnityEngine.Transform,UnityEngine.Vector3&)
  at UnityEngine.Transform.get_position () [0x00000] in <5a923feee9f944f3a14f9848c3ed83b4>:0 
  at DG.Tweening.ShortcutExtensions+<>c__DisplayClass34_0.<DOMoveY>b__0 () [0x00000] in <82a2fd073ee449928e161903460426d7>:0 
  at (wrapper delegate-invoke) DG.Tweening.Core.DOGetter`1[UnityEngine.Vector3].invoke_T()
  at DG.Tweening.Plugins.Vector3Plugin.EvaluateAndApply (DG.Tweening.Plugins.Options.VectorOptions options, DG.Tweening.Tween t, System.Boolean isRelative, DG.Tweening.Core.DOGetter`1[T] getter, DG.Tweening.Core.DOSetter`1[T] setter, System.Single elapsed, UnityEngine.Vector3 startValue, UnityEngine.Vector3 changeValue, System.Single duration, System.Boolean usingInversePosition, System.Int32 newCompletedSteps, DG.Tweening.Core.Enums.UpdateNotice updateNotice) [0x0011e] in <82a2fd073ee449928e161903460426d7>:0 
  at DG.Tweening.Core.TweenerCore`3[T1,T2,TPlugOptions].ApplyTween (System.Single prevPosition, System.Int32 prevCompletedLoops, System.Int32 newCompletedSteps, System.Boolean useInversePosition, DG.Tweening.Core.Enums.UpdateMode updateMode, DG.Tweening.Core.Enums.UpdateNotice updateNotice) [0x00043] in <82a2fd073ee449928e161903460426d7>:0 

<color=#0099bc><b>DOTWEEN ► </b></color>Target or field is missing/null () ► 

  at (wrapper managed-to-native) UnityEngine.Transform.get_position_Injected(UnityEngine.Transform,UnityEngine.Vector3&)
  at UnityEngine.Transform.get_position () [0x00000] in <5a923feee9f944f3a14f9848c3ed83b4>:0 
  at DG.Tweening.ShortcutExtensions+<>c__DisplayClass34_0.<DOMoveY>b__0 () [0x00000] in <82a2fd073ee449928e161903460426d7>:0 
  at (wrapper delegate-invoke) DG.Tweening.Core.DOGetter`1[UnityEngine.Vector3].invoke_T()
  at DG.Tweening.Plugins.Vector3Plugin.EvaluateAndApply (DG.Tweening.Plugins.Options.VectorOptions options, DG.Tweening.Tween t, System.Boolean isRelative, DG.Tweening.Core.DOGetter`1[T] getter, DG.Tweening.Core.DOSetter`1[T] setter, System.Single elapsed, UnityEngine.Vector3 startValue, UnityEngine.Vector3 changeValue, System.Single duration, System.Boolean usingInversePosition, System.Int32 newCompletedSteps, DG.Tweening.Core.Enums.UpdateNotice updateNotice) [0x0011e] in <82a2fd073ee449928e161903460426d7>:0 
  at DG.Tweening.Core.TweenerCore`3[T1,T2,TPlugOptions].ApplyTween (System.Single prevPosition, System.Int32 prevCompletedLoops, System.Int32 newCompletedSteps, System.Boolean useInversePosition, DG.Tweening.Core.Enums.UpdateMode updateMode, DG.Tweening.Core.Enums.UpdateNotice updateNotice) [0x00043] in <82a2fd073ee449928e161903460426d7>:0 

<color=#0099bc><b>DOTWEEN ► </b></color>Target or field is missing/null () ► 

  at (wrapper managed-to-native) UnityEngine.Transform.get_position_Injected(UnityEngine.Transform,UnityEngine.Vector3&)
  at UnityEngine.Transform.get_position () [0x00000] in <5a923feee9f944f3a14f9848c3ed83b4>:0 
  at DG.Tweening.ShortcutExtensions+<>c__DisplayClass34_0.<DOMoveY>b__0 () [0x00000] in <82a2fd073ee449928e161903460426d7>:0 
  at (wrapper delegate-invoke) DG.Tweening.Core.DOGetter`1[UnityEngine.Vector3].invoke_T()
  at DG.Tweening.Plugins.Vector3Plugin.EvaluateAndApply (DG.Tweening.Plugins.Options.VectorOptions options, DG.Tweening.Tween t, System.Boolean isRelative, DG.Tweening.Core.DOGetter`1[T] getter, DG.Tweening.Core.DOSetter`1[T] setter, System.Single elapsed, UnityEngine.Vector3 startValue, UnityEngine.Vector3 changeValue, System.Single duration, System.Boolean usingInversePosition, System.Int32 newCompletedSteps, DG.Tweening.Core.Enums.UpdateNotice updateNotice) [0x0011e] in <82a2fd073ee449928e161903460426d7>:0 
  at DG.Tweening.Core.TweenerCore`3[T1,T2,TPlugOptions].ApplyTween (System.Single prevPosition, System.Int32 prevCompletedLoops, System.Int32 newCompletedSteps, System.Boolean useInversePosition, DG.Tweening.Core.Enums.UpdateMode updateMode, DG.Tweening.Core.Enums.UpdateNotice updateNotice) [0x00043] in <82a2fd073ee449928e161903460426d7>:0 

<color=#0099bc><b>DOTWEEN ► </b></color>Target or field is missing/null () ► 

  at (wrapper managed-to-native) UnityEngine.Transform.get_position_Injected(UnityEngine.Transform,UnityEngine.Vector3&)
  at UnityEngine.Transform.get_position () [0x00000] in <5a923feee9f944f3a14f9848c3ed83b4>:0 
  at DG.Tweening.ShortcutExtensions+<>c__DisplayClass34_0.<DOMoveY>b__0 () [0x00000] in <82a2fd073ee449928e161903460426d7>:0 
  at (wrapper delegate-invoke) DG.Tweening.Core.DOGetter`1[UnityEngine.Vector3].invoke_T()
  at DG.Tweening.Plugins.Vector3Plugin.EvaluateAndApply (DG.Tweening.Plugins.Options.VectorOptions options, DG.Tweening.Tween t, System.Boolean isRelative, DG.Tweening.Core.DOGetter`1[T] getter, DG.Tweening.Core.DOSetter`1[T] setter, System.Single elapsed, UnityEngine.Vector3 startValue, UnityEngine.Vector3 changeValue, System.Single duration, System.Boolean usingInversePosition, System.Int32 newCompletedSteps, DG.Tweening.Core.Enums.UpdateNotice updateNotice) [0x0011e] in <82a2fd073ee449928e161903460426d7>:0 
  at DG.Tweening.Core.TweenerCore`3[T1,T2,TPlugOptions].ApplyTween (System.Single prevPosition, System.Int32 prevCompletedLoops, System.Int32 newCompletedSteps, System.Boolean useInversePosition, DG.Tweening.Core.Enums.UpdateMode updateMode, DG.Tweening.Core.Enums.UpdateNotice updateNotice) [0x00043] in <82a2fd073ee449928e161903460426d7>:0 

<color=#0099bc><b>DOTWEEN ► </b></color>Target or field is missing/null () ► 

  at (wrapper managed-to-native) UnityEngine.Transform.get_position_Injected(UnityEngine.Transform,UnityEngine.Vector3&)
  at UnityEngine.Transform.get_position () [0x00000] in <5a923feee9f944f3a14f9848c3ed83b4>:0 
  at DG.Tweening.ShortcutExtensions+<>c__DisplayClass34_0.<DOMoveY>b__0 () [0x00000] in <82a2fd073ee449928e161903460426d7>:0 
  at (wrapper delegate-invoke) DG.Tweening.Core.DOGetter`1[UnityEngine.Vector3].invoke_T()
  at DG.Tweening.Plugins.Vector3Plugin.EvaluateAndApply (DG.Tweening.Plugins.Options.VectorOptions options, DG.Tweening.Tween t, System.Boolean isRelative, DG.Tweening.Core.DOGetter`1[T] getter, DG.Tweening.Core.DOSetter`1[T] setter, System.Single elapsed, UnityEngine.Vector3 startValue, UnityEngine.Vector3 changeValue, System.Single duration, System.Boolean usingInversePosition, System.Int32 newCompletedSteps, DG.Tweening.Core.Enums.UpdateNotice updateNotice) [0x0011e] in <82a2fd073ee449928e161903460426d7>:0 
  at DG.Tweening.Core.TweenerCore`3[T1,T2,TPlugOptions].ApplyTween (System.Single prevPosition, System.Int32 prevCompletedLoops, System.Int32 newCompletedSteps, System.Boolean useInversePosition, DG.Tweening.Core.Enums.UpdateMode updateMode, DG.Tweening.Core.Enums.UpdateNotice updateNotice) [0x00043] in <82a2fd073ee449928e161903460426d7>:0 

Unloading 397 unused Assets to reduce memory usage. Loaded Objects now: 108509.
Total: 51.009900 ms (FindLiveObjects: 5.063800 ms CreateObjectMapping: 5.460800 ms MarkObjects: 39.781200 ms  DeleteObjects: 0.703800 ms)

Unloading 5 Unused Serialized files (Serialized files now loaded: 5)
[PhysX] Initialized MultithreadedTaskDispatcher with 12 workers.
UnloadTime: 4.159400 ms
Unloading 1607 unused Assets to reduce memory usage. Loaded Objects now: 106149.
Total: 49.032300 ms (FindLiveObjects: 4.531100 ms CreateObjectMapping: 4.977400 ms MarkObjects: 38.303200 ms  DeleteObjects: 1.220500 ms)

Unloading 5 Unused Serialized files (Serialized files now loaded: 5)
[PhysX] Initialized MultithreadedTaskDispatcher with 12 workers.
UnloadTime: 2.175900 ms
Unloading 1408 unused Assets to reduce memory usage. Loaded Objects now: 103321.
Total: 46.950600 ms (FindLiveObjects: 4.305900 ms CreateObjectMapping: 4.378100 ms MarkObjects: 37.267600 ms  DeleteObjects: 0.998700 ms)

Unloading 3 Unused Serialized files (Serialized files now loaded: 5)
[PhysX] Initialized MultithreadedTaskDispatcher with 12 workers.
UnloadTime: 1.398900 ms
Unloading 30 unused Assets to reduce memory usage. Loaded Objects now: 103225.
Total: 48.525500 ms (FindLiveObjects: 4.129000 ms CreateObjectMapping: 4.661400 ms MarkObjects: 39.576900 ms  DeleteObjects: 0.158100 ms)

Unloading 7 Unused Serialized files (Serialized files now loaded: 5)
[PhysX] Initialized MultithreadedTaskDispatcher with 12 workers.
UnloadTime: 0.904300 ms
Unloading 15001 unused Assets to reduce memory usage. Loaded Objects now: 116508.
Total: 35.582500 ms (FindLiveObjects: 5.948800 ms CreateObjectMapping: 4.989800 ms MarkObjects: 21.185900 ms  DeleteObjects: 3.457800 ms)

Color Adjustments found.
T: 2851.613 - MasterAudio: All 5 children of CoinDrop were busy. Will not play this sound for this instance. If you need more voices, increase the 'Voices / Weight' field on the Variation(s) in your Sound Group.
T: 2851.622 - MasterAudio: All 5 children of CoinDrop were busy. Will not play this sound for this instance. If you need more voices, increase the 'Voices / Weight' field on the Variation(s) in your Sound Group.
T: 2851.63 - MasterAudio: All 5 children of CoinDrop were busy. Will not play this sound for this instance. If you need more voices, increase the 'Voices / Weight' field on the Variation(s) in your Sound Group.
T: 2851.66 - MasterAudio: All 5 children of CoinDrop were busy. Will not play this sound for this instance. If you need more voices, increase the 'Voices / Weight' field on the Variation(s) in your Sound Group.
T: 2851.819 - MasterAudio: All 5 children of CoinDrop were busy. Will not play this sound for this instance. If you need more voices, increase the 'Voices / Weight' field on the Variation(s) in your Sound Group.
T: 2851.829 - MasterAudio: All 5 children of CoinDrop were busy. Will not play this sound for this instance. If you need more voices, increase the 'Voices / Weight' field on the Variation(s) in your Sound Group.
T: 2851.848 - MasterAudio: All 5 children of CoinDrop were busy. Will not play this sound for this instance. If you need more voices, increase the 'Voices / Weight' field on the Variation(s) in your Sound Group.
T: 2892.32 - MasterAudio: All 3 children of DeathSkeleton were busy. Will not play this sound for this instance. If you need more voices, increase the 'Voices / Weight' field on the Variation(s) in your Sound Group.
T: 2892.32 - MasterAudio: All 3 children of DeathSkeleton were busy. Will not play this sound for this instance. If you need more voices, increase the 'Voices / Weight' field on the Variation(s) in your Sound Group.
T: 3077.539 - MasterAudio: All 5 children of CoinDrop were busy. Will not play this sound for this instance. If you need more voices, increase the 'Voices / Weight' field on the Variation(s) in your Sound Group.
T: 3077.575 - MasterAudio: All 5 children of CoinDrop were busy. Will not play this sound for this instance. If you need more voices, increase the 'Voices / Weight' field on the Variation(s) in your Sound Group.
T: 3077.58 - MasterAudio: All 5 children of CoinDrop were busy. Will not play this sound for this instance. If you need more voices, increase the 'Voices / Weight' field on the Variation(s) in your Sound Group.
T: 3077.622 - MasterAudio: All 5 children of CoinDrop were busy. Will not play this sound for this instance. If you need more voices, increase the 'Voices / Weight' field on the Variation(s) in your Sound Group.
T: 3077.816 - MasterAudio: All 5 children of CoinDrop were busy. Will not play this sound for this instance. If you need more voices, increase the 'Voices / Weight' field on the Variation(s) in your Sound Group.
T: 3077.876 - MasterAudio: All 5 children of CoinDrop were busy. Will not play this sound for this instance. If you need more voices, increase the 'Voices / Weight' field on the Variation(s) in your Sound Group.
T: 3077.876 - MasterAudio: All 5 children of CoinDrop were busy. Will not play this sound for this instance. If you need more voices, increase the 'Voices / Weight' field on the Variation(s) in your Sound Group.
<color=#ff7337><color=#0099bc><b>DOTWEEN ► </b></color> SAFE MODE ►</color> DOTween's safe mode captured 91 errors. This is usually ok (it's what safe mode is there for) but if your game is encountering issues you should set Log Behaviour to Default in DOTween Utility Panel in order to get detailed warnings when an error is captured (consider that these errors are always on the user side).
- 91 missing target or field errors
Input System module state changed to: ShutdownInProgress.
Input System polling thread stopped.
Input System polling thread exited.
Input System module state changed to: Shutdown.
Memory Statistics:
[ALLOC_TEMP_TLS] TLS Allocator
  StackAllocators : 
    [ALLOC_TEMP_MAIN]
      Peak usage frame count: [0-1.0 KB]: 111 frames, [1.0 KB-2.0 KB]: 118231 frames, [2.0 KB-4.0 KB]: 1 frames, [4.0 KB-8.0 KB]: 4382 frames, [8.0 KB-16.0 KB]: 1248771 frames, [16.0 KB-32.0 KB]: 270232 frames, [32.0 KB-64.0 KB]: 18108 frames, [64.0 KB-128.0 KB]: 153 frames, [128.0 KB-256.0 KB]: 73 frames, [256.0 KB-0.5 MB]: 13 frames, [0.5 MB-1.0 MB]: 12 frames, [1.0 MB-2.0 MB]: 3 frames, [4.0 MB-8.0 MB]: 13 frames
      Initial Block Size 4.0 MB
      Current Block Size 7.9 MB
      Peak Allocated Bytes 7.8 MB
      Overflow Count 24
    [ALLOC_TEMP_Loading.AsyncRead]
      Initial Block Size 64.0 KB
      Current Block Size 128.0 KB
      Peak Allocated Bytes 127.5 KB
      Overflow Count 0
    [ALLOC_TEMP_Loading.PreloadManager]
      Initial Block Size 256.0 KB
      Current Block Size 0.5 MB
      Peak Allocated Bytes 441.5 KB
      Overflow Count 1253
    [ALLOC_TEMP_Background Job.Worker 8]
      Initial Block Size 32.0 KB
      Current Block Size 32.0 KB
      Peak Allocated Bytes 54 B
      Overflow Count 0
    [ALLOC_TEMP_Job.Worker 6]
      Initial Block Size 256.0 KB
      Current Block Size 256.0 KB
      Peak Allocated Bytes 63.9 KB
      Overflow Count 0
    [ALLOC_TEMP_Job.Worker 0]
      Initial Block Size 256.0 KB
      Current Block Size 256.0 KB
      Peak Allocated Bytes 63.9 KB
      Overflow Count 0
    [ALLOC_TEMP_Background Job.Worker 10]
      Initial Block Size 32.0 KB
      Current Block Size 32.0 KB
      Peak Allocated Bytes 54 B
      Overflow Count 0
    [ALLOC_TEMP_Background Job.Worker 9]
      Initial Block Size 32.0 KB
      Current Block Size 32.0 KB
      Peak Allocated Bytes 54 B
      Overflow Count 0
    [ALLOC_TEMP_Job.Worker 5]
      Initial Block Size 256.0 KB
      Current Block Size 256.0 KB
      Peak Allocated Bytes 62.7 KB
      Overflow Count 0
    [ALLOC_TEMP_Background Job.Worker 14]
      Initial Block Size 32.0 KB
      Current Block Size 32.0 KB
      Peak Allocated Bytes 54 B
      Overflow Count 0
    [ALLOC_TEMP_Background Job.Worker 6]
      Initial Block Size 32.0 KB
      Current Block Size 32.0 KB
      Peak Allocated Bytes 54 B
      Overflow Count 0
    [ALLOC_TEMP_Job.Worker 4]
      Initial Block Size 256.0 KB
      Current Block Size 256.0 KB
      Peak Allocated Bytes 63.9 KB
      Overflow Count 0
    [ALLOC_TEMP_Job.Worker 3]
      Initial Block Size 256.0 KB
      Current Block Size 256.0 KB
      Peak Allocated Bytes 63.9 KB
      Overflow Count 0
    [ALLOC_TEMP_Background Job.Worker 12]
      Initial Block Size 32.0 KB
      Current Block Size 32.0 KB
      Peak Allocated Bytes 54 B
      Overflow Count 0
    [ALLOC_TEMP_EnlightenWorker] x 3
      Initial Block Size 64.0 KB
      Current Block Size 64.0 KB
      Peak Allocated Bytes 54 B
      Overflow Count 0
    [ALLOC_TEMP_]
      Initial Block Size 64.0 KB
      Current Block Size 64.0 KB
      Peak Allocated Bytes 0 B
      Overflow Count 0
    [ALLOC_TEMP_Background Job.Worker 1]
      Initial Block Size 32.0 KB
      Current Block Size 40.0 KB
      Peak Allocated Bytes 36.1 KB
      Overflow Count 0
    [ALLOC_TEMP_Background Job.Worker 2]
      Initial Block Size 32.0 KB
      Current Block Size 32.0 KB
      Peak Allocated Bytes 54 B
      Overflow Count 0
    [ALLOC_TEMP_Background Job.Worker 7]
      Initial Block Size 32.0 KB
      Current Block Size 32.0 KB
      Peak Allocated Bytes 54 B
      Overflow Count 0
    [ALLOC_TEMP_Background Job.Worker 15]
      Initial Block Size 32.0 KB
      Current Block Size 32.0 KB
      Peak Allocated Bytes 54 B
      Overflow Count 0
    [ALLOC_TEMP_UnityGfxDeviceWorker]
      Initial Block Size 256.0 KB
      Current Block Size 256.0 KB
      Peak Allocated Bytes 48.4 KB
      Overflow Count 0
    [ALLOC_TEMP_AssetGarbageCollectorHelper] x 11
      Initial Block Size 64.0 KB
      Current Block Size 64.0 KB
      Peak Allocated Bytes 138 B
      Overflow Count 0
    [ALLOC_TEMP_Background Job.Worker 5]
      Initial Block Size 32.0 KB
      Current Block Size 32.0 KB
      Peak Allocated Bytes 54 B
      Overflow Count 0
    [ALLOC_TEMP_Job.Worker 9]
      Initial Block Size 256.0 KB
      Current Block Size 256.0 KB
      Peak Allocated Bytes 62.9 KB
      Overflow Count 0
    [ALLOC_TEMP_Background Job.Worker 13]
      Initial Block Size 32.0 KB
      Current Block Size 32.0 KB
      Peak Allocated Bytes 54 B
      Overflow Count 0
    [ALLOC_TEMP_Job.Worker 8]
      Initial Block Size 256.0 KB
      Current Block Size 256.0 KB
      Peak Allocated Bytes 61.8 KB
      Overflow Count 0
    [ALLOC_TEMP_Job.Worker 7]
      Initial Block Size 256.0 KB
      Current Block Size 256.0 KB
      Peak Allocated Bytes 63.9 KB
      Overflow Count 0
    [ALLOC_TEMP_Job.Worker 1]
      Initial Block Size 256.0 KB
      Current Block Size 256.0 KB
      Peak Allocated Bytes 63.9 KB
      Overflow Count 0
    [ALLOC_TEMP_Job.Worker 2]
      Initial Block Size 256.0 KB
      Current Block Size 256.0 KB
      Peak Allocated Bytes 63.9 KB
      Overflow Count 0
    [ALLOC_TEMP_Background Job.Worker 3]
      Initial Block Size 32.0 KB
      Current Block Size 32.0 KB
      Peak Allocated Bytes 54 B
      Overflow Count 0
    [ALLOC_TEMP_Background Job.Worker 11]
      Initial Block Size 32.0 KB
      Current Block Size 32.0 KB
      Peak Allocated Bytes 54 B
      Overflow Count 0
    [ALLOC_TEMP_Job.Worker 10]
      Initial Block Size 256.0 KB
      Current Block Size 256.0 KB
      Peak Allocated Bytes 62.1 KB
      Overflow Count 0
    [ALLOC_TEMP_Background Job.Worker 0]
      Initial Block Size 32.0 KB
      Current Block Size 32.0 KB
      Peak Allocated Bytes 54 B
      Overflow Count 0
    [ALLOC_TEMP_HIDInput]
      Initial Block Size 64.0 KB
      Current Block Size 64.0 KB
      Peak Allocated Bytes 10.8 KB
      Overflow Count 0
    [ALLOC_TEMP_Background Job.Worker 4]
      Initial Block Size 32.0 KB
      Current Block Size 32.0 KB
      Peak Allocated Bytes 54 B
      Overflow Count 0
    [ALLOC_TEMP_BatchDeleteObjects]
      Initial Block Size 64.0 KB
      Current Block Size 64.0 KB
      Peak Allocated Bytes 54 B
      Overflow Count 0
[ALLOC_DEFAULT] Dual Thread Allocator
  Peak main deferred allocation count 34403
    [ALLOC_BUCKET]
      Large Block size 4.0 MB
      Used Block count 1
      Peak Allocated bytes 4.0 MB
      Failed Allocations. Bucket layout:
        16B: 31 Subsections = 31744 buckets. Failed count: 151161125
        32B: 37 Subsections = 18944 buckets. Failed count: 98629661
        48B: 45 Subsections = 15360 buckets. Failed count: 34392428
        64B: 52 Subsections = 13312 buckets. Failed count: 583525
        80B: 38 Subsections = 7782 buckets. Failed count: 6033803
        96B: 21 Subsections = 3584 buckets. Failed count: 40847795
        112B: 10 Subsections = 1462 buckets. Failed count: 378894
        128B: 22 Subsections = 2816 buckets. Failed count: 376567
    [ALLOC_DEFAULT_MAIN]
      Peak usage frame count: [16.0 MB-32.0 MB]: 118353 frames, [32.0 MB-64.0 MB]: 254229 frames, [64.0 MB-128.0 MB]: 1287521 frames
      Requested Block Size 16.0 MB
      Peak Block count 7
      Peak Allocated memory 95.4 MB
      Peak Large allocation bytes 20.0 MB
    [ALLOC_DEFAULT_THREAD]
      Peak usage frame count: [128.0 MB-256.0 MB]: 98 frames, [256.0 MB-0.50 GB]: 606 frames, [0.50 GB-1.00 GB]: 1659399 frames
      Requested Block Size 16.0 MB
      Peak Block count 7
      Peak Allocated memory 0.81 GB
      Peak Large allocation bytes 0.73 GB
[ALLOC_TEMP_JOB_1_FRAME]
  Initial Block Size 2.0 MB
  Used Block Count 0
  Overflow Count (too large) 0
  Overflow Count (full) 0
[ALLOC_TEMP_JOB_2_FRAMES]
  Initial Block Size 2.0 MB
  Used Block Count 0
  Overflow Count (too large) 0
  Overflow Count (full) 0
[ALLOC_TEMP_JOB_4_FRAMES (JobTemp)]
  Initial Block Size 2.0 MB
  Used Block Count 1
  Overflow Count (too large) 0
  Overflow Count (full) 0
[ALLOC_TEMP_JOB_ASYNC (Background)]
  Initial Block Size 1.0 MB
  Used Block Count 1
  Overflow Count (too large) 0
  Overflow Count (full) 0
[ALLOC_GFX] Dual Thread Allocator
  Peak main deferred allocation count 36
    [ALLOC_BUCKET]
      Large Block size 4.0 MB
      Used Block count 1
      Peak Allocated bytes 4.0 MB
      Failed Allocations. Bucket layout:
        16B: 31 Subsections = 31744 buckets. Failed count: 151161125
        32B: 37 Subsections = 18944 buckets. Failed count: 98629661
        48B: 45 Subsections = 15360 buckets. Failed count: 34392428
        64B: 52 Subsections = 13312 buckets. Failed count: 583525
        80B: 38 Subsections = 7782 buckets. Failed count: 6033803
        96B: 21 Subsections = 3584 buckets. Failed count: 40847795
        112B: 10 Subsections = 1462 buckets. Failed count: 378894
        128B: 22 Subsections = 2816 buckets. Failed count: 376567
    [ALLOC_GFX_MAIN]
      Peak usage frame count: [64.0 KB-128.0 KB]: 14088 frames, [128.0 KB-256.0 KB]: 9639 frames, [256.0 KB-0.5 MB]: 86049 frames, [0.5 MB-1.0 MB]: 8593 frames, [16.0 MB-32.0 MB]: 17436 frames, [32.0 MB-64.0 MB]: 1524290 frames, [64.0 MB-128.0 MB]: 8 frames
      Requested Block Size 16.0 MB
      Peak Block count 7
      Peak Allocated memory 84.6 MB
      Peak Large allocation bytes 0 B
    [ALLOC_GFX_THREAD]
      Peak usage frame count: [4.0 MB-8.0 MB]: 25 frames, [8.0 MB-16.0 MB]: 117920 frames, [16.0 MB-32.0 MB]: 52 frames, [32.0 MB-64.0 MB]: 1542106 frames
      Requested Block Size 16.0 MB
      Peak Block count 4
      Peak Allocated memory 62.3 MB
      Peak Large allocation bytes 0 B
[ALLOC_CACHEOBJECTS] Dual Thread Allocator
  Peak main deferred allocation count 29299
    [ALLOC_BUCKET]
      Large Block size 4.0 MB
      Used Block count 1
      Peak Allocated bytes 4.0 MB
      Failed Allocations. Bucket layout:
        16B: 31 Subsections = 31744 buckets. Failed count: 151161125
        32B: 37 Subsections = 18944 buckets. Failed count: 98629661
        48B: 45 Subsections = 15360 buckets. Failed count: 34392428
        64B: 52 Subsections = 13312 buckets. Failed count: 583525
        80B: 38 Subsections = 7782 buckets. Failed count: 6033803
        96B: 21 Subsections = 3584 buckets. Failed count: 40847795
        112B: 10 Subsections = 1462 buckets. Failed count: 378894
        128B: 22 Subsections = 2816 buckets. Failed count: 376567
    [ALLOC_CACHEOBJECTS_MAIN]
      Peak usage frame count: [4.0 MB-8.0 MB]: 377 frames, [8.0 MB-16.0 MB]: 117992 frames, [32.0 MB-64.0 MB]: 1541734 frames
      Requested Block Size 4.0 MB
      Peak Block count 17
      Peak Allocated memory 61.5 MB
      Peak Large allocation bytes 2.0 MB
    [ALLOC_CACHEOBJECTS_THREAD]
      Peak usage frame count: [1.0 MB-2.0 MB]: 2 frames, [2.0 MB-4.0 MB]: 23561 frames, [4.0 MB-8.0 MB]: 25 frames, [8.0 MB-16.0 MB]: 5 frames, [16.0 MB-32.0 MB]: 94323 frames, [32.0 MB-64.0 MB]: 112 frames, [64.0 MB-128.0 MB]: 1542075 frames
      Requested Block Size 4.0 MB
      Peak Block count 31
      Peak Allocated memory 121.1 MB
      Peak Large allocation bytes 14.4 MB
[ALLOC_TYPETREE] Dual Thread Allocator
  Peak main deferred allocation count 1
    [ALLOC_BUCKET]
      Large Block size 4.0 MB
      Used Block count 1
      Peak Allocated bytes 4.0 MB
      Failed Allocations. Bucket layout:
        16B: 31 Subsections = 31744 buckets. Failed count: 151161125
        32B: 37 Subsections = 18944 buckets. Failed count: 98629661
        48B: 45 Subsections = 15360 buckets. Failed count: 34392428
        64B: 52 Subsections = 13312 buckets. Failed count: 583525
        80B: 38 Subsections = 7782 buckets. Failed count: 6033803
        96B: 21 Subsections = 3584 buckets. Failed count: 40847795
        112B: 10 Subsections = 1462 buckets. Failed count: 378894
        128B: 22 Subsections = 2816 buckets. Failed count: 376567
    [ALLOC_TYPETREE_MAIN]
      Peak usage frame count: [8.0 KB-16.0 KB]: 94357 frames, [16.0 KB-32.0 KB]: 1565746 frames
      Requested Block Size 2.0 MB
      Peak Block count 1
      Peak Allocated memory 21.6 KB
      Peak Large allocation bytes 0 B
    [ALLOC_TYPETREE_THREAD]
      Peak usage frame count: [32.0 KB-64.0 KB]: 15 frames, [128.0 KB-256.0 KB]: 8 frames, [256.0 KB-0.5 MB]: 93 frames, [0.5 MB-1.0 MB]: 1659987 frames
      Requested Block Size 2.0 MB
      Peak Block count 1
      Peak Allocated memory 0.5 MB
      Peak Large allocation bytes 0 B
