Mono path[0] = 'E:/OwO/ImmortalLoss Beta0.58.0(UC)/ImmortalLoss_Data/Managed'
Mono config path = 'E:/OwO/ImmortalLoss Beta0.58.0(UC)/MonoBleedingEdge/etc'
Input System module state changed to: Initialized.
[PhysX] Initialized MultithreadedTaskDispatcher with 12 workers.
Initialize engine version: 2022.3.62f2 (7670c08855a9)
[Subsystems] Discovering subsystems at path E:/OwO/ImmortalLoss Beta0.58.0(UC)/ImmortalLoss_Data/UnitySubsystems
GfxDevice: creating device client; threaded=1; jobified=0
Direct3D:
    Version:  Direct3D 11.0 [level 11.1]
    Renderer: AMD Radeon RX 7700 XT (ID=0x747e)
    Vendor:   ATI
    VRAM:     12081 MB
    Driver:   32.0.31041.1004
Begin MonoManager ReloadAssembly
- Loaded All Assemblies, in  0.077 seconds
- Finished resetting the current domain, in  0.001 seconds
D3D11 device created for Microsoft Media Foundation video decoding.
<RI> Initializing input.
Using Windows.Gaming.Input
<RI> Input initialized.
<RI> Initialized touch support.
The referenced script (MeshTrail) on this Behaviour is missing!
The referenced script on this Behaviour (Game Object 'Spine Mecanim GameObject (Standby)') is missing!
A scripted object (probably MeshTrail?) has a different serialization layout when loading. (Read 32 bytes but expected 40 bytes)
Did you #ifdef UNITY_EDITOR a section of your serialized properties in any of your scripts?
Odin Serializer ArchitectureInfo initialization with defaults (all unaligned read/writes disabled).
[PhysX] Initialized MultithreadedTaskDispatcher with 12 workers.
UnloadTime: 0.521200 ms
Odin Serializer detected whitelisted runtime platform WindowsPlayer and memory read test succeeded; enabling all unaligned memory read/writes.
PCHCheck is True
Immortal Loss Beta 0.58.0, GameVersion is : Beta0.58.0, PCH is True.
startLoadJsonTime = 2.0945
endLoadJsoneTime = 2.453973
Loading Duation is = 0.3594725
Ignoring device: Keyboard
Ignoring device: Mouse
The referenced script on this Behaviour (Game Object '<null>') is missing!
The referenced script (MeshTrail) on this Behaviour is missing!
The referenced script on this Behaviour (Game Object 'Spine Mecanim GameObject (Standby)') is missing!
***InitialOffset_PlayerAnimator = (0.30, 0.81, 0.00)
Start Loading DataBaseManager
System.Collections.Generic.List`1[Skill_SO]
System.Collections.Generic.Dictionary`2[Skill,UnityEngine.Sprite]
Done Loading DataBaseManager : MenuSprite.
Done Loading DataBaseManager : LanternSprite.
Done Loading DataBaseManager : transitionTagSceneDict.
Done Loading DataBaseManager : dropItemColorDict.
Done Loading DataBaseManager : KeyBinding.
Done Loading DataBaseManager : AllGamePadBinding.
All Done Loading DataBaseManager.
GameManager Initialization Completed.
GameManager 初始化完成，可以開始使用了
defaultConfigPath = true, playerConfigPath = true
Input RestorGameData
IE_FadeOut START
Unloading 6 Unused Serialized files (Serialized files now loaded: 0)
[PhysX] Initialized MultithreadedTaskDispatcher with 12 workers.
UnloadTime: 1.494200 ms
There can be only one active Event System.
PCHCheck is True
Immortal Loss Beta 0.58.0, GameVersion is : Beta0.58.0, PCH is True.
startLoadJsonTime = 5.435203
endLoadJsoneTime = 5.572319
Loading Duation is = 0.1371155
GameManager Initialization Completed.
Start TitleOrder
Wait DelayAllow
Unloading 8 unused Assets to reduce memory usage. Loaded Objects now: 23280.
Total: 28.203600 ms (FindLiveObjects: 1.290300 ms CreateObjectMapping: 0.591900 ms MarkObjects: 26.274000 ms  DeleteObjects: 0.047100 ms)

waitForPress = False
waitForPress = True
IE_FadeOut START
***IsRestraintArms False
CurrentEnviromentLight missing, skip.
Unloading 7 Unused Serialized files (Serialized files now loaded: 0)
[PhysX] Initialized MultithreadedTaskDispatcher with 12 workers.
UnloadTime: 1.370300 ms
PCHCheck is True
Immortal Loss Beta 0.58.0, GameVersion is : Beta0.58.0, PCH is True.
startLoadJsonTime = 15.95015
endLoadJsoneTime = 16.08775
Loading Duation is = 0.137598
***NPC_Villager_BlueOnEnable
***NPC_Villager_RedOnEnable
***NPC_Villager_GreyOnEnable
***NPC_BanditOnEnable
***T0106_HouseDoor2F_LOnEnable
***T0106_LeftEndOnEnable
***T0106_LeftDoorOnEnable
***T0106_AchHouseOnEnable
***T0106_HouseDoor2F_ROnEnable
***T0106_HouseDoor3F_MidOnEnable
***T0106_HouseDoor1F_LOnEnable
***T0106_RightEndOnEnable
***Lantern_0106_BlackBerryTownOnEnable
***NPC_SapphyraOnEnable
***NPC_Sapphyra_PseudoOnEnable
***NPC_FramboiseOnEnable
***ObtainItem_TearDropOnEnable
***ObtainDiscovery_SapphyraNote2OnEnable
***ObtainDiscovery_Tentacle reportOnEnable
***ObtainDiscovery_WantedLORDOnEnable
***ObtainDiscovery_Flyer1OnEnable
***ObtainDiscovery_NoneNameNote6OnEnable
GameManager Initialization Completed.
***NPC_FramboiseOnDisable
***NPC_SapphyraOnDisable
Unloading 18 unused Assets to reduce memory usage. Loaded Objects now: 81974.
Total: 34.299200 ms (FindLiveObjects: 3.601700 ms CreateObjectMapping: 2.816700 ms MarkObjects: 27.423600 ms  DeleteObjects: 0.456600 ms)

***IsRestraintArms False
***ObtainItem_TearDropOnDisable
***ObtainDiscovery_SapphyraNote2OnDisable
***ObtainDiscovery_Tentacle reportOnDisable
***ObtainDiscovery_WantedLORDOnDisable
***ObtainDiscovery_Flyer1OnDisable
***ObtainDiscovery_NoneNameNote6OnDisable
**************5
ℹ️ 傳入的 FirstArriveBlackBerryDale 小於或等於目前的 FirstArriveZinniaStreet，不更新
Open NPC Function
Wait for walking
isInTimeLineStandBy
Have Open this lantern.
Wait for walking
isInTimeLineWalk
Wait for turning
isInTimeLineStandBy
Wait for IE_FadeIn
IE_FadeOut START
Unloading 20 Unused Serialized files (Serialized files now loaded: 0)
***NPC_BanditOnDisable
***NPC_Villager_RedOnDisable
***T0106_LeftDoorOnDisable
***T0106_HouseDoor1F_LOnDisable
***T0106_HouseDoor2F_LOnDisable
***T0106_HouseDoor2F_ROnDisable
***T0106_HouseDoor3F_MidOnDisable
***T0106_RightEndOnDisable
***T0106_LeftEndOnDisable
***T0106_AchHouseOnDisable
***NPC_Sapphyra_PseudoOnDisable
***NPC_Villager_GreyOnDisable
***NPC_Villager_BlueOnDisable
***Lantern_0106_BlackBerryTownOnDisable
[PhysX] Initialized MultithreadedTaskDispatcher with 12 workers.
UnloadTime: 2.227500 ms
PCHCheck is True
Immortal Loss Beta 0.58.0, GameVersion is : Beta0.58.0, PCH is True.
startLoadJsonTime = 24.87644
endLoadJsoneTime = 25.01189
Loading Duation is = 0.1354561
***MovingRope_TriggeAtStartOnEnable
***MovingRope_TriggeAtEndOnEnable
***MovingRope_TriggeAtEndOnEnable
***T0306_DoorDOnEnable
***T0306_EndR (R)OnEnable
***T0306_EndROnEnable
***T0306_EndLOnEnable
***T0306_EndDOnEnable
***T0306_EndRTOnEnable
***T0306_DoorUOnEnable
***OpenSideOnEnable
***Lantern_0306_RinniaRoadOnEnable
***MovingRope_TriggeAtStartOnEnable
***LockSideOnEnable
***ObtainItem_BCPillOnEnable
***ObtainItem_PoorMemoOnEnable
***ObtainItem_HomewardBell (1)OnEnable
***PoorMemoOnEnable
***ObtainItem_HomewardBellOnEnable
***PoorMemo (1)OnEnable
GameManager Initialization Completed.
***T0306_EndR (R)OnDisable
Lantern_0306_RinniaRoad
Lantern_0306_RinniaRoad (TransitionSetting)
Transfer to Lantern_0306_RinniaRoad , location is: (3836.30, -220.70, 0.00)
Unloading 37935 unused Assets to reduce memory usage. Loaded Objects now: 58782.
Total: 60.470200 ms (FindLiveObjects: 4.412900 ms CreateObjectMapping: 4.210500 ms MarkObjects: 25.237000 ms  DeleteObjects: 26.609500 ms)

***IsRestraintArms False
***ObtainItem_PoorMemoOnDisable
***ObtainItem_HomewardBell (1)OnDisable
***PoorMemoOnDisable
***ObtainItem_HomewardBellOnDisable
ℹ️ 傳入的 FirstArriveZinniaStreet 小於或等於目前的 FirstArriveZinniaStreet，不更新
LedgeDetected!     is Pene Up
***GameManager.Instance.playerAnimation.ClimbPoint.position (3878.97, -213.02, 0.00)
NormalCageStartMoving
NormalCageOnStartMoving
UnControlOnRope
NormalCageOnReachRightEnd
NormalCageOnStopMoving
EndUnControlOnRope
LedgeDetected!     is Pene Up
***GameManager.Instance.playerAnimation.ClimbPoint.position (4235.53, -193.32, 0.00)
IE_FadeOut START
Unloading 14 Unused Serialized files (Serialized files now loaded: 0)
***Lantern_0306_RinniaRoadOnDisable
***LockSideOnDisable
***OpenSideOnDisable
***MovingRope_TriggeAtStartOnDisable
***MovingRope_TriggeAtEndOnDisable
***MovingRope_TriggeAtStartOnDisable
***MovingRope_TriggeAtEndOnDisable
***ObtainItem_BCPillOnDisable
***PoorMemo (1)OnDisable
***T0306_EndLOnDisable
***T0306_EndROnDisable
***T0306_DoorUOnDisable
***T0306_DoorDOnDisable
***T0306_EndRTOnDisable
***T0306_EndDOnDisable
[PhysX] Initialized MultithreadedTaskDispatcher with 12 workers.
UnloadTime: 2.648900 ms
PCHCheck is True
Immortal Loss Beta 0.58.0, GameVersion is : Beta0.58.0, PCH is True.
startLoadJsonTime = 40.58672
endLoadJsoneTime = 40.7266
Loading Duation is = 0.1398773
***MovingRope_TriggeAtEndOnEnable
***MovingRope_TriggeAtEndOnEnable
***MovingRope_TriggeAtStartOnEnable
***MovingRope_TriggeAtStartOnEnable
***NPC_BanditOnEnable
***T0307_DoorDOnEnable
***T0307_EndROnEnable
***T0307_EndLOnEnable
***TriggerEventOnEnable
***FindingOnEnable
***WARNINGNote1OnEnable
GameManager Initialization Completed.
T0307_EndL
T0307_EndL (TransitionSetting)
Transfer to T0307_EndL , location is: (4262.00, -209.24, 0.00)
Unloading 14283 unused Assets to reduce memory usage. Loaded Objects now: 55181.
Total: 42.787700 ms (FindLiveObjects: 3.047600 ms CreateObjectMapping: 2.091900 ms MarkObjects: 28.117500 ms  DeleteObjects: 9.530200 ms)

***IsRestraintArms False
***FindingOnDisable
***WARNINGNote1OnDisable
***TriggerEventOnDisable
ℹ️ 傳入的 FirstArriveZinniaStreet 小於或等於目前的 FirstArriveZinniaStreet，不更新
isInTimeLineDash
Wait for turning
IE_FadeOut START
Unloading 7 Unused Serialized files (Serialized files now loaded: 0)
***T0307_DoorDOnDisable
***T0307_EndLOnDisable
***T0307_EndROnDisable
***NPC_BanditOnDisable
***MovingRope_TriggeAtStartOnDisable
***MovingRope_TriggeAtEndOnDisable
***MovingRope_TriggeAtStartOnDisable
***MovingRope_TriggeAtEndOnDisable
[PhysX] Initialized MultithreadedTaskDispatcher with 12 workers.
UnloadTime: 0.960600 ms
PCHCheck is True
Immortal Loss Beta 0.58.0, GameVersion is : Beta0.58.0, PCH is True.
startLoadJsonTime = 77.95664
endLoadJsoneTime = 78.09589
Loading Duation is = 0.1392441
***NPC_Villager_BlueOnEnable
***NPC_Villager_RedOnEnable
***NPC_Villager_GreyOnEnable
***NPC_BanditOnEnable
***T0106_HouseDoor2F_LOnEnable
***T0106_LeftEndOnEnable
***T0106_LeftDoorOnEnable
***T0106_AchHouseOnEnable
***T0106_HouseDoor2F_ROnEnable
***T0106_HouseDoor3F_MidOnEnable
***T0106_HouseDoor1F_LOnEnable
***T0106_RightEndOnEnable
***Lantern_0106_BlackBerryTownOnEnable
***NPC_SapphyraOnEnable
***NPC_Sapphyra_PseudoOnEnable
***NPC_FramboiseOnEnable
***ObtainItem_TearDropOnEnable
***ObtainDiscovery_SapphyraNote2OnEnable
***ObtainDiscovery_Tentacle reportOnEnable
***ObtainDiscovery_WantedLORDOnEnable
***ObtainDiscovery_Flyer1OnEnable
***ObtainDiscovery_NoneNameNote6OnEnable
GameManager Initialization Completed.
***NPC_FramboiseOnDisable
***NPC_SapphyraOnDisable
Lantern_0106_BlackBerryTown
Lantern_0106_BlackBerryTown (TransitionSetting)
Transfer to Lantern_0106_BlackBerryTown , location is: (2165.40, 173.47, 0.00)
Unloading 11816 unused Assets to reduce memory usage. Loaded Objects now: 82132.
Total: 45.743200 ms (FindLiveObjects: 4.694900 ms CreateObjectMapping: 3.699000 ms MarkObjects: 28.297000 ms  DeleteObjects: 9.052000 ms)

***IsRestraintArms False
***ObtainItem_TearDropOnDisable
***ObtainDiscovery_SapphyraNote2OnDisable
***ObtainDiscovery_Tentacle reportOnDisable
***ObtainDiscovery_WantedLORDOnDisable
***ObtainDiscovery_Flyer1OnDisable
***ObtainDiscovery_NoneNameNote6OnDisable
ℹ️ 傳入的 FirstArriveBlackBerryDale 小於或等於目前的 FirstArriveZinniaStreet，不更新
IE_FadeOut START
Unloading 6 Unused Serialized files (Serialized files now loaded: 0)
***T0106_LeftDoorOnDisable
***T0106_HouseDoor1F_LOnDisable
***T0106_HouseDoor2F_LOnDisable
***T0106_HouseDoor2F_ROnDisable
***T0106_HouseDoor3F_MidOnDisable
***T0106_RightEndOnDisable
***T0106_LeftEndOnDisable
***T0106_AchHouseOnDisable
***NPC_Villager_GreyOnDisable
***Lantern_0106_BlackBerryTownOnDisable
***NPC_Villager_RedOnDisable
***NPC_Villager_BlueOnDisable
***NPC_Sapphyra_PseudoOnDisable
***NPC_BanditOnDisable
[PhysX] Initialized MultithreadedTaskDispatcher with 12 workers.
UnloadTime: 1.082500 ms
PCHCheck is True
Immortal Loss Beta 0.58.0, GameVersion is : Beta0.58.0, PCH is True.
startLoadJsonTime = 87.37557
endLoadJsoneTime = 87.51556
Loading Duation is = 0.1399841
***T0104_LockFloorDoorOnEnable
***T0104_LeftDoorOnEnable
***T0104_RightDoorOnEnable
***T0104_UpDoorOnEnable
***MultiSwitchOnEnable
GameManager Initialization Completed.
T0104_UpDoor
T0104_UpDoor (TransitionSetting)
Transfer to T0104_UpDoor , location is: (2055.00, 174.00, 0.00)
Unloading 37571 unused Assets to reduce memory usage. Loaded Objects now: 48085.
Total: 63.694800 ms (FindLiveObjects: 3.903700 ms CreateObjectMapping: 2.884600 ms MarkObjects: 30.836100 ms  DeleteObjects: 26.070000 ms)

***IsRestraintArms False
IE_FadeOut START
Unloading 7 Unused Serialized files (Serialized files now loaded: 0)
***MultiSwitchOnDisable
***T0104_LockFloorDoorOnDisable
***T0104_RightDoorOnDisable
***T0104_LeftDoorOnDisable
***T0104_UpDoorOnDisable
[PhysX] Initialized MultithreadedTaskDispatcher with 12 workers.
UnloadTime: 0.752100 ms
PCHCheck is True
Immortal Loss Beta 0.58.0, GameVersion is : Beta0.58.0, PCH is True.
startLoadJsonTime = 91.5883
endLoadJsoneTime = 91.72577
Loading Duation is = 0.1374664
***NPC_Villager_BlueOnEnable
***NPC_Villager_RedOnEnable
***NPC_Villager_GreyOnEnable
***NPC_BanditOnEnable
***T0106_HouseDoor2F_LOnEnable
***T0106_LeftEndOnEnable
***T0106_LeftDoorOnEnable
***T0106_AchHouseOnEnable
***T0106_HouseDoor2F_ROnEnable
***T0106_HouseDoor3F_MidOnEnable
***T0106_HouseDoor1F_LOnEnable
***T0106_RightEndOnEnable
***Lantern_0106_BlackBerryTownOnEnable
***NPC_SapphyraOnEnable
***NPC_Sapphyra_PseudoOnEnable
***NPC_FramboiseOnEnable
***ObtainItem_TearDropOnEnable
***ObtainDiscovery_SapphyraNote2OnEnable
***ObtainDiscovery_Tentacle reportOnEnable
***ObtainDiscovery_WantedLORDOnEnable
***ObtainDiscovery_Flyer1OnEnable
***ObtainDiscovery_NoneNameNote6OnEnable
GameManager Initialization Completed.
***NPC_FramboiseOnDisable
***NPC_SapphyraOnDisable
T0106_LeftDoor
T0106_LeftDoor (TransitionSetting)
Transfer to T0106_LeftDoor , location is: (2055.00, 174.25, 0.00)
Unloading 4353 unused Assets to reduce memory usage. Loaded Objects now: 82163.
Total: 36.821000 ms (FindLiveObjects: 3.867400 ms CreateObjectMapping: 2.621300 ms MarkObjects: 27.387200 ms  DeleteObjects: 2.944800 ms)

***IsRestraintArms False
***ObtainItem_TearDropOnDisable
***ObtainDiscovery_SapphyraNote2OnDisable
***ObtainDiscovery_Tentacle reportOnDisable
***ObtainDiscovery_WantedLORDOnDisable
***ObtainDiscovery_Flyer1OnDisable
***ObtainDiscovery_NoneNameNote6OnDisable
ℹ️ 傳入的 FirstArriveBlackBerryDale 小於或等於目前的 FirstArriveZinniaStreet，不更新
1
IE_FadeOut START
***IsRestraintArms False
Unloading 7 Unused Serialized files (Serialized files now loaded: 0)
***NPC_Villager_BlueOnDisable
***T0106_LeftDoorOnDisable
***T0106_HouseDoor1F_LOnDisable
***T0106_HouseDoor2F_LOnDisable
***T0106_HouseDoor2F_ROnDisable
***T0106_HouseDoor3F_MidOnDisable
***T0106_RightEndOnDisable
***T0106_LeftEndOnDisable
***T0106_AchHouseOnDisable
***NPC_Villager_GreyOnDisable
***NPC_Villager_RedOnDisable
***NPC_BanditOnDisable
***NPC_Sapphyra_PseudoOnDisable
***Lantern_0106_BlackBerryTownOnDisable
[PhysX] Initialized MultithreadedTaskDispatcher with 12 workers.
UnloadTime: 1.104000 ms
PCHCheck is True
Immortal Loss Beta 0.58.0, GameVersion is : Beta0.58.0, PCH is True.
startLoadJsonTime = 329.1287
endLoadJsoneTime = 329.2691
Loading Duation is = 0.1404724
***NPC_Villager_BlueOnEnable
***NPC_Villager_RedOnEnable
***NPC_Villager_GreyOnEnable
***NPC_BanditOnEnable
***T0106_HouseDoor2F_LOnEnable
***T0106_LeftEndOnEnable
***T0106_LeftDoorOnEnable
***T0106_AchHouseOnEnable
***T0106_HouseDoor2F_ROnEnable
***T0106_HouseDoor3F_MidOnEnable
***T0106_HouseDoor1F_LOnEnable
***T0106_RightEndOnEnable
***Lantern_0106_BlackBerryTownOnEnable
***NPC_SapphyraOnEnable
***NPC_Sapphyra_PseudoOnEnable
***NPC_FramboiseOnEnable
***ObtainItem_TearDropOnEnable
***ObtainDiscovery_SapphyraNote2OnEnable
***ObtainDiscovery_Tentacle reportOnEnable
***ObtainDiscovery_WantedLORDOnEnable
***ObtainDiscovery_Flyer1OnEnable
***ObtainDiscovery_NoneNameNote6OnEnable
GameManager Initialization Completed.
***NPC_FramboiseOnDisable
***NPC_SapphyraOnDisable
Unloading 2192 unused Assets to reduce memory usage. Loaded Objects now: 82171.
Total: 38.619200 ms (FindLiveObjects: 4.279200 ms CreateObjectMapping: 2.590700 ms MarkObjects: 30.327800 ms  DeleteObjects: 1.421100 ms)

***IsRestraintArms False
***ObtainItem_TearDropOnDisable
***ObtainDiscovery_SapphyraNote2OnDisable
***ObtainDiscovery_Tentacle reportOnDisable
***ObtainDiscovery_WantedLORDOnDisable
***ObtainDiscovery_Flyer1OnDisable
***ObtainDiscovery_NoneNameNote6OnDisable
**************5
ℹ️ 傳入的 FirstArriveBlackBerryDale 小於或等於目前的 FirstArriveZinniaStreet，不更新
Open NPC Function
Wait for walking
isInTimeLineStandBy
Have Open this lantern.
Wait for walking
isInTimeLineWalk
Wait for turning
isInTimeLineStandBy
Wait for IE_FadeIn
IE_FadeOut START
Unloading 19 Unused Serialized files (Serialized files now loaded: 0)
***Lantern_0106_BlackBerryTownOnDisable
***NPC_Villager_GreyOnDisable
***NPC_BanditOnDisable
***NPC_Villager_BlueOnDisable
***T0106_LeftDoorOnDisable
***T0106_HouseDoor1F_LOnDisable
***T0106_HouseDoor2F_LOnDisable
***T0106_HouseDoor2F_ROnDisable
***T0106_HouseDoor3F_MidOnDisable
***T0106_RightEndOnDisable
***T0106_LeftEndOnDisable
***T0106_AchHouseOnDisable
***NPC_Villager_RedOnDisable
***NPC_Sapphyra_PseudoOnDisable
[PhysX] Initialized MultithreadedTaskDispatcher with 12 workers.
UnloadTime: 1.073100 ms
PCHCheck is True
Immortal Loss Beta 0.58.0, GameVersion is : Beta0.58.0, PCH is True.
startLoadJsonTime = 408.7927
endLoadJsoneTime = 408.9345
Loading Duation is = 0.1418152
***MovingRope_TriggeAtStartOnEnable
***MovingRope_TriggeAtEndOnEnable
***MovingRope_TriggeAtEndOnEnable
***T0306_DoorDOnEnable
***T0306_EndR (R)OnEnable
***T0306_EndROnEnable
***T0306_EndLOnEnable
***T0306_EndDOnEnable
***T0306_EndRTOnEnable
***T0306_DoorUOnEnable
***OpenSideOnEnable
***Lantern_0306_RinniaRoadOnEnable
***MovingRope_TriggeAtStartOnEnable
***LockSideOnEnable
***ObtainItem_BCPillOnEnable
***ObtainItem_PoorMemoOnEnable
***ObtainItem_HomewardBell (1)OnEnable
***PoorMemoOnEnable
***ObtainItem_HomewardBellOnEnable
***PoorMemo (1)OnEnable
GameManager Initialization Completed.
***T0306_EndR (R)OnDisable
Lantern_0306_RinniaRoad
Lantern_0306_RinniaRoad (TransitionSetting)
Transfer to Lantern_0306_RinniaRoad , location is: (3836.30, -220.70, 0.00)
Unloading 37935 unused Assets to reduce memory usage. Loaded Objects now: 59040.
Total: 60.699100 ms (FindLiveObjects: 4.378900 ms CreateObjectMapping: 3.386300 ms MarkObjects: 26.770600 ms  DeleteObjects: 26.163000 ms)

***IsRestraintArms False
***ObtainItem_PoorMemoOnDisable
***ObtainItem_HomewardBell (1)OnDisable
***PoorMemoOnDisable
***ObtainItem_HomewardBellOnDisable
ℹ️ 傳入的 FirstArriveZinniaStreet 小於或等於目前的 FirstArriveZinniaStreet，不更新
IE_FadeOut START
The referenced script (SetChains) on this Behaviour is missing!
The referenced script on this Behaviour (Game Object 'ChainJoint') is missing!
Unloading 18 Unused Serialized files (Serialized files now loaded: 0)
***LockSideOnDisable
***OpenSideOnDisable
***MovingRope_TriggeAtStartOnDisable
***MovingRope_TriggeAtEndOnDisable
***MovingRope_TriggeAtStartOnDisable
***MovingRope_TriggeAtEndOnDisable
***ObtainItem_BCPillOnDisable
***PoorMemo (1)OnDisable
***Lantern_0306_RinniaRoadOnDisable
***T0306_EndLOnDisable
***T0306_EndROnDisable
***T0306_DoorUOnDisable
***T0306_DoorDOnDisable
***T0306_EndRTOnDisable
***T0306_EndDOnDisable
[PhysX] Initialized MultithreadedTaskDispatcher with 12 workers.
UnloadTime: 1.784300 ms
PCHCheck is True
Immortal Loss Beta 0.58.0, GameVersion is : Beta0.58.0, PCH is True.
startLoadJsonTime = 425.7094
endLoadJsoneTime = 425.8447
Loading Duation is = 0.1353455
***T0308_DoorTOnEnable
***T0308_EndRTOnEnable
***T0308_EndUOnEnable
***T0308_DoorPOnEnable
***TriggerOnEnable
***NPC_InjuredNPCOnEnable
***TreasureChest_NippleRingCharm_BellsOnEnable
***NormalSwitch_EndOnEnable
***NormalSwitch_StartOnEnable
***ObtainItem_GirlMemoFragmentOnEnable
GameManager Initialization Completed.
***NPC_InjuredNPCOnDisable
T0308_EndRT
T0308_EndRT (TransitionSetting)
Transfer to T0308_EndRT , location is: (4258.10, -295.60, 0.00)
Unloading 10017 unused Assets to reduce memory usage. Loaded Objects now: 49249.
Total: 41.043800 ms (FindLiveObjects: 2.782800 ms CreateObjectMapping: 2.446300 ms MarkObjects: 28.890700 ms  DeleteObjects: 6.923700 ms)

***IsRestraintArms False
NormalCageStartMoving
VerticalCageOnStartMoving
NormalCageOnReachRightEnd
NormalCageOnStopMoving
Adding Enemy: NDog to List.
LedgeDetected!     is Wall
***GameManager.Instance.playerAnimation.ClimbPoint.position (4204.56, -403.15, 0.00)
Remove Enemy: NDog from List.
IE_FadeOut START
***IsRestraintArms False
Unloading 7 Unused Serialized files (Serialized files now loaded: 0)
***NormalSwitch_StartOnDisable
***NormalSwitch_EndOnDisable
***ObtainItem_GirlMemoFragmentOnDisable
***TreasureChest_NippleRingCharm_BellsOnDisable
***TriggerOnDisable
***T0308_EndUOnDisable
***T0308_EndRTOnDisable
***T0308_DoorPOnDisable
***T0308_DoorTOnDisable
[PhysX] Initialized MultithreadedTaskDispatcher with 12 workers.
UnloadTime: 2.069800 ms
PCHCheck is True
Immortal Loss Beta 0.58.0, GameVersion is : Beta0.58.0, PCH is True.
startLoadJsonTime = 472.9598
endLoadJsoneTime = 473.1028
Loading Duation is = 0.1430664
***NPC_Villager_BlueOnEnable
***NPC_Villager_RedOnEnable
***NPC_Villager_GreyOnEnable
***NPC_BanditOnEnable
***T0106_HouseDoor2F_LOnEnable
***T0106_LeftEndOnEnable
***T0106_LeftDoorOnEnable
***T0106_AchHouseOnEnable
***T0106_HouseDoor2F_ROnEnable
***T0106_HouseDoor3F_MidOnEnable
***T0106_HouseDoor1F_LOnEnable
***T0106_RightEndOnEnable
***Lantern_0106_BlackBerryTownOnEnable
***NPC_SapphyraOnEnable
***NPC_Sapphyra_PseudoOnEnable
***NPC_FramboiseOnEnable
***ObtainItem_TearDropOnEnable
***ObtainDiscovery_SapphyraNote2OnEnable
***ObtainDiscovery_Tentacle reportOnEnable
***ObtainDiscovery_WantedLORDOnEnable
***ObtainDiscovery_Flyer1OnEnable
***ObtainDiscovery_NoneNameNote6OnEnable
GameManager Initialization Completed.
***NPC_FramboiseOnDisable
***NPC_SapphyraOnDisable
Unloading 4349 unused Assets to reduce memory usage. Loaded Objects now: 82214.
Total: 45.919100 ms (FindLiveObjects: 3.851400 ms CreateObjectMapping: 2.393300 ms MarkObjects: 36.238800 ms  DeleteObjects: 3.435200 ms)

***IsRestraintArms False
***ObtainItem_TearDropOnDisable
***ObtainDiscovery_SapphyraNote2OnDisable
***ObtainDiscovery_Tentacle reportOnDisable
***ObtainDiscovery_WantedLORDOnDisable
***ObtainDiscovery_Flyer1OnDisable
***ObtainDiscovery_NoneNameNote6OnDisable
**************5
ℹ️ 傳入的 FirstArriveBlackBerryDale 小於或等於目前的 FirstArriveZinniaStreet，不更新
Open NPC Function
Wait for walking
isInTimeLineStandBy
Have Open this lantern.
Wait for walking
isInTimeLineWalk
Wait for turning
isInTimeLineStandBy
Wait for IE_FadeIn
IE_FadeOut START
Unloading 12 Unused Serialized files (Serialized files now loaded: 0)
***NPC_Villager_RedOnDisable
***NPC_Villager_GreyOnDisable
***NPC_BanditOnDisable
***NPC_Villager_BlueOnDisable
***NPC_Sapphyra_PseudoOnDisable
***T0106_LeftDoorOnDisable
***T0106_HouseDoor1F_LOnDisable
***T0106_HouseDoor2F_LOnDisable
***T0106_HouseDoor2F_ROnDisable
***T0106_HouseDoor3F_MidOnDisable
***T0106_RightEndOnDisable
***T0106_LeftEndOnDisable
***T0106_AchHouseOnDisable
***Lantern_0106_BlackBerryTownOnDisable
[PhysX] Initialized MultithreadedTaskDispatcher with 12 workers.
UnloadTime: 0.999800 ms
PCHCheck is True
Immortal Loss Beta 0.58.0, GameVersion is : Beta0.58.0, PCH is True.
startLoadJsonTime = 510.3105
endLoadJsoneTime = 510.4501
Loading Duation is = 0.1396484
***T0202_MidDoorOnEnable
***T0202_LeftDoorOnEnable
***T0202_RightEndOnEnable
***T0202_DownEndOnEnable
***T0202_RightDoorOnEnable
***LanternObjectOnEnable
***TriggerEvent_DS01OnEnable
***TriggerEvent_DS02OnEnable
***SwitchTarget TriggerEvent_DS03OnEnable
***ItemOnEnable
***SwitchOnEnable
***SwitchTargetOnEnable
GameManager Initialization Completed.
Lantern_0202_VillageSewer
LanternObject (TransitionSetting)
Transfer to LanternObject , location is: (1609.81, -412.61, 0.00)
Unloading 37933 unused Assets to reduce memory usage. Loaded Objects now: 49338.
Total: 59.576800 ms (FindLiveObjects: 4.114000 ms CreateObjectMapping: 3.013200 ms MarkObjects: 26.167800 ms  DeleteObjects: 26.281500 ms)

***IsRestraintArms False
***ItemOnDisable
***TriggerEvent_DS02OnDisable
***TriggerEvent_DS01OnDisable
***SwitchTarget TriggerEvent_DS03OnDisable
IE_FadeOut START
Unloading 11 Unused Serialized files (Serialized files now loaded: 0)
***T0202_LeftDoorOnDisable
***T0202_MidDoorOnDisable
***T0202_RightDoorOnDisable
***T0202_DownEndOnDisable
***T0202_RightEndOnDisable
***LanternObjectOnDisable
***SwitchOnDisable
***SwitchTargetOnDisable
[PhysX] Initialized MultithreadedTaskDispatcher with 12 workers.
UnloadTime: 0.946300 ms
PCHCheck is True
Immortal Loss Beta 0.58.0, GameVersion is : Beta0.58.0, PCH is True.
startLoadJsonTime = 521.1273
endLoadJsoneTime = 521.269
Loading Duation is = 0.1417236
***T0207_LeftEndOnEnable
***T0207_RightEndOnEnable
***T0207_MidDoorOnEnable
***ObtainDiscovery_SapphyraNote1OnEnable
***PoorMemoOnEnable
GameManager Initialization Completed.
T0207_LeftEnd
T0207_LeftEnd (TransitionSetting)
Transfer to T0207_LeftEnd , location is: (1802.50, -418.71, 0.00)
Unloading 3797 unused Assets to reduce memory usage. Loaded Objects now: 47430.
Total: 36.408700 ms (FindLiveObjects: 2.578300 ms CreateObjectMapping: 1.624000 ms MarkObjects: 29.911800 ms  DeleteObjects: 2.294400 ms)

***IsRestraintArms False
***ObtainDiscovery_SapphyraNote1OnDisable
***PoorMemoOnDisable
LedgeDetected!     is Wall
***GameManager.Instance.playerAnimation.ClimbPoint.position (1949.26, -427.01, 0.00)
IE_FadeOut START
Unloading 11 Unused Serialized files (Serialized files now loaded: 0)
***T0207_LeftEndOnDisable
***T0207_RightEndOnDisable
***T0207_MidDoorOnDisable
[PhysX] Initialized MultithreadedTaskDispatcher with 12 workers.
UnloadTime: 0.880700 ms
PCHCheck is True
Immortal Loss Beta 0.58.0, GameVersion is : Beta0.58.0, PCH is True.
startLoadJsonTime = 533.996
endLoadJsoneTime = 534.1353
Loading Duation is = 0.1392212
***T0208_LeftEndOnEnable
***T0208_LeftDoorOnEnable
***T0208_MidCave12OnEnable
***T0208_MidCave11OnEnable
***T0208_MidCave13OnEnable
***T0208_LockDoorOnEnable
***ObtainDiscovery_NoneNameNote3OnEnable
***ItemOnEnable
GameManager Initialization Completed.
T0208_LeftEnd
T0208_LeftEnd (TransitionSetting)
Transfer to T0208_LeftEnd , location is: (1973.50, -420.21, 0.00)
Unloading 3005 unused Assets to reduce memory usage. Loaded Objects now: 53141.
Total: 30.795400 ms (FindLiveObjects: 2.554100 ms CreateObjectMapping: 1.500600 ms MarkObjects: 25.239000 ms  DeleteObjects: 1.501300 ms)

***IsRestraintArms False
***ObtainDiscovery_NoneNameNote3OnDisable
***ItemOnDisable
Adding Enemy: PenisWorm1 to List.
Remove Enemy: PenisWorm1 from List.
Adding Enemy: PenisWorm0 to List.
Remove Enemy: PenisWorm0 from List.
IE_FadeOut START
Unloading 9 Unused Serialized files (Serialized files now loaded: 0)
***T0208_LockDoorOnDisable
***T0208_LeftEndOnDisable
***T0208_LeftDoorOnDisable
***T0208_MidCave11OnDisable
***T0208_MidCave12OnDisable
***T0208_MidCave13OnDisable
[PhysX] Initialized MultithreadedTaskDispatcher with 12 workers.
UnloadTime: 1.125100 ms
PCHCheck is True
Immortal Loss Beta 0.58.0, GameVersion is : Beta0.58.0, PCH is True.
startLoadJsonTime = 545.2097
endLoadJsoneTime = 545.3503
Loading Duation is = 0.140686
***T0210_DownDoorOnEnable
***T0210_UpDoorOnEnable
***ElevatorSwitch_UpOnEnable
***ElevatorSwitch_DownOnEnable
***ObtainDiscovery_AspenNoteOnEnable
GameManager Initialization Completed.
T0210_DownDoor
T0210_DownDoor (TransitionSetting)
Transfer to T0210_DownDoor , location is: (2186.00, -415.50, 0.00)
Unloading 8929 unused Assets to reduce memory usage. Loaded Objects now: 49851.
Total: 38.447300 ms (FindLiveObjects: 2.733600 ms CreateObjectMapping: 1.623400 ms MarkObjects: 28.015300 ms  DeleteObjects: 6.074700 ms)

***IsRestraintArms False
***ObtainDiscovery_AspenNoteOnDisable
Trigger S0210Elevator, isUp = False
IE_FadeOut START
Unloading 5 Unused Serialized files (Serialized files now loaded: 0)
***T0210_DownDoorOnDisable
***T0210_UpDoorOnDisable
***ElevatorSwitch_DownOnDisable
***ElevatorSwitch_UpOnDisable
[PhysX] Initialized MultithreadedTaskDispatcher with 12 workers.
UnloadTime: 0.966300 ms
PCHCheck is True
Immortal Loss Beta 0.58.0, GameVersion is : Beta0.58.0, PCH is True.
startLoadJsonTime = 579.7068
endLoadJsoneTime = 579.8498
Loading Duation is = 0.1430054
***T0103_LeftDoorOnEnable
***T0103_RightDoorOnEnable
GameManager Initialization Completed.
T0103_RightDoor
T0103_RightDoor (TransitionSetting)
Transfer to T0103_RightDoor , location is: (2192.00, -4.00, 0.00)
Unloading 4693 unused Assets to reduce memory usage. Loaded Objects now: 53848.
Total: 33.216300 ms (FindLiveObjects: 2.642800 ms CreateObjectMapping: 1.522300 ms MarkObjects: 25.724900 ms  DeleteObjects: 3.325900 ms)

***IsRestraintArms False
LedgeDetected!     is Wall
***GameManager.Instance.playerAnimation.ClimbPoint.position (2081.64, 14.89, 0.00)
IE_FadeOut START
Unloading 6 Unused Serialized files (Serialized files now loaded: 0)
***T0103_RightDoorOnDisable
***T0103_LeftDoorOnDisable
[PhysX] Initialized MultithreadedTaskDispatcher with 12 workers.
UnloadTime: 0.624400 ms
PCHCheck is True
Immortal Loss Beta 0.58.0, GameVersion is : Beta0.58.0, PCH is True.
startLoadJsonTime = 594.6113
endLoadJsoneTime = 594.7516
Loading Duation is = 0.1403198
***T0104_LockFloorDoorOnEnable
***T0104_LeftDoorOnEnable
***T0104_RightDoorOnEnable
***T0104_UpDoorOnEnable
***MultiSwitchOnEnable
GameManager Initialization Completed.
T0104_RightDoor
T0104_RightDoor (TransitionSetting)
Transfer to T0104_RightDoor , location is: (2055.00, 26.40, 0.00)
Unloading 10554 unused Assets to reduce memory usage. Loaded Objects now: 48164.
Total: 38.070700 ms (FindLiveObjects: 2.752000 ms CreateObjectMapping: 1.907600 ms MarkObjects: 26.516500 ms  DeleteObjects: 6.894300 ms)

***IsRestraintArms False
IE_FadeOut START
Unloading 5 Unused Serialized files (Serialized files now loaded: 0)
***T0104_LockFloorDoorOnDisable
***T0104_RightDoorOnDisable
***T0104_LeftDoorOnDisable
***T0104_UpDoorOnDisable
***MultiSwitchOnDisable
[PhysX] Initialized MultithreadedTaskDispatcher with 12 workers.
UnloadTime: 0.636400 ms
PCHCheck is True
Immortal Loss Beta 0.58.0, GameVersion is : Beta0.58.0, PCH is True.
startLoadJsonTime = 598.1291
endLoadJsoneTime = 598.269
Loading Duation is = 0.1398926
***T0103_LeftDoorOnEnable
***T0103_RightDoorOnEnable
GameManager Initialization Completed.
T0103_LeftDoor
T0103_LeftDoor (TransitionSetting)
Transfer to T0103_LeftDoor , location is: (2055.00, 26.40, 0.00)
Unloading 4753 unused Assets to reduce memory usage. Loaded Objects now: 53852.
Total: 32.793700 ms (FindLiveObjects: 2.672000 ms CreateObjectMapping: 1.610000 ms MarkObjects: 25.190500 ms  DeleteObjects: 3.320700 ms)

***IsRestraintArms False
LedgeDetected!     is Wall
***GameManager.Instance.playerAnimation.ClimbPoint.position (2081.64, 14.85, 0.00)
IE_FadeOut START
Unloading 6 Unused Serialized files (Serialized files now loaded: 0)
***T0103_RightDoorOnDisable
***T0103_LeftDoorOnDisable
[PhysX] Initialized MultithreadedTaskDispatcher with 12 workers.
UnloadTime: 0.617000 ms
PCHCheck is True
Immortal Loss Beta 0.58.0, GameVersion is : Beta0.58.0, PCH is True.
startLoadJsonTime = 610.3694
endLoadJsoneTime = 610.51
Loading Duation is = 0.140625
***T0104_LockFloorDoorOnEnable
***T0104_LeftDoorOnEnable
***T0104_RightDoorOnEnable
***T0104_UpDoorOnEnable
***MultiSwitchOnEnable
GameManager Initialization Completed.
T0104_RightDoor
T0104_RightDoor (TransitionSetting)
Transfer to T0104_RightDoor , location is: (2055.00, 26.40, 0.00)
Unloading 10578 unused Assets to reduce memory usage. Loaded Objects now: 48181.
Total: 47.660900 ms (FindLiveObjects: 2.970500 ms CreateObjectMapping: 1.993400 ms MarkObjects: 35.505000 ms  DeleteObjects: 7.191900 ms)

***IsRestraintArms False
IE_FadeOut START
Unloading 7 Unused Serialized files (Serialized files now loaded: 0)
***MultiSwitchOnDisable
***T0104_LockFloorDoorOnDisable
***T0104_RightDoorOnDisable
***T0104_LeftDoorOnDisable
***T0104_UpDoorOnDisable
[PhysX] Initialized MultithreadedTaskDispatcher with 12 workers.
UnloadTime: 0.636800 ms
PCHCheck is True
Immortal Loss Beta 0.58.0, GameVersion is : Beta0.58.0, PCH is True.
startLoadJsonTime = 645.749
endLoadJsoneTime = 645.8893
Loading Duation is = 0.1403809
***T0105_RightDoorOnEnable
***FindingOnEnable
***S0104SwitchKeyOnEnable
GameManager Initialization Completed.
T0105_RightDoor
T0105_RightDoor (TransitionSetting)
Transfer to T0105_RightDoor , location is: (2014.00, 57.60, 0.00)
Unloading 222 unused Assets to reduce memory usage. Loaded Objects now: 47893.
Total: 29.283600 ms (FindLiveObjects: 2.291200 ms CreateObjectMapping: 1.226800 ms MarkObjects: 25.518100 ms  DeleteObjects: 0.247300 ms)

***IsRestraintArms False
***FindingOnDisable
***S0104SwitchKeyOnDisable
IE_FadeOut START
Unloading 6 Unused Serialized files (Serialized files now loaded: 0)
***T0105_RightDoorOnDisable
[PhysX] Initialized MultithreadedTaskDispatcher with 12 workers.
UnloadTime: 0.550100 ms
PCHCheck is True
Immortal Loss Beta 0.58.0, GameVersion is : Beta0.58.0, PCH is True.
startLoadJsonTime = 650.649
endLoadJsoneTime = 650.7878
Loading Duation is = 0.138855
***T0104_LockFloorDoorOnEnable
***T0104_LeftDoorOnEnable
***T0104_RightDoorOnEnable
***T0104_UpDoorOnEnable
***MultiSwitchOnEnable
GameManager Initialization Completed.
T0104_LeftDoor
T0104_LeftDoor (TransitionSetting)
Transfer to T0104_LeftDoor , location is: (2014.00, 57.99, 0.00)
Unloading 25 unused Assets to reduce memory usage. Loaded Objects now: 48176.
Total: 30.306800 ms (FindLiveObjects: 2.561500 ms CreateObjectMapping: 1.281000 ms MarkObjects: 26.376100 ms  DeleteObjects: 0.087900 ms)

***IsRestraintArms False
LedgeDetected!     is Wall
***GameManager.Instance.playerAnimation.ClimbPoint.position (2044.04, -4.94, 0.00)
IE_FadeOut START
Unloading 7 Unused Serialized files (Serialized files now loaded: 0)
***MultiSwitchOnDisable
***T0104_LockFloorDoorOnDisable
***T0104_RightDoorOnDisable
***T0104_LeftDoorOnDisable
***T0104_UpDoorOnDisable
[PhysX] Initialized MultithreadedTaskDispatcher with 12 workers.
UnloadTime: 0.689900 ms
PCHCheck is True
Immortal Loss Beta 0.58.0, GameVersion is : Beta0.58.0, PCH is True.
startLoadJsonTime = 762.7572
endLoadJsoneTime = 762.8969
Loading Duation is = 0.1396484
***T0105_RightDoorOnEnable
***FindingOnEnable
***S0104SwitchKeyOnEnable
GameManager Initialization Completed.
T0105_RightDoor
T0105_RightDoor (TransitionSetting)
Transfer to T0105_RightDoor , location is: (2014.00, 57.60, 0.00)
Unloading 226 unused Assets to reduce memory usage. Loaded Objects now: 47898.
Total: 32.998700 ms (FindLiveObjects: 2.283500 ms CreateObjectMapping: 1.431300 ms MarkObjects: 29.020600 ms  DeleteObjects: 0.263100 ms)

***IsRestraintArms False
***FindingOnDisable
***S0104SwitchKeyOnDisable
IE_FadeOut START
Unloading 6 Unused Serialized files (Serialized files now loaded: 0)
***T0105_RightDoorOnDisable
[PhysX] Initialized MultithreadedTaskDispatcher with 12 workers.
UnloadTime: 0.579900 ms
PCHCheck is True
Immortal Loss Beta 0.58.0, GameVersion is : Beta0.58.0, PCH is True.
startLoadJsonTime = 772.6524
endLoadJsoneTime = 772.7918
Loading Duation is = 0.1394043
***T0104_LockFloorDoorOnEnable
***T0104_LeftDoorOnEnable
***T0104_RightDoorOnEnable
***T0104_UpDoorOnEnable
***MultiSwitchOnEnable
GameManager Initialization Completed.
T0104_LeftDoor
T0104_LeftDoor (TransitionSetting)
Transfer to T0104_LeftDoor , location is: (2014.00, 57.99, 0.00)
Unloading 77 unused Assets to reduce memory usage. Loaded Objects now: 48201.
Total: 33.829600 ms (FindLiveObjects: 2.235900 ms CreateObjectMapping: 1.244300 ms MarkObjects: 30.216600 ms  DeleteObjects: 0.132600 ms)

***IsRestraintArms False
IE_FadeOut START
Unloading 7 Unused Serialized files (Serialized files now loaded: 0)
***T0104_LockFloorDoorOnDisable
***T0104_RightDoorOnDisable
***T0104_LeftDoorOnDisable
***T0104_UpDoorOnDisable
***MultiSwitchOnDisable
[PhysX] Initialized MultithreadedTaskDispatcher with 12 workers.
UnloadTime: 0.653500 ms
PCHCheck is True
Immortal Loss Beta 0.58.0, GameVersion is : Beta0.58.0, PCH is True.
startLoadJsonTime = 778.3782
endLoadJsoneTime = 778.516
Loading Duation is = 0.1378174
***NPC_Villager_BlueOnEnable
***NPC_Villager_RedOnEnable
***NPC_Villager_GreyOnEnable
***NPC_BanditOnEnable
***T0106_HouseDoor2F_LOnEnable
***T0106_LeftEndOnEnable
***T0106_LeftDoorOnEnable
***T0106_AchHouseOnEnable
***T0106_HouseDoor2F_ROnEnable
***T0106_HouseDoor3F_MidOnEnable
***T0106_HouseDoor1F_LOnEnable
***T0106_RightEndOnEnable
***Lantern_0106_BlackBerryTownOnEnable
***NPC_SapphyraOnEnable
***NPC_Sapphyra_PseudoOnEnable
***NPC_FramboiseOnEnable
***ObtainItem_TearDropOnEnable
***ObtainDiscovery_SapphyraNote2OnEnable
***ObtainDiscovery_Tentacle reportOnEnable
***ObtainDiscovery_WantedLORDOnEnable
***ObtainDiscovery_Flyer1OnEnable
***ObtainDiscovery_NoneNameNote6OnEnable
GameManager Initialization Completed.
***NPC_FramboiseOnDisable
***NPC_SapphyraOnDisable
T0106_LeftDoor
T0106_LeftDoor (TransitionSetting)
Transfer to T0106_LeftDoor , location is: (2055.00, 174.25, 0.00)
Unloading 4354 unused Assets to reduce memory usage. Loaded Objects now: 82280.
Total: 39.103200 ms (FindLiveObjects: 3.941600 ms CreateObjectMapping: 2.816000 ms MarkObjects: 29.141200 ms  DeleteObjects: 3.204100 ms)

***IsRestraintArms False
***ObtainItem_TearDropOnDisable
***ObtainDiscovery_SapphyraNote2OnDisable
***ObtainDiscovery_Tentacle reportOnDisable
***ObtainDiscovery_WantedLORDOnDisable
***ObtainDiscovery_Flyer1OnDisable
***ObtainDiscovery_NoneNameNote6OnDisable
ℹ️ 傳入的 FirstArriveBlackBerryDale 小於或等於目前的 FirstArriveZinniaStreet，不更新
IE_FadeOut START
Unloading 6 Unused Serialized files (Serialized files now loaded: 0)
***NPC_Villager_RedOnDisable
***NPC_Villager_GreyOnDisable
***NPC_Villager_BlueOnDisable
***NPC_BanditOnDisable
***NPC_Sapphyra_PseudoOnDisable
***T0106_LeftDoorOnDisable
***T0106_HouseDoor1F_LOnDisable
***T0106_HouseDoor2F_LOnDisable
***T0106_HouseDoor2F_ROnDisable
***T0106_HouseDoor3F_MidOnDisable
***T0106_RightEndOnDisable
***T0106_LeftEndOnDisable
***T0106_AchHouseOnDisable
***Lantern_0106_BlackBerryTownOnDisable
[PhysX] Initialized MultithreadedTaskDispatcher with 12 workers.
UnloadTime: 1.008900 ms
PCHCheck is True
Immortal Loss Beta 0.58.0, GameVersion is : Beta0.58.0, PCH is True.
startLoadJsonTime = 783.4546
endLoadJsoneTime = 783.5945
Loading Duation is = 0.1398926
***T0104_LockFloorDoorOnEnable
***T0104_LeftDoorOnEnable
***T0104_RightDoorOnEnable
***T0104_UpDoorOnEnable
***MultiSwitchOnEnable
GameManager Initialization Completed.
T0104_UpDoor
T0104_UpDoor (TransitionSetting)
Transfer to T0104_UpDoor , location is: (2055.00, 174.00, 0.00)
Unloading 37540 unused Assets to reduce memory usage. Loaded Objects now: 48213.
Total: 70.008900 ms (FindLiveObjects: 3.682300 ms CreateObjectMapping: 3.170700 ms MarkObjects: 33.017400 ms  DeleteObjects: 30.137900 ms)

***IsRestraintArms False
LedgeDetected!     is Pene
***GameManager.Instance.playerAnimation.ClimbPoint.position (2042.46, 166.67, 0.00)
IE_FadeOut START
Unloading 5 Unused Serialized files (Serialized files now loaded: 0)
***MultiSwitchOnDisable
***T0104_LockFloorDoorOnDisable
***T0104_RightDoorOnDisable
***T0104_LeftDoorOnDisable
***T0104_UpDoorOnDisable
[PhysX] Initialized MultithreadedTaskDispatcher with 12 workers.
UnloadTime: 0.803900 ms
PCHCheck is True
Immortal Loss Beta 0.58.0, GameVersion is : Beta0.58.0, PCH is True.
startLoadJsonTime = 816.7333
endLoadJsoneTime = 816.874
Loading Duation is = 0.140686
***T0103_LeftDoorOnEnable
***T0103_RightDoorOnEnable
GameManager Initialization Completed.
T0103_LeftDoor
T0103_LeftDoor (TransitionSetting)
Transfer to T0103_LeftDoor , location is: (2055.00, 26.40, 0.00)
Unloading 4754 unused Assets to reduce memory usage. Loaded Objects now: 53882.
Total: 34.116500 ms (FindLiveObjects: 2.712700 ms CreateObjectMapping: 1.579200 ms MarkObjects: 26.445900 ms  DeleteObjects: 3.378400 ms)

***IsRestraintArms False
LedgeDetected!     is Pene Up
***GameManager.Instance.playerAnimation.ClimbPoint.position (2088.19, 4.83, 0.00)
IE_FadeOut START
Unloading 9 Unused Serialized files (Serialized files now loaded: 0)
***T0103_RightDoorOnDisable
***T0103_LeftDoorOnDisable
[PhysX] Initialized MultithreadedTaskDispatcher with 12 workers.
UnloadTime: 0.613800 ms
PCHCheck is True
Immortal Loss Beta 0.58.0, GameVersion is : Beta0.58.0, PCH is True.
startLoadJsonTime = 826.9065
endLoadJsoneTime = 827.0462
Loading Duation is = 0.1397095
***T0210_DownDoorOnEnable
***T0210_UpDoorOnEnable
***ElevatorSwitch_UpOnEnable
***ElevatorSwitch_DownOnEnable
***ObtainDiscovery_AspenNoteOnEnable
GameManager Initialization Completed.
T0210_UpDoor
T0210_UpDoor (TransitionSetting)
Transfer to T0210_UpDoor , location is: (2192.00, -3.75, 0.00)
Unloading 8900 unused Assets to reduce memory usage. Loaded Objects now: 49898.
Total: 36.259800 ms (FindLiveObjects: 2.724100 ms CreateObjectMapping: 1.700800 ms MarkObjects: 25.461500 ms  DeleteObjects: 6.372900 ms)

***IsRestraintArms False
***ObtainDiscovery_AspenNoteOnDisable
IE_FadeOut START
Unloading 7 Unused Serialized files (Serialized files now loaded: 0)
***ElevatorSwitch_DownOnDisable
***ElevatorSwitch_UpOnDisable
***T0210_DownDoorOnDisable
***T0210_UpDoorOnDisable
[PhysX] Initialized MultithreadedTaskDispatcher with 12 workers.
UnloadTime: 0.682000 ms
PCHCheck is True
Immortal Loss Beta 0.58.0, GameVersion is : Beta0.58.0, PCH is True.
startLoadJsonTime = 834.2487
endLoadJsoneTime = 834.3848
Loading Duation is = 0.1361084
***NPC_Villager_BlueOnEnable
***NPC_Villager_RedOnEnable
***NPC_Villager_GreyOnEnable
***NPC_BanditOnEnable
***T0106_HouseDoor2F_LOnEnable
***T0106_LeftEndOnEnable
***T0106_LeftDoorOnEnable
***T0106_AchHouseOnEnable
***T0106_HouseDoor2F_ROnEnable
***T0106_HouseDoor3F_MidOnEnable
***T0106_HouseDoor1F_LOnEnable
***T0106_RightEndOnEnable
***Lantern_0106_BlackBerryTownOnEnable
***NPC_SapphyraOnEnable
***NPC_Sapphyra_PseudoOnEnable
***NPC_FramboiseOnEnable
***ObtainItem_TearDropOnEnable
***ObtainDiscovery_SapphyraNote2OnEnable
***ObtainDiscovery_Tentacle reportOnEnable
***ObtainDiscovery_WantedLORDOnEnable
***ObtainDiscovery_Flyer1OnEnable
***ObtainDiscovery_NoneNameNote6OnEnable
GameManager Initialization Completed.
***NPC_FramboiseOnDisable
***NPC_SapphyraOnDisable
Lantern_0106_BlackBerryTown
Lantern_0106_BlackBerryTown (TransitionSetting)
Transfer to Lantern_0106_BlackBerryTown , location is: (2165.40, 173.47, 0.00)
Unloading 6378 unused Assets to reduce memory usage. Loaded Objects now: 82308.
Total: 37.292800 ms (FindLiveObjects: 4.001200 ms CreateObjectMapping: 2.655900 ms MarkObjects: 26.145800 ms  DeleteObjects: 4.489600 ms)

***IsRestraintArms False
***ObtainItem_TearDropOnDisable
***ObtainDiscovery_SapphyraNote2OnDisable
***ObtainDiscovery_Tentacle reportOnDisable
***ObtainDiscovery_WantedLORDOnDisable
***ObtainDiscovery_Flyer1OnDisable
***ObtainDiscovery_NoneNameNote6OnDisable
ℹ️ 傳入的 FirstArriveBlackBerryDale 小於或等於目前的 FirstArriveZinniaStreet，不更新
IE_FadeOut START
Unloading 6 Unused Serialized files (Serialized files now loaded: 0)
***NPC_Villager_RedOnDisable
***T0106_LeftDoorOnDisable
***T0106_HouseDoor1F_LOnDisable
***T0106_HouseDoor2F_LOnDisable
***T0106_HouseDoor2F_ROnDisable
***T0106_HouseDoor3F_MidOnDisable
***T0106_RightEndOnDisable
***T0106_LeftEndOnDisable
***T0106_AchHouseOnDisable
***NPC_Villager_BlueOnDisable
***NPC_Sapphyra_PseudoOnDisable
***Lantern_0106_BlackBerryTownOnDisable
***NPC_Villager_GreyOnDisable
***NPC_BanditOnDisable
[PhysX] Initialized MultithreadedTaskDispatcher with 12 workers.
UnloadTime: 1.077800 ms
PCHCheck is True
Immortal Loss Beta 0.58.0, GameVersion is : Beta0.58.0, PCH is True.
startLoadJsonTime = 839.4001
endLoadJsoneTime = 839.5396
Loading Duation is = 0.1395264
***T0104_LockFloorDoorOnEnable
***T0104_LeftDoorOnEnable
***T0104_RightDoorOnEnable
***T0104_UpDoorOnEnable
***MultiSwitchOnEnable
GameManager Initialization Completed.
T0104_UpDoor
T0104_UpDoor (TransitionSetting)
Transfer to T0104_UpDoor , location is: (2055.00, 174.00, 0.00)
Unloading 37551 unused Assets to reduce memory usage. Loaded Objects now: 48229.
Total: 58.261800 ms (FindLiveObjects: 3.917900 ms CreateObjectMapping: 2.836500 ms MarkObjects: 25.752300 ms  DeleteObjects: 25.754800 ms)

***IsRestraintArms False
IE_FadeOut START
***IsRestraintArms False
Unloading 7 Unused Serialized files (Serialized files now loaded: 0)
***MultiSwitchOnDisable
***T0104_LockFloorDoorOnDisable
***T0104_RightDoorOnDisable
***T0104_LeftDoorOnDisable
***T0104_UpDoorOnDisable
[PhysX] Initialized MultithreadedTaskDispatcher with 12 workers.
UnloadTime: 0.669800 ms
PCHCheck is True
Immortal Loss Beta 0.58.0, GameVersion is : Beta0.58.0, PCH is True.
startLoadJsonTime = 859.0762
endLoadJsoneTime = 859.2111
Loading Duation is = 0.1348877
***NPC_Villager_BlueOnEnable
***NPC_Villager_RedOnEnable
***NPC_Villager_GreyOnEnable
***NPC_BanditOnEnable
***T0106_HouseDoor2F_LOnEnable
***T0106_LeftEndOnEnable
***T0106_LeftDoorOnEnable
***T0106_AchHouseOnEnable
***T0106_HouseDoor2F_ROnEnable
***T0106_HouseDoor3F_MidOnEnable
***T0106_HouseDoor1F_LOnEnable
***T0106_RightEndOnEnable
***Lantern_0106_BlackBerryTownOnEnable
***NPC_SapphyraOnEnable
***NPC_Sapphyra_PseudoOnEnable
***NPC_FramboiseOnEnable
***ObtainItem_TearDropOnEnable
***ObtainDiscovery_SapphyraNote2OnEnable
***ObtainDiscovery_Tentacle reportOnEnable
***ObtainDiscovery_WantedLORDOnEnable
***ObtainDiscovery_Flyer1OnEnable
***ObtainDiscovery_NoneNameNote6OnEnable
GameManager Initialization Completed.
***NPC_FramboiseOnDisable
***NPC_SapphyraOnDisable
Unloading 4380 unused Assets to reduce memory usage. Loaded Objects now: 82308.
Total: 36.942700 ms (FindLiveObjects: 3.828800 ms CreateObjectMapping: 2.446600 ms MarkObjects: 27.438400 ms  DeleteObjects: 3.228700 ms)

***IsRestraintArms False
***ObtainItem_TearDropOnDisable
***ObtainDiscovery_SapphyraNote2OnDisable
***ObtainDiscovery_Tentacle reportOnDisable
***ObtainDiscovery_WantedLORDOnDisable
***ObtainDiscovery_Flyer1OnDisable
***ObtainDiscovery_NoneNameNote6OnDisable
**************5
ℹ️ 傳入的 FirstArriveBlackBerryDale 小於或等於目前的 FirstArriveZinniaStreet，不更新
Open NPC Function
Wait for walking
isInTimeLineStandBy
Have Open this lantern.
Wait for walking
isInTimeLineWalk
Wait for turning
isInTimeLineStandBy
Wait for IE_FadeIn
IE_FadeOut START
Unloading 14 Unused Serialized files (Serialized files now loaded: 0)
***NPC_BanditOnDisable
***T0106_LeftDoorOnDisable
***T0106_HouseDoor1F_LOnDisable
***T0106_HouseDoor2F_LOnDisable
***T0106_HouseDoor2F_ROnDisable
***T0106_HouseDoor3F_MidOnDisable
***T0106_RightEndOnDisable
***T0106_LeftEndOnDisable
***T0106_AchHouseOnDisable
***NPC_Sapphyra_PseudoOnDisable
***NPC_Villager_BlueOnDisable
***NPC_Villager_RedOnDisable
***NPC_Villager_GreyOnDisable
***Lantern_0106_BlackBerryTownOnDisable
[PhysX] Initialized MultithreadedTaskDispatcher with 12 workers.
UnloadTime: 1.112200 ms
PCHCheck is True
Immortal Loss Beta 0.58.0, GameVersion is : Beta0.58.0, PCH is True.
startLoadJsonTime = 866.8995
endLoadJsoneTime = 867.0406
Loading Duation is = 0.1411743
***S01118_HeaterOnEnable
***T0118_EndROnEnable
***T0118_EndUOnEnable
***T0118_DoorOnEnable
***Lantern_0118_SteamHotSpringOnEnable
***S0118FixHeater_ProtyaOnEnable
***S01118_HotSpringTriggerEventOnEnable
GameManager Initialization Completed.
Lantern_0118_SteamHotSpring
Lantern_0118_SteamHotSpring (TransitionSetting)
Transfer to Lantern_0118_SteamHotSpring , location is: (2772.50, -64.88, 0.00)
Unloading 37524 unused Assets to reduce memory usage. Loaded Objects now: 50449.
Total: 59.709200 ms (FindLiveObjects: 4.090900 ms CreateObjectMapping: 2.949100 ms MarkObjects: 25.684400 ms  DeleteObjects: 26.984700 ms)

***IsRestraintArms False
***S0118FixHeater_ProtyaOnDisable
IE_FadeOut START
Unloading 11 Unused Serialized files (Serialized files now loaded: 0)
***Lantern_0118_SteamHotSpringOnDisable
***T0118_EndROnDisable
***T0118_EndUOnDisable
***T0118_DoorOnDisable
***S01118_HeaterOnDisable
***S01118_HotSpringTriggerEventOnDisable
[PhysX] Initialized MultithreadedTaskDispatcher with 12 workers.
UnloadTime: 1.004700 ms
PCHCheck is True
Immortal Loss Beta 0.58.0, GameVersion is : Beta0.58.0, PCH is True.
startLoadJsonTime = 872.0007
endLoadJsoneTime = 872.1415
Loading Duation is = 0.1408081
***T0117_DoorOnEnable
***T0117_EndROnEnable
***T0117_EndLOnEnable
***T0117_LadderOnEnable
GameManager Initialization Completed.
T0117_EndL
T0117_EndL (TransitionSetting)
Transfer to T0117_EndL , location is: (2842.82, -82.94, 0.00)
Unloading 1219 unused Assets to reduce memory usage. Loaded Objects now: 49387.
Total: 30.226800 ms (FindLiveObjects: 2.614200 ms CreateObjectMapping: 1.376900 ms MarkObjects: 25.281000 ms  DeleteObjects: 0.954400 ms)

***IsRestraintArms False
IE_FadeOut START
Unloading 14 Unused Serialized files (Serialized files now loaded: 0)
***T0117_DoorOnDisable
***T0117_LadderOnDisable
***T0117_EndLOnDisable
***T0117_EndROnDisable
[PhysX] Initialized MultithreadedTaskDispatcher with 12 workers.
UnloadTime: 1.330300 ms
PCHCheck is True
Immortal Loss Beta 0.58.0, GameVersion is : Beta0.58.0, PCH is True.
startLoadJsonTime = 875.0798
endLoadJsoneTime = 875.2209
Loading Duation is = 0.1411133
***S01118_HeaterOnEnable
***T0118_EndROnEnable
***T0118_EndUOnEnable
***T0118_DoorOnEnable
***Lantern_0118_SteamHotSpringOnEnable
***S0118FixHeater_ProtyaOnEnable
***S01118_HotSpringTriggerEventOnEnable
GameManager Initialization Completed.
T0118_EndR
T0118_EndR (TransitionSetting)
Transfer to T0118_EndR , location is: (2846.41, -82.94, 0.00)
Unloading 27 unused Assets to reduce memory usage. Loaded Objects now: 50285.
Total: 30.149300 ms (FindLiveObjects: 3.013700 ms CreateObjectMapping: 1.540200 ms MarkObjects: 25.505900 ms  DeleteObjects: 0.089100 ms)

***IsRestraintArms False
***S0118FixHeater_ProtyaOnDisable
IE_FadeOut START
Unloading 11 Unused Serialized files (Serialized files now loaded: 0)
***Lantern_0118_SteamHotSpringOnDisable
***T0118_EndROnDisable
***T0118_EndUOnDisable
***T0118_DoorOnDisable
***S01118_HeaterOnDisable
***S01118_HotSpringTriggerEventOnDisable
[PhysX] Initialized MultithreadedTaskDispatcher with 12 workers.
UnloadTime: 0.708500 ms
PCHCheck is True
Immortal Loss Beta 0.58.0, GameVersion is : Beta0.58.0, PCH is True.
startLoadJsonTime = 888.1528
endLoadJsoneTime = 888.2925
Loading Duation is = 0.1397095
***T0117_DoorOnEnable
***T0117_EndROnEnable
***T0117_EndLOnEnable
***T0117_LadderOnEnable
GameManager Initialization Completed.
T0117_EndL
T0117_EndL (TransitionSetting)
Transfer to T0117_EndL , location is: (2842.82, -82.94, 0.00)
Unloading 1220 unused Assets to reduce memory usage. Loaded Objects now: 49378.
Total: 30.793700 ms (FindLiveObjects: 2.682000 ms CreateObjectMapping: 1.390700 ms MarkObjects: 25.754300 ms  DeleteObjects: 0.966200 ms)

***IsRestraintArms False
Adding Enemy: NDog to List.
EnterGetHurt
Remove this dead Enemy from List.
Drop Sands :45
Adding Enemy: NDog to List.
Adding Enemy: NZombie to List.
EnterGetHurt
EnterGetHurt
Remove this dead Enemy from List.
Drop Sands :77
Remove this dead Enemy from List.
Drop Sands :45
沒有可用的 SE AudioSource 供播放。
LedgeDetected!     is Pene Up
***GameManager.Instance.playerAnimation.ClimbPoint.position (2920.78, -63.11, 0.00)
Adding Enemy: NZombie to List.
EnterGetHurt
Remove this dead Enemy from List.
Drop Sands :77
IE_FadeOut START
Unloading 12 Unused Serialized files (Serialized files now loaded: 0)
***T0117_DoorOnDisable
***T0117_LadderOnDisable
***T0117_EndLOnDisable
***T0117_EndROnDisable
[PhysX] Initialized MultithreadedTaskDispatcher with 12 workers.
UnloadTime: 1.358100 ms
PCHCheck is True
Immortal Loss Beta 0.58.0, GameVersion is : Beta0.58.0, PCH is True.
startLoadJsonTime = 903.417
endLoadJsoneTime = 903.5572
Loading Duation is = 0.1401978
***T0115_PaintingDoorOnEnable
***T0115_FloorDoorOnEnable
***T0115_HoleUOnEnable
***T0115_HoleDOnEnable
GameManager Initialization Completed.
T0115_FloorDoorL
T0115_FloorDoor (TransitionSetting)
Transfer to T0115_FloorDoor , location is: (2991.37, 23.40, 0.00)
Unloading 4022 unused Assets to reduce memory usage. Loaded Objects now: 48415.
Total: 34.061700 ms (FindLiveObjects: 2.632700 ms CreateObjectMapping: 1.456800 ms MarkObjects: 27.016900 ms  DeleteObjects: 2.954900 ms)

***IsRestraintArms False
Adding Enemy: NZombie to List.
Adding Enemy: NDog to List.
EnterGetHurt
Remove this dead Enemy from List.
Drop Sands :77
EnterGetHurt
Remove Enemy: NDog from List.
Adding Enemy: NDog to List.
Remove this dead Enemy from List.
Drop Sands :45
IE_FadeOut START
Unloading 13 Unused Serialized files (Serialized files now loaded: 0)
***T0115_HoleUOnDisable
***T0115_HoleDOnDisable
***T0115_FloorDoorOnDisable
***T0115_PaintingDoorOnDisable
[PhysX] Initialized MultithreadedTaskDispatcher with 12 workers.
UnloadTime: 0.982700 ms
PCHCheck is True
Immortal Loss Beta 0.58.0, GameVersion is : Beta0.58.0, PCH is True.
startLoadJsonTime = 933.558
endLoadJsoneTime = 933.6981
Loading Duation is = 0.1400146
***T0116_DoorOnEnable
***RelicOnEnable
GameManager Initialization Completed.
T0116_DoorR
T0116_Door (TransitionSetting)
Transfer to T0116_Door , location is: (2937.60, 28.86, 0.00)
Unloading 2727 unused Assets to reduce memory usage. Loaded Objects now: 50546.
Total: 31.800000 ms (FindLiveObjects: 2.583200 ms CreateObjectMapping: 1.426200 ms MarkObjects: 25.767200 ms  DeleteObjects: 2.022800 ms)

***IsRestraintArms False
***RelicOnDisable
IE_FadeOut START
Unloading 12 Unused Serialized files (Serialized files now loaded: 0)
***T0116_DoorOnDisable
[PhysX] Initialized MultithreadedTaskDispatcher with 12 workers.
UnloadTime: 0.615300 ms
PCHCheck is True
Immortal Loss Beta 0.58.0, GameVersion is : Beta0.58.0, PCH is True.
startLoadJsonTime = 939.8275
endLoadJsoneTime = 939.9677
Loading Duation is = 0.1401978
***T0115_PaintingDoorOnEnable
***T0115_FloorDoorOnEnable
***T0115_HoleUOnEnable
***T0115_HoleDOnEnable
GameManager Initialization Completed.
T0115_DoorL
T0115_PaintingDoor (TransitionSetting)
Transfer to T0115_PaintingDoor , location is: (2937.68, 34.40, 0.00)
Unloading 4975 unused Assets to reduce memory usage. Loaded Objects now: 48432.
Total: 32.494900 ms (FindLiveObjects: 2.598300 ms CreateObjectMapping: 1.556900 ms MarkObjects: 25.071300 ms  DeleteObjects: 3.267900 ms)

***IsRestraintArms False
IE_FadeOut START
The referenced script (SetChains) on this Behaviour is missing!
The referenced script on this Behaviour (Game Object 'ChainJoint') is missing!
Unloading 13 Unused Serialized files (Serialized files now loaded: 0)
***T0115_HoleUOnDisable
***T0115_HoleDOnDisable
***T0115_FloorDoorOnDisable
***T0115_PaintingDoorOnDisable
[PhysX] Initialized MultithreadedTaskDispatcher with 12 workers.
UnloadTime: 0.971200 ms
PCHCheck is True
Immortal Loss Beta 0.58.0, GameVersion is : Beta0.58.0, PCH is True.
startLoadJsonTime = 945.9355
endLoadJsoneTime = 946.0754
Loading Duation is = 0.1399536
***T0122_EndROnEnable
***T0122_EndLOnEnable
***T0122_EndUOnEnable
***TriggerEventOnEnable
***SwitchOnEnable
GameManager Initialization Completed.
T0122_EndU
T0122_EndU (TransitionSetting)
Transfer to T0122_EndU , location is: (3061.84, -25.66, 0.00)
Unloading 3743 unused Assets to reduce memory usage. Loaded Objects now: 48544.
Total: 32.109600 ms (FindLiveObjects: 2.517400 ms CreateObjectMapping: 1.348800 ms MarkObjects: 25.485600 ms  DeleteObjects: 2.757500 ms)

***IsRestraintArms False
***TriggerEventOnDisable
IE_FadeOut START
Unloading 11 Unused Serialized files (Serialized files now loaded: 0)
***SwitchOnDisable
***T0122_EndUOnDisable
***T0122_EndLOnDisable
***T0122_EndROnDisable
[PhysX] Initialized MultithreadedTaskDispatcher with 12 workers.
UnloadTime: 1.865600 ms
PCHCheck is True
Immortal Loss Beta 0.58.0, GameVersion is : Beta0.58.0, PCH is True.
startLoadJsonTime = 952.1525
endLoadJsoneTime = 952.2929
Loading Duation is = 0.1404419
***T0117_DoorOnEnable
***T0117_EndROnEnable
***T0117_EndLOnEnable
***T0117_LadderOnEnable
GameManager Initialization Completed.
T0117_EndR
T0117_EndR (TransitionSetting)
Transfer to T0117_EndR , location is: (2995.83, -82.94, 0.00)
Unloading 2841 unused Assets to reduce memory usage. Loaded Objects now: 49403.
Total: 31.774000 ms (FindLiveObjects: 2.524100 ms CreateObjectMapping: 1.428100 ms MarkObjects: 25.701300 ms  DeleteObjects: 2.120200 ms)

***IsRestraintArms False
<color=#0099bc><b>DOTWEEN ► </b></color>Max Tweens reached: capacity has automatically been increased from 200/50 to 500/50. Use DOTween.SetTweensCapacity to set it manually at startup
IE_FadeOut START
Unloading 14 Unused Serialized files (Serialized files now loaded: 0)
***T0117_DoorOnDisable
***T0117_LadderOnDisable
***T0117_EndLOnDisable
***T0117_EndROnDisable
[PhysX] Initialized MultithreadedTaskDispatcher with 12 workers.
UnloadTime: 1.336300 ms
PCHCheck is True
Immortal Loss Beta 0.58.0, GameVersion is : Beta0.58.0, PCH is True.
startLoadJsonTime = 958.5163
endLoadJsoneTime = 958.6566
Loading Duation is = 0.1403198
***S01118_HeaterOnEnable
***T0118_EndROnEnable
***T0118_EndUOnEnable
***T0118_DoorOnEnable
***Lantern_0118_SteamHotSpringOnEnable
***S0118FixHeater_ProtyaOnEnable
***S01118_HotSpringTriggerEventOnEnable
GameManager Initialization Completed.
T0118_EndR
T0118_EndR (TransitionSetting)
Transfer to T0118_EndR , location is: (2846.41, -82.94, 0.00)
Unloading 35 unused Assets to reduce memory usage. Loaded Objects now: 50321.
Total: 30.162900 ms (FindLiveObjects: 2.475700 ms CreateObjectMapping: 1.251700 ms MarkObjects: 26.339200 ms  DeleteObjects: 0.096000 ms)

***IsRestraintArms False
***S0118FixHeater_ProtyaOnDisable
False
0
Select something.
blackCanvas color black
IE_FadeOut START
***IsRestraintArms False
Unloading 7 Unused Serialized files (Serialized files now loaded: 0)
***T0118_EndROnDisable
***T0118_EndUOnDisable
***T0118_DoorOnDisable
***S01118_HeaterOnDisable
***S01118_HotSpringTriggerEventOnDisable
***Lantern_0118_SteamHotSpringOnDisable
[PhysX] Initialized MultithreadedTaskDispatcher with 12 workers.
UnloadTime: 0.741300 ms
PCHCheck is True
Immortal Loss Beta 0.58.0, GameVersion is : Beta0.58.0, PCH is True.
startLoadJsonTime = 979.52
endLoadJsoneTime = 979.6551
Loading Duation is = 0.1350708
***NPC_Villager_BlueOnEnable
***NPC_Villager_RedOnEnable
***NPC_Villager_GreyOnEnable
***NPC_BanditOnEnable
***T0106_HouseDoor2F_LOnEnable
***T0106_LeftEndOnEnable
***T0106_LeftDoorOnEnable
***T0106_AchHouseOnEnable
***T0106_HouseDoor2F_ROnEnable
***T0106_HouseDoor3F_MidOnEnable
***T0106_HouseDoor1F_LOnEnable
***T0106_RightEndOnEnable
***Lantern_0106_BlackBerryTownOnEnable
***NPC_SapphyraOnEnable
***NPC_Sapphyra_PseudoOnEnable
***NPC_FramboiseOnEnable
***ObtainItem_TearDropOnEnable
***ObtainDiscovery_SapphyraNote2OnEnable
***ObtainDiscovery_Tentacle reportOnEnable
***ObtainDiscovery_WantedLORDOnEnable
***ObtainDiscovery_Flyer1OnEnable
***ObtainDiscovery_NoneNameNote6OnEnable
GameManager Initialization Completed.
***NPC_FramboiseOnDisable
***NPC_SapphyraOnDisable
Unloading 6431 unused Assets to reduce memory usage. Loaded Objects now: 82371.
Total: 37.315500 ms (FindLiveObjects: 3.936200 ms CreateObjectMapping: 2.489400 ms MarkObjects: 26.290600 ms  DeleteObjects: 4.599100 ms)

***IsRestraintArms False
***ObtainItem_TearDropOnDisable
***ObtainDiscovery_SapphyraNote2OnDisable
***ObtainDiscovery_Tentacle reportOnDisable
***ObtainDiscovery_WantedLORDOnDisable
***ObtainDiscovery_Flyer1OnDisable
***ObtainDiscovery_NoneNameNote6OnDisable
**************5
ℹ️ 傳入的 FirstArriveBlackBerryDale 小於或等於目前的 FirstArriveZinniaStreet，不更新
Open NPC Function
Wait for walking
isInTimeLineStandBy
Have Open this lantern.
Wait for walking
isInTimeLineWalk
Wait for turning
isInTimeLineStandBy
Wait for IE_FadeIn
IE_FadeOut START
Unloading 12 Unused Serialized files (Serialized files now loaded: 0)
***Lantern_0106_BlackBerryTownOnDisable
***NPC_Sapphyra_PseudoOnDisable
***NPC_Villager_BlueOnDisable
***NPC_Villager_GreyOnDisable
***NPC_BanditOnDisable
***NPC_Villager_RedOnDisable
***T0106_LeftDoorOnDisable
***T0106_HouseDoor1F_LOnDisable
***T0106_HouseDoor2F_LOnDisable
***T0106_HouseDoor2F_ROnDisable
***T0106_HouseDoor3F_MidOnDisable
***T0106_RightEndOnDisable
***T0106_LeftEndOnDisable
***T0106_AchHouseOnDisable
[PhysX] Initialized MultithreadedTaskDispatcher with 12 workers.
UnloadTime: 1.050500 ms
PCHCheck is True
Immortal Loss Beta 0.58.0, GameVersion is : Beta0.58.0, PCH is True.
startLoadJsonTime = 992.7126
endLoadJsoneTime = 992.8536
Loading Duation is = 0.1409912
***T0202_MidDoorOnEnable
***T0202_LeftDoorOnEnable
***T0202_RightEndOnEnable
***T0202_DownEndOnEnable
***T0202_RightDoorOnEnable
***LanternObjectOnEnable
***TriggerEvent_DS01OnEnable
***TriggerEvent_DS02OnEnable
***SwitchTarget TriggerEvent_DS03OnEnable
***ItemOnEnable
***SwitchOnEnable
***SwitchTargetOnEnable
GameManager Initialization Completed.
Lantern_0202_VillageSewer
LanternObject (TransitionSetting)
Transfer to LanternObject , location is: (1609.81, -412.61, 0.00)
Unloading 37931 unused Assets to reduce memory usage. Loaded Objects now: 49491.
Total: 59.456400 ms (FindLiveObjects: 4.096400 ms CreateObjectMapping: 3.211300 ms MarkObjects: 25.498700 ms  DeleteObjects: 26.649700 ms)

***IsRestraintArms False
***ItemOnDisable
***TriggerEvent_DS02OnDisable
***TriggerEvent_DS01OnDisable
***SwitchTarget TriggerEvent_DS03OnDisable
LedgeDetected!     is Wall
***GameManager.Instance.playerAnimation.ClimbPoint.position (1591.31, -410.22, 0.00)
LedgeDetected!     is Pene Up
***GameManager.Instance.playerAnimation.ClimbPoint.position (1551.83, -398.66, 0.00)
IE_FadeOut START
Unloading 12 Unused Serialized files (Serialized files now loaded: 0)
***T0202_LeftDoorOnDisable
***T0202_MidDoorOnDisable
***T0202_RightDoorOnDisable
***T0202_DownEndOnDisable
***T0202_RightEndOnDisable
***LanternObjectOnDisable
***SwitchOnDisable
***SwitchTargetOnDisable
[PhysX] Initialized MultithreadedTaskDispatcher with 12 workers.
UnloadTime: 0.995900 ms
PCHCheck is True
Immortal Loss Beta 0.58.0, GameVersion is : Beta0.58.0, PCH is True.
startLoadJsonTime = 1008.389
endLoadJsoneTime = 1008.529
Loading Duation is = 0.1408081
***T0206_LeftEndOnEnable
***T0206_UpDoorOnEnable
***ItemOnEnable
GameManager Initialization Completed.
T0206_UpDoor
T0206_UpDoor (TransitionSetting)
Transfer to T0206_UpDoor , location is: (1784.00, -413.71, 0.00)
Unloading 3995 unused Assets to reduce memory usage. Loaded Objects now: 48957.
Total: 32.031800 ms (FindLiveObjects: 2.565400 ms CreateObjectMapping: 1.382600 ms MarkObjects: 26.180300 ms  DeleteObjects: 1.903200 ms)

***IsRestraintArms False
***ItemOnDisable
Adding Enemy: PenisWorm0 to List.
ParasiteCondition.
Tag is PenisWorm0
PenisWorm0 para. random failed.
Remove this dead Enemy from List.
Drop Sands :30
Drop Sands :60
Drop Sands :60
LedgeDetected!     is Pene
***GameManager.Instance.playerAnimation.ClimbPoint.position (1765.18, -421.37, 0.00)
Adding Enemy: PenisWorm0 to List.
ParasiteCondition.
Tag is PenisWorm0
PenisWorm0 para. random failed.
Remove Enemy: PenisWorm0 from List.
LedgeDetected!     is Pene Up
***GameManager.Instance.playerAnimation.ClimbPoint.position (1770.48, -451.81, 0.00)
Adding Enemy: PenisWorm1 to List.
ParasiteCondition.
Tag is PenisWorm1
TornCloth to state 1
Remove Enemy: PenisWorm1 from List.
Adding Enemy: PenisWorm0 to List.
Remove Enemy: PenisWorm0 from List.
LedgeDetected!     is Wall
***GameManager.Instance.playerAnimation.ClimbPoint.position (1791.33, -507.95, 0.00)
Drop Sands :60
Adding Enemy: PenisWorm1 to List.
Remove Enemy: PenisWorm1 from List.
IE_FadeOut START
Unloading 11 Unused Serialized files (Serialized files now loaded: 0)
***T0206_LeftEndOnDisable
***T0206_UpDoorOnDisable
[PhysX] Initialized MultithreadedTaskDispatcher with 12 workers.
UnloadTime: 1.005500 ms
PCHCheck is True
Immortal Loss Beta 0.58.0, GameVersion is : Beta0.58.0, PCH is True.
startLoadJsonTime = 1034.972
endLoadJsoneTime = 1035.112
Loading Duation is = 0.140625
***T0205_UpEndOnEnable
***T0205_RightEndOnEnable
***ItemOnEnable
***ObtainDiscovery_NoneNameNote5OnEnable
GameManager Initialization Completed.
T0205_RightEnd
T0205_RightEnd (TransitionSetting)
Transfer to T0205_RightEnd , location is: (1655.83, -531.92, 0.00)
Unloading 3400 unused Assets to reduce memory usage. Loaded Objects now: 47231.
Total: 30.960000 ms (FindLiveObjects: 2.352300 ms CreateObjectMapping: 1.244500 ms MarkObjects: 25.763500 ms  DeleteObjects: 1.599300 ms)

***IsRestraintArms False
***ItemOnDisable
***ObtainDiscovery_NoneNameNote5OnDisable
LedgeDetected!     is Pene
***GameManager.Instance.playerAnimation.ClimbPoint.position (1565.09, -543.06, 0.00)
LedgeDetected!     is Pene
***GameManager.Instance.playerAnimation.ClimbPoint.position (1521.09, -616.20, 0.00)
Adding Enemy: PenisWorm1 to List.
ParasiteCondition.
Tag is PenisWorm1
AddingParaToBreast PenisWorm1 PenisWorm1_Prefab (3) (Enemy_PenisWorm1)
Remove this parasited Enemy from List.
Adding Enemy: PenisWorm0 to List.
Adding Enemy: PenisWorm1 to List.
ParasiteCondition.
Tag is PenisWorm1
TornCloth to state 2
Remove Enemy: PenisWorm1 from List.
Adding Enemy: PenisWorm1 to List.
Remove Enemy: PenisWorm1 from List.
Remove Enemy: PenisWorm0 from List.
LedgeDetected!     is Pene Up
***GameManager.Instance.playerAnimation.ClimbPoint.position (1522.39, -618.04, 0.00)
LedgeDetected!     is Pene Up
***GameManager.Instance.playerAnimation.ClimbPoint.position (1507.25, -601.38, 0.00)
Using ShockKernal
Remove Orgasm speed 0.01
Adding Enemy: PenisWorm1 to List.
Remove Enemy: PenisWorm1 from List.
Adding Enemy: PenisWorm1 to List.
Remove this dead Enemy from List.
Drop Sands :60
LedgeDetected!     is Pene Up
***GameManager.Instance.playerAnimation.ClimbPoint.position (1511.03, -628.04, 0.00)
LedgeDetected!     is Pene Up
***GameManager.Instance.playerAnimation.ClimbPoint.position (1511.56, -601.38, 0.00)
LedgeDetected!     is Pene
***GameManager.Instance.playerAnimation.ClimbPoint.position (1562.18, -562.53, 0.00)
LedgeDetected!     is Wall
***GameManager.Instance.playerAnimation.ClimbPoint.position (1571.88, -535.57, 0.00)
IE_FadeOut START
Unloading 12 Unused Serialized files (Serialized files now loaded: 0)
***T0205_UpEndOnDisable
***T0205_RightEndOnDisable
[PhysX] Initialized MultithreadedTaskDispatcher with 12 workers.
UnloadTime: 0.956600 ms
PCHCheck is True
Immortal Loss Beta 0.58.0, GameVersion is : Beta0.58.0, PCH is True.
startLoadJsonTime = 1075.123
endLoadJsoneTime = 1075.263
Loading Duation is = 0.1398926
***T0206_LeftEndOnEnable
***T0206_UpDoorOnEnable
***ItemOnEnable
GameManager Initialization Completed.
T0206_LeftEnd
T0206_LeftEnd (TransitionSetting)
Transfer to T0206_LeftEnd , location is: (1686.32, -533.20, 0.00)
Unloading 1835 unused Assets to reduce memory usage. Loaded Objects now: 48973.
Total: 31.185200 ms (FindLiveObjects: 2.585400 ms CreateObjectMapping: 1.332900 ms MarkObjects: 26.257900 ms  DeleteObjects: 1.008800 ms)

***IsRestraintArms False
***ItemOnDisable
Drop Sands :60
LedgeDetected!     is Pene Up
***GameManager.Instance.playerAnimation.ClimbPoint.position (1778.58, -504.45, 0.00)
LedgeDetected!     is Pene Up
***GameManager.Instance.playerAnimation.ClimbPoint.position (1760.21, -467.45, 0.00)
LedgeDetected!     is Pene
***GameManager.Instance.playerAnimation.ClimbPoint.position (1758.39, -441.11, 0.00)
Adding Dash Force.
LedgeDetected!     is Pene
***GameManager.Instance.playerAnimation.ClimbPoint.position (1752.32, -428.28, 0.00)
IE_FadeOut START
Unloading 12 Unused Serialized files (Serialized files now loaded: 0)
***T0206_LeftEndOnDisable
***T0206_UpDoorOnDisable
[PhysX] Initialized MultithreadedTaskDispatcher with 12 workers.
UnloadTime: 0.970000 ms
PCHCheck is True
Immortal Loss Beta 0.58.0, GameVersion is : Beta0.58.0, PCH is True.
startLoadJsonTime = 1093.779
endLoadJsoneTime = 1093.92
Loading Duation is = 0.1412354
***T0202_MidDoorOnEnable
***T0202_LeftDoorOnEnable
***T0202_RightEndOnEnable
***T0202_DownEndOnEnable
***T0202_RightDoorOnEnable
***LanternObjectOnEnable
***TriggerEvent_DS01OnEnable
***TriggerEvent_DS02OnEnable
***SwitchTarget TriggerEvent_DS03OnEnable
***ItemOnEnable
***SwitchOnEnable
***SwitchTargetOnEnable
GameManager Initialization Completed.
T0202_RightDoor
T0202_RightDoor (TransitionSetting)
Transfer to T0202_RightDoor , location is: (1783.43, -413.21, 0.00)
Unloading 3399 unused Assets to reduce memory usage. Loaded Objects now: 49343.
Total: 34.063600 ms (FindLiveObjects: 3.808100 ms CreateObjectMapping: 1.628900 ms MarkObjects: 27.059500 ms  DeleteObjects: 1.566900 ms)

***IsRestraintArms False
***ItemOnDisable
***TriggerEvent_DS02OnDisable
***TriggerEvent_DS01OnDisable
***SwitchTarget TriggerEvent_DS03OnDisable
IE_FadeOut START
Unloading 11 Unused Serialized files (Serialized files now loaded: 0)
***LanternObjectOnDisable
***SwitchOnDisable
***SwitchTargetOnDisable
***T0202_LeftDoorOnDisable
***T0202_MidDoorOnDisable
***T0202_RightDoorOnDisable
***T0202_DownEndOnDisable
***T0202_RightEndOnDisable
[PhysX] Initialized MultithreadedTaskDispatcher with 12 workers.
UnloadTime: 0.925700 ms
PCHCheck is True
Immortal Loss Beta 0.58.0, GameVersion is : Beta0.58.0, PCH is True.
startLoadJsonTime = 1118.878
endLoadJsoneTime = 1119.02
Loading Duation is = 0.1417236
***T0207_LeftEndOnEnable
***T0207_RightEndOnEnable
***T0207_MidDoorOnEnable
***ObtainDiscovery_SapphyraNote1OnEnable
***PoorMemoOnEnable
GameManager Initialization Completed.
T0207_LeftEnd
T0207_LeftEnd (TransitionSetting)
Transfer to T0207_LeftEnd , location is: (1802.50, -418.71, 0.00)
Unloading 3766 unused Assets to reduce memory usage. Loaded Objects now: 47585.
Total: 41.577100 ms (FindLiveObjects: 2.656100 ms CreateObjectMapping: 1.559500 ms MarkObjects: 35.536500 ms  DeleteObjects: 1.824500 ms)

***IsRestraintArms False
***ObtainDiscovery_SapphyraNote1OnDisable
***PoorMemoOnDisable
Adding Enemy: PenisWorm1 to List.
LedgeDetected!     is Pene Up
Remove Enemy: PenisWorm1 from List.
***GameManager.Instance.playerAnimation.ClimbPoint.position (1890.58, -431.71, 0.00)
LedgeDetected!     is Wall
***GameManager.Instance.playerAnimation.ClimbPoint.position (1899.21, -445.32, 0.00)
Drop Sands :60
Drop Sands :60
Drop Sands :60
Drop Sands :60
Drop Sands :60
Drop Sands :60
Drop Sands :60
Adding Enemy: PenisWorm0 to List.
Adding Enemy: PenisWorm0 to List.
Remove Enemy: PenisWorm0 from List.
Remove Enemy: PenisWorm0 from List.
IE_FadeOut START
Unloading 15 Unused Serialized files (Serialized files now loaded: 0)
***T0207_LeftEndOnDisable
***T0207_RightEndOnDisable
***T0207_MidDoorOnDisable
[PhysX] Initialized MultithreadedTaskDispatcher with 12 workers.
UnloadTime: 1.035300 ms
PCHCheck is True
Immortal Loss Beta 0.58.0, GameVersion is : Beta0.58.0, PCH is True.
startLoadJsonTime = 1134.957
endLoadJsoneTime = 1135.099
Loading Duation is = 0.1417236
***T0209_UpDoorOnEnable
***T0209_RightDoorOnEnable
***RelicOnEnable
***TriggerEvent_S0209_DS00OnEnable
***S0209SwitchOnEnable
***S0209IronGateOnEnable
GameManager Initialization Completed.
T0209_UpDoor
T0209_UpDoor (TransitionSetting)
Transfer to T0209_UpDoor , location is: (1919.00, -470.21, 0.00)
Unloading 1319 unused Assets to reduce memory usage. Loaded Objects now: 47863.
Total: 35.155600 ms (FindLiveObjects: 2.471900 ms CreateObjectMapping: 1.375700 ms MarkObjects: 30.604000 ms  DeleteObjects: 0.703800 ms)

***IsRestraintArms False
***RelicOnDisable
***TriggerEvent_S0209_DS00OnDisable
Adding Enemy: Tentacle to List.
Chase
PullATK
Remove Enemy: Tentacle from List.
ATKBox 1
ATKBox 0
Adding Enemy: Tentacle to List.
LedgeDetected!     is Wall
***GameManager.Instance.playerAnimation.ClimbPoint.position (1868.93, -494.28, 0.00)
PullATK
ATKBox 1
ATKBox 0
Remove Enemy: Tentacle from List.
PullATK
ATKBox 1
ATKBox 0
Adding Enemy: Tentacle to List.
Chase
PullATK
Remove Enemy: Tentacle from List.
LedgeDetected!     is Pene Up
***GameManager.Instance.playerAnimation.ClimbPoint.position (1901.22, -535.19, 0.00)
ATKBox 1
ATKBox 0
Change to Crawl.
Change to Stand.
IE_FadeOut START
Unloading 11 Unused Serialized files (Serialized files now loaded: 0)
***S0209SwitchOnDisable
***S0209IronGateOnDisable
***T0209_RightDoorOnDisable
***T0209_UpDoorOnDisable
[PhysX] Initialized MultithreadedTaskDispatcher with 12 workers.
UnloadTime: 1.237800 ms
PCHCheck is True
Immortal Loss Beta 0.58.0, GameVersion is : Beta0.58.0, PCH is True.
startLoadJsonTime = 1158.929
endLoadJsoneTime = 1159.069
Loading Duation is = 0.1400146
***T0208_LeftEndOnEnable
***T0208_LeftDoorOnEnable
***T0208_MidCave12OnEnable
***T0208_MidCave11OnEnable
***T0208_MidCave13OnEnable
***T0208_LockDoorOnEnable
***ObtainDiscovery_NoneNameNote3OnEnable
***ItemOnEnable
GameManager Initialization Completed.
T0208_LeftDoor
T0208_LeftDoor (TransitionSetting)
Transfer to T0208_LeftDoor , location is: (1997.12, -548.71, 0.00)
Unloading 2940 unused Assets to reduce memory usage. Loaded Objects now: 53318.
Total: 32.098100 ms (FindLiveObjects: 2.796700 ms CreateObjectMapping: 1.512100 ms MarkObjects: 26.412200 ms  DeleteObjects: 1.376800 ms)

***IsRestraintArms False
***ObtainDiscovery_NoneNameNote3OnDisable
***ItemOnDisable
Adding Enemy: Tentacle to List.
Chase
PullATK
Remove Enemy: Tentacle from List.
ATKBox 1
ATKBox 0
PullATK
ATKBox 1
ATKBox 0
Adding Enemy: Tentacle to List.
Chase
PullATK
Remove Enemy: Tentacle from List.
ATKBox 1
ATKBox 0
PullATK
ATKBox 1
ATKBox 0
IE_FadeOut START
***IsRestraintArms False
Unloading 7 Unused Serialized files (Serialized files now loaded: 0)
***T0208_LockDoorOnDisable
***T0208_LeftEndOnDisable
***T0208_LeftDoorOnDisable
***T0208_MidCave11OnDisable
***T0208_MidCave12OnDisable
***T0208_MidCave13OnDisable
[PhysX] Initialized MultithreadedTaskDispatcher with 12 workers.
UnloadTime: 0.956900 ms
PCHCheck is True
Immortal Loss Beta 0.58.0, GameVersion is : Beta0.58.0, PCH is True.
startLoadJsonTime = 1188.722
endLoadJsoneTime = 1188.858
Loading Duation is = 0.1359863
***NPC_Villager_BlueOnEnable
***NPC_Villager_RedOnEnable
***NPC_Villager_GreyOnEnable
***NPC_BanditOnEnable
***T0106_HouseDoor2F_LOnEnable
***T0106_LeftEndOnEnable
***T0106_LeftDoorOnEnable
***T0106_AchHouseOnEnable
***T0106_HouseDoor2F_ROnEnable
***T0106_HouseDoor3F_MidOnEnable
***T0106_HouseDoor1F_LOnEnable
***T0106_RightEndOnEnable
***Lantern_0106_BlackBerryTownOnEnable
***NPC_SapphyraOnEnable
***NPC_Sapphyra_PseudoOnEnable
***NPC_FramboiseOnEnable
***ObtainItem_TearDropOnEnable
***ObtainDiscovery_SapphyraNote2OnEnable
***ObtainDiscovery_Tentacle reportOnEnable
***ObtainDiscovery_WantedLORDOnEnable
***ObtainDiscovery_Flyer1OnEnable
***ObtainDiscovery_NoneNameNote6OnEnable
GameManager Initialization Completed.
***NPC_FramboiseOnDisable
***NPC_SapphyraOnDisable
Unloading 9422 unused Assets to reduce memory usage. Loaded Objects now: 82426.
Total: 41.086900 ms (FindLiveObjects: 4.151200 ms CreateObjectMapping: 2.649400 ms MarkObjects: 28.248600 ms  DeleteObjects: 6.037500 ms)

***IsRestraintArms False
***ObtainItem_TearDropOnDisable
***ObtainDiscovery_SapphyraNote2OnDisable
***ObtainDiscovery_Tentacle reportOnDisable
***ObtainDiscovery_WantedLORDOnDisable
***ObtainDiscovery_Flyer1OnDisable
***ObtainDiscovery_NoneNameNote6OnDisable
**************5
ℹ️ 傳入的 FirstArriveBlackBerryDale 小於或等於目前的 FirstArriveZinniaStreet，不更新
IE_FadeOut START
Unloading 6 Unused Serialized files (Serialized files now loaded: 0)
***Lantern_0106_BlackBerryTownOnDisable
***NPC_BanditOnDisable
***T0106_LeftDoorOnDisable
***T0106_HouseDoor1F_LOnDisable
***T0106_HouseDoor2F_LOnDisable
***T0106_HouseDoor2F_ROnDisable
***T0106_HouseDoor3F_MidOnDisable
***T0106_RightEndOnDisable
***T0106_LeftEndOnDisable
***T0106_AchHouseOnDisable
***NPC_Villager_BlueOnDisable
***NPC_Sapphyra_PseudoOnDisable
***NPC_Villager_GreyOnDisable
***NPC_Villager_RedOnDisable
[PhysX] Initialized MultithreadedTaskDispatcher with 12 workers.
UnloadTime: 1.103100 ms
PCHCheck is True
Immortal Loss Beta 0.58.0, GameVersion is : Beta0.58.0, PCH is True.
startLoadJsonTime = 1196.794
endLoadJsoneTime = 1196.936
Loading Duation is = 0.1414795
***T0104_LockFloorDoorOnEnable
***T0104_LeftDoorOnEnable
***T0104_RightDoorOnEnable
***T0104_UpDoorOnEnable
***MultiSwitchOnEnable
GameManager Initialization Completed.
T0104_UpDoor
T0104_UpDoor (TransitionSetting)
Transfer to T0104_UpDoor , location is: (2055.00, 174.00, 0.00)
Unloading 37585 unused Assets to reduce memory usage. Loaded Objects now: 48361.
Total: 59.558100 ms (FindLiveObjects: 3.807600 ms CreateObjectMapping: 2.551400 ms MarkObjects: 26.635400 ms  DeleteObjects: 26.563400 ms)

***IsRestraintArms False
IE_FadeOut START
Unloading 5 Unused Serialized files (Serialized files now loaded: 0)
***T0104_LockFloorDoorOnDisable
***T0104_RightDoorOnDisable
***T0104_LeftDoorOnDisable
***T0104_UpDoorOnDisable
***MultiSwitchOnDisable
[PhysX] Initialized MultithreadedTaskDispatcher with 12 workers.
UnloadTime: 0.703800 ms
PCHCheck is True
Immortal Loss Beta 0.58.0, GameVersion is : Beta0.58.0, PCH is True.
startLoadJsonTime = 1207.869
endLoadJsoneTime = 1208.009
Loading Duation is = 0.1401367
***T0103_LeftDoorOnEnable
***T0103_RightDoorOnEnable
GameManager Initialization Completed.
T0103_LeftDoor
T0103_LeftDoor (TransitionSetting)
Transfer to T0103_LeftDoor , location is: (2055.00, 26.40, 0.00)
Unloading 4753 unused Assets to reduce memory usage. Loaded Objects now: 54029.
Total: 33.541200 ms (FindLiveObjects: 2.750000 ms CreateObjectMapping: 1.614900 ms MarkObjects: 25.809200 ms  DeleteObjects: 3.366900 ms)

***IsRestraintArms False
LedgeDetected!     is Pene
***GameManager.Instance.playerAnimation.ClimbPoint.position (2084.93, 5.17, 0.00)
IE_FadeOut START
Unloading 9 Unused Serialized files (Serialized files now loaded: 0)
***T0103_RightDoorOnDisable
***T0103_LeftDoorOnDisable
[PhysX] Initialized MultithreadedTaskDispatcher with 12 workers.
UnloadTime: 0.647200 ms
PCHCheck is True
Immortal Loss Beta 0.58.0, GameVersion is : Beta0.58.0, PCH is True.
startLoadJsonTime = 1219.541
endLoadJsoneTime = 1219.681
Loading Duation is = 0.1405029
***T0210_DownDoorOnEnable
***T0210_UpDoorOnEnable
***ElevatorSwitch_UpOnEnable
***ElevatorSwitch_DownOnEnable
***ObtainDiscovery_AspenNoteOnEnable
GameManager Initialization Completed.
T0210_UpDoor
T0210_UpDoor (TransitionSetting)
Transfer to T0210_UpDoor , location is: (2192.00, -3.75, 0.00)
Unloading 8952 unused Assets to reduce memory usage. Loaded Objects now: 50043.
Total: 38.449600 ms (FindLiveObjects: 2.795200 ms CreateObjectMapping: 1.899800 ms MarkObjects: 27.787000 ms  DeleteObjects: 5.967200 ms)

***IsRestraintArms False
***ObtainDiscovery_AspenNoteOnDisable
Adding Dash Force.
IE_FadeOut START
Unloading 11 Unused Serialized files (Serialized files now loaded: 0)
***ElevatorSwitch_DownOnDisable
***ElevatorSwitch_UpOnDisable
***T0210_DownDoorOnDisable
***T0210_UpDoorOnDisable
[PhysX] Initialized MultithreadedTaskDispatcher with 12 workers.
UnloadTime: 0.672800 ms
PCHCheck is True
Immortal Loss Beta 0.58.0, GameVersion is : Beta0.58.0, PCH is True.
startLoadJsonTime = 1231.576
endLoadJsoneTime = 1231.716
Loading Duation is = 0.1398926
***T0208_LeftEndOnEnable
***T0208_LeftDoorOnEnable
***T0208_MidCave12OnEnable
***T0208_MidCave11OnEnable
***T0208_MidCave13OnEnable
***T0208_LockDoorOnEnable
***ObtainDiscovery_NoneNameNote3OnEnable
***ItemOnEnable
GameManager Initialization Completed.
T0208_LockDoor
T0208_LockDoor (TransitionSetting)
Transfer to T0208_LockDoor , location is: (2185.90, -412.00, 0.09)
Unloading 5857 unused Assets to reduce memory usage. Loaded Objects now: 53334.
Total: 34.489700 ms (FindLiveObjects: 2.612000 ms CreateObjectMapping: 1.590300 ms MarkObjects: 26.004300 ms  DeleteObjects: 4.282800 ms)

***IsRestraintArms False
***ObtainDiscovery_NoneNameNote3OnDisable
***ItemOnDisable
Adding Enemy: PenisWorm0 to List.
ParasiteCondition.
Tag is PenisWorm0
AddingParaToBoobF PenisWorm0
Remove this parasited Enemy from List.
Using ShockKernal
Remove Orgasm speed 0.02
Remove BreastEngorgement speed -0.005
Adding Enemy: PenisWorm0 to List.
Remove Enemy: PenisWorm0 from List.
Adding Enemy: PenisWorm0 to List.
Remove Enemy: PenisWorm0 from List.
IE_FadeOut START
Unloading 11 Unused Serialized files (Serialized files now loaded: 0)
***T0208_LockDoorOnDisable
***T0208_LeftEndOnDisable
***T0208_LeftDoorOnDisable
***T0208_MidCave11OnDisable
***T0208_MidCave12OnDisable
***T0208_MidCave13OnDisable
[PhysX] Initialized MultithreadedTaskDispatcher with 12 workers.
UnloadTime: 1.010400 ms
PCHCheck is True
Immortal Loss Beta 0.58.0, GameVersion is : Beta0.58.0, PCH is True.
startLoadJsonTime = 1254.089
endLoadJsoneTime = 1254.229
Loading Duation is = 0.1401367
***T0207_LeftEndOnEnable
***T0207_RightEndOnEnable
***T0207_MidDoorOnEnable
***ObtainDiscovery_SapphyraNote1OnEnable
***PoorMemoOnEnable
GameManager Initialization Completed.
T0207_RightEnd
T0207_RightEnd (TransitionSetting)
Transfer to T0207_RightEnd , location is: (1971.00, -420.21, 0.00)
Unloading 8392 unused Assets to reduce memory usage. Loaded Objects now: 47644.
Total: 35.735200 ms (FindLiveObjects: 2.763100 ms CreateObjectMapping: 1.522700 ms MarkObjects: 25.613400 ms  DeleteObjects: 5.835700 ms)

***IsRestraintArms False
***ObtainDiscovery_SapphyraNote1OnDisable
***PoorMemoOnDisable
IE_FadeOut START
Unloading 15 Unused Serialized files (Serialized files now loaded: 0)
***T0207_LeftEndOnDisable
***T0207_RightEndOnDisable
***T0207_MidDoorOnDisable
[PhysX] Initialized MultithreadedTaskDispatcher with 12 workers.
UnloadTime: 0.891800 ms
PCHCheck is True
Immortal Loss Beta 0.58.0, GameVersion is : Beta0.58.0, PCH is True.
startLoadJsonTime = 1258.78
endLoadJsoneTime = 1258.921
Loading Duation is = 0.1405029
***T0209_UpDoorOnEnable
***T0209_RightDoorOnEnable
***RelicOnEnable
***TriggerEvent_S0209_DS00OnEnable
***S0209SwitchOnEnable
***S0209IronGateOnEnable
GameManager Initialization Completed.
T0209_UpDoor
T0209_UpDoor (TransitionSetting)
Transfer to T0209_UpDoor , location is: (1919.00, -470.21, 0.00)
Unloading 1319 unused Assets to reduce memory usage. Loaded Objects now: 47883.
Total: 31.395800 ms (FindLiveObjects: 2.426700 ms CreateObjectMapping: 1.261000 ms MarkObjects: 26.879300 ms  DeleteObjects: 0.828400 ms)

***IsRestraintArms False
***RelicOnDisable
***TriggerEvent_S0209_DS00OnDisable
IE_FadeOut START
Unloading 11 Unused Serialized files (Serialized files now loaded: 0)
***T0209_RightDoorOnDisable
***T0209_UpDoorOnDisable
***S0209SwitchOnDisable
***S0209IronGateOnDisable
[PhysX] Initialized MultithreadedTaskDispatcher with 12 workers.
UnloadTime: 1.126700 ms
PCHCheck is True
Immortal Loss Beta 0.58.0, GameVersion is : Beta0.58.0, PCH is True.
startLoadJsonTime = 1265.984
endLoadJsoneTime = 1266.125
Loading Duation is = 0.1411133
***T0207_LeftEndOnEnable
***T0207_RightEndOnEnable
***T0207_MidDoorOnEnable
***ObtainDiscovery_SapphyraNote1OnEnable
***PoorMemoOnEnable
GameManager Initialization Completed.
T0207_MidDoor
T0207_MidDoor (TransitionSetting)
Transfer to T0207_MidDoor , location is: (1919.00, -470.21, 0.00)
Unloading 1264 unused Assets to reduce memory usage. Loaded Objects now: 47629.
Total: 30.146200 ms (FindLiveObjects: 2.520200 ms CreateObjectMapping: 1.453300 ms MarkObjects: 25.470500 ms  DeleteObjects: 0.701900 ms)

***IsRestraintArms False
***ObtainDiscovery_SapphyraNote1OnDisable
***PoorMemoOnDisable
LedgeDetected!     is Pene
***GameManager.Instance.playerAnimation.ClimbPoint.position (1903.87, -458.78, 0.00)
LedgeDetected!     is Wall
***GameManager.Instance.playerAnimation.ClimbPoint.position (1899.11, -446.39, 0.00)
IE_FadeOut START
Unloading 12 Unused Serialized files (Serialized files now loaded: 0)
***T0207_LeftEndOnDisable
***T0207_RightEndOnDisable
***T0207_MidDoorOnDisable
[PhysX] Initialized MultithreadedTaskDispatcher with 12 workers.
UnloadTime: 0.836400 ms
PCHCheck is True
Immortal Loss Beta 0.58.0, GameVersion is : Beta0.58.0, PCH is True.
startLoadJsonTime = 1274.199
endLoadJsoneTime = 1274.339
Loading Duation is = 0.1401367
***T0202_MidDoorOnEnable
***T0202_LeftDoorOnEnable
***T0202_RightEndOnEnable
***T0202_DownEndOnEnable
***T0202_RightDoorOnEnable
***LanternObjectOnEnable
***TriggerEvent_DS01OnEnable
***TriggerEvent_DS02OnEnable
***SwitchTarget TriggerEvent_DS03OnEnable
***ItemOnEnable
***SwitchOnEnable
***SwitchTargetOnEnable
GameManager Initialization Completed.
T0202_RightEnd
T0202_RightEnd (TransitionSetting)
Transfer to T0202_RightEnd , location is: (1801.43, -417.91, 0.00)
Unloading 2182 unused Assets to reduce memory usage. Loaded Objects now: 49395.
Total: 31.151700 ms (FindLiveObjects: 2.493800 ms CreateObjectMapping: 1.448400 ms MarkObjects: 26.174300 ms  DeleteObjects: 1.034800 ms)

***IsRestraintArms False
***ItemOnDisable
***TriggerEvent_DS02OnDisable
***TriggerEvent_DS01OnDisable
***SwitchTarget TriggerEvent_DS03OnDisable
IE_FadeOut START
Unloading 8 Unused Serialized files (Serialized files now loaded: 0)
***LanternObjectOnDisable
***SwitchOnDisable
***SwitchTargetOnDisable
***T0202_LeftDoorOnDisable
***T0202_MidDoorOnDisable
***T0202_RightDoorOnDisable
***T0202_DownEndOnDisable
***T0202_RightEndOnDisable
[PhysX] Initialized MultithreadedTaskDispatcher with 12 workers.
UnloadTime: 0.948200 ms
PCHCheck is True
Immortal Loss Beta 0.58.0, GameVersion is : Beta0.58.0, PCH is True.
startLoadJsonTime = 1282.604
endLoadJsoneTime = 1282.746
Loading Duation is = 0.1420898
***T0201_LeftEndOnEnable
***T0201_UpDoorOnEnable
***T0201_RightDoorOnEnable
***Word_DashOnEnable
***Word_StandUpOnEnable
***WordOnGroundOnEnable
***Word_ClimbOnEnable
***ItemOnEnable
GameManager Initialization Completed.
T0201_RightDoor
T0201_RightDoor (TransitionSetting)
Transfer to T0201_RightDoor , location is: (1651.53, -415.26, 0.00)
Unloading 3097 unused Assets to reduce memory usage. Loaded Objects now: 48895.
Total: 32.498200 ms (FindLiveObjects: 2.832600 ms CreateObjectMapping: 1.575800 ms MarkObjects: 26.682900 ms  DeleteObjects: 1.406600 ms)

***IsRestraintArms False
***ItemOnDisable
IE_FadeOut START
Unloading 9 Unused Serialized files (Serialized files now loaded: 0)
***T0201_LeftEndOnDisable
***T0201_RightDoorOnDisable
***T0201_UpDoorOnDisable
***WordOnGroundOnDisable
***Word_StandUpOnDisable
***Word_DashOnDisable
***Word_ClimbOnDisable
[PhysX] Initialized MultithreadedTaskDispatcher with 12 workers.
UnloadTime: 0.887100 ms
PCHCheck is True
Immortal Loss Beta 0.58.0, GameVersion is : Beta0.58.0, PCH is True.
startLoadJsonTime = 1293.056
endLoadJsoneTime = 1293.197
Loading Duation is = 0.1412354
***T0203_RightDoorOnEnable
***T0203_LeftDoorOnEnable
***ItemOnEnable
***Item (1)OnEnable
GameManager Initialization Completed.
T0203_RightDoor
T0203_RightDoor (TransitionSetting)
Transfer to T0203_RightDoor , location is: (1615.50, -393.71, 0.00)
Unloading 4090 unused Assets to reduce memory usage. Loaded Objects now: 53732.
Total: 32.847900 ms (FindLiveObjects: 2.755300 ms CreateObjectMapping: 1.605100 ms MarkObjects: 26.648500 ms  DeleteObjects: 1.838600 ms)

***IsRestraintArms False
***ItemOnDisable
***Item (1)OnDisable
Adding Enemy: PenisWorm1 to List.
LedgeDetected!     is Pene
***GameManager.Instance.playerAnimation.ClimbPoint.position (1628.47, -401.25, 0.00)
Remove Enemy: PenisWorm1 from List.
IE_FadeOut START
Unloading 8 Unused Serialized files (Serialized files now loaded: 0)
***T0203_LeftDoorOnDisable
***T0203_RightDoorOnDisable
[PhysX] Initialized MultithreadedTaskDispatcher with 12 workers.
UnloadTime: 1.421800 ms
PCHCheck is True
Immortal Loss Beta 0.58.0, GameVersion is : Beta0.58.0, PCH is True.
startLoadJsonTime = 1302.151
endLoadJsoneTime = 1302.292
Loading Duation is = 0.140625
***T0201_LeftEndOnEnable
***T0201_UpDoorOnEnable
***T0201_RightDoorOnEnable
***Word_DashOnEnable
***Word_StandUpOnEnable
***WordOnGroundOnEnable
***Word_ClimbOnEnable
***ItemOnEnable
GameManager Initialization Completed.
T0201_UpDoor
T0201_UpDoor (TransitionSetting)
Transfer to T0201_UpDoor , location is: (1611.56, -390.36, 0.00)
Unloading 8087 unused Assets to reduce memory usage. Loaded Objects now: 48908.
Total: 41.274400 ms (FindLiveObjects: 2.730400 ms CreateObjectMapping: 1.841700 ms MarkObjects: 32.772300 ms  DeleteObjects: 3.929700 ms)

***IsRestraintArms False
***ItemOnDisable
LedgeDetected!     is Wall
***GameManager.Instance.playerAnimation.ClimbPoint.position (1517.48, -417.60, 0.00)
LedgeDetected!     is Pene Up
***GameManager.Instance.playerAnimation.ClimbPoint.position (1506.09, -390.55, 0.00)
Change to Crawl.
-1
Change to Stand.
False
LedgeDetected!     is Pene Up
***GameManager.Instance.playerAnimation.ClimbPoint.position (1388.38, -390.71, 0.00)
Change to Crawl.
-1
Change to Stand.
False
Change to Crawl.
-1
Change to Stand.
False
Change to Crawl.
Change to Stand.
IE_FadeOut START
Unloading 8 Unused Serialized files (Serialized files now loaded: 0)
***T0201_LeftEndOnDisable
***T0201_RightDoorOnDisable
***T0201_UpDoorOnDisable
***WordOnGroundOnDisable
***Word_StandUpOnDisable
***Word_DashOnDisable
***Word_ClimbOnDisable
[PhysX] Initialized MultithreadedTaskDispatcher with 12 workers.
UnloadTime: 1.137300 ms
PCHCheck is True
Immortal Loss Beta 0.58.0, GameVersion is : Beta0.58.0, PCH is True.
startLoadJsonTime = 1338.037
endLoadJsoneTime = 1338.179
Loading Duation is = 0.1422119
***T0200_RightEndOnEnable
***T0200_LeftEndOnEnable
***WordOnGroundOnEnable
***S0200_WakeUpPlotOnEnable
***FindingOnEnable
***ItemOnEnable
***TriggerEventOnEnable
GameManager Initialization Completed.
T0200_RightEnd
T0200_RightEnd (TransitionSetting)
Transfer to T0200_RightEnd , location is: (1303.91, -419.61, 0.00)
Unloading 1336 unused Assets to reduce memory usage. Loaded Objects now: 47842.
Total: 30.875400 ms (FindLiveObjects: 2.641500 ms CreateObjectMapping: 1.380200 ms MarkObjects: 26.096500 ms  DeleteObjects: 0.756700 ms)

***IsRestraintArms False
***ItemOnDisable
***FindingOnDisable
***S0200_WakeUpPlotOnDisable
***TriggerEventOnDisable
Change to Crawl.
Change to Stand.
LedgeDetected!     is Wall
***GameManager.Instance.playerAnimation.ClimbPoint.position (1041.07, -409.96, 0.00)
IE_FadeOut START
Unloading 15 Unused Serialized files (Serialized files now loaded: 0)
***T0200_RightEndOnDisable
***T0200_LeftEndOnDisable
***WordOnGroundOnDisable
[PhysX] Initialized MultithreadedTaskDispatcher with 12 workers.
UnloadTime: 0.855800 ms
PCHCheck is True
Immortal Loss Beta 0.58.0, GameVersion is : Beta0.58.0, PCH is True.
startLoadJsonTime = 1353.929
endLoadJsoneTime = 1354.07
Loading Duation is = 0.1407471
***T0214_RightEndOnEnable
***TreasureChestOnEnable
***TreasureChest_SleepyGasOnEnable
***Item (2)OnEnable
***Item (1)OnEnable
***FindingOnEnable
***ItemOnEnable
GameManager Initialization Completed.
T0307_EndR
T0214_RightEnd (TransitionSetting)
Transfer to T0214_RightEnd , location is: (989.91, -407.80, 0.00)
Unloading 3236 unused Assets to reduce memory usage. Loaded Objects now: 50483.
Total: 31.759700 ms (FindLiveObjects: 2.642600 ms CreateObjectMapping: 1.643800 ms MarkObjects: 25.969500 ms  DeleteObjects: 1.503200 ms)

***IsRestraintArms False
LedgeDetected!     is Wall
***GameManager.Instance.playerAnimation.ClimbPoint.position (873.14, -436.62, 0.00)
LedgeDetected!     is Pene
***GameManager.Instance.playerAnimation.ClimbPoint.position (881.68, -448.40, 0.00)
Drop Sands :60
Drop Sands :60
Drop Sands :60
***Item (1)OnDisable
Adding Enemy: Tentacle to List.
Chase
PullATK
Remove Enemy: Tentacle from List.
ATKBox 1
ATKBox 0
Adding Enemy: Tentacle to List.
Remove Enemy: Tentacle from List.
Adding Enemy: PenisWorm0 to List.
Remove Enemy: PenisWorm0 from List.
LedgeDetected!     is Wall
***GameManager.Instance.playerAnimation.ClimbPoint.position (850.49, -528.42, 0.00)
Adding Enemy: PenisWorm0 to List.
ParasiteCondition.
Tag is PenisWorm0
AddingParaToVaginal PenisWorm0
Remove this parasited Enemy from List.
TentacleCeiling is Trigger.
TentacleCeiling is resEnemy.
StartScreenBlink time: 0.3 Color: RGBA(1.000, 1.000, 1.000, 1.000)
Player Start StruggleResIE
沒有可用的 SE AudioSource 供播放。
Start Res atk.
AddingParaToBoobF TentacleCeiling
Start Res atk.
AddingParaToBoobB TentacleCeiling
Succeed ResStrug
Remove Orgasm speed 0.02
Remove BreastEngorgement speed -0.005
Remove Orgasm speed 0.02
Remove BreastEngorgement speed -0.005
***PlayerSkeletonRendererObj (0.30, 0.81, 0.00)
PlayAnimation: Idle
TentacleCeiling is Trigger.
TentacleCeiling is resEnemy.
StartScreenBlink time: 0.3 Color: RGBA(1.000, 1.000, 1.000, 1.000)
Player Start StruggleResIE
Start Res atk.
AddingParaToBoobF TentacleCeiling
Start Res atk.
AddingParaToBoobB TentacleCeiling
Succeed ResStrug
Remove Orgasm speed 0.02
Remove BreastEngorgement speed -0.005
Remove Orgasm speed 0.02
Remove BreastEngorgement speed -0.005
***PlayerSkeletonRendererObj (0.30, 0.81, 0.00)
PlayAnimation: Idle
Adding Enemy: PenisWorm0 to List.
Adding Dash Force.
Remove Enemy: PenisWorm0 from List.
Adding Enemy: PenisWorm0 to List.
Drop Sands :112
Remove Enemy: PenisWorm0 from List.
Drop Sands :30
Using ShockKernal
Remove Orgasm speed 0.01
Adding Enemy: PenisWorm0 to List.
Remove Enemy: PenisWorm0 from List.
Adding Enemy: Tentacle to List.
Chase
PullATK
Drop Sands :112
ATKBox 1
ParasiteCondition.
Tag is Untagged
ATKBox 0
Remove this dead Enemy from List.
Drop Sands :30
_notAddingLibrary
Drop Sands :30
_notAddingLibrary
LedgeDetected!     is Wall
***GameManager.Instance.playerAnimation.ClimbPoint.position (680.33, -475.74, 0.00)
Drop Sands :60
Change to Crawl.
Change to Stand.
LedgeDetected!     is Wall
***GameManager.Instance.playerAnimation.ClimbPoint.position (679.00, -476.46, 0.00)
Adding Enemy: TentacleBra to List.
Remove Enemy: TentacleBra from List.
LedgeDetected!     is Wall
***GameManager.Instance.playerAnimation.ClimbPoint.position (679.00, -476.45, 0.00)
Adding Enemy: TentacleBra to List.
Remove this dead Enemy from List.
Drop Sands :25
LedgeDetected!     is Wall
***GameManager.Instance.playerAnimation.ClimbPoint.position (703.98, -450.19, 0.00)
***ItemOnDisable
LedgeDetected!     is Wall
***GameManager.Instance.playerAnimation.ClimbPoint.position (679.03, -475.57, 0.00)
Adding Enemy: Tentacle to List.
Chase
PullATK
Remove Enemy: Tentacle from List.
ATKBox 1
ATKBox 0
Adding Enemy: Tentacle to List.
Adding Enemy: PenisWorm0 to List.
Remove Enemy: PenisWorm0 from List.
Remove Enemy: Tentacle from List.
Drop Sands :60
Adding Enemy: Tentacle to List.
Chase
PullATK
ATKBox 1
ParasiteCondition.
Tag is Untagged
ATKBox 0
Player Start StruggleResIE
0
1
2
3
4
Restraint
Succeed ResStrug
***PlayerSkeletonRendererObj (0.30, 0.81, 0.00)
Chase
Remove this dead Enemy from List.
Drop Sands :30
_notAddingLibrary
Drop Sands :30
_notAddingLibrary
Drop Sands :60
Drop Sands :60
Drop Sands :60
Change to Crawl.
Change to Stand.
LedgeDetected!     is Wall
***GameManager.Instance.playerAnimation.ClimbPoint.position (384.76, -421.18, 0.00)
0
***FindingOnDisable
0
IE_FadeOut START
TornAllCloth
Player Start StruggleLyingIE
IE_FadeOut START
***IsRestraintArms False
Unloading 15 Unused Serialized files (Serialized files now loaded: 0)
***TreasureChest_SleepyGasOnDisable
***Item (2)OnDisable
***TreasureChestOnDisable
***T0214_RightEndOnDisable
[PhysX] Initialized MultithreadedTaskDispatcher with 12 workers.
UnloadTime: 2.113100 ms
PCHCheck is True
Immortal Loss Beta 0.58.0, GameVersion is : Beta0.58.0, PCH is True.
startLoadJsonTime = 1473.479
endLoadJsoneTime = 1473.622
Loading Duation is = 0.1428223
***T0214_RightEndOnEnable
***TreasureChestOnEnable
***TreasureChest_SleepyGasOnEnable
***Item (2)OnEnable
***Item (1)OnEnable
***FindingOnEnable
***ItemOnEnable
GameManager Initialization Completed.
Unloading 149 unused Assets to reduce memory usage. Loaded Objects now: 50395.
Total: 45.666100 ms (FindLiveObjects: 2.367800 ms CreateObjectMapping: 2.078500 ms MarkObjects: 41.015500 ms  DeleteObjects: 0.204100 ms)

***IsRestraintArms False
***FindingOnDisable
***Item (1)OnDisable
***ItemOnDisable
**************5
LedgeDetected!     is Pene
***GameManager.Instance.playerAnimation.ClimbPoint.position (375.83, -392.59, 0.00)
LedgeDetected!     is Wall
***GameManager.Instance.playerAnimation.ClimbPoint.position (434.00, -449.90, 0.00)
Drop Sands :60
Drop Sands :60
Drop Sands :60
LedgeDetected!     is Wall
***GameManager.Instance.playerAnimation.ClimbPoint.position (385.09, -421.43, 0.00)
LedgeDetected!     is Pene
***GameManager.Instance.playerAnimation.ClimbPoint.position (386.85, -392.34, 0.00)
LedgeDetected!     is Wall
***GameManager.Instance.playerAnimation.ClimbPoint.position (384.73, -422.54, 0.00)
LedgeDetected!     is Pene Up
***GameManager.Instance.playerAnimation.ClimbPoint.position (378.75, -394.49, 0.00)
LedgeDetected!     is Wall
***GameManager.Instance.playerAnimation.ClimbPoint.position (502.37, -366.84, 0.00)
Drop Sands :60
Drop Sands :60
LedgeDetected!     is Wall
***GameManager.Instance.playerAnimation.ClimbPoint.position (750.62, -400.99, 0.00)
Drop Sands :112
***Item (2)OnDisable
0
LedgeDetected!     is Wall
***GameManager.Instance.playerAnimation.ClimbPoint.position (949.06, -411.18, 0.00)
Drop Sands :60
Drop Sands :60
Drop Sands :60
IE_FadeOut START
***IsRestraintArms False
Unloading 15 Unused Serialized files (Serialized files now loaded: 0)
***T0214_RightEndOnDisable
***TreasureChest_SleepyGasOnDisable
***TreasureChestOnDisable
[PhysX] Initialized MultithreadedTaskDispatcher with 12 workers.
UnloadTime: 2.176600 ms
PCHCheck is True
Immortal Loss Beta 0.58.0, GameVersion is : Beta0.58.0, PCH is True.
startLoadJsonTime = 1555.727
endLoadJsoneTime = 1555.868
Loading Duation is = 0.1405029
***T0214_RightEndOnEnable
***TreasureChestOnEnable
***TreasureChest_SleepyGasOnEnable
***Item (2)OnEnable
***Item (1)OnEnable
***FindingOnEnable
***ItemOnEnable
GameManager Initialization Completed.
Unloading 99 unused Assets to reduce memory usage. Loaded Objects now: 50540.
Total: 31.462300 ms (FindLiveObjects: 2.807900 ms CreateObjectMapping: 1.506500 ms MarkObjects: 26.980700 ms  DeleteObjects: 0.167000 ms)

***IsRestraintArms False
***Item (2)OnDisable
***FindingOnDisable
***Item (1)OnDisable
***ItemOnDisable
**************5
LedgeDetected!     is Wall
***GameManager.Instance.playerAnimation.ClimbPoint.position (949.04, -409.74, 0.00)
IE_FadeOut START
Unloading 8 Unused Serialized files (Serialized files now loaded: 0)
***T0214_RightEndOnDisable
***TreasureChest_SleepyGasOnDisable
***TreasureChestOnDisable
[PhysX] Initialized MultithreadedTaskDispatcher with 12 workers.
UnloadTime: 1.975800 ms
PCHCheck is True
Immortal Loss Beta 0.58.0, GameVersion is : Beta0.58.0, PCH is True.
startLoadJsonTime = 1563.444
endLoadJsoneTime = 1563.585
Loading Duation is = 0.1413574
***T0200_RightEndOnEnable
***T0200_LeftEndOnEnable
***WordOnGroundOnEnable
***S0200_WakeUpPlotOnEnable
***FindingOnEnable
***ItemOnEnable
***TriggerEventOnEnable
GameManager Initialization Completed.
T0307_EndL
T0200_LeftEnd (TransitionSetting)
Transfer to T0200_LeftEnd , location is: (997.00, -407.51, 0.00)
Unloading 4342 unused Assets to reduce memory usage. Loaded Objects now: 47934.
Total: 34.074700 ms (FindLiveObjects: 2.356400 ms CreateObjectMapping: 1.927800 ms MarkObjects: 27.797500 ms  DeleteObjects: 1.992600 ms)

***IsRestraintArms False
***ItemOnDisable
***FindingOnDisable
***S0200_WakeUpPlotOnDisable
***TriggerEventOnDisable
IE_FadeOut START
Unloading 7 Unused Serialized files (Serialized files now loaded: 0)
***WordOnGroundOnDisable
***T0200_RightEndOnDisable
***T0200_LeftEndOnDisable
[PhysX] Initialized MultithreadedTaskDispatcher with 12 workers.
UnloadTime: 0.800700 ms
PCHCheck is True
Immortal Loss Beta 0.58.0, GameVersion is : Beta0.58.0, PCH is True.
startLoadJsonTime = 1573.07
endLoadJsoneTime = 1573.208
Loading Duation is = 0.1380615
***NPC_Villager_BlueOnEnable
***NPC_Villager_RedOnEnable
***NPC_Villager_GreyOnEnable
***NPC_BanditOnEnable
***T0106_HouseDoor2F_LOnEnable
***T0106_LeftEndOnEnable
***T0106_LeftDoorOnEnable
***T0106_AchHouseOnEnable
***T0106_HouseDoor2F_ROnEnable
***T0106_HouseDoor3F_MidOnEnable
***T0106_HouseDoor1F_LOnEnable
***T0106_RightEndOnEnable
***Lantern_0106_BlackBerryTownOnEnable
***NPC_SapphyraOnEnable
***NPC_Sapphyra_PseudoOnEnable
***NPC_FramboiseOnEnable
***ObtainItem_TearDropOnEnable
***ObtainDiscovery_SapphyraNote2OnEnable
***ObtainDiscovery_Tentacle reportOnEnable
***ObtainDiscovery_WantedLORDOnEnable
***ObtainDiscovery_Flyer1OnEnable
***ObtainDiscovery_NoneNameNote6OnEnable
GameManager Initialization Completed.
***NPC_FramboiseOnDisable
***NPC_SapphyraOnDisable
Lantern_0106_BlackBerryTown
Lantern_0106_BlackBerryTown (TransitionSetting)
Transfer to Lantern_0106_BlackBerryTown , location is: (2165.40, 173.47, 0.00)
Unloading 4256 unused Assets to reduce memory usage. Loaded Objects now: 82584.
Total: 35.032100 ms (FindLiveObjects: 3.827200 ms CreateObjectMapping: 2.522200 ms MarkObjects: 26.486200 ms  DeleteObjects: 2.196200 ms)

***IsRestraintArms False
***ObtainItem_TearDropOnDisable
***ObtainDiscovery_SapphyraNote2OnDisable
***ObtainDiscovery_Tentacle reportOnDisable
***ObtainDiscovery_WantedLORDOnDisable
***ObtainDiscovery_Flyer1OnDisable
***ObtainDiscovery_NoneNameNote6OnDisable
ℹ️ 傳入的 FirstArriveBlackBerryDale 小於或等於目前的 FirstArriveZinniaStreet，不更新
Open NPC Function
Wait for walking
isInTimeLineStandBy
Have Open this lantern.
Wait for walking
Wait for turning
isInTimeLineStandBy
Wait for IE_FadeIn
CanExecuteCancel True
CanExecuteCancel False
CanExecuteCancel True
CanExecuteCancel False
CanExecuteCancel True
CloseMenu
IE_FadeOut START
Unloading 6 Unused Serialized files (Serialized files now loaded: 0)
***NPC_Villager_RedOnDisable
***NPC_BanditOnDisable
***NPC_Sapphyra_PseudoOnDisable
***Lantern_0106_BlackBerryTownOnDisable
***NPC_Villager_GreyOnDisable
***T0106_LeftDoorOnDisable
***T0106_HouseDoor1F_LOnDisable
***T0106_HouseDoor2F_LOnDisable
***T0106_HouseDoor2F_ROnDisable
***T0106_HouseDoor3F_MidOnDisable
***T0106_RightEndOnDisable
***T0106_LeftEndOnDisable
***T0106_AchHouseOnDisable
***NPC_Villager_BlueOnDisable
[PhysX] Initialized MultithreadedTaskDispatcher with 12 workers.
UnloadTime: 1.067700 ms
PCHCheck is True
Immortal Loss Beta 0.58.0, GameVersion is : Beta0.58.0, PCH is True.
startLoadJsonTime = 1649.076
endLoadJsoneTime = 1649.217
Loading Duation is = 0.140625
***T0104_LockFloorDoorOnEnable
***T0104_LeftDoorOnEnable
***T0104_RightDoorOnEnable
***T0104_UpDoorOnEnable
***MultiSwitchOnEnable
GameManager Initialization Completed.
T0104_UpDoor
T0104_UpDoor (TransitionSetting)
Transfer to T0104_UpDoor , location is: (2055.00, 174.00, 0.00)
Unloading 37550 unused Assets to reduce memory usage. Loaded Objects now: 48507.
Total: 59.788100 ms (FindLiveObjects: 3.946000 ms CreateObjectMapping: 2.828900 ms MarkObjects: 27.461900 ms  DeleteObjects: 25.551100 ms)

***IsRestraintArms False
IE_FadeOut START
Unloading 7 Unused Serialized files (Serialized files now loaded: 0)
***T0104_LockFloorDoorOnDisable
***T0104_RightDoorOnDisable
***T0104_LeftDoorOnDisable
***T0104_UpDoorOnDisable
***MultiSwitchOnDisable
[PhysX] Initialized MultithreadedTaskDispatcher with 12 workers.
UnloadTime: 0.698500 ms
PCHCheck is True
Immortal Loss Beta 0.58.0, GameVersion is : Beta0.58.0, PCH is True.
startLoadJsonTime = 1659.824
endLoadJsoneTime = 1659.965
Loading Duation is = 0.1403809
***T0105_RightDoorOnEnable
***FindingOnEnable
***S0104SwitchKeyOnEnable
GameManager Initialization Completed.
T0105_RightDoor
T0105_RightDoor (TransitionSetting)
Transfer to T0105_RightDoor , location is: (2014.00, 57.60, 0.00)
Unloading 238 unused Assets to reduce memory usage. Loaded Objects now: 48208.
Total: 29.414000 ms (FindLiveObjects: 2.326800 ms CreateObjectMapping: 1.082700 ms MarkObjects: 25.737700 ms  DeleteObjects: 0.266000 ms)

***IsRestraintArms False
***FindingOnDisable
***S0104SwitchKeyOnDisable
IE_FadeOut START
Unloading 6 Unused Serialized files (Serialized files now loaded: 0)
***T0105_RightDoorOnDisable
[PhysX] Initialized MultithreadedTaskDispatcher with 12 workers.
UnloadTime: 0.602200 ms
PCHCheck is True
Immortal Loss Beta 0.58.0, GameVersion is : Beta0.58.0, PCH is True.
startLoadJsonTime = 1669.161
endLoadJsoneTime = 1669.303
Loading Duation is = 0.1414795
***T0104_LockFloorDoorOnEnable
***T0104_LeftDoorOnEnable
***T0104_RightDoorOnEnable
***T0104_UpDoorOnEnable
***MultiSwitchOnEnable
GameManager Initialization Completed.
T0104_LeftDoor
T0104_LeftDoor (TransitionSetting)
Transfer to T0104_LeftDoor , location is: (2014.00, 57.99, 0.00)
Unloading 65 unused Assets to reduce memory usage. Loaded Objects now: 48511.
Total: 30.285900 ms (FindLiveObjects: 2.320800 ms CreateObjectMapping: 1.467000 ms MarkObjects: 26.342400 ms  DeleteObjects: 0.155400 ms)

***IsRestraintArms False
IE_FadeOut START
Unloading 5 Unused Serialized files (Serialized files now loaded: 0)
***T0104_LockFloorDoorOnDisable
***T0104_RightDoorOnDisable
***T0104_LeftDoorOnDisable
***T0104_UpDoorOnDisable
***MultiSwitchOnDisable
[PhysX] Initialized MultithreadedTaskDispatcher with 12 workers.
UnloadTime: 0.657400 ms
PCHCheck is True
Immortal Loss Beta 0.58.0, GameVersion is : Beta0.58.0, PCH is True.
startLoadJsonTime = 1673.663
endLoadJsoneTime = 1673.804
Loading Duation is = 0.1417236
***T0103_LeftDoorOnEnable
***T0103_RightDoorOnEnable
GameManager Initialization Completed.
T0103_LeftDoor
T0103_LeftDoor (TransitionSetting)
Transfer to T0103_LeftDoor , location is: (2055.00, 26.40, 0.00)
Unloading 4753 unused Assets to reduce memory usage. Loaded Objects now: 54179.
Total: 34.402200 ms (FindLiveObjects: 2.763700 ms CreateObjectMapping: 1.494800 ms MarkObjects: 26.871000 ms  DeleteObjects: 3.272500 ms)

***IsRestraintArms False
LedgeDetected!     is Pene
***GameManager.Instance.playerAnimation.ClimbPoint.position (2085.29, 5.58, 0.00)
IE_FadeOut START
Unloading 6 Unused Serialized files (Serialized files now loaded: 0)
***T0103_RightDoorOnDisable
***T0103_LeftDoorOnDisable
[PhysX] Initialized MultithreadedTaskDispatcher with 12 workers.
UnloadTime: 0.636000 ms
PCHCheck is True
Immortal Loss Beta 0.58.0, GameVersion is : Beta0.58.0, PCH is True.
startLoadJsonTime = 1688.571
endLoadJsoneTime = 1688.711
Loading Duation is = 0.1407471
***T0104_LockFloorDoorOnEnable
***T0104_LeftDoorOnEnable
***T0104_RightDoorOnEnable
***T0104_UpDoorOnEnable
***MultiSwitchOnEnable
GameManager Initialization Completed.
T0104_RightDoor
T0104_RightDoor (TransitionSetting)
Transfer to T0104_RightDoor , location is: (2055.00, 26.40, 0.00)
Unloading 10594 unused Assets to reduce memory usage. Loaded Objects now: 48508.
Total: 37.491600 ms (FindLiveObjects: 2.955000 ms CreateObjectMapping: 1.563100 ms MarkObjects: 26.205800 ms  DeleteObjects: 6.767600 ms)

***IsRestraintArms False
LedgeDetected!     is Pene
***GameManager.Instance.playerAnimation.ClimbPoint.position (2043.55, 19.28, 0.00)
Change to Crawl.
Change to Stand.
IE_FadeOut START
Unloading 9 Unused Serialized files (Serialized files now loaded: 0)
***T0104_LockFloorDoorOnDisable
***T0104_RightDoorOnDisable
***T0104_LeftDoorOnDisable
***T0104_UpDoorOnDisable
***MultiSwitchOnDisable
[PhysX] Initialized MultithreadedTaskDispatcher with 12 workers.
UnloadTime: 0.684700 ms
PCHCheck is True
Immortal Loss Beta 0.58.0, GameVersion is : Beta0.58.0, PCH is True.
startLoadJsonTime = 1698.05
endLoadJsoneTime = 1698.191
Loading Duation is = 0.1405029
***T0109OnEnable
***Relic_TentaclePantieOnEnable
***ElevatorSwitch_DownOnEnable
***SwitchOnEnable
***SwitchTargetOnEnable
GameManager Initialization Completed.
T0109_AbandonedBasement
T0109 (TransitionSetting)
Transfer to T0109 , location is: (2057.00, -35.00, 0.00)
Unloading 1027 unused Assets to reduce memory usage. Loaded Objects now: 50311.
Total: 31.315400 ms (FindLiveObjects: 2.492300 ms CreateObjectMapping: 1.665800 ms MarkObjects: 26.245400 ms  DeleteObjects: 0.911600 ms)

***IsRestraintArms False
Drop Sands :60
Drop Sands :60
Drop Sands :60
Drop Sands :60
Drop Sands :60
Adding Enemy: PenisWorm0 to List.
Adding Enemy: PenisWorm0 to List.
ParasiteCondition.
Tag is PenisWorm0
AddingParaToVaginal PenisWorm0
Remove this parasited Enemy from List.
Drop Sands :60
Remove this dead Enemy from List.
Drop Sands :30
Drop Sands :60
Adding Enemy: PenisWorm0 to List.
Adding Enemy: PenisWorm0 to List.
CloseMenu
Remove Enemy: PenisWorm0 from List.
Remove Enemy: PenisWorm0 from List.
Adding Enemy: PenisWorm0 to List.
Adding Enemy: PenisWorm0 to List.
Remove this dead Enemy from List.
Drop Sands :30
Remove this dead Enemy from List.
Drop Sands :30
Using ShockKernal
Remove Orgasm speed 0.01
Adding Enemy: PenisWorm0 to List.
Remove this dead Enemy from List.
Drop Sands :30
LedgeDetected!     is Wall
***GameManager.Instance.playerAnimation.ClimbPoint.position (1943.88, -49.43, 0.00)
Adding Enemy: PenisWorm0 to List.
Adding Enemy: PenisWorm0 to List.
ParasiteCondition.
Tag is PenisWorm0
AddingParaToBoobB PenisWorm0
Remove this parasited Enemy from List.
Remove Enemy: PenisWorm0 from List.
LedgeDetected!     is Pene
***GameManager.Instance.playerAnimation.ClimbPoint.position (1836.97, -139.74, 0.00)
Adding Enemy: PenisWorm1 to List.
Remove Enemy: PenisWorm1 from List.
Adding Enemy: PenisWorm1 to List.
Remove Enemy: PenisWorm1 from List.
Adding Enemy: Tentacle to List.
Chase
PullATK
Adding Enemy: Tentacle to List.
Chase
Remove Enemy: Tentacle from List.
PullATK
Adding Enemy: Tentacle to List.
ATKBox 1
Remove Enemy: Tentacle from List.
ATKBox 0
Remove Enemy: Tentacle from List.
ATKBox 1
ATKBox 0
Adding Enemy: Tentacle to List.
Adding Enemy: Tentacle to List.
Chase
PullATK
Remove Enemy: Tentacle from List.
Remove Enemy: Tentacle from List.
PullATK
ATKBox 1
ATKBox 0
ATKBox 1
ATKBox 0
Adding Enemy: Tentacle to List.
Remove Enemy: Tentacle from List.
LedgeDetected!     is Wall
***GameManager.Instance.playerAnimation.ClimbPoint.position (1991.68, -204.43, 0.00)
Drop Sands :60
沒有可用的 SE AudioSource 供播放。
Drop Sands :60
沒有可用的 SE AudioSource 供播放。
Drop Sands :60
Trigger S0109Elevator, isUp = False
Trigger S0109Elevator can't move!
Using ShockKernal
Remove Orgasm speed 0.02
Remove BreastEngorgement speed -0.005
Adding Enemy: PenisWorm0 to List.
Remove this dead Enemy from List.
Drop Sands :30
IE_FadeOut START
Unloading 6 Unused Serialized files (Serialized files now loaded: 0)
***T0109OnDisable
***Relic_TentaclePantieOnDisable
***SwitchOnDisable
***SwitchTargetOnDisable
***ElevatorSwitch_DownOnDisable
[PhysX] Initialized MultithreadedTaskDispatcher with 12 workers.
UnloadTime: 2.540000 ms
PCHCheck is True
Immortal Loss Beta 0.58.0, GameVersion is : Beta0.58.0, PCH is True.
startLoadJsonTime = 1753.433
endLoadJsoneTime = 1753.572
Loading Duation is = 0.1391602
***T0104_LockFloorDoorOnEnable
***T0104_LeftDoorOnEnable
***T0104_RightDoorOnEnable
***T0104_UpDoorOnEnable
***MultiSwitchOnEnable
GameManager Initialization Completed.
T0104_FloorDoor
T0104_LockFloorDoor (TransitionSetting)
Transfer to T0104_LockFloorDoor , location is: (2058.62, -6.05, 0.09)
Unloading 807 unused Assets to reduce memory usage. Loaded Objects now: 48526.
Total: 31.762300 ms (FindLiveObjects: 2.362200 ms CreateObjectMapping: 1.189000 ms MarkObjects: 27.476800 ms  DeleteObjects: 0.734100 ms)

***IsRestraintArms False
LedgeDetected!     is Pene Up
***GameManager.Instance.playerAnimation.ClimbPoint.position (2021.48, 48.23, 0.00)
IE_FadeOut START
Unloading 7 Unused Serialized files (Serialized files now loaded: 0)
***MultiSwitchOnDisable
***T0104_LockFloorDoorOnDisable
***T0104_RightDoorOnDisable
***T0104_LeftDoorOnDisable
***T0104_UpDoorOnDisable
[PhysX] Initialized MultithreadedTaskDispatcher with 12 workers.
UnloadTime: 0.707700 ms
PCHCheck is True
Immortal Loss Beta 0.58.0, GameVersion is : Beta0.58.0, PCH is True.
startLoadJsonTime = 1890.777
endLoadJsoneTime = 1890.914
Loading Duation is = 0.1368408
***NPC_Villager_BlueOnEnable
***NPC_Villager_RedOnEnable
***NPC_Villager_GreyOnEnable
***NPC_BanditOnEnable
***T0106_HouseDoor2F_LOnEnable
***T0106_LeftEndOnEnable
***T0106_LeftDoorOnEnable
***T0106_AchHouseOnEnable
***T0106_HouseDoor2F_ROnEnable
***T0106_HouseDoor3F_MidOnEnable
***T0106_HouseDoor1F_LOnEnable
***T0106_RightEndOnEnable
***Lantern_0106_BlackBerryTownOnEnable
***NPC_SapphyraOnEnable
***NPC_Sapphyra_PseudoOnEnable
***NPC_FramboiseOnEnable
***ObtainItem_TearDropOnEnable
***ObtainDiscovery_SapphyraNote2OnEnable
***ObtainDiscovery_Tentacle reportOnEnable
***ObtainDiscovery_WantedLORDOnEnable
***ObtainDiscovery_Flyer1OnEnable
***ObtainDiscovery_NoneNameNote6OnEnable
GameManager Initialization Completed.
***NPC_FramboiseOnDisable
***NPC_SapphyraOnDisable
T0106_LeftDoor
T0106_LeftDoor (TransitionSetting)
Transfer to T0106_LeftDoor , location is: (2055.00, 174.25, 0.00)
Unloading 4354 unused Assets to reduce memory usage. Loaded Objects now: 82605.
Total: 51.233400 ms (FindLiveObjects: 4.125300 ms CreateObjectMapping: 2.675900 ms MarkObjects: 41.145700 ms  DeleteObjects: 3.286300 ms)

***IsRestraintArms False
***ObtainItem_TearDropOnDisable
***ObtainDiscovery_SapphyraNote2OnDisable
***ObtainDiscovery_Tentacle reportOnDisable
***ObtainDiscovery_WantedLORDOnDisable
***ObtainDiscovery_Flyer1OnDisable
***ObtainDiscovery_NoneNameNote6OnDisable
ℹ️ 傳入的 FirstArriveBlackBerryDale 小於或等於目前的 FirstArriveZinniaStreet，不更新
LedgeDetected!     is Wall
***GameManager.Instance.playerAnimation.ClimbPoint.position (2321.83, 234.30, 0.00)
LedgeDetected!     is Wall
***GameManager.Instance.playerAnimation.ClimbPoint.position (2321.83, 262.80, 0.00)
isInTimeLineDash
Wait for turning
isInTimeLineDash
Wait for turning
isInTimeLineDash
Wait for turning
isInTimeLineDash
Wait for turning
IE_FadeOut START
Unloading 9 Unused Serialized files (Serialized files now loaded: 0)
***NPC_Sapphyra_PseudoOnDisable
***NPC_BanditOnDisable
***NPC_Villager_GreyOnDisable
***NPC_Villager_BlueOnDisable
***Lantern_0106_BlackBerryTownOnDisable
***T0106_LeftDoorOnDisable
***T0106_HouseDoor1F_LOnDisable
***T0106_HouseDoor2F_LOnDisable
***T0106_HouseDoor2F_ROnDisable
***T0106_HouseDoor3F_MidOnDisable
***T0106_RightEndOnDisable
***T0106_LeftEndOnDisable
***T0106_AchHouseOnDisable
***NPC_Villager_RedOnDisable
[PhysX] Initialized MultithreadedTaskDispatcher with 12 workers.
UnloadTime: 1.151200 ms
PCHCheck is True
Immortal Loss Beta 0.58.0, GameVersion is : Beta0.58.0, PCH is True.
startLoadJsonTime = 2035.059
endLoadJsoneTime = 2035.198
Loading Duation is = 0.1391602
***NPC_Villager_FOnEnable
***T0107_HouseDoor2F_ROnEnable
***T0107_HouseDoor1F_LOnEnable
***T0107_HouseDoor3F_MidOnEnable
***T0107_HouseDoor2F_LOnEnable
***NPC_ProtyaOnEnable
***BedOnEnable
***ObtainDiscovery_MerchantsNoteOnEnable
***ObtainDiscovery_WantedNoteOnEnable
***ObtainDiscovery_NoneNameNote4OnEnable
GameManager Initialization Completed.
T0107_HouseDoor2F_R
T0107_HouseDoor2F_R (TransitionSetting)
Transfer to T0107_HouseDoor2F_R , location is: (2510.00, 246.00, 0.00)
Unloading 37865 unused Assets to reduce memory usage. Loaded Objects now: 51708.
Total: 62.577000 ms (FindLiveObjects: 4.530200 ms CreateObjectMapping: 3.046000 ms MarkObjects: 28.290900 ms  DeleteObjects: 26.709400 ms)

***IsRestraintArms False
***ObtainDiscovery_MerchantsNoteOnDisable
***ObtainDiscovery_WantedNoteOnDisable
***ObtainDiscovery_NoneNameNote4OnDisable
LedgeDetected!     is Wall
***GameManager.Instance.playerAnimation.ClimbPoint.position (2497.11, 262.73, 0.00)
isInTimeLineDash
Wait for turning
LedgeDetected!     is Wall
***GameManager.Instance.playerAnimation.ClimbPoint.position (2471.87, 261.10, 0.00)
IE_FadeOut START
Unloading 7 Unused Serialized files (Serialized files now loaded: 0)
***BedOnDisable
***NPC_Villager_FOnDisable
***T0107_HouseDoor1F_LOnDisable
***T0107_HouseDoor2F_LOnDisable
***T0107_HouseDoor2F_ROnDisable
***T0107_HouseDoor3F_MidOnDisable
***NPC_ProtyaOnDisable
[PhysX] Initialized MultithreadedTaskDispatcher with 12 workers.
UnloadTime: 1.017600 ms
PCHCheck is True
Immortal Loss Beta 0.58.0, GameVersion is : Beta0.58.0, PCH is True.
startLoadJsonTime = 2052.122
endLoadJsoneTime = 2052.26
Loading Duation is = 0.1379395
***NPC_Villager_BlueOnEnable
***NPC_Villager_RedOnEnable
***NPC_Villager_GreyOnEnable
***NPC_BanditOnEnable
***T0106_HouseDoor2F_LOnEnable
***T0106_LeftEndOnEnable
***T0106_LeftDoorOnEnable
***T0106_AchHouseOnEnable
***T0106_HouseDoor2F_ROnEnable
***T0106_HouseDoor3F_MidOnEnable
***T0106_HouseDoor1F_LOnEnable
***T0106_RightEndOnEnable
***Lantern_0106_BlackBerryTownOnEnable
***NPC_SapphyraOnEnable
***NPC_Sapphyra_PseudoOnEnable
***NPC_FramboiseOnEnable
***ObtainItem_TearDropOnEnable
***ObtainDiscovery_SapphyraNote2OnEnable
***ObtainDiscovery_Tentacle reportOnEnable
***ObtainDiscovery_WantedLORDOnEnable
***ObtainDiscovery_Flyer1OnEnable
***ObtainDiscovery_NoneNameNote6OnEnable
GameManager Initialization Completed.
***NPC_FramboiseOnDisable
***NPC_SapphyraOnDisable
T0106_HouseDoor3F_Mid
T0106_HouseDoor3F_Mid (TransitionSetting)
Transfer to T0106_HouseDoor3F_Mid , location is: (2426.00, 274.00, 0.00)
Unloading 7178 unused Assets to reduce memory usage. Loaded Objects now: 82660.
Total: 40.081500 ms (FindLiveObjects: 4.340700 ms CreateObjectMapping: 3.275200 ms MarkObjects: 27.516200 ms  DeleteObjects: 4.949100 ms)

***IsRestraintArms False
***ObtainItem_TearDropOnDisable
***ObtainDiscovery_SapphyraNote2OnDisable
***ObtainDiscovery_Tentacle reportOnDisable
***ObtainDiscovery_WantedLORDOnDisable
***ObtainDiscovery_Flyer1OnDisable
***ObtainDiscovery_NoneNameNote6OnDisable
ℹ️ 傳入的 FirstArriveBlackBerryDale 小於或等於目前的 FirstArriveZinniaStreet，不更新
IE_FadeOut START
Unloading 9 Unused Serialized files (Serialized files now loaded: 0)
***NPC_BanditOnDisable
***NPC_Villager_BlueOnDisable
***NPC_Villager_RedOnDisable
***NPC_Villager_GreyOnDisable
***Lantern_0106_BlackBerryTownOnDisable
***NPC_Sapphyra_PseudoOnDisable
***T0106_LeftDoorOnDisable
***T0106_HouseDoor1F_LOnDisable
***T0106_HouseDoor2F_LOnDisable
***T0106_HouseDoor2F_ROnDisable
***T0106_HouseDoor3F_MidOnDisable
***T0106_RightEndOnDisable
***T0106_LeftEndOnDisable
***T0106_AchHouseOnDisable
[PhysX] Initialized MultithreadedTaskDispatcher with 12 workers.
UnloadTime: 1.149600 ms
PCHCheck is True
Immortal Loss Beta 0.58.0, GameVersion is : Beta0.58.0, PCH is True.
startLoadJsonTime = 2058.016
endLoadJsoneTime = 2058.159
Loading Duation is = 0.1430664
***NPC_Villager_FOnEnable
***T0107_HouseDoor2F_ROnEnable
***T0107_HouseDoor1F_LOnEnable
***T0107_HouseDoor3F_MidOnEnable
***T0107_HouseDoor2F_LOnEnable
***NPC_ProtyaOnEnable
***BedOnEnable
***ObtainDiscovery_MerchantsNoteOnEnable
***ObtainDiscovery_WantedNoteOnEnable
***ObtainDiscovery_NoneNameNote4OnEnable
GameManager Initialization Completed.
T0107_HouseDoor2F_L
T0107_HouseDoor2F_L (TransitionSetting)
Transfer to T0107_HouseDoor2F_L , location is: (2340.00, 246.00, 0.00)
Unloading 37536 unused Assets to reduce memory usage. Loaded Objects now: 51724.
Total: 61.555500 ms (FindLiveObjects: 4.366400 ms CreateObjectMapping: 3.011500 ms MarkObjects: 28.728700 ms  DeleteObjects: 25.448500 ms)

***IsRestraintArms False
***ObtainDiscovery_MerchantsNoteOnDisable
***ObtainDiscovery_WantedNoteOnDisable
***ObtainDiscovery_NoneNameNote4OnDisable
NormalSound 0
CreateEffect 0
Open NPC Function
Wait for walking
isInTimeLineDash
Wait for turning
NormalSound 0
CreateEffect 0
Wait for IE_FadeIn
NormalSound 0
CreateEffect 0
NormalSound 0
CreateEffect 0
IE_FadeOut START
Unloading 7 Unused Serialized files (Serialized files now loaded: 0)
***BedOnDisable
***T0107_HouseDoor1F_LOnDisable
***T0107_HouseDoor2F_LOnDisable
***T0107_HouseDoor2F_ROnDisable
***T0107_HouseDoor3F_MidOnDisable
***NPC_Villager_FOnDisable
***NPC_ProtyaOnDisable
[PhysX] Initialized MultithreadedTaskDispatcher with 12 workers.
UnloadTime: 0.888000 ms
PCHCheck is True
Immortal Loss Beta 0.58.0, GameVersion is : Beta0.58.0, PCH is True.
startLoadJsonTime = 2079.684
endLoadJsoneTime = 2079.824
Loading Duation is = 0.1394043
***NPC_Villager_BlueOnEnable
***NPC_Villager_RedOnEnable
***NPC_Villager_GreyOnEnable
***NPC_BanditOnEnable
***T0106_HouseDoor2F_LOnEnable
***T0106_LeftEndOnEnable
***T0106_LeftDoorOnEnable
***T0106_AchHouseOnEnable
***T0106_HouseDoor2F_ROnEnable
***T0106_HouseDoor3F_MidOnEnable
***T0106_HouseDoor1F_LOnEnable
***T0106_RightEndOnEnable
***Lantern_0106_BlackBerryTownOnEnable
***NPC_SapphyraOnEnable
***NPC_Sapphyra_PseudoOnEnable
***NPC_FramboiseOnEnable
***ObtainItem_TearDropOnEnable
***ObtainDiscovery_SapphyraNote2OnEnable
***ObtainDiscovery_Tentacle reportOnEnable
***ObtainDiscovery_WantedLORDOnEnable
***ObtainDiscovery_Flyer1OnEnable
***ObtainDiscovery_NoneNameNote6OnEnable
GameManager Initialization Completed.
***NPC_FramboiseOnDisable
***NPC_SapphyraOnDisable
T0106_HouseDoor1F_L
T0106_HouseDoor1F_L (TransitionSetting)
Transfer to T0106_HouseDoor1F_L , location is: (2340.00, 216.40, 0.00)
Unloading 7336 unused Assets to reduce memory usage. Loaded Objects now: 82680.
Total: 39.888600 ms (FindLiveObjects: 4.180200 ms CreateObjectMapping: 2.520100 ms MarkObjects: 27.702900 ms  DeleteObjects: 5.485000 ms)

***IsRestraintArms False
***ObtainItem_TearDropOnDisable
***ObtainDiscovery_SapphyraNote2OnDisable
***ObtainDiscovery_Tentacle reportOnDisable
***ObtainDiscovery_WantedLORDOnDisable
***ObtainDiscovery_Flyer1OnDisable
***ObtainDiscovery_NoneNameNote6OnDisable
ℹ️ 傳入的 FirstArriveBlackBerryDale 小於或等於目前的 FirstArriveZinniaStreet，不更新
Open NPC Function
Wait for walking
isInTimeLineStandBy
Have Open this lantern.
Wait for walking
isInTimeLineWalk
Wait for turning
isInTimeLineStandBy
Wait for IE_FadeIn
IE_FadeOut START
Player Refresh
Player UI Refresh
PromtText
Item Refresh
Item UI Refresh
Enemy Refresh
Open NPC Function
Wait for walking
isInTimeLineStandBy
Have Open this lantern.
Wait for walking
isInTimeLineWalk
Wait for turning
isInTimeLineStandBy
Wait for IE_FadeIn
IE_FadeOut START
Unloading 19 Unused Serialized files (Serialized files now loaded: 0)
***Lantern_0106_BlackBerryTownOnDisable
***NPC_Villager_BlueOnDisable
***T0106_LeftDoorOnDisable
***T0106_HouseDoor1F_LOnDisable
***T0106_HouseDoor2F_LOnDisable
***T0106_HouseDoor2F_ROnDisable
***T0106_HouseDoor3F_MidOnDisable
***T0106_RightEndOnDisable
***T0106_LeftEndOnDisable
***T0106_AchHouseOnDisable
***NPC_Sapphyra_PseudoOnDisable
***NPC_Villager_RedOnDisable
***NPC_Villager_GreyOnDisable
***NPC_BanditOnDisable
[PhysX] Initialized MultithreadedTaskDispatcher with 12 workers.
UnloadTime: 1.082600 ms
PCHCheck is True
Immortal Loss Beta 0.58.0, GameVersion is : Beta0.58.0, PCH is True.
startLoadJsonTime = 2099.785
endLoadJsoneTime = 2099.926
Loading Duation is = 0.1408691
***MovingRope_TriggeAtStartOnEnable
***MovingRope_TriggeAtEndOnEnable
***MovingRope_TriggeAtEndOnEnable
***T0306_DoorDOnEnable
***T0306_EndR (R)OnEnable
***T0306_EndROnEnable
***T0306_EndLOnEnable
***T0306_EndDOnEnable
***T0306_EndRTOnEnable
***T0306_DoorUOnEnable
***OpenSideOnEnable
***Lantern_0306_RinniaRoadOnEnable
***MovingRope_TriggeAtStartOnEnable
***LockSideOnEnable
***ObtainItem_BCPillOnEnable
***ObtainItem_PoorMemoOnEnable
***ObtainItem_HomewardBell (1)OnEnable
***PoorMemoOnEnable
***ObtainItem_HomewardBellOnEnable
***PoorMemo (1)OnEnable
GameManager Initialization Completed.
***T0306_EndR (R)OnDisable
Lantern_0306_RinniaRoad
Lantern_0306_RinniaRoad (TransitionSetting)
Transfer to Lantern_0306_RinniaRoad , location is: (3836.30, -220.70, 0.00)
Unloading 37939 unused Assets to reduce memory usage. Loaded Objects now: 59531.
Total: 64.814300 ms (FindLiveObjects: 4.657300 ms CreateObjectMapping: 3.487500 ms MarkObjects: 27.264200 ms  DeleteObjects: 29.404900 ms)

***IsRestraintArms False
***ObtainItem_PoorMemoOnDisable
***ObtainItem_HomewardBell (1)OnDisable
***PoorMemoOnDisable
***ObtainItem_HomewardBellOnDisable
ℹ️ 傳入的 FirstArriveZinniaStreet 小於或等於目前的 FirstArriveZinniaStreet，不更新
LedgeDetected!     is Pene Up
***GameManager.Instance.playerAnimation.ClimbPoint.position (3980.05, -237.52, 0.00)
NormalCageStartMoving
NormalCageOnStartMoving
UnControlOnRope
NormalCageOnReachRightEnd
NormalCageOnStopMoving
EndUnControlOnRope
LedgeDetected!     is Pene Up
***GameManager.Instance.playerAnimation.ClimbPoint.position (4211.76, -178.22, 0.00)
IE_FadeOut START
Unloading 14 Unused Serialized files (Serialized files now loaded: 0)
***LockSideOnDisable
***OpenSideOnDisable
***MovingRope_TriggeAtStartOnDisable
***MovingRope_TriggeAtEndOnDisable
***MovingRope_TriggeAtStartOnDisable
***MovingRope_TriggeAtEndOnDisable
***ObtainItem_BCPillOnDisable
***PoorMemo (1)OnDisable
***T0306_EndLOnDisable
***T0306_EndROnDisable
***T0306_DoorUOnDisable
***T0306_DoorDOnDisable
***T0306_EndRTOnDisable
***T0306_EndDOnDisable
***Lantern_0306_RinniaRoadOnDisable
[PhysX] Initialized MultithreadedTaskDispatcher with 12 workers.
UnloadTime: 1.890600 ms
PCHCheck is True
Immortal Loss Beta 0.58.0, GameVersion is : Beta0.58.0, PCH is True.
startLoadJsonTime = 2124.425
endLoadJsoneTime = 2124.566
Loading Duation is = 0.1403809
***MovingRope_TriggeAtEndOnEnable
***MovingRope_TriggeAtEndOnEnable
***MovingRope_TriggeAtStartOnEnable
***MovingRope_TriggeAtStartOnEnable
***NPC_BanditOnEnable
***T0307_DoorDOnEnable
***T0307_EndROnEnable
***T0307_EndLOnEnable
***TriggerEventOnEnable
***FindingOnEnable
***WARNINGNote1OnEnable
GameManager Initialization Completed.
T0307_EndL
T0307_EndL (TransitionSetting)
Transfer to T0307_EndL , location is: (4262.00, -209.24, 0.00)
Unloading 14258 unused Assets to reduce memory usage. Loaded Objects now: 55708.
Total: 53.096100 ms (FindLiveObjects: 3.311100 ms CreateObjectMapping: 2.495900 ms MarkObjects: 37.225400 ms  DeleteObjects: 10.063200 ms)

***IsRestraintArms False
***FindingOnDisable
***WARNINGNote1OnDisable
***TriggerEventOnDisable
ℹ️ 傳入的 FirstArriveZinniaStreet 小於或等於目前的 FirstArriveZinniaStreet，不更新
isInTimeLineDash
Wait for turning
_noExe not run this interation.
NormalCageStartMoving
NormalCageOnStartMoving
UnControlOnRope
NormalCageOnReachRightEnd
NormalCageOnStopMoving
EndUnControlOnRope
0
NormalCageStartMoving
NormalCageOnStartMoving
UnControlOnRope
NormalCageOnReachRightEnd
NormalCageOnStopMoving
EndUnControlOnRope
IE_FadeOut START
Unloading 15 Unused Serialized files (Serialized files now loaded: 0)
***T0307_DoorDOnDisable
***T0307_EndLOnDisable
***T0307_EndROnDisable
***NPC_BanditOnDisable
***MovingRope_TriggeAtStartOnDisable
***MovingRope_TriggeAtEndOnDisable
***MovingRope_TriggeAtStartOnDisable
***MovingRope_TriggeAtEndOnDisable
[PhysX] Initialized MultithreadedTaskDispatcher with 12 workers.
UnloadTime: 0.960300 ms
PCHCheck is True
Immortal Loss Beta 0.58.0, GameVersion is : Beta0.58.0, PCH is True.
startLoadJsonTime = 2164.547
endLoadJsoneTime = 2164.688
Loading Duation is = 0.1413574
***T0501_DoorDOnEnable
***T0501_EndROnEnable
***T0501_EndLOnEnable
***Lantern_0501_CampofthePilgrimsofPeaceOnEnable
***ItemOnEnable
GameManager Initialization Completed.
T0501_EndL
T0501_EndL (TransitionSetting)
Transfer to T0501_EndL , location is: (5148.23, 40.30, 0.00)
Unloading 10496 unused Assets to reduce memory usage. Loaded Objects now: 46242.
Total: 45.186000 ms (FindLiveObjects: 3.047400 ms CreateObjectMapping: 1.675100 ms MarkObjects: 32.169200 ms  DeleteObjects: 8.294100 ms)

***IsRestraintArms False
Adding Enemy: BanditA to List.
發動連環攻擊
Remove Enemy: BanditA from List.
Adding Enemy: BanditA to List.
Remove Enemy: BanditA from List.
Adding Enemy: BanditA to List.
EnterGetHurt
EnterGetHurt
EnterGetHurt
發動連環攻擊
Remove this dead Enemy from List.
Drop Sands :320
BanditA is add to library
1
0
LedgeDetected!     is Wall
***GameManager.Instance.playerAnimation.ClimbPoint.position (5249.81, 42.48, 0.00)
Open NPC Function
Wait for walking
isInTimeLineStandBy
Not Open this lantern yet.
Wait for walking
isInTimeLineWalk
Wait for turning
isInTimeLineStandBy
Wait for IE_FadeIn
IE_FadeOut START
Player Refresh
Player UI Refresh
PromtText
Item Refresh
Item UI Refresh
Enemy Refresh
Change to Crawl.
***ItemOnDisable
Change to Stand.
Change to Crawl.
IE_FadeOut START
Unloading 16 Unused Serialized files (Serialized files now loaded: 0)
***T0501_DoorDOnDisable
***T0501_EndLOnDisable
***T0501_EndROnDisable
***Lantern_0501_CampofthePilgrimsofPeaceOnDisable
[PhysX] Initialized MultithreadedTaskDispatcher with 12 workers.
UnloadTime: 1.182800 ms
PCHCheck is True
Immortal Loss Beta 0.58.0, GameVersion is : Beta0.58.0, PCH is True.
startLoadJsonTime = 2202.405
endLoadJsoneTime = 2202.543
Loading Duation is = 0.1376953
***T0503_DoorOnEnable
***T0503_HoleOnEnable
***ItemOnEnable
GameManager Initialization Completed.
T0503_Door
T0503_Door (TransitionSetting)
Transfer to T0503_Door , location is: (5318.70, 15.08, 0.00)
Unloading 616 unused Assets to reduce memory usage. Loaded Objects now: 50866.
Total: 31.650200 ms (FindLiveObjects: 2.828100 ms CreateObjectMapping: 1.431000 ms MarkObjects: 26.758800 ms  DeleteObjects: 0.632000 ms)

***IsRestraintArms False
Change to Stand.
Change to Crawl.
Adding Enemy: CrawlingColza to List.
EnterNormalATK
EnterNormalATK
EnterGetHurt
EnterGetHurt
EnterNormalATK
EnterGetHurt
EnterNormalATK
EnterGetHurt
EnterNormalATK
EnterGetHurt
EnterNormalATK
EnterGetHurt
EnterNormalATK
EnterGetHurt
EnterNormalATK
EnterNormalATK
EnterGetHurt
Remove this dead Enemy from List.
Drop Sands :115
Change to Stand.
LedgeDetected!     is Wall
***GameManager.Instance.playerAnimation.ClimbPoint.position (5382.94, 2.98, 0.00)
***ItemOnDisable
Drop Sands :60
Drop Sands :60
Change to Crawl.
Change to Stand.
Adding Enemy: CrawlingColza to List.
EnterNormalATK
EnterNormalATK
ParasiteCondition.
Tag is CrawlingColza
CrawlingColza para. random failed.
Remove Enemy: CrawlingColza from List.
Adding Enemy: CrawlingColza to List.
EnterGetHurt
Remove this dead Enemy from List.
Drop Sands :115
Change to Crawl.
IE_FadeOut START
Unloading 18 Unused Serialized files (Serialized files now loaded: 0)
***T0503_DoorOnDisable
***T0503_HoleOnDisable
[PhysX] Initialized MultithreadedTaskDispatcher with 12 workers.
UnloadTime: 0.962000 ms
PCHCheck is True
Immortal Loss Beta 0.58.0, GameVersion is : Beta0.58.0, PCH is True.
startLoadJsonTime = 2246.829
endLoadJsoneTime = 2246.97
Loading Duation is = 0.140625
***T0512_HoleOnEnable
***T0512_EndROnEnable
***T0512_LadderOnEnable
***T0512_EndUOnEnable
GameManager Initialization Completed.
T0512_Hole
T0512_Hole (TransitionSetting)
Transfer to T0512_Hole , location is: (5443.01, -45.78, 0.00)
Unloading 6916 unused Assets to reduce memory usage. Loaded Objects now: 50217.
Total: 36.461900 ms (FindLiveObjects: 3.030900 ms CreateObjectMapping: 1.670800 ms MarkObjects: 27.092200 ms  DeleteObjects: 4.667600 ms)

***IsRestraintArms False
Change to Stand.
Change to Crawl.
Change to Stand.
Adding Enemy: BanditA to List.
Remove Enemy: BanditA from List.
Bomb Projectile hits wall and destroy.
Bomb Projectile hits wall and destroy.
Adding Enemy: BanditA to List.
Remove Enemy: BanditA from List.
Adding Enemy: BanditA to List.
發動連環攻擊
ParasiteCondition.
Tag is NakedATK
TornCloth to state 1
ParasiteCondition.
Tag is NakedATK
TornCloth to state 2
EnterGetHurt
EnterGetHurt
EnterGetHurt
Remove this dead Enemy from List.
Drop Sands :320
CanExecuteCancel True
CanExecuteCancel False
CanExecuteCancel True
CloseMenu
IE_FadeOut START
Unloading 15 Unused Serialized files (Serialized files now loaded: 0)
***T0512_EndROnDisable
***T0512_EndUOnDisable
***T0512_HoleOnDisable
***T0512_LadderOnDisable
[PhysX] Initialized MultithreadedTaskDispatcher with 12 workers.
UnloadTime: 1.704600 ms
PCHCheck is True
Immortal Loss Beta 0.58.0, GameVersion is : Beta0.58.0, PCH is True.
startLoadJsonTime = 2290.595
endLoadJsoneTime = 2290.736
Loading Duation is = 0.1408691
***T0509_HoleOnEnable
***T0509_DoorOnEnable
GameManager Initialization Completed.
T0509_LadderEnd
T0509_LadderEnd (TransitionSetting)
Transfer to T0509_LadderEnd , location is: (5666.25, 25.66, 0.00)
Unloading 4059 unused Assets to reduce memory usage. Loaded Objects now: 52059.
Total: 33.807100 ms (FindLiveObjects: 2.621500 ms CreateObjectMapping: 1.626600 ms MarkObjects: 26.622600 ms  DeleteObjects: 2.936000 ms)

***IsRestraintArms False
0
IE_FadeOut START
Unloading 15 Unused Serialized files (Serialized files now loaded: 0)
***T0509_HoleOnDisable
***T0509_DoorOnDisable
[PhysX] Initialized MultithreadedTaskDispatcher with 12 workers.
UnloadTime: 0.685100 ms
PCHCheck is True
Immortal Loss Beta 0.58.0, GameVersion is : Beta0.58.0, PCH is True.
startLoadJsonTime = 2299.292
endLoadJsoneTime = 2299.428
Loading Duation is = 0.1359863
***T0507_HoleOnEnable
***T0507_DoorLOnEnable
***T0507_DoorROnEnable
GameManager Initialization Completed.
T0507_DoorR
T0507_DoorR (TransitionSetting)
Transfer to T0507_DoorR , location is: (5638.64, 26.98, 0.00)
Unloading 6087 unused Assets to reduce memory usage. Loaded Objects now: 50327.
Total: 36.807500 ms (FindLiveObjects: 2.859300 ms CreateObjectMapping: 1.557400 ms MarkObjects: 28.189500 ms  DeleteObjects: 4.201000 ms)

***IsRestraintArms False
Adding Enemy: BanditA to List.
發動連環攻擊
Remove Enemy: BanditA from List.
Adding Enemy: BanditA to List.
Remove Enemy: BanditA from List.
Change to Crawl.
Change to Stand.
IE_FadeOut START
Unloading 16 Unused Serialized files (Serialized files now loaded: 0)
***T0507_DoorLOnDisable
***T0507_DoorROnDisable
***T0507_HoleOnDisable
[PhysX] Initialized MultithreadedTaskDispatcher with 12 workers.
UnloadTime: 0.932000 ms
PCHCheck is True
Immortal Loss Beta 0.58.0, GameVersion is : Beta0.58.0, PCH is True.
startLoadJsonTime = 2310.828
endLoadJsoneTime = 2310.969
Loading Duation is = 0.1403809
***T0502_DoorOnEnable
***T0502_EndRUOnEnable
***T0502_EndLOnEnable
***T0502_EndRDOnEnable
***ItemOnEnable
GameManager Initialization Completed.
T0502_Door
T0502_Door (TransitionSetting)
Transfer to T0502_Door , location is: (5515.66, 34.77, 0.00)
Unloading 3991 unused Assets to reduce memory usage. Loaded Objects now: 55597.
Total: 34.938600 ms (FindLiveObjects: 2.752000 ms CreateObjectMapping: 1.680000 ms MarkObjects: 27.778800 ms  DeleteObjects: 2.727500 ms)

***IsRestraintArms False
Adding Enemy: CrawlingColza to List.
EnterNormalATK
Adding Enemy: CrawlingColza to List.
EnterNormalATK
EnterNormalATK
Remove Enemy: CrawlingColza from List.
Adding Enemy: CrawlingColza to List.
Remove Enemy: CrawlingColza from List.
Adding Enemy: CrawlingColza to List.
Remove Enemy: CrawlingColza from List.
Remove Enemy: CrawlingColza from List.
Adding Enemy: NDog to List.
EnterGetHurt
Back insert. Vag
Back insert. Vag
Back insert. Vag
Back insert. Vag
Back insert. Vag
Back insert. Vag
Back insert. Vag
Back insert. Vag
Back insert. Vag
Back insert. Vag
Back insert. Vag
Back insert. Vag
Back insert. Vag
Back insert. Vag
Back insert. Vag
Back insert. Vag
Back insert. Vag
Back insert. Vag
Back insert. Vag
Back insert. Vag
Back insert. Vag
Back insert. Vag
Back insert. Vag
Back insert. Vag
Back insert. Vag
Back insert. Vag
Back insert. Vag
Back insert. Vag
Back insert. Vag
Back insert. Vag
Back insert. Vag
Back insert. Vag
Back insert. Vag
Back insert. Vag
Back insert. Vag
Back insert. Vag
Back insert. Vag
Back insert. Vag
Back insert. Vag
Back insert. Vag
Back insert. Vag
Back insert. Vag
Back insert. Vag
Back insert. Vag
Back insert. Vag
Back insert. Vag
Back insert. Vag
Back insert. Vag
Back insert. Vag
Back insert. Vag
Back insert. Vag
Back insert. Vag
Back insert. Vag
Back insert. Vag
Back insert. Vag
Back insert. Vag
Back insert. Vag
Back insert. Vag
Back insert. Vag
Back insert. Vag
Back insert. Vag
Back insert. Vag
Back insert. Vag
Back insert. Vag
Back insert. Vag
Back insert. Vag
Back insert. Vag
Back insert. Vag
Back insert. Vag
Back insert. Vag
Back insert. Vag
Back insert. Vag
Back insert. Vag
Back insert. Vag
Back insert. Vag
Back insert. Vag
Back insert. Vag
Back insert. Vag
Back insert. Vag
Back insert. Vag
Back insert. Vag
Back insert. Vag
Back insert. Vag
Back insert. Vag
Back insert. Vag
Back insert. Vag
Back insert. Vag
Back insert. Vag
Back insert. Vag
Remove this dead Enemy from List.
Drop Sands :45
Back insert. Vag
Adding Enemy: CrawlingColza to List.
EnterNormalATK
Remove Enemy: CrawlingColza from List.
EnterGetHurt
Adding Enemy: CrawlingColza to List.
EnterNormalATK
EnterGetHurt
EnterNormalATK
Remove this dead Enemy from List.
Drop Sands :115
EnterNormalATK
EnterNormalATK
EnterNormalATK
EnterNormalATK
EnterNormalATK
EnterNormalATK
EnterNormalATK
EnterNormalATK
EnterNormalATK
Adding Enemy: CrawlingColza to List.
EnterNormalATK
Remove Enemy: CrawlingColza from List.
Adding Enemy: CrawlingColza to List.
EnterNormalATK
EnterNormalATK
ParasiteCondition.
Tag is CrawlingColza
CrawlingColza para. random failed.
EnterGetHurt
Remove this dead Enemy from List.
Drop Sands :115
CycleTrap is Trigger.
CycleTrap is resEnemy.
StartScreenBlink time: 0.3 Color: RGBA(1.000, 1.000, 1.000, 1.000)
Player Start StruggleResIE
Succeed ResStrug
***PlayerSkeletonRendererObj (0.30, 0.81, 0.00)
LedgeDetected!     is Wall
***GameManager.Instance.playerAnimation.ClimbPoint.position (5562.87, 55.38, 0.00)
Drop Sands :60
Drop Sands :60
Drop Sands :60
IE_FadeOut START
Unloading 15 Unused Serialized files (Serialized files now loaded: 0)
***T0502_DoorOnDisable
***T0502_EndLOnDisable
***T0502_EndRUOnDisable
***T0502_EndRDOnDisable
***ItemOnDisable
[PhysX] Initialized MultithreadedTaskDispatcher with 12 workers.
UnloadTime: 1.214500 ms
PCHCheck is True
Immortal Loss Beta 0.58.0, GameVersion is : Beta0.58.0, PCH is True.
startLoadJsonTime = 2343.976
endLoadJsoneTime = 2344.117
Loading Duation is = 0.1408691
***T0507_HoleOnEnable
***T0507_DoorLOnEnable
***T0507_DoorROnEnable
GameManager Initialization Completed.
T0507_DoorL
T0507_DoorL (TransitionSetting)
Transfer to T0507_DoorL , location is: (5515.66, 34.77, 0.00)
Unloading 9110 unused Assets to reduce memory usage. Loaded Objects now: 50334.
Total: 38.205200 ms (FindLiveObjects: 2.922000 ms CreateObjectMapping: 1.740200 ms MarkObjects: 27.344700 ms  DeleteObjects: 6.198100 ms)

***IsRestraintArms False
Change to Crawl.
Change to Stand.
Adding Enemy: BanditA to List.
EnterGetHurt
EnterGetHurt
EnterGetHurt
Remove this dead Enemy from List.
Drop Sands :320
IE_FadeOut START
Unloading 18 Unused Serialized files (Serialized files now loaded: 0)
***T0507_DoorLOnDisable
***T0507_DoorROnDisable
***T0507_HoleOnDisable
[PhysX] Initialized MultithreadedTaskDispatcher with 12 workers.
UnloadTime: 1.029400 ms
PCHCheck is True
Immortal Loss Beta 0.58.0, GameVersion is : Beta0.58.0, PCH is True.
startLoadJsonTime = 2353.86
endLoadJsoneTime = 2354.002
Loading Duation is = 0.1420898
***T0512_HoleOnEnable
***T0512_EndROnEnable
***T0512_LadderOnEnable
***T0512_EndUOnEnable
GameManager Initialization Completed.
T0512_EndU
T0512_EndU (TransitionSetting)
Transfer to T0512_EndU , location is: (5591.90, -28.70, 0.00)
Unloading 1642 unused Assets to reduce memory usage. Loaded Objects now: 50241.
Total: 32.740900 ms (FindLiveObjects: 2.674700 ms CreateObjectMapping: 1.488300 ms MarkObjects: 27.246500 ms  DeleteObjects: 1.331100 ms)

***IsRestraintArms False
Change to Crawl.
Change to Stand.
Change to Crawl.
-1
Change to Stand.
False
Adding Enemy: BanditA to List.
發動連環攻擊
EnterGetHurt
EnterGetHurt
EnterGetHurt
Remove this dead Enemy from List.
Drop Sands :320
Change to Crawl.
Change to Stand.
IE_FadeOut START
Unloading 15 Unused Serialized files (Serialized files now loaded: 0)
***T0512_EndROnDisable
***T0512_EndUOnDisable
***T0512_HoleOnDisable
***T0512_LadderOnDisable
[PhysX] Initialized MultithreadedTaskDispatcher with 12 workers.
UnloadTime: 1.141800 ms
PCHCheck is True
Immortal Loss Beta 0.58.0, GameVersion is : Beta0.58.0, PCH is True.
startLoadJsonTime = 2396.354
endLoadJsoneTime = 2396.494
Loading Duation is = 0.1408691
***T0519_EndDOnEnable
***T0519_EndLOnEnable
GameManager Initialization Completed.
T0519_EndL
T0519_EndL (TransitionSetting)
Transfer to T0519_EndL , location is: (5774.40, -95.10, 0.00)
Unloading 1726 unused Assets to reduce memory usage. Loaded Objects now: 48762.
Total: 32.341300 ms (FindLiveObjects: 2.761000 ms CreateObjectMapping: 1.418500 ms MarkObjects: 26.654800 ms  DeleteObjects: 1.506500 ms)

***IsRestraintArms False
Change to Crawl.
Change to Stand.
LedgeDetected!     is Wall
***GameManager.Instance.playerAnimation.ClimbPoint.position (5858.03, -92.78, 0.00)
LedgeDetected!     is Wall
***GameManager.Instance.playerAnimation.ClimbPoint.position (5849.24, -92.81, 0.00)
IE_FadeOut START
Unloading 19 Unused Serialized files (Serialized files now loaded: 0)
***T0519_EndLOnDisable
***T0519_EndDOnDisable
[PhysX] Initialized MultithreadedTaskDispatcher with 12 workers.
UnloadTime: 0.784100 ms
PCHCheck is True
Immortal Loss Beta 0.58.0, GameVersion is : Beta0.58.0, PCH is True.
startLoadJsonTime = 2408.481
endLoadJsoneTime = 2408.623
Loading Duation is = 0.1411133
***T0520_HoleLOnEnable
***T0520_HoleOnEnable
***T0520_EndUOnEnable
GameManager Initialization Completed.
T0520_EndU
T0520_EndU (TransitionSetting)
Transfer to T0520_EndU , location is: (5853.80, -135.30, 0.00)
Unloading 159 unused Assets to reduce memory usage. Loaded Objects now: 52948.
Total: 33.072100 ms (FindLiveObjects: 2.716300 ms CreateObjectMapping: 1.373400 ms MarkObjects: 28.761200 ms  DeleteObjects: 0.220800 ms)

***IsRestraintArms False
Adding Enemy: CrawlingColza to List.
EnterNormalATK
Remove Enemy: CrawlingColza from List.
1
0
Adding Enemy: CrawlingColza to List.
EnterNormalATK
Adding Enemy: CrawlingColza to List.
EnterNormalATK
EnterNormalATK
EnterNormalATK
EnterNormalATK
EnterNormalATK
ParasiteCondition.
Tag is CrawlingColza
TornCloth to state 3
Remove Enemy: CrawlingColza from List.
Remove Enemy: CrawlingColza from List.
Adding Enemy: CrawlingColza to List.
Adding Enemy: CrawlingColza to List.
Remove Enemy: CrawlingColza from List.
Remove Enemy: CrawlingColza from List.
Adding Enemy: CrawlingColza to List.
EnterNormalATK
EnterNormalATK
EnterNormalATK
EnterNormalATK
EnterNormalATK
EnterNormalATK
EnterNormalATK
ParasiteCondition.
Tag is CrawlingColza
AddingParaToVaginal CrawlingColza
沒有可用的 SE AudioSource 供播放。
EnterNormalATK
IE_FadeOut START
***IsRestraintArms False
Unloading 19 Unused Serialized files (Serialized files now loaded: 0)
***T0520_EndUOnDisable
***T0520_HoleOnDisable
***T0520_HoleLOnDisable
[PhysX] Initialized MultithreadedTaskDispatcher with 12 workers.
UnloadTime: 2.304000 ms
PCHCheck is True
Immortal Loss Beta 0.58.0, GameVersion is : Beta0.58.0, PCH is True.
startLoadJsonTime = 2430.104
endLoadJsoneTime = 2430.245
Loading Duation is = 0.1403809
***T0520_HoleLOnEnable
***T0520_HoleOnEnable
***T0520_EndUOnEnable
GameManager Initialization Completed.
Unloading 61 unused Assets to reduce memory usage. Loaded Objects now: 52985.
Total: 32.095300 ms (FindLiveObjects: 2.692800 ms CreateObjectMapping: 1.452800 ms MarkObjects: 27.825000 ms  DeleteObjects: 0.124400 ms)

***IsRestraintArms False
**************5
Adding Enemy: CrawlingColza to List.
EnterNormalATK
Remove Enemy: CrawlingColza from List.
EnterNormalATK
EnterNormalATK
EnterNormalATK
EnterNormalATK
EnterNormalATK
EnterNormalATK
EnterNormalATK
EnterNormalATK
EnterNormalATK
EnterNormalATK
Adding Enemy: CrawlingColza to List.
Remove Enemy: CrawlingColza from List.
Adding Enemy: CrawlingColza to List.
Remove Enemy: CrawlingColza from List.
Adding Enemy: CrawlingColza to List.
EnterNormalATK
Adding Enemy: CrawlingColza to List.
EnterNormalATK
ParasiteCondition.
Tag is CrawlingColza
CrawlingColza para. random failed.
EnterNormalATK
EnterNormalATK
EnterNormalATK
Remove Enemy: CrawlingColza from List.
Remove Enemy: CrawlingColza from List.
Adding Enemy: CrawlingColza to List.
Adding Enemy: CrawlingColza to List.
Remove Enemy: CrawlingColza from List.
Remove Enemy: CrawlingColza from List.
Adding Enemy: CrawlingColza to List.
EnterNormalATK
ParasiteCondition.
Tag is CrawlingColza
CrawlingColza para. random failed.
Remove Enemy: CrawlingColza from List.
Adding Enemy: CrawlingColza to List.
EnterNormalATK
EnterGetHurt
Remove this dead Enemy from List.
Drop Sands :115
***DropItem(Clone)OnEnable
Adding Enemy: CrawlingColza to List.
EnterNormalATK
Adding Enemy: CrawlingColza to List.
EnterNormalATK
EnterNormalATK
ParasiteCondition.
Tag is CrawlingColza
CrawlingColza para. random failed.
Remove Enemy: CrawlingColza from List.
Remove Enemy: CrawlingColza from List.
Adding Enemy: CrawlingColza to List.
Adding Enemy: CrawlingColza to List.
EnterNormalATK
EnterNormalATK
EnterNormalATK
EnterNormalATK
EnterNormalATK
EnterNormalATK
EnterNormalATK
EnterGetHurt
EnterGetHurt
Remove this dead Enemy from List.
Drop Sands :115
Remove this dead Enemy from List.
Drop Sands :115
Adding Enemy: CrawlingColza to List.
EnterNormalATK
EnterNormalATK
EnterGetHurt
Remove this dead Enemy from List.
Drop Sands :115
Change to Crawl.
Change to Stand.
IE_FadeOut START
Unloading 13 Unused Serialized files (Serialized files now loaded: 0)
***DropItem(Clone)OnDisable
***T0520_EndUOnDisable
***T0520_HoleOnDisable
***T0520_HoleLOnDisable
[PhysX] Initialized MultithreadedTaskDispatcher with 12 workers.
UnloadTime: 2.194200 ms
PCHCheck is True
Immortal Loss Beta 0.58.0, GameVersion is : Beta0.58.0, PCH is True.
startLoadJsonTime = 2466.748
endLoadJsoneTime = 2466.883
Loading Duation is = 0.1350098
***T0521_HoleOnEnable
GameManager Initialization Completed.
T0521_Hole
T0521_Hole (TransitionSetting)
Transfer to T0521_Hole , location is: (5618.80, -139.90, 0.00)
Unloading 5658 unused Assets to reduce memory usage. Loaded Objects now: 47590.
Total: 49.075000 ms (FindLiveObjects: 2.566300 ms CreateObjectMapping: 1.608000 ms MarkObjects: 40.856700 ms  DeleteObjects: 4.043600 ms)

***IsRestraintArms False
Adding Enemy: CrawlingColza to List.
EnterNormalATK
EnterNormalATK
EnterGetHurt
Remove this dead Enemy from List.
Drop Sands :115
Adding Enemy: CrawlingColza to List.
EnterNormalATK
EnterNormalATK
EnterNormalATK
EnterNormalATK
ParasiteCondition.
Tag is CrawlingColza
CrawlingColza para. random failed.
Remove Enemy: CrawlingColza from List.
Adding Enemy: CrawlingColza to List.
EnterGetHurt
Remove this dead Enemy from List.
Drop Sands :115
Adding Enemy: CrawlingColza to List.
EnterNormalATK
ParasiteCondition.
Tag is CrawlingColza
CrawlingColza para. random failed.
Remove Enemy: CrawlingColza from List.
Adding Enemy: CrawlingColza to List.
EnterGetHurt
Remove this dead Enemy from List.
Drop Sands :115
***DropItem(Clone)OnEnable
Using Anodyne
LedgeDetected!     is Wall
***GameManager.Instance.playerAnimation.ClimbPoint.position (5570.43, -232.65, 0.00)
LedgeDetected!     is Wall
***GameManager.Instance.playerAnimation.ClimbPoint.position (5590.22, -210.16, 0.00)
LedgeDetected!     is Wall
***GameManager.Instance.playerAnimation.ClimbPoint.position (5570.43, -232.60, 0.00)
Adding Enemy: CrawlingColza to List.
EnterNormalATK
Adding Enemy: CrawlingColza to List.
EnterNormalATK
ParasiteCondition.
Tag is CrawlingColza
CrawlingColza para. random failed.
Remove Enemy: CrawlingColza from List.
Adding Enemy: CrawlingColza to List.
EnterGetHurt
Remove this dead Enemy from List.
Drop Sands :115
***DropItem(Clone)OnEnable
EnterNormalATK
EnterNormalATK
EnterGetHurt
Remove this dead Enemy from List.
Drop Sands :115
***DropItem(Clone)OnDisable
Change to Crawl.
Change to Stand.
Adding Enemy: CrawlingColza to List.
EnterNormalATK
Remove Enemy: CrawlingColza from List.
EnterNormalATK
LedgeDetected!     is Wall
***GameManager.Instance.playerAnimation.ClimbPoint.position (5570.43, -232.49, 0.00)
Change to Crawl.
Change to Stand.
LedgeDetected!     is Wall
***GameManager.Instance.playerAnimation.ClimbPoint.position (5575.95, -205.89, 0.00)
***DropItem(Clone)OnDisable
Adding Enemy: CrawlingColza to List.
EnterNormalATK
EnterGetHurt
Remove this dead Enemy from List.
Drop Sands :115
IE_FadeOut START
Unloading 19 Unused Serialized files (Serialized files now loaded: 0)
***T0521_HoleOnDisable
[PhysX] Initialized MultithreadedTaskDispatcher with 12 workers.
UnloadTime: 1.863300 ms
PCHCheck is True
Immortal Loss Beta 0.58.0, GameVersion is : Beta0.58.0, PCH is True.
startLoadJsonTime = 2548.727
endLoadJsoneTime = 2548.866
Loading Duation is = 0.1391602
***T0520_HoleLOnEnable
***T0520_HoleOnEnable
***T0520_EndUOnEnable
GameManager Initialization Completed.
T0520_HoleL
T0520_HoleL (TransitionSetting)
Transfer to T0520_HoleL , location is: (5526.70, -141.50, 0.00)
Unloading 199 unused Assets to reduce memory usage. Loaded Objects now: 52983.
Total: 32.864400 ms (FindLiveObjects: 2.790100 ms CreateObjectMapping: 1.446200 ms MarkObjects: 28.385600 ms  DeleteObjects: 0.242300 ms)

***IsRestraintArms False
Change to Crawl.
Change to Stand.
LedgeDetected!     is Wall
***GameManager.Instance.playerAnimation.ClimbPoint.position (5660.03, -140.56, 0.00)
Adding Enemy: CrawlingColza to List.
EnterNormalATK
EnterNormalATK
ParasiteCondition.
Tag is CrawlingColza
AddingParaToVaginal CrawlingColza
LedgeDetected!     is Wall
***GameManager.Instance.playerAnimation.ClimbPoint.position (5660.03, -139.14, 0.00)
IE_FadeOut START
***IsRestraintArms False
Unloading 19 Unused Serialized files (Serialized files now loaded: 0)
***T0520_EndUOnDisable
***T0520_HoleOnDisable
***T0520_HoleLOnDisable
[PhysX] Initialized MultithreadedTaskDispatcher with 12 workers.
UnloadTime: 1.771700 ms
PCHCheck is True
Immortal Loss Beta 0.58.0, GameVersion is : Beta0.58.0, PCH is True.
startLoadJsonTime = 2581.29
endLoadJsoneTime = 2581.433
Loading Duation is = 0.1425781
***T0520_HoleLOnEnable
***T0520_HoleOnEnable
***T0520_EndUOnEnable
GameManager Initialization Completed.
Unloading 33 unused Assets to reduce memory usage. Loaded Objects now: 52966.
Total: 34.790100 ms (FindLiveObjects: 2.679000 ms CreateObjectMapping: 1.625900 ms MarkObjects: 30.376800 ms  DeleteObjects: 0.107800 ms)

***IsRestraintArms False
**************5
CloseMenu
CanExecuteCancel True
CloseMenu
Change to Crawl.
Change to Stand.
LedgeDetected!     is Wall
***GameManager.Instance.playerAnimation.ClimbPoint.position (5660.03, -140.41, 0.00)
Adding Enemy: CrawlingColza to List.
EnterNormalATK
EnterNormalATK
Remove Enemy: CrawlingColza from List.
Adding Enemy: CrawlingColza to List.
EnterNormalATK
ParasiteCondition.
Tag is CrawlingColza
CrawlingColza para. random failed.
Remove Enemy: CrawlingColza from List.
Adding Enemy: CrawlingColza to List.
LedgeDetected!     is Wall
***GameManager.Instance.playerAnimation.ClimbPoint.position (5660.00, -139.89, 0.00)
Remove Enemy: CrawlingColza from List.
EnterNormalATK
EnterNormalATK
Adding Enemy: CrawlingColza to List.
EnterNormalATK
Remove Enemy: CrawlingColza from List.
Adding Enemy: CrawlingColza to List.
EnterNormalATK
EnterNormalATK
EnterNormalATK
ParasiteCondition.
Tag is CrawlingColza
CrawlingColza para. random failed.
Remove Enemy: CrawlingColza from List.
LedgeDetected!     is Wall
***GameManager.Instance.playerAnimation.ClimbPoint.position (5931.30, -125.83, 0.00)
IE_FadeOut START
Unloading 16 Unused Serialized files (Serialized files now loaded: 0)
***T0520_EndUOnDisable
***T0520_HoleOnDisable
***T0520_HoleLOnDisable
[PhysX] Initialized MultithreadedTaskDispatcher with 12 workers.
UnloadTime: 1.777600 ms
PCHCheck is True
Immortal Loss Beta 0.58.0, GameVersion is : Beta0.58.0, PCH is True.
startLoadJsonTime = 2624.171
endLoadJsoneTime = 2624.312
Loading Duation is = 0.1408691
***T0514_DoorOnEnable
***T0514_EndUOnEnable
***T0514_HoleOnEnable
GameManager Initialization Completed.
T0514_Hole
T0514_Hole (TransitionSetting)
Transfer to T0514_Hole , location is: (5947.70, -122.73, 0.00)
Unloading 3977 unused Assets to reduce memory usage. Loaded Objects now: 51032.
Total: 34.818300 ms (FindLiveObjects: 2.822700 ms CreateObjectMapping: 1.493800 ms MarkObjects: 27.627300 ms  DeleteObjects: 2.873900 ms)

***IsRestraintArms False
CanExecuteCancel True
CanExecuteCancel False
CanExecuteCancel False
0
Adding Enemy: BanditB to List.
Remove Enemy: BanditB from List.
Adding Enemy: BanditA to List.
Remove Enemy: BanditA from List.
Bomb Projectile hits wall and destroy.
Bomb Projectile hits wall and destroy.
Adding Enemy: BanditA to List.
Drop Sands :60
EnterGetHurt
EnterGetHurt
EnterGetHurt
Remove this dead Enemy from List.
Drop Sands :320
Adding Enemy: BanditB to List.
LedgeDetected!     is Wall
***GameManager.Instance.playerAnimation.ClimbPoint.position (5914.86, -129.85, 0.00)
Drop Sands :60
Remove Enemy: BanditB from List.
LedgeDetected!     is Wall
***GameManager.Instance.playerAnimation.ClimbPoint.position (5904.13, -129.60, 0.00)
LedgeDetected!     is Wall
***GameManager.Instance.playerAnimation.ClimbPoint.position (5913.06, -129.60, 0.00)
Adding Enemy: BanditB to List.
EnterGetHurt
EnterGetHurt
EnterGetHurt
Remove this dead Enemy from List.
Drop Sands :320
BanditB is add to library
IE_FadeOut START
Unloading 19 Unused Serialized files (Serialized files now loaded: 0)
***T0514_EndUOnDisable
***T0514_DoorOnDisable
***T0514_HoleOnDisable
[PhysX] Initialized MultithreadedTaskDispatcher with 12 workers.
UnloadTime: 1.051500 ms
PCHCheck is True
Immortal Loss Beta 0.58.0, GameVersion is : Beta0.58.0, PCH is True.
startLoadJsonTime = 2663.189
endLoadJsoneTime = 2663.324
Loading Duation is = 0.1350098
***T0515_DoorLOnEnable
***T0515_EndUOnEnable
***T0515_DoorROnEnable
***ItemOnEnable
GameManager Initialization Completed.
T0515_DoorL
T0515_DoorL (TransitionSetting)
Transfer to T0515_DoorL , location is: (5948.70, -147.80, 0.00)
Unloading 791 unused Assets to reduce memory usage. Loaded Objects now: 50574.
Total: 31.786800 ms (FindLiveObjects: 2.509800 ms CreateObjectMapping: 1.431700 ms MarkObjects: 27.140500 ms  DeleteObjects: 0.704700 ms)

***IsRestraintArms False
Adding Enemy: BanditA to List.
Remove Enemy: BanditA from List.
Bomb Projectile hits wall and destroy.
Bomb Projectile hits wall and destroy.
Adding Enemy: BanditA to List.
Adding Enemy: BanditA to List.
ParasiteCondition.
Tag is NakedATK
TornCloth to state 3
Back insert. Anal or Vag
EnterOnRestraint
BanditA Doggystyle
isReduceResBar True
Player Start StruggleResIE
Restraint
Spine Event Restraint/Vita/ResByBanditA/ResByBanditA_Start SetPlayerHitBox True
Change to Crawl.
res failed.
res failed.
res failed.
res failed.
res failed.
res failed.
res failed.
res failed.
res failed.
res failed.
res failed.
res failed.
res failed.
res failed.
res failed.
res failed.
res failed.
res failed.
res failed.
res failed.
res failed.
res failed.
res failed.
res failed.
res failed.
res failed.
res failed.
res failed.
res failed.
res failed.
res failed.
res failed.
res failed.
res failed.
res failed.
res failed.
res failed.
res failed.
res failed.
res failed.
res failed.
res failed.
res failed.
res failed.
res failed.
res failed.
res failed.
res failed.
res failed.
res failed.
res failed.
res failed.
res failed.
res failed.
res failed.
res failed.
res failed.
res failed.
res failed.
res failed.
res failed.
res failed.
res failed.
res failed.
res failed.
res failed.
res failed.
res failed.
res failed.
res failed.
res failed.
res failed.
res failed.
res failed.
res failed.
res failed.
res failed.
res failed.
res failed.
res failed.
res failed.
res failed.
res failed.
res failed.
res failed.
res failed.
res failed.
Succeed ResStrug
***PlayerSkeletonRendererObj (0.30, 0.81, 0.00)
Change to Stand.
EnterGetHurt
EnterGetHurt
EnterGetHurt
EnterGetHurt
EnterGetHurt
EnterGetHurt
ParasiteCondition.
Tag is NakedATK
Back insert. Anal or Vag
EnterOnRestraint
BanditA Doggystyle
isReduceResBar True
Player Start StruggleResIE
Restraint
Spine Event Restraint/Vita/ResByBanditA/ResByBanditA_Start SetPlayerHitBox True
Change to Crawl.
發動連環攻擊
res failed.
res failed.
res failed.
res failed.
res failed.
res failed.
res failed.
res failed.
res failed.
res failed.
res failed.
res failed.
res failed.
res failed.
res failed.
res failed.
res failed.
res failed.
res failed.
res failed.
res failed.
res failed.
res failed.
res failed.
res failed.
res failed.
res failed.
res failed.
res failed.
res failed.
res failed.
res failed.
res failed.
res failed.
res failed.
res failed.
res failed.
res failed.
res failed.
res failed.
res failed.
res failed.
res failed.
res failed.
res failed.
res failed.
res failed.
res failed.
res failed.
res failed.
res failed.
res failed.
res failed.
res failed.
res failed.
res failed.
res failed.
res failed.
res failed.
res failed.
res failed.
res failed.
res failed.
res failed.
res failed.
res failed.
res failed.
res failed.
res failed.
res failed.
res failed.
res failed.
res failed.
res failed.
res failed.
res failed.
res failed.
res failed.
Succeed ResStrug
***PlayerSkeletonRendererObj (0.30, 0.81, 0.00)
Change to Stand.
EnterGetHurt
Drop Sands :60
Drop Sands :60
Remove this dead Enemy from List.
Drop Sands :320
Remove this dead Enemy from List.
Drop Sands :320
Drop Sands :60
Drop Sands :60
Drop Sands :60
Adding Enemy: BanditB to List.
ParasiteCondition.
Tag is NakedATK
Back insert. Anal or Vag
EnterOnRestraint
BanditB Doggystyle
isReduceResBar True
Player Start StruggleResIE
Restraint
Spine Event Restraint/Vita/ResByBanditB/ResByBanditB_Start SetPlayerHitBox True
Change to Crawl.
Succeed ResStrug
***PlayerSkeletonRendererObj (0.30, 0.81, 0.00)
Change to Stand.
EnterGetHurt
EnterGetHurt
EnterGetHurt
EnterGetHurt
EnterGetHurt
Remove this dead Enemy from List.
Drop Sands :320
IE_FadeOut START
Unloading 19 Unused Serialized files (Serialized files now loaded: 0)
***T0515_DoorLOnDisable
***T0515_DoorROnDisable
***T0515_EndUOnDisable
***ItemOnDisable
[PhysX] Initialized MultithreadedTaskDispatcher with 12 workers.
UnloadTime: 1.317400 ms
PCHCheck is True
Immortal Loss Beta 0.58.0, GameVersion is : Beta0.58.0, PCH is True.
startLoadJsonTime = 2693.832
endLoadJsoneTime = 2693.972
Loading Duation is = 0.1401367
***T0518_EndROnEnable
***T0518_EndDOnEnable
***T0518_DoorOnEnable
GameManager Initialization Completed.
T0518_Door
T0518_Door (TransitionSetting)
Transfer to T0518_Door , location is: (6037.43, -147.89, 0.00)
Unloading 3544 unused Assets to reduce memory usage. Loaded Objects now: 52069.
Total: 34.504600 ms (FindLiveObjects: 2.638500 ms CreateObjectMapping: 1.575600 ms MarkObjects: 27.695100 ms  DeleteObjects: 2.595200 ms)

***IsRestraintArms False
LedgeDetected!     is Wall
***GameManager.Instance.playerAnimation.ClimbPoint.position (6110.45, -157.49, 0.00)
IE_FadeOut START
Unloading 16 Unused Serialized files (Serialized files now loaded: 0)
***T0518_EndDOnDisable
***T0518_EndROnDisable
***T0518_DoorOnDisable
[PhysX] Initialized MultithreadedTaskDispatcher with 12 workers.
UnloadTime: 0.871300 ms
PCHCheck is True
Immortal Loss Beta 0.58.0, GameVersion is : Beta0.58.0, PCH is True.
startLoadJsonTime = 2707.2
endLoadJsoneTime = 2707.342
Loading Duation is = 0.142334
***T0517_LadderOnEnable
***T0517_EndDOnEnable
GameManager Initialization Completed.
T0517_Ladder
T0517_Ladder (TransitionSetting)
Transfer to T0517_Ladder , location is: (6071.72, -167.35, 0.00)
Unloading 6249 unused Assets to reduce memory usage. Loaded Objects now: 50635.
Total: 35.285400 ms (FindLiveObjects: 2.803600 ms CreateObjectMapping: 1.609800 ms MarkObjects: 26.575700 ms  DeleteObjects: 4.296100 ms)

***IsRestraintArms False
Change to Crawl.
Change to Stand.
LedgeDetected!     is Wall
***GameManager.Instance.playerAnimation.ClimbPoint.position (5995.69, -196.72, 0.00)
IE_FadeOut START
Unloading 20 Unused Serialized files (Serialized files now loaded: 0)
***T0517_LadderOnDisable
***T0517_EndDOnDisable
[PhysX] Initialized MultithreadedTaskDispatcher with 12 workers.
UnloadTime: 0.683200 ms
PCHCheck is True
Immortal Loss Beta 0.58.0, GameVersion is : Beta0.58.0, PCH is True.
startLoadJsonTime = 2716.024
endLoadJsoneTime = 2716.164
Loading Duation is = 0.1398926
***T0516_DoorOnEnable
***T0516_LadderOnEnable
GameManager Initialization Completed.
T0516_Ladder
T0516_Ladder (TransitionSetting)
Transfer to T0516_Ladder , location is: (5997.40, -215.49, 0.00)
Unloading 2985 unused Assets to reduce memory usage. Loaded Objects now: 53048.
Total: 34.259900 ms (FindLiveObjects: 2.849700 ms CreateObjectMapping: 1.660300 ms MarkObjects: 27.563800 ms  DeleteObjects: 2.185900 ms)

***IsRestraintArms False
IE_FadeOut START
Unloading 18 Unused Serialized files (Serialized files now loaded: 0)
***T0516_DoorOnDisable
***T0516_LadderOnDisable
[PhysX] Initialized MultithreadedTaskDispatcher with 12 workers.
UnloadTime: 0.704700 ms
PCHCheck is True
Immortal Loss Beta 0.58.0, GameVersion is : Beta0.58.0, PCH is True.
startLoadJsonTime = 2721.915
endLoadJsoneTime = 2722.055
Loading Duation is = 0.1398926
***T0513_DoorOnEnable
***ItemOnEnable
GameManager Initialization Completed.
T0513_Door
T0513_Door (TransitionSetting)
Transfer to T0513_Door , location is: (5890.40, -229.85, 0.00)
Unloading 3931 unused Assets to reduce memory usage. Loaded Objects now: 51728.
Total: 36.265600 ms (FindLiveObjects: 2.752200 ms CreateObjectMapping: 1.754700 ms MarkObjects: 28.603000 ms  DeleteObjects: 3.155400 ms)

***IsRestraintArms False
Adding Enemy: CrawlingColza to List.
EnterNormalATK
Adding Enemy: CrawlingColza to List.
EnterNormalATK
Adding Enemy: CrawlingColza to List.
EnterNormalATK
Remove Enemy: CrawlingColza from List.
Remove Enemy: CrawlingColza from List.
Remove Enemy: CrawlingColza from List.
Adding Enemy: CrawlingColza to List.
EnterNormalATK
Adding Enemy: CrawlingColza to List.
EnterNormalATK
Adding Enemy: CrawlingColza to List.
EnterNormalATK
Adding Enemy: CrawlingColza to List.
EnterNormalATK
Remove Enemy: CrawlingColza from List.
Remove Enemy: CrawlingColza from List.
Remove Enemy: CrawlingColza from List.
Remove Enemy: CrawlingColza from List.
EnterNormalATK
EnterNormalATK
EnterNormalATK
Adding Enemy: CrawlingColza to List.
Adding Enemy: CrawlingColza to List.
EnterNormalATK
Adding Enemy: CrawlingColza to List.
ParasiteCondition.
Tag is CrawlingColza
CrawlingColza para. random failed.
EnterNormalATK
Remove Enemy: CrawlingColza from List.
Remove Enemy: CrawlingColza from List.
Remove Enemy: CrawlingColza from List.
***ItemOnDisable
Adding Enemy: CrawlingColza to List.
EnterNormalATK
Adding Enemy: CrawlingColza to List.
EnterNormalATK
Adding Enemy: CrawlingColza to List.
EnterNormalATK
Remove Enemy: CrawlingColza from List.
Remove Enemy: CrawlingColza from List.
Remove Enemy: CrawlingColza from List.
EnterNormalATK
EnterNormalATK
EnterNormalATK
Adding Enemy: CrawlingColza to List.
EnterNormalATK
Adding Enemy: CrawlingColza to List.
Adding Enemy: CrawlingColza to List.
ParasiteCondition.
Tag is CrawlingColza
AddingParaToVaginal CrawlingColza
Remove Enemy: CrawlingColza from List.
Remove Enemy: CrawlingColza from List.
Adding Enemy: CrawlingColza to List.
Adding Enemy: CrawlingColza to List.
EnterNormalATK
IE_FadeOut START
***IsRestraintArms False
Unloading 16 Unused Serialized files (Serialized files now loaded: 0)
***T0513_DoorOnDisable
[PhysX] Initialized MultithreadedTaskDispatcher with 12 workers.
UnloadTime: 1.182600 ms
PCHCheck is True
Immortal Loss Beta 0.58.0, GameVersion is : Beta0.58.0, PCH is True.
startLoadJsonTime = 2738.793
endLoadJsoneTime = 2738.928
Loading Duation is = 0.1345215
***T0514_DoorOnEnable
***T0514_EndUOnEnable
***T0514_HoleOnEnable
GameManager Initialization Completed.
Unloading 1428 unused Assets to reduce memory usage. Loaded Objects now: 51018.
Total: 32.768400 ms (FindLiveObjects: 2.910300 ms CreateObjectMapping: 1.423300 ms MarkObjects: 27.235700 ms  DeleteObjects: 1.198800 ms)

***IsRestraintArms False
**************5
Adding Enemy: BanditB to List.
Remove Enemy: BanditB from List.
Adding Enemy: BanditA to List.
Remove Enemy: BanditA from List.
IE_FadeOut START
Unloading 19 Unused Serialized files (Serialized files now loaded: 0)
***T0514_EndUOnDisable
***T0514_DoorOnDisable
***T0514_HoleOnDisable
[PhysX] Initialized MultithreadedTaskDispatcher with 12 workers.
UnloadTime: 1.158900 ms
PCHCheck is True
Immortal Loss Beta 0.58.0, GameVersion is : Beta0.58.0, PCH is True.
startLoadJsonTime = 2744.026
endLoadJsoneTime = 2744.164
Loading Duation is = 0.1384277
***T0515_DoorLOnEnable
***T0515_EndUOnEnable
***T0515_DoorROnEnable
***ItemOnEnable
GameManager Initialization Completed.
T0515_DoorL
T0515_DoorL (TransitionSetting)
Transfer to T0515_DoorL , location is: (5948.70, -147.80, 0.00)
Unloading 774 unused Assets to reduce memory usage. Loaded Objects now: 50588.
Total: 32.652000 ms (FindLiveObjects: 2.793900 ms CreateObjectMapping: 1.672600 ms MarkObjects: 27.455000 ms  DeleteObjects: 0.730100 ms)

***IsRestraintArms False
Adding Enemy: BanditA to List.
發動連環攻擊
Remove Enemy: BanditA from List.
Adding Enemy: BanditA to List.
Adding Enemy: BanditA to List.
Remove Enemy: BanditA from List.
Remove Enemy: BanditA from List.
Adding Enemy: BanditB to List.
Adding Enemy: BanditA to List.
Remove Enemy: BanditB from List.
Remove Enemy: BanditA from List.
Adding Enemy: BanditA to List.
IE_FadeOut START
Bomb Projectile hits wall and destroy.
Bomb Projectile hits wall and destroy.
Unloading 19 Unused Serialized files (Serialized files now loaded: 0)
***T0515_DoorLOnDisable
***T0515_DoorROnDisable
***T0515_EndUOnDisable
***ItemOnDisable
[PhysX] Initialized MultithreadedTaskDispatcher with 12 workers.
UnloadTime: 1.443200 ms
PCHCheck is True
Immortal Loss Beta 0.58.0, GameVersion is : Beta0.58.0, PCH is True.
startLoadJsonTime = 2750.002
endLoadJsoneTime = 2750.143
Loading Duation is = 0.1411133
***T0518_EndROnEnable
***T0518_EndDOnEnable
***T0518_DoorOnEnable
GameManager Initialization Completed.
T0518_Door
T0518_Door (TransitionSetting)
Transfer to T0518_Door , location is: (6037.43, -147.89, 0.00)
Unloading 3544 unused Assets to reduce memory usage. Loaded Objects now: 52083.
Total: 34.721700 ms (FindLiveObjects: 2.667200 ms CreateObjectMapping: 1.414600 ms MarkObjects: 28.050300 ms  DeleteObjects: 2.589300 ms)

***IsRestraintArms False
IE_FadeOut START
Unloading 16 Unused Serialized files (Serialized files now loaded: 0)
***T0518_EndDOnDisable
***T0518_EndROnDisable
***T0518_DoorOnDisable
[PhysX] Initialized MultithreadedTaskDispatcher with 12 workers.
UnloadTime: 0.741000 ms
PCHCheck is True
Immortal Loss Beta 0.58.0, GameVersion is : Beta0.58.0, PCH is True.
startLoadJsonTime = 2753.886
endLoadJsoneTime = 2754.029
Loading Duation is = 0.1433105
***T0517_LadderOnEnable
***T0517_EndDOnEnable
GameManager Initialization Completed.
T0517_Ladder
T0517_Ladder (TransitionSetting)
Transfer to T0517_Ladder , location is: (6071.72, -167.35, 0.00)
Unloading 6249 unused Assets to reduce memory usage. Loaded Objects now: 50637.
Total: 35.849500 ms (FindLiveObjects: 2.705400 ms CreateObjectMapping: 1.569700 ms MarkObjects: 27.173500 ms  DeleteObjects: 4.400700 ms)

***IsRestraintArms False
Change to Crawl.
Change to Stand.
LedgeDetected!     is Wall
***GameManager.Instance.playerAnimation.ClimbPoint.position (5996.17, -196.68, 0.00)
IE_FadeOut START
Unloading 20 Unused Serialized files (Serialized files now loaded: 0)
***T0517_LadderOnDisable
***T0517_EndDOnDisable
[PhysX] Initialized MultithreadedTaskDispatcher with 12 workers.
UnloadTime: 0.712700 ms
PCHCheck is True
Immortal Loss Beta 0.58.0, GameVersion is : Beta0.58.0, PCH is True.
startLoadJsonTime = 2761.881
endLoadJsoneTime = 2762.022
Loading Duation is = 0.1411133
***T0516_DoorOnEnable
***T0516_LadderOnEnable
GameManager Initialization Completed.
T0516_Ladder
T0516_Ladder (TransitionSetting)
Transfer to T0516_Ladder , location is: (5997.40, -215.49, 0.00)
Unloading 2985 unused Assets to reduce memory usage. Loaded Objects now: 53062.
Total: 34.698800 ms (FindLiveObjects: 3.058400 ms CreateObjectMapping: 1.799700 ms MarkObjects: 27.586400 ms  DeleteObjects: 2.254100 ms)

***IsRestraintArms False
IE_FadeOut START
Unloading 18 Unused Serialized files (Serialized files now loaded: 0)
***T0516_DoorOnDisable
***T0516_LadderOnDisable
[PhysX] Initialized MultithreadedTaskDispatcher with 12 workers.
UnloadTime: 0.755500 ms
PCHCheck is True
Immortal Loss Beta 0.58.0, GameVersion is : Beta0.58.0, PCH is True.
startLoadJsonTime = 2768.467
endLoadJsoneTime = 2768.609
Loading Duation is = 0.1416016
***T0513_DoorOnEnable
***ItemOnEnable
GameManager Initialization Completed.
T0513_Door
T0513_Door (TransitionSetting)
Transfer to T0513_Door , location is: (5890.40, -229.85, 0.00)
Unloading 3931 unused Assets to reduce memory usage. Loaded Objects now: 51742.
Total: 34.865600 ms (FindLiveObjects: 2.662200 ms CreateObjectMapping: 1.558600 ms MarkObjects: 27.639300 ms  DeleteObjects: 3.005100 ms)

***IsRestraintArms False
Adding Enemy: CrawlingColza to List.
EnterNormalATK
Adding Enemy: CrawlingColza to List.
EnterNormalATK
EnterNormalATK
EnterNormalATK
EnterNormalATK
EnterNormalATK
EnterNormalATK
EnterNormalATK
EnterNormalATK
Remove Enemy: CrawlingColza from List.
Remove Enemy: CrawlingColza from List.
Adding Enemy: CrawlingColza to List.
Adding Enemy: CrawlingColza to List.
Adding Enemy: CrawlingColza to List.
EnterNormalATK
Remove Enemy: CrawlingColza from List.
Remove Enemy: CrawlingColza from List.
Remove Enemy: CrawlingColza from List.
EnterNormalATK
EnterNormalATK
EnterNormalATK
EnterNormalATK
EnterNormalATK
***ItemOnDisable
Adding Enemy: CrawlingColza to List.
EnterNormalATK
Adding Enemy: CrawlingColza to List.
EnterNormalATK
Adding Enemy: CrawlingColza to List.
EnterNormalATK
Remove Enemy: CrawlingColza from List.
Remove Enemy: CrawlingColza from List.
Remove Enemy: CrawlingColza from List.
EnterNormalATK
EnterNormalATK
Adding Enemy: CrawlingColza to List.
Adding Enemy: CrawlingColza to List.
Adding Enemy: CrawlingColza to List.
EnterNormalATK
Adding Enemy: CrawlingColza to List.
Remove Enemy: CrawlingColza from List.
Remove Enemy: CrawlingColza from List.
Remove Enemy: CrawlingColza from List.
Remove Enemy: CrawlingColza from List.
Adding Enemy: CrawlingColza to List.
Remove Enemy: CrawlingColza from List.
IE_FadeOut START
Unloading 20 Unused Serialized files (Serialized files now loaded: 0)
***T0513_DoorOnDisable
[PhysX] Initialized MultithreadedTaskDispatcher with 12 workers.
UnloadTime: 1.165600 ms
PCHCheck is True
Immortal Loss Beta 0.58.0, GameVersion is : Beta0.58.0, PCH is True.
startLoadJsonTime = 2779.897
endLoadJsoneTime = 2780.038
Loading Duation is = 0.1411133
***T0516_DoorOnEnable
***T0516_LadderOnEnable
GameManager Initialization Completed.
T0516_Door
T0516_Door (TransitionSetting)
Transfer to T0516_Door , location is: (5890.40, -229.85, 0.00)
Unloading 2434 unused Assets to reduce memory usage. Loaded Objects now: 53065.
Total: 33.576500 ms (FindLiveObjects: 2.679300 ms CreateObjectMapping: 1.736600 ms MarkObjects: 27.284100 ms  DeleteObjects: 1.876200 ms)

***IsRestraintArms False
IE_FadeOut START
Unloading 16 Unused Serialized files (Serialized files now loaded: 0)
***T0516_DoorOnDisable
***T0516_LadderOnDisable
[PhysX] Initialized MultithreadedTaskDispatcher with 12 workers.
UnloadTime: 0.715600 ms
PCHCheck is True
Immortal Loss Beta 0.58.0, GameVersion is : Beta0.58.0, PCH is True.
startLoadJsonTime = 2784.688
endLoadJsoneTime = 2784.829
Loading Duation is = 0.1413574
***T0517_LadderOnEnable
***T0517_EndDOnEnable
GameManager Initialization Completed.
T0517_LadderEnd
T0517_LadderEnd (TransitionSetting)
Transfer to T0517_LadderEnd , location is: (6008.70, -185.50, 0.00)
Unloading 5410 unused Assets to reduce memory usage. Loaded Objects now: 50664.
Total: 37.631400 ms (FindLiveObjects: 2.953400 ms CreateObjectMapping: 1.625500 ms MarkObjects: 28.884200 ms  DeleteObjects: 4.168100 ms)

***IsRestraintArms False
Change to Crawl.
Change to Stand.
IE_FadeOut START
Unloading 19 Unused Serialized files (Serialized files now loaded: 0)
***T0517_LadderOnDisable
***T0517_EndDOnDisable
[PhysX] Initialized MultithreadedTaskDispatcher with 12 workers.
UnloadTime: 0.718500 ms
PCHCheck is True
Immortal Loss Beta 0.58.0, GameVersion is : Beta0.58.0, PCH is True.
startLoadJsonTime = 2791.916
endLoadJsoneTime = 2792.057
Loading Duation is = 0.1413574
***T0518_EndROnEnable
***T0518_EndDOnEnable
***T0518_DoorOnEnable
GameManager Initialization Completed.
T0518_LadderEnd
T0518_LadderEnd (TransitionSetting)
Transfer to T0518_LadderEnd , location is: (6080.20, -143.50, 0.00)
Unloading 4861 unused Assets to reduce memory usage. Loaded Objects now: 52083.
Total: 42.521400 ms (FindLiveObjects: 4.302000 ms CreateObjectMapping: 2.546000 ms MarkObjects: 31.966600 ms  DeleteObjects: 3.706600 ms)

***IsRestraintArms False
0
IE_FadeOut START
Unloading 19 Unused Serialized files (Serialized files now loaded: 0)
***T0518_EndDOnDisable
***T0518_EndROnDisable
***T0518_DoorOnDisable
[PhysX] Initialized MultithreadedTaskDispatcher with 12 workers.
UnloadTime: 0.691000 ms
PCHCheck is True
Immortal Loss Beta 0.58.0, GameVersion is : Beta0.58.0, PCH is True.
startLoadJsonTime = 2805.732
endLoadJsoneTime = 2805.868
Loading Duation is = 0.1359863
***T0515_DoorLOnEnable
***T0515_EndUOnEnable
***T0515_DoorROnEnable
***ItemOnEnable
GameManager Initialization Completed.
T0515_DoorR
T0515_DoorR (TransitionSetting)
Transfer to T0515_DoorR , location is: (6037.43, -147.80, 0.00)
Unloading 5347 unused Assets to reduce memory usage. Loaded Objects now: 50606.
Total: 42.905600 ms (FindLiveObjects: 2.745000 ms CreateObjectMapping: 1.541800 ms MarkObjects: 34.647700 ms  DeleteObjects: 3.970900 ms)

***IsRestraintArms False
Adding Enemy: BanditB to List.
Adding Enemy: BanditA to List.
ParasiteCondition.
Tag is NakedATK
TornCloth to state 3
Back insert. Anal or Vag
EnterOnRestraint
BanditB Doggystyle
isReduceResBar True
Player Start StruggleResIE
Restraint
Spine Event Restraint/Vita/ResByBanditB/ResByBanditB_Start SetPlayerHitBox True
Change to Crawl.
Bomb Projectile hits wall and destroy.
Bomb Projectile hits wall and destroy.
Succeed ResStrug
***PlayerSkeletonRendererObj (0.30, 0.81, 0.00)
Change to Stand.
Remove Enemy: BanditB from List.
Remove Enemy: BanditA from List.
Bomb Projectile hits wall and destroy.
Bomb Projectile hits wall and destroy.
Adding Enemy: BanditA to List.
Adding Enemy: BanditA to List.
Remove Enemy: BanditA from List.
Remove Enemy: BanditA from List.
發動連環攻擊
Adding Enemy: BanditA to List.
ParasiteCondition.
Tag is NakedATK
ParasiteCondition.
Tag is NakedATK
ParasiteCondition.
Tag is NakedATK
IE_FadeOut START
Unloading 16 Unused Serialized files (Serialized files now loaded: 0)
***T0515_DoorLOnDisable
***T0515_DoorROnDisable
***T0515_EndUOnDisable
***ItemOnDisable
[PhysX] Initialized MultithreadedTaskDispatcher with 12 workers.
UnloadTime: 1.409900 ms
PCHCheck is True
Immortal Loss Beta 0.58.0, GameVersion is : Beta0.58.0, PCH is True.
startLoadJsonTime = 2813.872
endLoadJsoneTime = 2814.012
Loading Duation is = 0.140625
***T0514_DoorOnEnable
***T0514_EndUOnEnable
***T0514_HoleOnEnable
GameManager Initialization Completed.
T0514_Door
T0514_Door (TransitionSetting)
Transfer to T0514_Door , location is: (5948.70, -147.80, 0.00)
Unloading 45 unused Assets to reduce memory usage. Loaded Objects now: 51042.
Total: 39.966300 ms (FindLiveObjects: 2.894200 ms CreateObjectMapping: 1.470200 ms MarkObjects: 35.466500 ms  DeleteObjects: 0.134900 ms)

***IsRestraintArms False
Adding Enemy: BanditA to List.
Remove Enemy: BanditA from List.
Adding Enemy: BanditA to List.
ParasiteCondition.
Tag is NakedATK
Back insert. Anal or Vag
EnterOnRestraint
BanditA Doggystyle
isReduceResBar True
Player Start StruggleResIE
Restraint
Spine Event Restraint/Vita/ResByBanditA/ResByBanditA_Start SetPlayerHitBox True
Change to Crawl.
Succeed ResStrug
***PlayerSkeletonRendererObj (0.30, 0.81, 0.00)
Change to Stand.
Remove Enemy: BanditA from List.
Adding Enemy: BanditB to List.
Remove Enemy: BanditB from List.
IE_FadeOut START
Unloading 16 Unused Serialized files (Serialized files now loaded: 0)
***T0514_EndUOnDisable
***T0514_DoorOnDisable
***T0514_HoleOnDisable
[PhysX] Initialized MultithreadedTaskDispatcher with 12 workers.
UnloadTime: 1.067000 ms
PCHCheck is True
Immortal Loss Beta 0.58.0, GameVersion is : Beta0.58.0, PCH is True.
startLoadJsonTime = 2824.167
endLoadJsoneTime = 2824.308
Loading Duation is = 0.140625
***T0510_EndUOnEnable
***T0510_EndDOnEnable
***T0510_EndLOnEnable
***T0510_HoleOnEnable
***ItemOnEnable
GameManager Initialization Completed.
T0510_LadderEnd
T0510_LadderEnd (TransitionSetting)
Transfer to T0510_LadderEnd , location is: (5853.45, -4.88, 0.00)
Unloading 1236 unused Assets to reduce memory usage. Loaded Objects now: 50900.
Total: 33.467100 ms (FindLiveObjects: 3.278700 ms CreateObjectMapping: 1.431600 ms MarkObjects: 27.705200 ms  DeleteObjects: 1.051200 ms)

***IsRestraintArms False
Using Anodyne
Using Anodyne
Adding Enemy: BanditB to List.
Remove Enemy: BanditB from List.
Adding Enemy: BanditB to List.
EnterGetHurt
EnterGetHurt
EnterGetHurt
Remove this dead Enemy from List.
Drop Sands :320
BanditB is add to library
LedgeDetected!     is Pene
***GameManager.Instance.playerAnimation.ClimbPoint.position (5897.06, -4.99, 0.00)
LedgeDetected!     is Wall
***GameManager.Instance.playerAnimation.ClimbPoint.position (5925.58, -5.38, 0.00)
***ItemOnDisable
LedgeDetected!     is Wall
***GameManager.Instance.playerAnimation.ClimbPoint.position (5896.58, 10.32, 0.00)
IE_FadeOut START
Unloading 18 Unused Serialized files (Serialized files now loaded: 0)
***T0510_HoleOnDisable
***T0510_EndLOnDisable
***T0510_EndUOnDisable
***T0510_EndDOnDisable
[PhysX] Initialized MultithreadedTaskDispatcher with 12 workers.
UnloadTime: 0.958300 ms
PCHCheck is True
Immortal Loss Beta 0.58.0, GameVersion is : Beta0.58.0, PCH is True.
startLoadJsonTime = 2846.906
endLoadJsoneTime = 2847.047
Loading Duation is = 0.1411133
***T0508_EndROnEnable
***T0508_HoleOnEnable
***ItemOnEnable
GameManager Initialization Completed.
T0508_EndR
T0508_EndR (TransitionSetting)
Transfer to T0508_EndR , location is: (5800.40, -7.99, 0.00)
Unloading 1519 unused Assets to reduce memory usage. Loaded Objects now: 49839.
Total: 32.814500 ms (FindLiveObjects: 2.839400 ms CreateObjectMapping: 1.448400 ms MarkObjects: 27.262600 ms  DeleteObjects: 1.263900 ms)

***IsRestraintArms False
***ItemOnDisable
LedgeDetected!     is Wall
***GameManager.Instance.playerAnimation.ClimbPoint.position (5705.95, -5.19, 0.00)
IE_FadeOut START
Unloading 16 Unused Serialized files (Serialized files now loaded: 0)
***T0508_HoleOnDisable
***T0508_EndROnDisable
[PhysX] Initialized MultithreadedTaskDispatcher with 12 workers.
UnloadTime: 0.794100 ms
PCHCheck is True
Immortal Loss Beta 0.58.0, GameVersion is : Beta0.58.0, PCH is True.
startLoadJsonTime = 2861.043
endLoadJsoneTime = 2861.184
Loading Duation is = 0.1408691
***T0510_EndUOnEnable
***T0510_EndDOnEnable
***T0510_EndLOnEnable
***T0510_HoleOnEnable
***ItemOnEnable
GameManager Initialization Completed.
T0510_EndL
T0510_EndL (TransitionSetting)
Transfer to T0510_EndL , location is: (5800.40, -12.10, 0.00)
Unloading 499 unused Assets to reduce memory usage. Loaded Objects now: 50926.
Total: 33.109300 ms (FindLiveObjects: 3.020500 ms CreateObjectMapping: 1.359200 ms MarkObjects: 28.217800 ms  DeleteObjects: 0.511400 ms)

***IsRestraintArms False
***ItemOnDisable
LedgeDetected!     is Wall
***GameManager.Instance.playerAnimation.ClimbPoint.position (5888.54, 5.54, 0.00)
IE_FadeOut START
Unloading 16 Unused Serialized files (Serialized files now loaded: 0)
***T0510_HoleOnDisable
***T0510_EndLOnDisable
***T0510_EndUOnDisable
***T0510_EndDOnDisable
[PhysX] Initialized MultithreadedTaskDispatcher with 12 workers.
UnloadTime: 0.931900 ms
PCHCheck is True
Immortal Loss Beta 0.58.0, GameVersion is : Beta0.58.0, PCH is True.
startLoadJsonTime = 2871.339
endLoadJsoneTime = 2871.479
Loading Duation is = 0.1401367
***T0511_EndDOnEnable
***T0511_EndUOnEnable
***ItemOnEnable
GameManager Initialization Completed.
T0511_EndU
T0511_EndU (TransitionSetting)
Transfer to T0511_EndU , location is: (5900.53, -60.80, 0.00)
Unloading 1115 unused Assets to reduce memory usage. Loaded Objects now: 50163.
Total: 31.223400 ms (FindLiveObjects: 2.689000 ms CreateObjectMapping: 1.477100 ms MarkObjects: 26.126800 ms  DeleteObjects: 0.930100 ms)

***IsRestraintArms False
Change to Crawl.
***ItemOnDisable
Change to Stand.
Change to Crawl.
Adding Enemy: NDog to List.
Back insert. Vag
Back insert. Vag
Back insert. Vag
Back insert. Vag
Back insert. Vag
Back insert. Vag
Back insert. Vag
Back insert. Vag
Back insert. Vag
Back insert. Vag
Back insert. Vag
Back insert. Vag
Back insert. Vag
Back insert. Vag
Back insert. Vag
Back insert. Vag
Back insert. Vag
Back insert. Vag
Back insert. Vag
Back insert. Vag
Back insert. Vag
Back insert. Vag
Back insert. Vag
Back insert. Vag
Back insert. Vag
Back insert. Vag
Back insert. Vag
Back insert. Vag
Back insert. Vag
Back insert. Vag
Back insert. Vag
Back insert. Vag
Back insert. Vag
Back insert. Vag
Back insert. Vag
Back insert. Vag
Back insert. Vag
Back insert. Vag
EnterGetHurt
EnterGetHurt
Remove this dead Enemy from List.
Drop Sands :45
Change to Stand.
Drop Sands :60
Drop Sands :60
IE_FadeOut START
Unloading 19 Unused Serialized files (Serialized files now loaded: 0)
***T0511_EndUOnDisable
***T0511_EndDOnDisable
[PhysX] Initialized MultithreadedTaskDispatcher with 12 workers.
UnloadTime: 0.923300 ms
PCHCheck is True
Immortal Loss Beta 0.58.0, GameVersion is : Beta0.58.0, PCH is True.
startLoadJsonTime = 2889.482
endLoadJsoneTime = 2889.623
Loading Duation is = 0.1408691
***T0515_DoorLOnEnable
***T0515_EndUOnEnable
***T0515_DoorROnEnable
***ItemOnEnable
GameManager Initialization Completed.
T0515_EndU
T0515_EndU (TransitionSetting)
Transfer to T0515_EndU , location is: (6003.80, -107.10, 0.00)
Unloading 15 unused Assets to reduce memory usage. Loaded Objects now: 50624.
Total: 31.339000 ms (FindLiveObjects: 2.525600 ms CreateObjectMapping: 1.423900 ms MarkObjects: 27.314400 ms  DeleteObjects: 0.074800 ms)

***IsRestraintArms False
Adding Enemy: BanditB to List.
Adding Enemy: BanditA to List.
發動連環攻擊
Adding Enemy: BanditA to List.
發動連環攻擊
Remove Enemy: BanditB from List.
Remove Enemy: BanditA from List.
Remove Enemy: BanditA from List.
Adding Enemy: BanditA to List.
Remove Enemy: BanditA from List.
Bomb Projectile hits wall and destroy.
Bomb Projectile hits wall and destroy.
Bomb Projectile hits wall and destroy.
Adding Enemy: BanditA to List.
IE_FadeOut START
***IsRestraintArms False
Unloading 19 Unused Serialized files (Serialized files now loaded: 0)
***ItemOnDisable
***T0515_DoorLOnDisable
***T0515_DoorROnDisable
***T0515_EndUOnDisable
[PhysX] Initialized MultithreadedTaskDispatcher with 12 workers.
UnloadTime: 4.374700 ms
PCHCheck is True
Immortal Loss Beta 0.58.0, GameVersion is : Beta0.58.0, PCH is True.
startLoadJsonTime = 2899.886
endLoadJsoneTime = 2900.023
Loading Duation is = 0.1374512
***T0515_DoorLOnEnable
***T0515_EndUOnEnable
***T0515_DoorROnEnable
***ItemOnEnable
GameManager Initialization Completed.
Unloading 34 unused Assets to reduce memory usage. Loaded Objects now: 50627.
Total: 31.100100 ms (FindLiveObjects: 2.758900 ms CreateObjectMapping: 1.399900 ms MarkObjects: 26.837900 ms  DeleteObjects: 0.103100 ms)

***IsRestraintArms False
**************5
Adding Enemy: BanditB to List.
Adding Enemy: BanditA to List.
Adding Enemy: BanditA to List.
發動連環攻擊
Remove Enemy: BanditB from List.
Remove Enemy: BanditA from List.
Remove Enemy: BanditA from List.
ParasiteCondition.
Tag is NakedATK
Back insert. Anal or Vag
EnterOnRestraint
BanditA Doggystyle
isReduceResBar True
Player Start StruggleResIE
Restraint
res failed.
Adding Enemy: BanditB to List.
Adding Enemy: BanditA to List.
Adding Enemy: BanditA to List.
res failed.
res failed.
res failed.
res failed.
res failed.
res failed.
res failed.
res failed.
res failed.
res failed.
res failed.
res failed.
res failed.
res failed.
res failed.
res failed.
res failed.
res failed.
res failed.
res failed.
res failed.
res failed.
res failed.
res failed.
res failed.
res failed.
res failed.
res failed.
res failed.
res failed.
res failed.
res failed.
res failed.
res failed.
Spine Event Restraint/Vita/ResByBanditA/ResByBanditA_Start SetPlayerHitBox True
Change to Crawl.
res failed.
res failed.
res failed.
res failed.
res failed.
res failed.
res failed.
res failed.
res failed.
res failed.
res failed.
res failed.
res failed.
res failed.
res failed.
res failed.
res failed.
res failed.
res failed.
res failed.
res failed.
res failed.
res failed.
res failed.
res failed.
res failed.
res failed.
res failed.
res failed.
res failed.
res failed.
res failed.
res failed.
res failed.
res failed.
res failed.
res failed.
res failed.
res failed.
res failed.
res failed.
res failed.
res failed.
res failed.
res failed.
res failed.
res failed.
res failed.
res failed.
res failed.
res failed.
res failed.
res failed.
res failed.
res failed.
res failed.
res failed.
res failed.
res failed.
res failed.
res failed.
res failed.
res failed.
res failed.
res failed.
res failed.
res failed.
res failed.
res failed.
res failed.
res failed.
res failed.
res failed.
res failed.
res failed.
res failed.
res failed.
res failed.
res failed.
res failed.
res failed.
res failed.
res failed.
res failed.
res failed.
res failed.
res failed.
res failed.
res failed.
res failed.
res failed.
res failed.
res failed.
res failed.
res failed.
res failed.
res failed.
res failed.
res failed.
res failed.
res failed.
res failed.
res failed.
res failed.
res failed.
res failed.
res failed.
res failed.
res failed.
res failed.
res failed.
res failed.
res failed.
res failed.
res failed.
res failed.
res failed.
res failed.
res failed.
res failed.
res failed.
Succeed ResStrug
***PlayerSkeletonRendererObj (0.30, 0.81, 0.00)
Change to Stand.
Drop Sands :60
Drop Sands :60
Drop Sands :60
EnterGetHurt
Drop Sands :60
EnterGetHurt
EnterGetHurt
EnterGetHurt
EnterGetHurt
ParasiteCondition.
Tag is NakedATK
Back insert. Anal or Vag
EnterOnRestraint
BanditA Doggystyle
isReduceResBar True
Player Start StruggleResIE
Restraint
Spine Event Restraint/Vita/ResByBanditA/ResByBanditA_Start SetPlayerHitBox True
Change to Crawl.
res failed.
res failed.
res failed.
res failed.
res failed.
res failed.
res failed.
res failed.
res failed.
res failed.
res failed.
res failed.
res failed.
res failed.
res failed.
res failed.
res failed.
res failed.
res failed.
res failed.
res failed.
res failed.
res failed.
res failed.
res failed.
res failed.
res failed.
res failed.
res failed.
res failed.
res failed.
res failed.
res failed.
res failed.
res failed.
res failed.
res failed.
res failed.
res failed.
res failed.
res failed.
res failed.
res failed.
res failed.
res failed.
res failed.
res failed.
Succeed ResStrug
***PlayerSkeletonRendererObj (0.30, 0.81, 0.00)
Change to Stand.
Remove this dead Enemy from List.
Drop Sands :320
EnterGetHurt
ParasiteCondition.
Tag is NakedATK
Back insert. Anal or Vag
EnterOnRestraint
BanditA Doggystyle
isReduceResBar True
Player Start StruggleResIE
Restraint
Spine Event Restraint/Vita/ResByBanditA/ResByBanditA_Start SetPlayerHitBox True
Change to Crawl.
Succeed ResStrug
***PlayerSkeletonRendererObj (0.30, 0.81, 0.00)
Change to Stand.
Remove this dead Enemy from List.
Drop Sands :320
Remove Enemy: BanditB from List.
Adding Enemy: BanditB to List.
Drop Sands :60
EnterGetHurt
ParasiteCondition.
Tag is NakedATK
Projectile hits Player and destroy.
EnterGetHurt
Remove this dead Enemy from List.
Drop Sands :320
IE_FadeOut START
***IsRestraintArms False
Unloading 19 Unused Serialized files (Serialized files now loaded: 0)
***ItemOnDisable
***T0515_DoorLOnDisable
***T0515_DoorROnDisable
***T0515_EndUOnDisable
[PhysX] Initialized MultithreadedTaskDispatcher with 12 workers.
UnloadTime: 1.248700 ms
PCHCheck is True
Immortal Loss Beta 0.58.0, GameVersion is : Beta0.58.0, PCH is True.
startLoadJsonTime = 2921.195
endLoadJsoneTime = 2921.334
Loading Duation is = 0.1394043
***T0515_DoorLOnEnable
***T0515_EndUOnEnable
***T0515_DoorROnEnable
***ItemOnEnable
GameManager Initialization Completed.
Unloading 37 unused Assets to reduce memory usage. Loaded Objects now: 50642.
Total: 31.599100 ms (FindLiveObjects: 2.690700 ms CreateObjectMapping: 1.382400 ms MarkObjects: 27.424400 ms  DeleteObjects: 0.101100 ms)

***IsRestraintArms False
**************5
Adding Enemy: BanditB to List.
Adding Enemy: BanditA to List.
Adding Enemy: BanditA to List.
Remove Enemy: BanditB from List.
Remove Enemy: BanditA from List.
Remove Enemy: BanditA from List.
ParasiteCondition.
Tag is NakedATK
Back insert. Anal or Vag
EnterOnRestraint
BanditA Doggystyle
isReduceResBar True
Player Start StruggleResIE
Restraint
res failed.
Adding Enemy: BanditB to List.
Adding Enemy: BanditA to List.
res failed.
Adding Enemy: BanditA to List.
res failed.
res failed.
res failed.
res failed.
res failed.
res failed.
res failed.
res failed.
res failed.
res failed.
res failed.
res failed.
res failed.
res failed.
res failed.
res failed.
res failed.
res failed.
res failed.
res failed.
res failed.
Spine Event Restraint/Vita/ResByBanditA/ResByBanditA_Start SetPlayerHitBox True
Change to Crawl.
res failed.
res failed.
res failed.
res failed.
res failed.
res failed.
res failed.
res failed.
res failed.
res failed.
res failed.
res failed.
res failed.
res failed.
res failed.
res failed.
res failed.
res failed.
res failed.
res failed.
res failed.
res failed.
res failed.
res failed.
res failed.
res failed.
res failed.
res failed.
res failed.
res failed.
res failed.
res failed.
res failed.
res failed.
res failed.
res failed.
res failed.
res failed.
res failed.
res failed.
res failed.
res failed.
res failed.
res failed.
res failed.
res failed.
res failed.
res failed.
res failed.
res failed.
res failed.
res failed.
res failed.
res failed.
res failed.
res failed.
res failed.
res failed.
res failed.
res failed.
res failed.
res failed.
res failed.
res failed.
res failed.
res failed.
res failed.
res failed.
res failed.
res failed.
res failed.
res failed.
res failed.
res failed.
res failed.
res failed.
res failed.
res failed.
res failed.
res failed.
res failed.
res failed.
res failed.
res failed.
res failed.
res failed.
res failed.
res failed.
res failed.
res failed.
res failed.
res failed.
res failed.
res failed.
res failed.
res failed.
res failed.
res failed.
res failed.
res failed.
res failed.
res failed.
res failed.
res failed.
res failed.
res failed.
res failed.
res failed.
res failed.
res failed.
res failed.
res failed.
res failed.
res failed.
res failed.
res failed.
res failed.
res failed.
res failed.
res failed.
res failed.
res failed.
res failed.
res failed.
res failed.
res failed.
res failed.
res failed.
res failed.
res failed.
res failed.
res failed.
res failed.
res failed.
res failed.
Succeed ResStrug
***PlayerSkeletonRendererObj (0.30, 0.81, 0.00)
Change to Stand.
IE_FadeOut START
***IsRestraintArms False
Unloading 19 Unused Serialized files (Serialized files now loaded: 0)
***ItemOnDisable
***T0515_DoorLOnDisable
***T0515_DoorROnDisable
***T0515_EndUOnDisable
[PhysX] Initialized MultithreadedTaskDispatcher with 12 workers.
UnloadTime: 1.265700 ms
PCHCheck is True
Immortal Loss Beta 0.58.0, GameVersion is : Beta0.58.0, PCH is True.
startLoadJsonTime = 2931.196
endLoadJsoneTime = 2931.337
Loading Duation is = 0.1411133
***T0515_DoorLOnEnable
***T0515_EndUOnEnable
***T0515_DoorROnEnable
***ItemOnEnable
GameManager Initialization Completed.
Unloading 29 unused Assets to reduce memory usage. Loaded Objects now: 50633.
Total: 31.783900 ms (FindLiveObjects: 2.491300 ms CreateObjectMapping: 1.494300 ms MarkObjects: 27.700300 ms  DeleteObjects: 0.097800 ms)

***IsRestraintArms False
**************5
Adding Enemy: BanditA to List.
發動連環攻擊
Remove Enemy: BanditA from List.
ParasiteCondition.
Tag is NakedATK
Back insert. Anal or Vag
EnterOnRestraint
BanditA Doggystyle
isReduceResBar True
Player Start StruggleResIE
Restraint
Adding Enemy: BanditA to List.
Spine Event Restraint/Vita/ResByBanditA/ResByBanditA_Start SetPlayerHitBox True
Change to Crawl.
Spine Event : BanditA Anal Insert
StartScreenBlink time: 0.4 Color: RGBA(1.000, 1.000, 1.000, 1.000)
Remove Orgasm speed 0
AddingParaToAnal BanditA
IE_FadeOut START
Spine Event Restraint/Vita/ResByBanditA/ResByBanditA_Start SetPlayerHitBox False
***IsRestraintArms False
Change to Stand.
Unloading 19 Unused Serialized files (Serialized files now loaded: 0)
***ItemOnDisable
***T0515_DoorLOnDisable
***T0515_DoorROnDisable
***T0515_EndUOnDisable
[PhysX] Initialized MultithreadedTaskDispatcher with 12 workers.
UnloadTime: 1.478800 ms
PCHCheck is True
Immortal Loss Beta 0.58.0, GameVersion is : Beta0.58.0, PCH is True.
startLoadJsonTime = 2941.109
endLoadJsoneTime = 2941.254
Loading Duation is = 0.145752
***T0515_DoorLOnEnable
***T0515_EndUOnEnable
***T0515_DoorROnEnable
***ItemOnEnable
GameManager Initialization Completed.
Unloading 37 unused Assets to reduce memory usage. Loaded Objects now: 50679.
Total: 31.104500 ms (FindLiveObjects: 2.571900 ms CreateObjectMapping: 1.373800 ms MarkObjects: 27.048900 ms  DeleteObjects: 0.109600 ms)

***IsRestraintArms False
**************5
***ItemOnDisable
0
Adding Enemy: BanditA to List.
Remove Enemy: BanditA from List.
Adding Enemy: BanditA to List.
Adding Enemy: BanditA to List.
Remove Enemy: BanditA from List.
Remove Enemy: BanditA from List.
Adding Enemy: BanditB to List.
Adding Enemy: BanditA to List.
Remove Enemy: BanditA from List.
Remove Enemy: BanditB from List.
Adding Enemy: BanditB to List.
IE_FadeOut START
Unloading 19 Unused Serialized files (Serialized files now loaded: 0)
***T0515_DoorLOnDisable
***T0515_DoorROnDisable
***T0515_EndUOnDisable
[PhysX] Initialized MultithreadedTaskDispatcher with 12 workers.
UnloadTime: 1.239500 ms
PCHCheck is True
Immortal Loss Beta 0.58.0, GameVersion is : Beta0.58.0, PCH is True.
startLoadJsonTime = 2958.041
endLoadJsoneTime = 2958.181
Loading Duation is = 0.1398926
***T0518_EndROnEnable
***T0518_EndDOnEnable
***T0518_DoorOnEnable
GameManager Initialization Completed.
T0518_Door
T0518_Door (TransitionSetting)
Transfer to T0518_Door , location is: (6037.43, -147.89, 0.00)
Unloading 3559 unused Assets to reduce memory usage. Loaded Objects now: 52141.
Total: 33.954600 ms (FindLiveObjects: 2.570600 ms CreateObjectMapping: 1.504100 ms MarkObjects: 27.146400 ms  DeleteObjects: 2.733100 ms)

***IsRestraintArms False
IE_FadeOut START
Unloading 20 Unused Serialized files (Serialized files now loaded: 0)
***T0518_EndDOnDisable
***T0518_EndROnDisable
***T0518_DoorOnDisable
[PhysX] Initialized MultithreadedTaskDispatcher with 12 workers.
UnloadTime: 0.716200 ms
PCHCheck is True
Immortal Loss Beta 0.58.0, GameVersion is : Beta0.58.0, PCH is True.
startLoadJsonTime = 2965.965
endLoadJsoneTime = 2966.106
Loading Duation is = 0.140625
***T0522_EndLOnEnable
***T0522_EndROnEnable
***T0522_DoorOnEnable
***OpenSideOnEnable
***TriggerEvent_BossOnEnable
***LockSideOnEnable
GameManager Initialization Completed.
T0522_EndL
T0522_EndL (TransitionSetting)
Transfer to T0522_EndL , location is: (6198.10, -167.50, 0.00)
Unloading 2386 unused Assets to reduce memory usage. Loaded Objects now: 57255.
Total: 34.362000 ms (FindLiveObjects: 2.884100 ms CreateObjectMapping: 1.677400 ms MarkObjects: 27.907400 ms  DeleteObjects: 1.892700 ms)

***IsRestraintArms False
IE_FadeOut START
IE_FadeOut START
***TriggerEvent_BossOnDisable
0
IE_FadeOut START
Unloading 19 Unused Serialized files (Serialized files now loaded: 0)
***LockSideOnDisable
***OpenSideOnDisable
***T0522_EndROnDisable
***T0522_EndLOnDisable
***T0522_DoorOnDisable
[PhysX] Initialized MultithreadedTaskDispatcher with 12 workers.
UnloadTime: 0.773800 ms
PCHCheck is True
Immortal Loss Beta 0.58.0, GameVersion is : Beta0.58.0, PCH is True.
startLoadJsonTime = 3048.916
endLoadJsoneTime = 3049.054
Loading Duation is = 0.1379395
***T0523_DoorOnEnable
***T0523_FloorDoorOnEnable
***TriggerEvent_BossOnEnable
***TriggerEvent_SeeWindowOnEnable
GameManager Initialization Completed.
T0523_Door
T0523_Door (TransitionSetting)
Transfer to T0523_Door , location is: (6256.20, -189.99, 0.00)
Unloading 13216 unused Assets to reduce memory usage. Loaded Objects now: 45266.
Total: 43.371200 ms (FindLiveObjects: 2.721700 ms CreateObjectMapping: 1.571800 ms MarkObjects: 29.885500 ms  DeleteObjects: 9.191700 ms)

***IsRestraintArms False
PlayerWalk
isInTimeLineWalk
IE_FadeOut START
IE_FadeOut START
IE_FadeOut START
IE_FadeOut START
IE_FadeOut START
IE_FadeOut START
*** IEFadetoChangeBGM toBGM_BossPriest_Stage0
BGMAuidoSource.volume 0.1
PlayerWalk
isInTimeLineDash
CreateEffect 3
CreateEffect 1
***TriggerEvent_BossOnDisable
Adding Enemy: Priest to List.
Remove Enemy: Priest from List.
CreateEffect 3
Adding Enemy: Priest to List.
ParasiteCondition.
Tag is NakedATK
CreateEffect 3
ParasiteCondition.
Tag is NakedATK
CreateEffect 3
Remove Enemy: Priest from List.
Adding Enemy: Priest to List.
Remove Enemy: Priest from List.
ParasiteCondition.
Tag is NakedATK
CreateEffect 3
Adding Enemy: Priest to List.
CreateEffect 3
CreateEffect 1
ParasiteCondition.
Tag is NakedATK
EndStadnby changeStageState
EnterChangeStage
CreateEffect 3
CreateEffect 1
*** IEFadetoChangeBGM toBGM_BossPriest_Stage1
BGMAuidoSource.volume 0.1
CreateEffect 7
CreateEffect 3
ParasiteCondition.
Tag is NakedATK
CreateEffect 0
SetPlayerTransformToParent
CreateEffect 3
CreateEffect 1
ParasiteCondition.
Tag is NakedATK
Remove Enemy: Priest from List.
Adding Enemy: Priest to List.
Remove Enemy: Priest from List.
CreateEffect 3
CreateEffect 1
Adding Enemy: Priest to List.
IE_FadeOut START
*** IEFadetoChangeBGM toBGM_BossPriest_Stage1
BGMAuidoSource.volume 0.1
PlayerWalk
isInTimeLineParryAttack
StartScreenBlink time: 1.5 Color: RGBA(1.000, 1.000, 1.000, 1.000)
StartScreenBlink time: 1.5 Color: RGBA(1.000, 1.000, 1.000, 1.000)
StartScreenBlink time: 1.5 Color: RGBA(1.000, 1.000, 1.000, 1.000)
StartScreenBlink time: 1.5 Color: RGBA(1.000, 1.000, 1.000, 1.000)
StartScreenBlink time: 1.5 Color: RGBA(1.000, 1.000, 1.000, 1.000)
Priest is add to library
*** IEFadetoChangeBGM toBGM_Rituale_Tenebrarum
BGMAuidoSource.volume 0.1
Remove Enemy: Priest from List.
Adding Enemy: Priest to List.
0
Remove Enemy: Priest from List.
IE_FadeOut START
Unloading 19 Unused Serialized files (Serialized files now loaded: 0)
***T0523_DoorOnDisable
***T0523_FloorDoorOnDisable
***TriggerEvent_SeeWindowOnDisable
[PhysX] Initialized MultithreadedTaskDispatcher with 12 workers.
UnloadTime: 1.320000 ms
PCHCheck is True
Immortal Loss Beta 0.58.0, GameVersion is : Beta0.58.0, PCH is True.
startLoadJsonTime = 3196.057
endLoadJsoneTime = 3196.198
Loading Duation is = 0.1413574
***T0524_LadderOnEnable
***TriggerEventOnEnable
GameManager Initialization Completed.
T0524_FloorDoor
T0524_Ladder (TransitionSetting)
Transfer to T0524_Ladder , location is: (6367.40, -221.40, 0.00)
Unloading 151 unused Assets to reduce memory usage. Loaded Objects now: 47564.
Total: 45.367100 ms (FindLiveObjects: 2.578000 ms CreateObjectMapping: 1.509100 ms MarkObjects: 41.057300 ms  DeleteObjects: 0.222100 ms)

***IsRestraintArms False
clear black
IE_FadeOut START
IE_FadeOut START
False
0
Select something.
blackCanvas color black
IE_FadeOut START
IE_FadeOut START
***ItemOnEnable
IE_FadeOut START
***TriggerEventOnDisable
***ItemOnDisable
IE_FadeOut START
Unloading 19 Unused Serialized files (Serialized files now loaded: 0)
***T0524_LadderOnDisable
[PhysX] Initialized MultithreadedTaskDispatcher with 12 workers.
UnloadTime: 0.768000 ms
PCHCheck is True
Immortal Loss Beta 0.58.0, GameVersion is : Beta0.58.0, PCH is True.
startLoadJsonTime = 3305.071
endLoadJsoneTime = 3305.208
Loading Duation is = 0.1374512
***T0523_DoorOnEnable
***T0523_FloorDoorOnEnable
***TriggerEvent_BossOnEnable
***TriggerEvent_SeeWindowOnEnable
GameManager Initialization Completed.
T0523_FloorDoor
T0523_FloorDoor (TransitionSetting)
Transfer to T0523_FloorDoor , location is: (6371.84, -195.09, 0.00)
Unloading 2601 unused Assets to reduce memory usage. Loaded Objects now: 45317.
Total: 33.943900 ms (FindLiveObjects: 2.394500 ms CreateObjectMapping: 1.526600 ms MarkObjects: 28.007200 ms  DeleteObjects: 2.014900 ms)

***IsRestraintArms False
***TriggerEvent_BossOnDisable
IE_FadeOut START
Unloading 20 Unused Serialized files (Serialized files now loaded: 0)
***TriggerEvent_SeeWindowOnDisable
***T0523_DoorOnDisable
***T0523_FloorDoorOnDisable
[PhysX] Initialized MultithreadedTaskDispatcher with 12 workers.
UnloadTime: 0.743300 ms
PCHCheck is True
Immortal Loss Beta 0.58.0, GameVersion is : Beta0.58.0, PCH is True.
startLoadJsonTime = 3315.023
endLoadJsoneTime = 3315.163
Loading Duation is = 0.140625
***T0522_EndLOnEnable
***T0522_EndROnEnable
***T0522_DoorOnEnable
***OpenSideOnEnable
***TriggerEvent_BossOnEnable
***LockSideOnEnable
GameManager Initialization Completed.
T0522_Door
T0522_Door (TransitionSetting)
Transfer to T0522_Door , location is: (6256.20, -189.99, 0.00)
Unloading 885 unused Assets to reduce memory usage. Loaded Objects now: 57363.
Total: 33.903400 ms (FindLiveObjects: 3.008600 ms CreateObjectMapping: 1.953000 ms MarkObjects: 28.074100 ms  DeleteObjects: 0.867300 ms)

***IsRestraintArms False
***TriggerEvent_BossOnDisable
0
IE_FadeOut START
Unloading 18 Unused Serialized files (Serialized files now loaded: 0)
***LockSideOnDisable
***OpenSideOnDisable
***T0522_EndROnDisable
***T0522_EndLOnDisable
***T0522_DoorOnDisable
[PhysX] Initialized MultithreadedTaskDispatcher with 12 workers.
UnloadTime: 0.791700 ms
PCHCheck is True
Immortal Loss Beta 0.58.0, GameVersion is : Beta0.58.0, PCH is True.
startLoadJsonTime = 3324.91
endLoadJsoneTime = 3325.046
Loading Duation is = 0.1357422
***T0525_EndLOnEnable
***Trans_S0525_S0601OnEnable
***TriggerEvent_S0525OnEnable
***ItemOnEnable
GameManager Initialization Completed.
T0525_EndL
T0525_EndL (TransitionSetting)
Transfer to T0525_EndL , location is: (6389.00, -200.60, 0.00)
Unloading 12529 unused Assets to reduce memory usage. Loaded Objects now: 46111.
Total: 40.314300 ms (FindLiveObjects: 2.820500 ms CreateObjectMapping: 1.770800 ms MarkObjects: 27.641200 ms  DeleteObjects: 8.081500 ms)

***IsRestraintArms False
***TriggerEvent_S0525OnDisable
Change to Crawl.
Change to Stand.
IE_FadeOut START
The referenced script (SetChains) on this Behaviour is missing!
The referenced script on this Behaviour (Game Object 'ChainJoint') is missing!
Unloading 15 Unused Serialized files (Serialized files now loaded: 0)
***T0525_EndLOnDisable
***Trans_S0525_S0601OnDisable
***ItemOnDisable
[PhysX] Initialized MultithreadedTaskDispatcher with 12 workers.
UnloadTime: 0.755300 ms
PCHCheck is True
Immortal Loss Beta 0.58.0, GameVersion is : Beta0.58.0, PCH is True.
startLoadJsonTime = 3344.83
endLoadJsoneTime = 3344.971
Loading Duation is = 0.1413574
***T06001_EndROnEnable
***T06001_EndRUOnEnable
***S0601_LanternOnEnable
***TreasureChestOnEnable
***ItemOnEnable
***Item (2)OnEnable
***Item (1)OnEnable
GameManager Initialization Completed.
T0601_TransPoint
T0601_TransPoint (TransitionSetting)
Transfer to T0601_TransPoint , location is: (7295.81, 1390.40, 0.00)
Unloading 955 unused Assets to reduce memory usage. Loaded Objects now: 51367.
Total: 33.094900 ms (FindLiveObjects: 3.033200 ms CreateObjectMapping: 1.447800 ms MarkObjects: 27.642200 ms  DeleteObjects: 0.971300 ms)

***IsRestraintArms False
IE_FadeOut START
***IsRestraintArms False
Unloading 18 Unused Serialized files (Serialized files now loaded: 0)
***Item (1)OnDisable
***S0601_LanternOnDisable
***T06001_EndROnDisable
***T06001_EndRUOnDisable
***ItemOnDisable
***TreasureChestOnDisable
***Item (2)OnDisable
[PhysX] Initialized MultithreadedTaskDispatcher with 12 workers.
UnloadTime: 2.058200 ms
PCHCheck is True
Immortal Loss Beta 0.58.0, GameVersion is : Beta0.58.0, PCH is True.
startLoadJsonTime = 3349.173
endLoadJsoneTime = 3349.315
Loading Duation is = 0.142334
***T0525_EndLOnEnable
***Trans_S0525_S0601OnEnable
***TriggerEvent_S0525OnEnable
***ItemOnEnable
GameManager Initialization Completed.
Unloading 4463 unused Assets to reduce memory usage. Loaded Objects now: 46096.
Total: 34.563000 ms (FindLiveObjects: 2.560400 ms CreateObjectMapping: 1.886800 ms MarkObjects: 26.681600 ms  DeleteObjects: 3.433600 ms)

***IsRestraintArms False
**************5
***TriggerEvent_S0525OnDisable
***ItemOnDisable
IE_FadeOut START
The referenced script (SetChains) on this Behaviour is missing!
The referenced script on this Behaviour (Game Object 'ChainJoint') is missing!
Unloading 15 Unused Serialized files (Serialized files now loaded: 0)
***Trans_S0525_S0601OnDisable
***T0525_EndLOnDisable
[PhysX] Initialized MultithreadedTaskDispatcher with 12 workers.
UnloadTime: 0.722400 ms
PCHCheck is True
Immortal Loss Beta 0.58.0, GameVersion is : Beta0.58.0, PCH is True.
startLoadJsonTime = 3368.008
endLoadJsoneTime = 3368.148
Loading Duation is = 0.1408691
***T06001_EndROnEnable
***T06001_EndRUOnEnable
***S0601_LanternOnEnable
***TreasureChestOnEnable
***ItemOnEnable
***Item (2)OnEnable
***Item (1)OnEnable
GameManager Initialization Completed.
T0601_TransPoint
T0601_TransPoint (TransitionSetting)
Transfer to T0601_TransPoint , location is: (7295.81, 1390.40, 0.00)
Unloading 1026 unused Assets to reduce memory usage. Loaded Objects now: 51378.
Total: 33.020000 ms (FindLiveObjects: 2.704800 ms CreateObjectMapping: 1.342200 ms MarkObjects: 27.998700 ms  DeleteObjects: 0.973900 ms)

***IsRestraintArms False
Open NPC Function
Wait for walking
isInTimeLineStandBy
Not Open this lantern yet.
Wait for walking
isInTimeLineWalk
Wait for turning
isInTimeLineStandBy
Wait for IE_FadeIn
IE_FadeOut START
Player Refresh
Player UI Refresh
PromtText
Item Refresh
Item UI Refresh
Enemy Refresh
False
0
Select something.
blackCanvas color black
CanExecuteCancel True
CanExecuteCancel False
CanExecuteCancel True
CanExecuteCancel False
0
Adding Enemy: Fly to List.
LedgeDetected!     is Pene
***GameManager.Instance.playerAnimation.ClimbPoint.position (7479.87, 1387.66, 0.00)
***Item (2)OnDisable
Remove Enemy: Fly from List.
Adding Enemy: Fly to List.
Remove Enemy: Fly from List.
LedgeDetected!     is Wall
***GameManager.Instance.playerAnimation.ClimbPoint.position (7553.02, 1400.57, 0.00)
Adding Enemy: Fly to List.
Remove Enemy: Fly from List.
LedgeDetected!     is Pene Up
***GameManager.Instance.playerAnimation.ClimbPoint.position (7680.44, 1433.10, 0.00)
IE_FadeOut START
Unloading 16 Unused Serialized files (Serialized files now loaded: 0)
***ItemOnDisable
***S0601_LanternOnDisable
***Item (1)OnDisable
***TreasureChestOnDisable
***T06001_EndROnDisable
***T06001_EndRUOnDisable
[PhysX] Initialized MultithreadedTaskDispatcher with 12 workers.
UnloadTime: 2.197400 ms
PCHCheck is True
Immortal Loss Beta 0.58.0, GameVersion is : Beta0.58.0, PCH is True.
startLoadJsonTime = 3408.527
endLoadJsoneTime = 3408.663
Loading Duation is = 0.1359863
***T06002_EndLOnEnable
***Item (1)OnEnable
***ItemOnEnable
GameManager Initialization Completed.
T0602_EndL
T06002_EndL (TransitionSetting)
Transfer to T06002_EndL , location is: (7720.84, 1343.16, 0.00)
Unloading 2123 unused Assets to reduce memory usage. Loaded Objects now: 51031.
Total: 34.070000 ms (FindLiveObjects: 2.713100 ms CreateObjectMapping: 1.488000 ms MarkObjects: 27.990400 ms  DeleteObjects: 1.878300 ms)

***IsRestraintArms False
IE_FadeOut START
***IsRestraintArms False
The referenced script (SetChains) on this Behaviour is missing!
The referenced script on this Behaviour (Game Object 'ChainJoint') is missing!
Unloading 15 Unused Serialized files (Serialized files now loaded: 0)
***Item (1)OnDisable
***ItemOnDisable
***T06002_EndLOnDisable
[PhysX] Initialized MultithreadedTaskDispatcher with 12 workers.
UnloadTime: 1.648200 ms
PCHCheck is True
Immortal Loss Beta 0.58.0, GameVersion is : Beta0.58.0, PCH is True.
startLoadJsonTime = 3414.697
endLoadJsoneTime = 3414.836
Loading Duation is = 0.1398926
***T06001_EndROnEnable
***T06001_EndRUOnEnable
***S0601_LanternOnEnable
***TreasureChestOnEnable
***ItemOnEnable
***Item (2)OnEnable
***Item (1)OnEnable
GameManager Initialization Completed.
Unloading 3064 unused Assets to reduce memory usage. Loaded Objects now: 51373.
Total: 38.572000 ms (FindLiveObjects: 3.150400 ms CreateObjectMapping: 1.517600 ms MarkObjects: 31.589900 ms  DeleteObjects: 2.313800 ms)

***IsRestraintArms False
**************5
Open NPC Function
Wait for walking
isInTimeLineStandBy
Have Open this lantern.
Wait for walking
isInTimeLineWalk
Wait for turning
isInTimeLineStandBy
Wait for IE_FadeIn
IE_FadeOut START
Unloading 7 Unused Serialized files (Serialized files now loaded: 0)
***T06001_EndROnDisable
***T06001_EndRUOnDisable
***S0601_LanternOnDisable
***Item (2)OnDisable
***Item (1)OnDisable
***TreasureChestOnDisable
***ItemOnDisable
[PhysX] Initialized MultithreadedTaskDispatcher with 12 workers.
UnloadTime: 2.183000 ms
PCHCheck is True
Immortal Loss Beta 0.58.0, GameVersion is : Beta0.58.0, PCH is True.
startLoadJsonTime = 3424.933
endLoadJsoneTime = 3425.069
Loading Duation is = 0.1352539
***NPC_Villager_BlueOnEnable
***NPC_Villager_RedOnEnable
***NPC_Villager_GreyOnEnable
***NPC_BanditOnEnable
***T0106_HouseDoor2F_LOnEnable
***T0106_LeftEndOnEnable
***T0106_LeftDoorOnEnable
***T0106_AchHouseOnEnable
***T0106_HouseDoor2F_ROnEnable
***T0106_HouseDoor3F_MidOnEnable
***T0106_HouseDoor1F_LOnEnable
***T0106_RightEndOnEnable
***Lantern_0106_BlackBerryTownOnEnable
***NPC_SapphyraOnEnable
***NPC_Sapphyra_PseudoOnEnable
***NPC_FramboiseOnEnable
***ObtainItem_TearDropOnEnable
***ObtainDiscovery_SapphyraNote2OnEnable
***ObtainDiscovery_Tentacle reportOnEnable
***ObtainDiscovery_WantedLORDOnEnable
***ObtainDiscovery_Flyer1OnEnable
***ObtainDiscovery_NoneNameNote6OnEnable
GameManager Initialization Completed.
***NPC_BanditOnDisable
***NPC_SapphyraOnDisable
Lantern_0106_BlackBerryTown
Lantern_0106_BlackBerryTown (TransitionSetting)
Transfer to Lantern_0106_BlackBerryTown , location is: (2165.40, 173.47, 0.00)
Unloading 5457 unused Assets to reduce memory usage. Loaded Objects now: 83131.
Total: 39.736600 ms (FindLiveObjects: 4.220100 ms CreateObjectMapping: 2.599800 ms MarkObjects: 28.511600 ms  DeleteObjects: 4.404800 ms)

***IsRestraintArms False
***ObtainItem_TearDropOnDisable
***ObtainDiscovery_SapphyraNote2OnDisable
***ObtainDiscovery_Tentacle reportOnDisable
***ObtainDiscovery_WantedLORDOnDisable
***ObtainDiscovery_Flyer1OnDisable
***ObtainDiscovery_NoneNameNote6OnDisable
ℹ️ 傳入的 FirstArriveBlackBerryDale 小於或等於目前的 FirstArriveZinniaStreet，不更新
Open NPC Function
Wait for walking
isInTimeLineDash
Wait for turning
Wait for IE_FadeIn
False
0
Select something.
blackCanvas color black
CanExecuteCancel True
CanExecuteCancel False
Open NPC Function
Wait for walking
isInTimeLineDash
Wait for turning
Wait for IE_FadeIn
CanExecuteCancel True
CanExecuteCancel False
CanExecuteCancel True
CanExecuteCancel False
Framboise is add to library
Using Anodyne
Using Anodyne
default
Open NPC Function
Wait for walking
isInTimeLineStandBy
Have Open this lantern.
Wait for walking
isInTimeLineWalk
Wait for turning
isInTimeLineStandBy
Wait for IE_FadeIn
IE_FadeOut START
Player Refresh
Player UI Refresh
PromtText
Item Refresh
Item UI Refresh
Enemy Refresh
0
IE_FadeOut START
Unloading 6 Unused Serialized files (Serialized files now loaded: 0)
***NPC_Villager_RedOnDisable
***NPC_Sapphyra_PseudoOnDisable
***NPC_Villager_BlueOnDisable
***T0106_LeftDoorOnDisable
***T0106_HouseDoor1F_LOnDisable
***T0106_HouseDoor2F_LOnDisable
***T0106_HouseDoor2F_ROnDisable
***T0106_HouseDoor3F_MidOnDisable
***T0106_RightEndOnDisable
***T0106_LeftEndOnDisable
***T0106_AchHouseOnDisable
***NPC_FramboiseOnDisable
***NPC_Villager_GreyOnDisable
***Lantern_0106_BlackBerryTownOnDisable
[PhysX] Initialized MultithreadedTaskDispatcher with 12 workers.
UnloadTime: 1.198100 ms
PCHCheck is True
Immortal Loss Beta 0.58.0, GameVersion is : Beta0.58.0, PCH is True.
startLoadJsonTime = 3531.333
endLoadJsoneTime = 3531.468
Loading Duation is = 0.1350098
***T0104_LockFloorDoorOnEnable
***T0104_LeftDoorOnEnable
***T0104_RightDoorOnEnable
***T0104_UpDoorOnEnable
***MultiSwitchOnEnable
GameManager Initialization Completed.
T0104_UpDoor
T0104_UpDoor (TransitionSetting)
Transfer to T0104_UpDoor , location is: (2055.00, 174.00, 0.00)
Unloading 37657 unused Assets to reduce memory usage. Loaded Objects now: 48831.
Total: 74.945000 ms (FindLiveObjects: 4.171400 ms CreateObjectMapping: 3.068600 ms MarkObjects: 41.272800 ms  DeleteObjects: 26.432000 ms)

***IsRestraintArms False
LedgeDetected!     is Pene Up
***GameManager.Instance.playerAnimation.ClimbPoint.position (2045.03, 163.88, 0.00)
IE_FadeOut START
Unloading 9 Unused Serialized files (Serialized files now loaded: 0)
***T0104_LockFloorDoorOnDisable
***T0104_RightDoorOnDisable
***T0104_LeftDoorOnDisable
***T0104_UpDoorOnDisable
***MultiSwitchOnDisable
[PhysX] Initialized MultithreadedTaskDispatcher with 12 workers.
UnloadTime: 0.685500 ms
PCHCheck is True
Immortal Loss Beta 0.58.0, GameVersion is : Beta0.58.0, PCH is True.
startLoadJsonTime = 3539.259
endLoadJsoneTime = 3539.4
Loading Duation is = 0.1408691
***T0109OnEnable
***Relic_TentaclePantieOnEnable
***ElevatorSwitch_DownOnEnable
***SwitchOnEnable
***SwitchTargetOnEnable
GameManager Initialization Completed.
T0109_AbandonedBasement
T0109 (TransitionSetting)
Transfer to T0109 , location is: (2057.00, -35.00, 0.00)
Unloading 1028 unused Assets to reduce memory usage. Loaded Objects now: 50065.
Total: 33.244400 ms (FindLiveObjects: 2.754200 ms CreateObjectMapping: 1.322300 ms MarkObjects: 28.214200 ms  DeleteObjects: 0.953500 ms)

***IsRestraintArms False
IE_FadeOut START
Remove Orgasm speed 0
StartScreenBlink time: 0.5 Color: RGBA(1.000, 1.000, 1.000, 1.000)
StartScreenBlink time: 0.5 Color: RGBA(1.000, 1.000, 1.000, 1.000)
StartScreenBlink time: 0.5 Color: RGBA(1.000, 1.000, 1.000, 1.000)
***Relic_TentaclePantieOnDisable
Drop Sands :60
Drop Sands :60
Drop Sands :60
Adding Enemy: Tentacle to List.
Chase
PullATK
ATKBox 1
ParasiteCondition.
Tag is Untagged
ATKBox 0
Remove Enemy: Tentacle from List.
Adding Enemy: Tentacle to List.
Chase
NormalATK
ATKBox 1
Remove Enemy: Tentacle from List.
ATKBox 0
Adding Enemy: Tentacle to List.
Adding Enemy: Tentacle to List.
Chase
PullATK
Remove Enemy: Tentacle from List.
Remove Enemy: Tentacle from List.
ATKBox 1
Adding Enemy: PenisWorm1 to List.
ATKBox 0
Adding Enemy: Tentacle to List.
Remove Enemy: PenisWorm1 from List.
Remove Enemy: Tentacle from List.
Adding Enemy: Tentacle to List.
Adding Enemy: Tentacle to List.
Adding Enemy: PenisWorm1 to List.
PullATK
PullATK
ATKBox 1
ParasiteCondition.
Tag is Untagged
Remove Enemy: PenisWorm1 from List.
Remove Enemy: Tentacle from List.
ATKBox 0
Player Start StruggleResIE
0
1
2
3
4
Restraint
ATKBox 1
ATKBox 0
Adding Enemy: PenisWorm1 to List.
Succeed ResStrug
***PlayerSkeletonRendererObj (0.30, 0.81, 0.00)
Remove Enemy: PenisWorm1 from List.
Adding Enemy: PenisWorm1 to List.
Chase
NormalATK
ATKBox 1
ParasiteCondition.
Tag is PenisWorm1
TornCloth to state 1
ATKBox 0
Remove this dead Enemy from List.
Drop Sands :60
Remove this dead Enemy from List.
Drop Sands :30
_notAddingLibrary
Drop Sands :30
_notAddingLibrary
Adding Enemy: PenisWorm1 to List.
ParasiteCondition.
Tag is PenisWorm1
PenisWorm1 para. random failed.
ParasiteCondition.
Tag is PenisWorm1
TornCloth to state 2
ParasiteCondition.
Tag is PenisWorm1
AddingParaToAnal PenisWorm1
Remove this parasited Enemy from List.
Adding Enemy: PenisWorm1 to List.
Remove Enemy: PenisWorm1 from List.
Deb org
Eff org
RollEyeOrgasm
RollEyeGritTeeth
Trigger S0109Elevator, isUp = False
Deb org
Eff org
RollEyeOrgasm
RollEyeGritTeeth
CumEffect Cum_Anal
ShyCloseEye
IE_FadeOut START
Unloading 6 Unused Serialized files (Serialized files now loaded: 0)
***T0109OnDisable
***ElevatorSwitch_DownOnDisable
***SwitchOnDisable
***SwitchTargetOnDisable
[PhysX] Initialized MultithreadedTaskDispatcher with 12 workers.
UnloadTime: 2.293600 ms
PCHCheck is True
Immortal Loss Beta 0.58.0, GameVersion is : Beta0.58.0, PCH is True.
startLoadJsonTime = 3602.162
endLoadJsoneTime = 3602.297
Loading Duation is = 0.135498
***T0104_LockFloorDoorOnEnable
***T0104_LeftDoorOnEnable
***T0104_RightDoorOnEnable
***T0104_UpDoorOnEnable
***MultiSwitchOnEnable
GameManager Initialization Completed.
T0104_FloorDoor
T0104_LockFloorDoor (TransitionSetting)
Transfer to T0104_LockFloorDoor , location is: (2058.62, -6.05, 0.09)
Unloading 737 unused Assets to reduce memory usage. Loaded Objects now: 48925.
Total: 36.022100 ms (FindLiveObjects: 2.551300 ms CreateObjectMapping: 1.293700 ms MarkObjects: 31.431800 ms  DeleteObjects: 0.745000 ms)

***IsRestraintArms False
[AudioManager] SE_TentaclePantie_LongLoop 已在播放中，跳過重複請求。
RollEyeGritTeeth
IE_FadeOut START
Unloading 7 Unused Serialized files (Serialized files now loaded: 0)
***T0104_LockFloorDoorOnDisable
***T0104_RightDoorOnDisable
***T0104_LeftDoorOnDisable
***T0104_UpDoorOnDisable
***MultiSwitchOnDisable
[PhysX] Initialized MultithreadedTaskDispatcher with 12 workers.
UnloadTime: 0.679800 ms
PCHCheck is True
Immortal Loss Beta 0.58.0, GameVersion is : Beta0.58.0, PCH is True.
startLoadJsonTime = 3610.007
endLoadJsoneTime = 3610.145
Loading Duation is = 0.1376953
***NPC_Villager_BlueOnEnable
***NPC_Villager_RedOnEnable
***NPC_Villager_GreyOnEnable
***NPC_BanditOnEnable
***T0106_HouseDoor2F_LOnEnable
***T0106_LeftEndOnEnable
***T0106_LeftDoorOnEnable
***T0106_AchHouseOnEnable
***T0106_HouseDoor2F_ROnEnable
***T0106_HouseDoor3F_MidOnEnable
***T0106_HouseDoor1F_LOnEnable
***T0106_RightEndOnEnable
***Lantern_0106_BlackBerryTownOnEnable
***NPC_SapphyraOnEnable
***NPC_Sapphyra_PseudoOnEnable
***NPC_FramboiseOnEnable
***ObtainItem_TearDropOnEnable
***ObtainDiscovery_SapphyraNote2OnEnable
***ObtainDiscovery_Tentacle reportOnEnable
***ObtainDiscovery_WantedLORDOnEnable
***ObtainDiscovery_Flyer1OnEnable
***ObtainDiscovery_NoneNameNote6OnEnable
GameManager Initialization Completed.
***NPC_BanditOnDisable
***NPC_SapphyraOnDisable
T0106_LeftDoor
T0106_LeftDoor (TransitionSetting)
Transfer to T0106_LeftDoor , location is: (2055.00, 174.25, 0.00)
Unloading 4354 unused Assets to reduce memory usage. Loaded Objects now: 83002.
Total: 39.091000 ms (FindLiveObjects: 4.140900 ms CreateObjectMapping: 2.578900 ms MarkObjects: 29.058900 ms  DeleteObjects: 3.311800 ms)

***IsRestraintArms False
[AudioManager] SE_TentaclePantie_LongLoop 已在播放中，跳過重複請求。
***ObtainItem_TearDropOnDisable
***ObtainDiscovery_SapphyraNote2OnDisable
***ObtainDiscovery_Tentacle reportOnDisable
***ObtainDiscovery_WantedLORDOnDisable
***ObtainDiscovery_Flyer1OnDisable
***ObtainDiscovery_NoneNameNote6OnDisable
ℹ️ 傳入的 FirstArriveBlackBerryDale 小於或等於目前的 FirstArriveZinniaStreet，不更新
Deb org
Eff org
RollEyeOrgasm
RollEyeGritTeeth
LedgeDetected!     is Wall
***GameManager.Instance.playerAnimation.ClimbPoint.position (2321.83, 234.86, 0.00)
IE_FadeOut START
Unloading 9 Unused Serialized files (Serialized files now loaded: 0)
***NPC_Sapphyra_PseudoOnDisable
***Lantern_0106_BlackBerryTownOnDisable
***NPC_Villager_GreyOnDisable
***NPC_Villager_BlueOnDisable
***T0106_LeftDoorOnDisable
***T0106_HouseDoor1F_LOnDisable
***T0106_HouseDoor2F_LOnDisable
***T0106_HouseDoor2F_ROnDisable
***T0106_HouseDoor3F_MidOnDisable
***T0106_RightEndOnDisable
***T0106_LeftEndOnDisable
***T0106_AchHouseOnDisable
***NPC_FramboiseOnDisable
***NPC_Villager_RedOnDisable
[PhysX] Initialized MultithreadedTaskDispatcher with 12 workers.
UnloadTime: 1.142700 ms
PCHCheck is True
Immortal Loss Beta 0.58.0, GameVersion is : Beta0.58.0, PCH is True.
startLoadJsonTime = 3624.856
endLoadJsoneTime = 3624.998
Loading Duation is = 0.1418457
***T0108_ExitDoorOnEnable
***NPC_BaneberisOnEnable
***LockDoorTempOnEnable
GameManager Initialization Completed.
T0108_ExitDoor
T0108_ExitDoor (TransitionSetting)
Transfer to T0108_ExitDoor , location is: (2297.00, 239.00, 0.00)
Unloading 37602 unused Assets to reduce memory usage. Loaded Objects now: 49364.
Total: 60.815500 ms (FindLiveObjects: 4.051600 ms CreateObjectMapping: 2.791700 ms MarkObjects: 28.114900 ms  DeleteObjects: 25.856800 ms)

***IsRestraintArms False
[AudioManager] SE_TentaclePantie_LongLoop 已在播放中，跳過重複請求。
CumEffect Cum_Anal
ShyCloseEye
Open NPC Function
Wait for walking
isInTimeLineDash
Wait for turning
Wait for IE_FadeIn
Normal/Emotion/Normal_CloseEyes_Blush_Teeth_Cloth_2
Normal/Emotion/Normal_CloseEyes_Blush_Teeth_Cloth_2
StartScreenBlink time: 0.5 Color: RGBA(1.000, 1.000, 1.000, 1.000)
StartScreenBlink time: 0.5 Color: RGBA(1.000, 1.000, 1.000, 1.000)
StartScreenBlink time: 0.5 Color: RGBA(1.000, 1.000, 1.000, 1.000)
IE_FadeOut START
Remove Orgasm speed 0.03
Remove Orgasm speed 0.03
Normal/Emotion/Normal_CloseEyes_Blush_Teeth_Cloth_2
IE_FadeOut START
Remove Orgasm speed 0.02
Adding Enemy: PenisWorm1 to List.
Remove Enemy: PenisWorm1 from List.
Adding Enemy: PenisWorm1 to List.
Remove this dead Enemy from List.
Drop Sands :60
0
CanExecuteCancel True
CanExecuteCancel False
CanExecuteCancel False
CanExecuteCancel True
LedgeDetected!     is Wall
***GameManager.Instance.playerAnimation.ClimbPoint.position (2293.13, 216.72, 0.00)
IE_FadeOut START
Unloading 7 Unused Serialized files (Serialized files now loaded: 0)
***NPC_BaneberisOnDisable
***T0108_ExitDoorOnDisable
***LockDoorTempOnDisable
[PhysX] Initialized MultithreadedTaskDispatcher with 12 workers.
UnloadTime: 1.251700 ms
PCHCheck is True
Immortal Loss Beta 0.58.0, GameVersion is : Beta0.58.0, PCH is True.
startLoadJsonTime = 3666.024
endLoadJsoneTime = 3666.159
Loading Duation is = 0.1350098
***NPC_Villager_BlueOnEnable
***NPC_Villager_RedOnEnable
***NPC_Villager_GreyOnEnable
***NPC_BanditOnEnable
***T0106_HouseDoor2F_LOnEnable
***T0106_LeftEndOnEnable
***T0106_LeftDoorOnEnable
***T0106_AchHouseOnEnable
***T0106_HouseDoor2F_ROnEnable
***T0106_HouseDoor3F_MidOnEnable
***T0106_HouseDoor1F_LOnEnable
***T0106_RightEndOnEnable
***Lantern_0106_BlackBerryTownOnEnable
***NPC_SapphyraOnEnable
***NPC_Sapphyra_PseudoOnEnable
***NPC_FramboiseOnEnable
***ObtainItem_TearDropOnEnable
***ObtainDiscovery_SapphyraNote2OnEnable
***ObtainDiscovery_Tentacle reportOnEnable
***ObtainDiscovery_WantedLORDOnEnable
***ObtainDiscovery_Flyer1OnEnable
***ObtainDiscovery_NoneNameNote6OnEnable
GameManager Initialization Completed.
***NPC_BanditOnDisable
***NPC_SapphyraOnDisable
T0106_AchHouse
T0106_AchHouse (TransitionSetting)
Transfer to T0106_AchHouse , location is: (2297.00, 243.00, 0.00)
Unloading 4816 unused Assets to reduce memory usage. Loaded Objects now: 82971.
Total: 40.863600 ms (FindLiveObjects: 4.265700 ms CreateObjectMapping: 2.530600 ms MarkObjects: 30.080000 ms  DeleteObjects: 3.987000 ms)

***IsRestraintArms False
***ObtainItem_TearDropOnDisable
***ObtainDiscovery_SapphyraNote2OnDisable
***ObtainDiscovery_Tentacle reportOnDisable
***ObtainDiscovery_WantedLORDOnDisable
***ObtainDiscovery_Flyer1OnDisable
***ObtainDiscovery_NoneNameNote6OnDisable
ℹ️ 傳入的 FirstArriveBlackBerryDale 小於或等於目前的 FirstArriveZinniaStreet，不更新
Open NPC Function
Wait for walking
isInTimeLineStandBy
Have Open this lantern.
Wait for walking
isInTimeLineWalk
Wait for turning
isInTimeLineStandBy
Wait for IE_FadeIn
IE_FadeOut START
Unloading 12 Unused Serialized files (Serialized files now loaded: 0)
***NPC_Villager_BlueOnDisable
***T0106_LeftDoorOnDisable
***T0106_HouseDoor1F_LOnDisable
***T0106_HouseDoor2F_LOnDisable
***T0106_HouseDoor2F_ROnDisable
***T0106_HouseDoor3F_MidOnDisable
***T0106_RightEndOnDisable
***T0106_LeftEndOnDisable
***T0106_AchHouseOnDisable
***NPC_Villager_RedOnDisable
***Lantern_0106_BlackBerryTownOnDisable
***NPC_Sapphyra_PseudoOnDisable
***NPC_FramboiseOnDisable
***NPC_Villager_GreyOnDisable
[PhysX] Initialized MultithreadedTaskDispatcher with 12 workers.
UnloadTime: 1.049500 ms
PCHCheck is True
Immortal Loss Beta 0.58.0, GameVersion is : Beta0.58.0, PCH is True.
startLoadJsonTime = 3678.685
endLoadJsoneTime = 3678.826
Loading Duation is = 0.1411133
***T0202_MidDoorOnEnable
***T0202_LeftDoorOnEnable
***T0202_RightEndOnEnable
***T0202_DownEndOnEnable
***T0202_RightDoorOnEnable
***LanternObjectOnEnable
***TriggerEvent_DS01OnEnable
***TriggerEvent_DS02OnEnable
***SwitchTarget TriggerEvent_DS03OnEnable
***ItemOnEnable
***SwitchOnEnable
***SwitchTargetOnEnable
GameManager Initialization Completed.
Lantern_0202_VillageSewer
LanternObject (TransitionSetting)
Transfer to LanternObject , location is: (1609.81, -412.61, 0.00)
Unloading 37936 unused Assets to reduce memory usage. Loaded Objects now: 50101.
Total: 62.211000 ms (FindLiveObjects: 4.142600 ms CreateObjectMapping: 3.116600 ms MarkObjects: 28.387600 ms  DeleteObjects: 26.563900 ms)

***IsRestraintArms False
***ItemOnDisable
***TriggerEvent_DS02OnDisable
***TriggerEvent_DS01OnDisable
***SwitchTarget TriggerEvent_DS03OnDisable
LedgeDetected!     is Pene Up
***GameManager.Instance.playerAnimation.ClimbPoint.position (1550.93, -399.20, 0.00)
LedgeDetected!     is Pene
***GameManager.Instance.playerAnimation.ClimbPoint.position (1549.28, -397.42, 0.00)
IE_FadeOut START
Unloading 8 Unused Serialized files (Serialized files now loaded: 0)
***LanternObjectOnDisable
***SwitchOnDisable
***SwitchTargetOnDisable
***T0202_LeftDoorOnDisable
***T0202_MidDoorOnDisable
***T0202_RightDoorOnDisable
***T0202_DownEndOnDisable
***T0202_RightEndOnDisable
[PhysX] Initialized MultithreadedTaskDispatcher with 12 workers.
UnloadTime: 0.983900 ms
PCHCheck is True
Immortal Loss Beta 0.58.0, GameVersion is : Beta0.58.0, PCH is True.
startLoadJsonTime = 3699.627
endLoadJsoneTime = 3699.769
Loading Duation is = 0.1420898
***T0201_LeftEndOnEnable
***T0201_UpDoorOnEnable
***T0201_RightDoorOnEnable
***Word_DashOnEnable
***Word_StandUpOnEnable
***WordOnGroundOnEnable
***Word_ClimbOnEnable
***ItemOnEnable
GameManager Initialization Completed.
T0201_RightDoor
T0201_RightDoor (TransitionSetting)
Transfer to T0201_RightDoor , location is: (1651.53, -415.26, 0.00)
Unloading 3120 unused Assets to reduce memory usage. Loaded Objects now: 49387.
Total: 41.334200 ms (FindLiveObjects: 2.250400 ms CreateObjectMapping: 1.229300 ms MarkObjects: 36.229200 ms  DeleteObjects: 1.625000 ms)

***IsRestraintArms False
***ItemOnDisable
LedgeDetected!     is Wall
***GameManager.Instance.playerAnimation.ClimbPoint.position (1625.84, -397.00, 0.00)
LedgeDetected!     is Pene Up
***GameManager.Instance.playerAnimation.ClimbPoint.position (1510.13, -390.55, 0.00)
Change to Crawl.
-1
Change to Stand.
False
LedgeDetected!     is Pene Up
***GameManager.Instance.playerAnimation.ClimbPoint.position (1390.64, -390.91, 0.00)
Change to Crawl.
-1
Change to Stand.
False
LedgeDetected!     is Pene Up
***GameManager.Instance.playerAnimation.ClimbPoint.position (1390.10, -390.55, 0.00)
-1
False
Change to Crawl.
-1
Change to Stand.
False
Change to Crawl.
Change to Stand.
IE_FadeOut START
Unloading 8 Unused Serialized files (Serialized files now loaded: 0)
***T0201_LeftEndOnDisable
***T0201_RightDoorOnDisable
***T0201_UpDoorOnDisable
***WordOnGroundOnDisable
***Word_StandUpOnDisable
***Word_DashOnDisable
***Word_ClimbOnDisable
[PhysX] Initialized MultithreadedTaskDispatcher with 12 workers.
UnloadTime: 1.053600 ms
PCHCheck is True
Immortal Loss Beta 0.58.0, GameVersion is : Beta0.58.0, PCH is True.
startLoadJsonTime = 3722.092
endLoadJsoneTime = 3722.233
Loading Duation is = 0.1413574
***T0200_RightEndOnEnable
***T0200_LeftEndOnEnable
***WordOnGroundOnEnable
***S0200_WakeUpPlotOnEnable
***FindingOnEnable
***ItemOnEnable
***TriggerEventOnEnable
GameManager Initialization Completed.
T0200_RightEnd
T0200_RightEnd (TransitionSetting)
Transfer to T0200_RightEnd , location is: (1303.91, -419.61, 0.00)
Unloading 1356 unused Assets to reduce memory usage. Loaded Objects now: 48309.
Total: 33.385400 ms (FindLiveObjects: 2.585300 ms CreateObjectMapping: 1.503500 ms MarkObjects: 28.522300 ms  DeleteObjects: 0.773600 ms)

***IsRestraintArms False
***ItemOnDisable
***FindingOnDisable
***S0200_WakeUpPlotOnDisable
***TriggerEventOnDisable
LedgeDetected!     is Wall
***GameManager.Instance.playerAnimation.ClimbPoint.position (1041.03, -409.17, 0.00)
IE_FadeOut START
Unloading 15 Unused Serialized files (Serialized files now loaded: 0)
***WordOnGroundOnDisable
***T0200_RightEndOnDisable
***T0200_LeftEndOnDisable
[PhysX] Initialized MultithreadedTaskDispatcher with 12 workers.
UnloadTime: 0.858100 ms
PCHCheck is True
Immortal Loss Beta 0.58.0, GameVersion is : Beta0.58.0, PCH is True.
startLoadJsonTime = 3734.309
endLoadJsoneTime = 3734.45
Loading Duation is = 0.1416016
***T0214_RightEndOnEnable
***TreasureChestOnEnable
***TreasureChest_SleepyGasOnEnable
***Item (2)OnEnable
***Item (1)OnEnable
***FindingOnEnable
***ItemOnEnable
GameManager Initialization Completed.
T0307_EndR
T0214_RightEnd (TransitionSetting)
Transfer to T0214_RightEnd , location is: (989.91, -407.80, 0.00)
Unloading 3232 unused Assets to reduce memory usage. Loaded Objects now: 50802.
Total: 36.037900 ms (FindLiveObjects: 3.124600 ms CreateObjectMapping: 1.511100 ms MarkObjects: 29.701800 ms  DeleteObjects: 1.700200 ms)

***IsRestraintArms False
***Item (2)OnDisable
***FindingOnDisable
***Item (1)OnDisable
***ItemOnDisable
LedgeDetected!     is Wall
***GameManager.Instance.playerAnimation.ClimbPoint.position (751.14, -401.10, 0.00)
Drop Sands :60
Drop Sands :60
Adding Enemy: PenisWorm0 to List.
Adding Enemy: PenisWorm0 to List.
ParasiteCondition.
Tag is PenisWorm0
PenisWorm0 para. random failed.
Remove Enemy: PenisWorm0 from List.
Remove Enemy: PenisWorm0 from List.
Adding Enemy: PenisWorm1 to List.
Remove Enemy: PenisWorm1 from List.
TentacleCeiling is Trigger.
TentacleCeiling is resEnemy.
StartScreenBlink time: 0.3 Color: RGBA(1.000, 1.000, 1.000, 1.000)
Player Start StruggleResIE
Start Res atk.
AddingParaToBoobF TentacleCeiling
Succeed ResStrug
Remove Orgasm speed 0.02
Remove BreastEngorgement speed -0.005
***PlayerSkeletonRendererObj (0.30, 0.81, 0.00)
PlayAnimation: Idle
Adding Enemy: PenisWorm1 to List.
Remove Enemy: PenisWorm1 from List.
LedgeDetected!     is Wall
***GameManager.Instance.playerAnimation.ClimbPoint.position (384.73, -422.46, 0.00)
IE_FadeOut START
TornAllCloth
Player Start StruggleLyingIE
CanExecuteCancel True
CanExecuteCancel False
CanExecuteCancel True
CloseMenu
0
IE_FadeOut START
Unloading 7 Unused Serialized files (Serialized files now loaded: 0)
***T0214_RightEndOnDisable
***TreasureChest_SleepyGasOnDisable
***TreasureChestOnDisable
[PhysX] Initialized MultithreadedTaskDispatcher with 12 workers.
UnloadTime: 2.388900 ms
PCHCheck is True
Immortal Loss Beta 0.58.0, GameVersion is : Beta0.58.0, PCH is True.
startLoadJsonTime = 3810.493
endLoadJsoneTime = 3810.63
Loading Duation is = 0.1362305
***NPC_Villager_BlueOnEnable
***NPC_Villager_RedOnEnable
***NPC_Villager_GreyOnEnable
***NPC_BanditOnEnable
***T0106_HouseDoor2F_LOnEnable
***T0106_LeftEndOnEnable
***T0106_LeftDoorOnEnable
***T0106_AchHouseOnEnable
***T0106_HouseDoor2F_ROnEnable
***T0106_HouseDoor3F_MidOnEnable
***T0106_HouseDoor1F_LOnEnable
***T0106_RightEndOnEnable
***Lantern_0106_BlackBerryTownOnEnable
***NPC_SapphyraOnEnable
***NPC_Sapphyra_PseudoOnEnable
***NPC_FramboiseOnEnable
***ObtainItem_TearDropOnEnable
***ObtainDiscovery_SapphyraNote2OnEnable
***ObtainDiscovery_Tentacle reportOnEnable
***ObtainDiscovery_WantedLORDOnEnable
***ObtainDiscovery_Flyer1OnEnable
***ObtainDiscovery_NoneNameNote6OnEnable
GameManager Initialization Completed.
***NPC_BanditOnDisable
***NPC_SapphyraOnDisable
Lantern_0106_BlackBerryTown
Lantern_0106_BlackBerryTown (TransitionSetting)
Transfer to Lantern_0106_BlackBerryTown , location is: (2165.40, 173.47, 0.00)
Unloading 5365 unused Assets to reduce memory usage. Loaded Objects now: 82968.
Total: 50.089500 ms (FindLiveObjects: 3.943400 ms CreateObjectMapping: 2.654700 ms MarkObjects: 40.839000 ms  DeleteObjects: 2.651800 ms)

***IsRestraintArms False
***ObtainItem_TearDropOnDisable
***ObtainDiscovery_SapphyraNote2OnDisable
***ObtainDiscovery_Tentacle reportOnDisable
***ObtainDiscovery_WantedLORDOnDisable
***ObtainDiscovery_Flyer1OnDisable
***ObtainDiscovery_NoneNameNote6OnDisable
ℹ️ 傳入的 FirstArriveBlackBerryDale 小於或等於目前的 FirstArriveZinniaStreet，不更新
Open NPC Function
Wait for walking
isInTimeLineStandBy
Have Open this lantern.
Wait for walking
Wait for turning
isInTimeLineStandBy
Wait for IE_FadeIn
IE_FadeOut START
Unloading 19 Unused Serialized files (Serialized files now loaded: 0)
***NPC_Villager_BlueOnDisable
***Lantern_0106_BlackBerryTownOnDisable
***NPC_Sapphyra_PseudoOnDisable
***T0106_LeftDoorOnDisable
***T0106_HouseDoor1F_LOnDisable
***T0106_HouseDoor2F_LOnDisable
***T0106_HouseDoor2F_ROnDisable
***T0106_HouseDoor3F_MidOnDisable
***T0106_RightEndOnDisable
***T0106_LeftEndOnDisable
***T0106_AchHouseOnDisable
***NPC_Villager_RedOnDisable
***NPC_FramboiseOnDisable
***NPC_Villager_GreyOnDisable
[PhysX] Initialized MultithreadedTaskDispatcher with 12 workers.
UnloadTime: 1.075600 ms
PCHCheck is True
Immortal Loss Beta 0.58.0, GameVersion is : Beta0.58.0, PCH is True.
startLoadJsonTime = 3855.582
endLoadJsoneTime = 3855.723
Loading Duation is = 0.1408691
***MovingRope_TriggeAtStartOnEnable
***MovingRope_TriggeAtEndOnEnable
***MovingRope_TriggeAtEndOnEnable
***T0306_DoorDOnEnable
***T0306_EndR (R)OnEnable
***T0306_EndROnEnable
***T0306_EndLOnEnable
***T0306_EndDOnEnable
***T0306_EndRTOnEnable
***T0306_DoorUOnEnable
***OpenSideOnEnable
***Lantern_0306_RinniaRoadOnEnable
***MovingRope_TriggeAtStartOnEnable
***LockSideOnEnable
***ObtainItem_BCPillOnEnable
***ObtainItem_PoorMemoOnEnable
***ObtainItem_HomewardBell (1)OnEnable
***PoorMemoOnEnable
***ObtainItem_HomewardBellOnEnable
***PoorMemo (1)OnEnable
GameManager Initialization Completed.
***T0306_EndR (R)OnDisable
Lantern_0306_RinniaRoad
Lantern_0306_RinniaRoad (TransitionSetting)
Transfer to Lantern_0306_RinniaRoad , location is: (3836.30, -220.70, 0.00)
Unloading 37937 unused Assets to reduce memory usage. Loaded Objects now: 59814.
Total: 71.310500 ms (FindLiveObjects: 5.096600 ms CreateObjectMapping: 3.980800 ms MarkObjects: 34.496700 ms  DeleteObjects: 27.736100 ms)

***IsRestraintArms False
***ObtainItem_PoorMemoOnDisable
***ObtainItem_HomewardBell (1)OnDisable
***PoorMemoOnDisable
***ObtainItem_HomewardBellOnDisable
ℹ️ 傳入的 FirstArriveZinniaStreet 小於或等於目前的 FirstArriveZinniaStreet，不更新
LedgeDetected!     is Pene Up
***GameManager.Instance.playerAnimation.ClimbPoint.position (3884.91, -213.02, 0.00)
LedgeDetected!     is Pene
***GameManager.Instance.playerAnimation.ClimbPoint.position (3977.36, -236.99, 0.00)
NormalCageStartMoving
NormalCageOnStartMoving
UnControlOnRope
NormalCageOnReachRightEnd
NormalCageOnStopMoving
EndUnControlOnRope
LedgeDetected!     is Pene
***GameManager.Instance.playerAnimation.ClimbPoint.position (4205.43, -175.91, 0.00)
NormalCageStartMoving
NormalCageOnStartMoving
UnControlOnRope
沒有可用的 SE AudioSource 供播放。
沒有可用的 SE AudioSource 供播放。
沒有可用的 SE AudioSource 供播放。
沒有可用的 SE AudioSource 供播放。
沒有可用的 SE AudioSource 供播放。
沒有可用的 SE AudioSource 供播放。
沒有可用的 SE AudioSource 供播放。
NormalCageOnReachLeftEnd
NormalCageOnStopMoving
EndUnControlOnRope
IE_FadeOut START
The referenced script (SetChains) on this Behaviour is missing!
The referenced script on this Behaviour (Game Object 'ChainJoint') is missing!
Unloading 18 Unused Serialized files (Serialized files now loaded: 0)
***LockSideOnDisable
***OpenSideOnDisable
***MovingRope_TriggeAtStartOnDisable
***MovingRope_TriggeAtEndOnDisable
***MovingRope_TriggeAtStartOnDisable
***MovingRope_TriggeAtEndOnDisable
***ObtainItem_BCPillOnDisable
***PoorMemo (1)OnDisable
***Lantern_0306_RinniaRoadOnDisable
***T0306_EndLOnDisable
***T0306_EndROnDisable
***T0306_DoorUOnDisable
***T0306_DoorDOnDisable
***T0306_EndRTOnDisable
***T0306_EndDOnDisable
[PhysX] Initialized MultithreadedTaskDispatcher with 12 workers.
UnloadTime: 2.027100 ms
PCHCheck is True
Immortal Loss Beta 0.58.0, GameVersion is : Beta0.58.0, PCH is True.
startLoadJsonTime = 3876.777
endLoadJsoneTime = 3876.918
Loading Duation is = 0.1411133
***T0312_DoorOnEnable
***NPC_InjuredNPCOnEnable
***TreasureChest_SleepyGasOnEnable
***ObtainItem_IncompleteMetalForgingStone2OnEnable
GameManager Initialization Completed.
***NPC_InjuredNPCOnDisable
T0312_Door
T0312_Door (TransitionSetting)
Transfer to T0312_Door , location is: (4013.20, -112.80, 0.00)
Unloading 10942 unused Assets to reduce memory usage. Loaded Objects now: 49869.
Total: 40.615100 ms (FindLiveObjects: 3.268300 ms CreateObjectMapping: 1.732400 ms MarkObjects: 28.057900 ms  DeleteObjects: 7.556100 ms)

***IsRestraintArms False
***ObtainItem_IncompleteMetalForgingStone2OnDisable
Adding Enemy: NZombie to List.
Adding Enemy: NZombie to List.
PickATK 0
ParasiteCondition.
Tag is NakedATK
Back insert. Anal or Vag
EnterOnRestraint
Zombie SC
isReduceResBar True
Player Start StruggleResIE
Restraint
Remove Enemy: NZombie from List.
Remove Enemy: NZombie from List.
Spine Event Restraint/Vita/ResByNZombie_Start2 SetPlayerHitBox True
Adding Enemy: NZombie to List.
Adding Enemy: NZombie to List.
PickATK 0
res failed.
res failed.
res failed.
res failed.
res failed.
res failed.
res failed.
res failed.
res failed.
Spine Event : Anal Insert
StartScreenBlink time: 0.4 Color: RGBA(1.000, 1.000, 1.000, 1.000)
Remove Orgasm speed 0
AddingParaToAnal NZombie
Succeed ResStrug
Remove Orgasm speed 0.02
***PlayerSkeletonRendererObj (0.30, 0.81, 0.00)
Remove Enemy: NZombie from List.
Adding Enemy: NZombie to List.
EnterGetHurt
Remove this dead Enemy from List.
Drop Sands :77
EnterGetHurt
Remove this dead Enemy from List.
Drop Sands :77
Drop Sands :60
IE_FadeOut START
TornAllCloth
Player Start StruggleLyingIE
IE_FadeOut START
Unloading 19 Unused Serialized files (Serialized files now loaded: 0)
***T0312_DoorOnDisable
***TreasureChest_SleepyGasOnDisable
[PhysX] Initialized MultithreadedTaskDispatcher with 12 workers.
UnloadTime: 1.561700 ms
PCHCheck is True
Immortal Loss Beta 0.58.0, GameVersion is : Beta0.58.0, PCH is True.
startLoadJsonTime = 3915.141
endLoadJsoneTime = 3915.284
Loading Duation is = 0.1430664
***MovingRope_TriggeAtStartOnEnable
***MovingRope_TriggeAtEndOnEnable
***MovingRope_TriggeAtEndOnEnable
***T0306_DoorDOnEnable
***T0306_EndR (R)OnEnable
***T0306_EndROnEnable
***T0306_EndLOnEnable
***T0306_EndDOnEnable
***T0306_EndRTOnEnable
***T0306_DoorUOnEnable
***OpenSideOnEnable
***Lantern_0306_RinniaRoadOnEnable
***MovingRope_TriggeAtStartOnEnable
***LockSideOnEnable
***ObtainItem_BCPillOnEnable
***ObtainItem_PoorMemoOnEnable
***ObtainItem_HomewardBell (1)OnEnable
***PoorMemoOnEnable
***ObtainItem_HomewardBellOnEnable
***PoorMemo (1)OnEnable
GameManager Initialization Completed.
***T0306_EndR (R)OnDisable
T0306_DoorU
T0306_DoorU (TransitionSetting)
Transfer to T0306_DoorU , location is: (4013.17, -112.66, 0.00)
Unloading 1335 unused Assets to reduce memory usage. Loaded Objects now: 59627.
Total: 34.170500 ms (FindLiveObjects: 2.864600 ms CreateObjectMapping: 1.875400 ms MarkObjects: 28.261200 ms  DeleteObjects: 1.169000 ms)

***IsRestraintArms False
***ObtainItem_PoorMemoOnDisable
***ObtainItem_HomewardBell (1)OnDisable
***PoorMemoOnDisable
***ObtainItem_HomewardBellOnDisable
ℹ️ 傳入的 FirstArriveZinniaStreet 小於或等於目前的 FirstArriveZinniaStreet，不更新
0
CanExecuteCancel True
CanExecuteCancel False
CanExecuteCancel False
CanExecuteCancel True
NormalCageStartMoving
NormalCageOnStartMoving
UnControlOnRope
NormalCageOnReachRightEnd
NormalCageOnStopMoving
EndUnControlOnRope
NormalCageStartMoving
NormalCageOnStartMoving
UnControlOnRope
NormalCageOnReachLeftEnd
NormalCageOnStopMoving
EndUnControlOnRope
Adding Enemy: NDog to List.
Remove Enemy: NDog from List.
Back insert. Vag
Back insert. Vag
Back insert. Vag
Back insert. Vag
Back insert. Vag
Back insert. Vag
Back insert. Vag
Back insert. Vag
Back insert. Vag
Back insert. Vag
Back insert. Vag
Back insert. Vag
Back insert. Vag
Back insert. Vag
Back insert. Vag
Back insert. Vag
Back insert. Vag
Back insert. Vag
Back insert. Vag
Back insert. Vag
Back insert. Vag
Back insert. Vag
Back insert. Vag
Back insert. Vag
Back insert. Vag
Back insert. Vag
Back insert. Vag
Back insert. Vag
Back insert. Vag
Back insert. Vag
Back insert. Vag
Back insert. Vag
Back insert. Vag
Back insert. Vag
Back insert. Vag
Back insert. Vag
Back insert. Vag
Back insert. Vag
Back insert. Vag
Back insert. Vag
Back insert. Vag
Back insert. Vag
Back insert. Vag
Back insert. Vag
Back insert. Vag
Back insert. Vag
Back insert. Vag
Back insert. Vag
Back insert. Vag
Back insert. Vag
Back insert. Vag
Back insert. Vag
Back insert. Vag
Back insert. Vag
Back insert. Vag
Back insert. Vag
Back insert. Vag
Back insert. Vag
Back insert. Vag
Back insert. Vag
Adding Enemy: NDog to List.
Back insert. Vag
Back insert. Vag
Back insert. Vag
Back insert. Vag
Back insert. Vag
Back insert. Vag
Back insert. Vag
Back insert. Vag
Back insert. Vag
Back insert. Vag
Back insert. Vag
Back insert. Vag
Back insert. Vag
Back insert. Vag
Back insert. Vag
Back insert. Vag
Back insert. Vag
Back insert. Vag
Back insert. Vag
Back insert. Vag
Back insert. Vag
Back insert. Vag
Back insert. Vag
Back insert. Vag
Back insert. Vag
Back insert. Vag
Back insert. Vag
Back insert. Vag
Back insert. Vag
Back insert. Vag
Back insert. Vag
Back insert. Vag
Back insert. Vag
Remove Enemy: NDog from List.
Back insert. Vag
Back insert. Vag
Back insert. Vag
Back insert. Vag
Back insert. Vag
Back insert. Vag
Back insert. Vag
Back insert. Vag
Back insert. Vag
Back insert. Vag
Back insert. Vag
Back insert. Vag
Back insert. Vag
Back insert. Vag
Back insert. Vag
Back insert. Vag
Back insert. Vag
Back insert. Vag
Back insert. Vag
Back insert. Vag
Back insert. Vag
Back insert. Vag
Back insert. Vag
Back insert. Vag
Back insert. Vag
Back insert. Vag
Back insert. Vag
Back insert. Vag
Back insert. Vag
Back insert. Vag
Back insert. Vag
Back insert. Vag
Back insert. Vag
Back insert. Vag
Back insert. Vag
Back insert. Vag
Back insert. Vag
Back insert. Vag
Back insert. Vag
Back insert. Vag
Back insert. Vag
Back insert. Vag
Back insert. Vag
Back insert. Vag
Back insert. Vag
Back insert. Vag
Back insert. Vag
Back insert. Vag
Back insert. Vag
Back insert. Vag
Back insert. Vag
Back insert. Vag
Back insert. Vag
Back insert. Vag
Back insert. Vag
Back insert. Vag
Back insert. Vag
Back insert. Vag
Back insert. Vag
Back insert. Vag
Back insert. Vag
Back insert. Vag
Back insert. Vag
Back insert. Vag
Back insert. Vag
Back insert. Vag
Back insert. Vag
Back insert. Vag
Back insert. Vag
Back insert. Vag
Back insert. Vag
Back insert. Vag
Back insert. Vag
Back insert. Vag
Back insert. Vag
Back insert. Vag
Back insert. Vag
Back insert. Vag
Back insert. Vag
Back insert. Vag
Back insert. Vag
Back insert. Vag
Back insert. Vag
Back insert. Vag
Back insert. Vag
Back insert. Vag
Back insert. Vag
Back insert. Vag
Back insert. Vag
Back insert. Vag
Back insert. Vag
Back insert. Vag
Back insert. Vag
Back insert. Vag
Back insert. Vag
Back insert. Vag
Back insert. Vag
Back insert. Vag
Back insert. Vag
Back insert. Vag
Back insert. Vag
Back insert. Vag
Back insert. Vag
Back insert. Vag
Back insert. Vag
Back insert. Vag
Back insert. Vag
Back insert. Vag
Back insert. Vag
Back insert. Vag
Back insert. Vag
Back insert. Vag
Back insert. Vag
Back insert. Vag
Back insert. Vag
Back insert. Vag
Back insert. Vag
Back insert. Vag
Back insert. Vag
Back insert. Vag
Back insert. Vag
Back insert. Vag
Back insert. Vag
Back insert. Vag
Back insert. Vag
Back insert. Vag
Back insert. Vag
Back insert. Vag
Back insert. Vag
Back insert. Vag
Back insert. Vag
Back insert. Vag
Back insert. Vag
Back insert. Vag
Back insert. Vag
Back insert. Vag
Back insert. Vag
Back insert. Vag
Back insert. Vag
Back insert. Vag
Back insert. Vag
Back insert. Vag
Back insert. Vag
Back insert. Vag
Back insert. Vag
Back insert. Vag
Adding Enemy: NDog to List.
Remove Enemy: NDog from List.
Adding Enemy: NDog to List.
LedgeDetected!     is Wall
***GameManager.Instance.playerAnimation.ClimbPoint.position (4137.48, -294.00, 0.00)
Remove Enemy: NDog from List.
LedgeDetected!     is Pene Up
***GameManager.Instance.playerAnimation.ClimbPoint.position (4144.96, -262.42, 0.00)
Adding Enemy: NDog to List.
Remove Enemy: NDog from List.
Adding Enemy: NDog to List.
Back insert. Vag
Back insert. Vag
Back insert. Vag
Back insert. Vag
Back insert. Vag
Back insert. Vag
Back insert. Vag
Back insert. Vag
Back insert. Vag
Remove Enemy: NDog from List.
Back insert. Vag
Back insert. Vag
Back insert. Vag
Back insert. Vag
Back insert. Vag
Back insert. Vag
Back insert. Vag
Back insert. Vag
Back insert. Vag
Back insert. Vag
Back insert. Vag
Back insert. Vag
Back insert. Vag
Back insert. Vag
Back insert. Vag
Back insert. Vag
Back insert. Vag
Back insert. Vag
Back insert. Vag
Back insert. Vag
Back insert. Vag
Back insert. Vag
Back insert. Vag
Back insert. Vag
Back insert. Vag
Back insert. Vag
Back insert. Vag
Back insert. Vag
Back insert. Vag
Back insert. Vag
Back insert. Vag
Back insert. Vag
Back insert. Vag
Back insert. Vag
Back insert. Vag
Back insert. Vag
Back insert. Vag
Back insert. Vag
Back insert. Vag
Back insert. Vag
Back insert. Vag
Back insert. Vag
Back insert. Vag
Back insert. Vag
Back insert. Vag
Back insert. Vag
Back insert. Vag
Back insert. Vag
Back insert. Vag
Back insert. Vag
Back insert. Vag
Back insert. Vag
Back insert. Vag
Back insert. Vag
Back insert. Vag
Back insert. Vag
Back insert. Vag
Back insert. Vag
Back insert. Vag
Back insert. Vag
Back insert. Vag
Back insert. Vag
Back insert. Vag
Back insert. Vag
Back insert. Vag
Back insert. Vag
Back insert. Vag
Back insert. Vag
Back insert. Vag
Back insert. Vag
Back insert. Vag
Back insert. Vag
Back insert. Vag
Back insert. Vag
Back insert. Vag
Back insert. Vag
Back insert. Vag
Back insert. Vag
Back insert. Vag
Back insert. Vag
Back insert. Vag
Back insert. Vag
Back insert. Vag
Back insert. Vag
Back insert. Vag
Back insert. Vag
Back insert. Vag
Back insert. Vag
Back insert. Vag
Back insert. Vag
Back insert. Vag
Back insert. Vag
Back insert. Vag
Back insert. Vag
Back insert. Vag
Back insert. Vag
Back insert. Vag
Back insert. Vag
Back insert. Vag
Back insert. Vag
Back insert. Vag
Back insert. Vag
Back insert. Vag
Back insert. Vag
Back insert. Vag
Back insert. Vag
Back insert. Vag
Back insert. Vag
Back insert. Vag
Back insert. Vag
Back insert. Vag
Back insert. Vag
Back insert. Vag
Back insert. Vag
Back insert. Vag
Back insert. Vag
Back insert. Vag
Back insert. Vag
Back insert. Vag
Back insert. Vag
Back insert. Vag
Back insert. Vag
Back insert. Vag
Back insert. Vag
Back insert. Vag
Back insert. Vag
Back insert. Vag
Back insert. Vag
Back insert. Vag
Back insert. Vag
Back insert. Vag
Back insert. Vag
Back insert. Vag
Back insert. Vag
Back insert. Vag
Back insert. Vag
Back insert. Vag
Back insert. Vag
Back insert. Vag
Back insert. Vag
Back insert. Vag
Back insert. Vag
Back insert. Vag
Back insert. Vag
Back insert. Vag
Back insert. Vag
Back insert. Vag
Back insert. Vag
Back insert. Vag
Back insert. Vag
Back insert. Vag
Back insert. Vag
Back insert. Vag
Back insert. Vag
Back insert. Vag
Back insert. Vag
Back insert. Vag
Back insert. Vag
Back insert. Vag
Back insert. Vag
Back insert. Vag
Back insert. Vag
Back insert. Vag
Back insert. Vag
Back insert. Vag
Back insert. Vag
Back insert. Vag
Back insert. Vag
Back insert. Vag
Back insert. Vag
Back insert. Vag
Back insert. Vag
Back insert. Vag
Back insert. Vag
Back insert. Vag
Back insert. Vag
Back insert. Vag
Back insert. Vag
Back insert. Vag
Back insert. Vag
Back insert. Vag
Back insert. Vag
Back insert. Vag
Back insert. Vag
Back insert. Vag
Back insert. Vag
Back insert. Vag
Back insert. Vag
Back insert. Vag
Back insert. Vag
Back insert. Vag
Back insert. Vag
LedgeDetected!     is Pene Up
Back insert. Vag
Back insert. Vag
Back insert. Vag
Back insert. Vag
***GameManager.Instance.playerAnimation.ClimbPoint.position (4155.34, -262.97, 0.00)
Back insert. Vag
Back insert. Vag
Back insert. Vag
Back insert. Vag
Back insert. Vag
Back insert. Vag
Back insert. Vag
Back insert. Vag
Back insert. Vag
Back insert. Vag
Back insert. Vag
Back insert. Vag
Back insert. Vag
Back insert. Vag
Back insert. Vag
Back insert. Vag
Back insert. Vag
Back insert. Vag
Back insert. Vag
Back insert. Vag
Back insert. Vag
Back insert. Vag
Back insert. Vag
Back insert. Vag
Back insert. Vag
Back insert. Vag
Back insert. Vag
Back insert. Vag
Back insert. Vag
Back insert. Vag
Adding Enemy: PenisWorm0 to List.
ParasiteCondition.
Tag is PenisWorm0
AddingParaToBoobB PenisWorm0
Remove this parasited Enemy from List.
Adding Enemy: PenisWorm0 to List.
ParasiteCondition.
Tag is PenisWorm0
AddingParaToBoobF PenisWorm0
沒有可用的 SE AudioSource 供播放。
Remove this parasited Enemy from List.
Adding Enemy: PenisWorm1 to List.
ParasiteCondition.
Tag is PenisWorm1
PenisWorm1 para. random failed.
Remove Enemy: PenisWorm1 from List.
Adding Enemy: PenisWorm1 to List.
ParasiteCondition.
Tag is PenisWorm1
AddingParaToVaginal PenisWorm1
Remove this parasited Enemy from List.
Remove Orgasm speed 0.02
Remove BreastEngorgement speed -0.005
Remove Orgasm speed 0.02
Remove BreastEngorgement speed -0.005
Remove Orgasm speed 0.03
Adding Enemy: PenisWorm0 to List.
Adding Enemy: PenisWorm0 to List.
Adding Enemy: PenisWorm1 to List.
Remove Enemy: PenisWorm0 from List.
Adding Enemy: PenisWorm0 to List.
Remove this dead Enemy from List.
Drop Sands :30
Remove this dead Enemy from List.
Drop Sands :30
Remove this dead Enemy from List.
Drop Sands :60
IE_FadeOut START
The referenced script (SetChains) on this Behaviour is missing!
The referenced script on this Behaviour (Game Object 'ChainJoint') is missing!
Unloading 18 Unused Serialized files (Serialized files now loaded: 0)
***T0306_EndLOnDisable
***T0306_EndROnDisable
***T0306_DoorUOnDisable
***T0306_DoorDOnDisable
***T0306_EndRTOnDisable
***T0306_EndDOnDisable
***Lantern_0306_RinniaRoadOnDisable
***LockSideOnDisable
***OpenSideOnDisable
***MovingRope_TriggeAtStartOnDisable
***MovingRope_TriggeAtEndOnDisable
***MovingRope_TriggeAtStartOnDisable
***MovingRope_TriggeAtEndOnDisable
***ObtainItem_BCPillOnDisable
***PoorMemo (1)OnDisable
[PhysX] Initialized MultithreadedTaskDispatcher with 12 workers.
UnloadTime: 2.193300 ms
PCHCheck is True
Immortal Loss Beta 0.58.0, GameVersion is : Beta0.58.0, PCH is True.
startLoadJsonTime = 3991.563
endLoadJsoneTime = 3991.699
Loading Duation is = 0.1362305
***T0308_DoorTOnEnable
***T0308_EndRTOnEnable
***T0308_EndUOnEnable
***T0308_DoorPOnEnable
***TriggerOnEnable
***NPC_InjuredNPCOnEnable
***TreasureChest_NippleRingCharm_BellsOnEnable
***NormalSwitch_EndOnEnable
***NormalSwitch_StartOnEnable
***ObtainItem_GirlMemoFragmentOnEnable
GameManager Initialization Completed.
***NPC_InjuredNPCOnDisable
T0308_EndU
T0308_EndU (TransitionSetting)
Transfer to T0308_EndU , location is: (3902.80, -386.40, 0.00)
Unloading 10091 unused Assets to reduce memory usage. Loaded Objects now: 50036.
Total: 39.923900 ms (FindLiveObjects: 2.838100 ms CreateObjectMapping: 1.639300 ms MarkObjects: 28.375600 ms  DeleteObjects: 7.070400 ms)

***IsRestraintArms False
Projectile hits wall and destroy.
Projectile hits wall and destroy.
ParasiteCondition.
Tag is VoretoadS
AddingParaToBoobB VoretoadS
Adding Enemy: PenisWorm1 to List.
Remove Enemy: PenisWorm1 from List.
Adding Enemy: Tentacle to List.
Chase
PullATK
Remove Enemy: Tentacle from List.
ATKBox 1
ATKBox 0
IE_FadeOut START
The referenced script (SetChains) on this Behaviour is missing!
The referenced script on this Behaviour (Game Object 'ChainJoint') is missing!
Unloading 16 Unused Serialized files (Serialized files now loaded: 0)
***NormalSwitch_StartOnDisable
***NormalSwitch_EndOnDisable
***ObtainItem_GirlMemoFragmentOnDisable
***TreasureChest_NippleRingCharm_BellsOnDisable
***TriggerOnDisable
***T0308_EndUOnDisable
***T0308_EndRTOnDisable
***T0308_DoorPOnDisable
***T0308_DoorTOnDisable
[PhysX] Initialized MultithreadedTaskDispatcher with 12 workers.
UnloadTime: 2.001200 ms
PCHCheck is True
Immortal Loss Beta 0.58.0, GameVersion is : Beta0.58.0, PCH is True.
startLoadJsonTime = 4011.519
endLoadJsoneTime = 4011.662
Loading Duation is = 0.1430664
***T0309_DoorPOnEnable
***Relic_MIMICOCKOnEnable
GameManager Initialization Completed.
T0309_DoorP
T0309_DoorP (TransitionSetting)
Transfer to T0309_DoorP , location is: (3938.20, -498.15, 0.00)
Unloading 123 unused Assets to reduce memory usage. Loaded Objects now: 49991.
Total: 38.084300 ms (FindLiveObjects: 2.260900 ms CreateObjectMapping: 1.811200 ms MarkObjects: 33.817100 ms  DeleteObjects: 0.194800 ms)

***IsRestraintArms False
***Relic_MIMICOCKOnDisable
IE_FadeOut START
The referenced script (SetChains) on this Behaviour is missing!
The referenced script on this Behaviour (Game Object 'ChainJoint') is missing!
Unloading 18 Unused Serialized files (Serialized files now loaded: 0)
***T0309_DoorPOnDisable
[PhysX] Initialized MultithreadedTaskDispatcher with 12 workers.
UnloadTime: 2.043900 ms
PCHCheck is True
Immortal Loss Beta 0.58.0, GameVersion is : Beta0.58.0, PCH is True.
startLoadJsonTime = 4017.806
endLoadJsoneTime = 4017.947
Loading Duation is = 0.1411133
***T0308_DoorTOnEnable
***T0308_EndRTOnEnable
***T0308_EndUOnEnable
***T0308_DoorPOnEnable
***TriggerOnEnable
***NPC_InjuredNPCOnEnable
***TreasureChest_NippleRingCharm_BellsOnEnable
***NormalSwitch_EndOnEnable
***NormalSwitch_StartOnEnable
***ObtainItem_GirlMemoFragmentOnEnable
GameManager Initialization Completed.
***NPC_InjuredNPCOnDisable
T0308_DoorP
T0308_DoorP (TransitionSetting)
Transfer to T0308_DoorP , location is: (3938.20, -498.15, 0.00)
Unloading 34 unused Assets to reduce memory usage. Loaded Objects now: 50049.
Total: 34.122300 ms (FindLiveObjects: 2.668500 ms CreateObjectMapping: 1.391900 ms MarkObjects: 29.952900 ms  DeleteObjects: 0.108600 ms)

***IsRestraintArms False
default
Remove Orgasm speed 0.02
Remove BreastEngorgement speed -0.005
Drop Sands :32
AddingParaToVaginal Mimicock
CanExecuteCancel True
CanExecuteCancel False
CanExecuteCancel True
CloseMenu
UnControl_TentacleWall
Destroy(this.gameObject);
Deb org
Eff org
CumEffect Cum_Mimicock
CumEffect_Mimicock
RollEyeOrgasm
Spine Event : EndTentacleWall
Destroy(this.gameObject);
***TriggerOnDisable
***ObtainItem_GirlMemoFragmentOnDisable
IE_FadeOut START
Unloading 7 Unused Serialized files (Serialized files now loaded: 0)
***T0308_EndUOnDisable
***T0308_EndRTOnDisable
***T0308_DoorPOnDisable
***T0308_DoorTOnDisable
***NormalSwitch_StartOnDisable
***NormalSwitch_EndOnDisable
***TreasureChest_NippleRingCharm_BellsOnDisable
[PhysX] Initialized MultithreadedTaskDispatcher with 12 workers.
UnloadTime: 2.180200 ms
PCHCheck is True
Immortal Loss Beta 0.58.0, GameVersion is : Beta0.58.0, PCH is True.
startLoadJsonTime = 4057.744
endLoadJsoneTime = 4057.885
Loading Duation is = 0.1411133
***NPC_Villager_BlueOnEnable
***NPC_Villager_RedOnEnable
***NPC_Villager_GreyOnEnable
***NPC_BanditOnEnable
***T0106_HouseDoor2F_LOnEnable
***T0106_LeftEndOnEnable
***T0106_LeftDoorOnEnable
***T0106_AchHouseOnEnable
***T0106_HouseDoor2F_ROnEnable
***T0106_HouseDoor3F_MidOnEnable
***T0106_HouseDoor1F_LOnEnable
***T0106_RightEndOnEnable
***Lantern_0106_BlackBerryTownOnEnable
***NPC_SapphyraOnEnable
***NPC_Sapphyra_PseudoOnEnable
***NPC_FramboiseOnEnable
***ObtainItem_TearDropOnEnable
***ObtainDiscovery_SapphyraNote2OnEnable
***ObtainDiscovery_Tentacle reportOnEnable
***ObtainDiscovery_WantedLORDOnEnable
***ObtainDiscovery_Flyer1OnEnable
***ObtainDiscovery_NoneNameNote6OnEnable
GameManager Initialization Completed.
***NPC_BanditOnDisable
***NPC_SapphyraOnDisable
Lantern_0106_BlackBerryTown
Lantern_0106_BlackBerryTown (TransitionSetting)
Transfer to Lantern_0106_BlackBerryTown , location is: (2165.40, 173.47, 0.00)
Unloading 4346 unused Assets to reduce memory usage. Loaded Objects now: 83086.
Total: 39.008800 ms (FindLiveObjects: 3.959300 ms CreateObjectMapping: 2.698800 ms MarkObjects: 28.870600 ms  DeleteObjects: 3.479900 ms)

***IsRestraintArms False
***ObtainItem_TearDropOnDisable
***ObtainDiscovery_SapphyraNote2OnDisable
***ObtainDiscovery_Tentacle reportOnDisable
***ObtainDiscovery_WantedLORDOnDisable
***ObtainDiscovery_Flyer1OnDisable
***ObtainDiscovery_NoneNameNote6OnDisable
ℹ️ 傳入的 FirstArriveBlackBerryDale 小於或等於目前的 FirstArriveZinniaStreet，不更新
Open NPC Function
Wait for walking
isInTimeLineDash
Wait for turning
Wait for IE_FadeIn
False
0
Select something.
blackCanvas color black
0
IE_FadeOut START
Unloading 9 Unused Serialized files (Serialized files now loaded: 0)
***T0106_LeftDoorOnDisable
***T0106_HouseDoor1F_LOnDisable
***T0106_HouseDoor2F_LOnDisable
***T0106_HouseDoor2F_ROnDisable
***T0106_HouseDoor3F_MidOnDisable
***T0106_RightEndOnDisable
***T0106_LeftEndOnDisable
***T0106_AchHouseOnDisable
***NPC_Villager_BlueOnDisable
***NPC_Villager_RedOnDisable
***NPC_FramboiseOnDisable
***Lantern_0106_BlackBerryTownOnDisable
***NPC_Sapphyra_PseudoOnDisable
***NPC_Villager_GreyOnDisable
[PhysX] Initialized MultithreadedTaskDispatcher with 12 workers.
UnloadTime: 1.239000 ms
PCHCheck is True
Immortal Loss Beta 0.58.0, GameVersion is : Beta0.58.0, PCH is True.
startLoadJsonTime = 4078.654
endLoadJsoneTime = 4078.789
Loading Duation is = 0.1347656
***NPC_Villager_FOnEnable
***T0107_HouseDoor2F_ROnEnable
***T0107_HouseDoor1F_LOnEnable
***T0107_HouseDoor3F_MidOnEnable
***T0107_HouseDoor2F_LOnEnable
***NPC_ProtyaOnEnable
***BedOnEnable
***ObtainDiscovery_MerchantsNoteOnEnable
***ObtainDiscovery_WantedNoteOnEnable
***ObtainDiscovery_NoneNameNote4OnEnable
GameManager Initialization Completed.
T0107_HouseDoor1F_L
T0107_HouseDoor1F_L (TransitionSetting)
Transfer to T0107_HouseDoor1F_L , location is: (2340.00, 216.40, 0.00)
Unloading 37543 unused Assets to reduce memory usage. Loaded Objects now: 52145.
Total: 62.346200 ms (FindLiveObjects: 4.280100 ms CreateObjectMapping: 2.938800 ms MarkObjects: 28.515600 ms  DeleteObjects: 26.611500 ms)

***IsRestraintArms False
***ObtainDiscovery_MerchantsNoteOnDisable
***ObtainDiscovery_WantedNoteOnDisable
***ObtainDiscovery_NoneNameNote4OnDisable
Open NPC Function
Wait for walking
isInTimeLineDash
Wait for turning
Wait for IE_FadeIn
NormalSound 0
CreateEffect 0
NormalSound 0
CreateEffect 0
LedgeDetected!     is Pene Up
***GameManager.Instance.playerAnimation.ClimbPoint.position (2424.24, 221.37, 0.00)
LedgeDetected!     is Wall
***GameManager.Instance.playerAnimation.ClimbPoint.position (2471.91, 260.59, 0.00)
Deb org
Eff org
CumEffect Cum_Mimicock
CumEffect_Mimicock
RollEyeOrgasm
NormalSound 0
CreateEffect 0
NormalSound 0
CreateEffect 0
SwitchState.ChooseProtya
IE_FadeOut START
Set obj：MimicockCGNPC(Protya)toTrue
*** IEFadetoChangeBGM toBGM_H02
BGMAuidoSource.volume 0.1
沒有可用的 SE AudioSource 供播放。
沒有可用的 SE AudioSource 供播放。
StartScreenBlink time: 0.5 Color: RGBA(1.000, 1.000, 1.000, 1.000)
沒有可用的 SE AudioSource 供播放。
沒有可用的 SE AudioSource 供播放。
沒有可用的 SE AudioSource 供播放。
沒有可用的 SE AudioSource 供播放。
StartScreenBlink time: 0.5 Color: RGBA(1.000, 1.000, 1.000, 1.000)
沒有可用的 SE AudioSource 供播放。
StartScreenBlink time: 0.5 Color: RGBA(1.000, 1.000, 1.000, 1.000)
沒有可用的 SE AudioSource 供播放。
沒有可用的 SE AudioSource 供播放。
沒有可用的 SE AudioSource 供播放。
沒有可用的 SE AudioSource 供播放。
沒有可用的 SE AudioSource 供播放。
沒有可用的 SE AudioSource 供播放。
沒有可用的 SE AudioSource 供播放。
沒有可用的 SE AudioSource 供播放。
沒有可用的 SE AudioSource 供播放。
StartScreenBlink time: 0.5 Color: RGBA(1.000, 1.000, 1.000, 1.000)
StartScreenBlink time: 0.5 Color: RGBA(1.000, 1.000, 1.000, 1.000)
StartScreenBlink time: 0.5 Color: RGBA(1.000, 1.000, 1.000, 1.000)
IE_FadeOut START
IE_FadeOut START
*** IEFadetoChangeBGM toBGM_LostCastle
BGMAuidoSource.volume 0.1
Remove Orgasm speed 0.03
Remove Orgasm speed 0.03
IE_FadeOut START
Set obj：MimicockCGNPC(Protya)toFalse
*** IEFadetoChangeBGM toBGM_Dream
BGMAuidoSource.volume 0.1
clear black
IE_FadeOut START
***PlayerSkeletonRendererObj (0.30, 0.81, 0.00)
*** IEFadetoChangeBGM toBGM_LostCastle
BGMAuidoSource.volume 0.1
0
CanExecuteCancel True
CanExecuteCancel False
CanExecuteCancel False
CanExecuteCancel True
NormalSound 0
CreateEffect 0
NormalSound 0
CreateEffect 0
IE_FadeOut START
Unloading 7 Unused Serialized files (Serialized files now loaded: 0)
***NPC_ProtyaOnDisable
***NPC_Villager_FOnDisable
***BedOnDisable
***T0107_HouseDoor1F_LOnDisable
***T0107_HouseDoor2F_LOnDisable
***T0107_HouseDoor2F_ROnDisable
***T0107_HouseDoor3F_MidOnDisable
[PhysX] Initialized MultithreadedTaskDispatcher with 12 workers.
UnloadTime: 0.988000 ms
PCHCheck is True
Immortal Loss Beta 0.58.0, GameVersion is : Beta0.58.0, PCH is True.
startLoadJsonTime = 4160.559
endLoadJsoneTime = 4160.704
Loading Duation is = 0.1445313
***NPC_Villager_BlueOnEnable
***NPC_Villager_RedOnEnable
***NPC_Villager_GreyOnEnable
***NPC_BanditOnEnable
***T0106_HouseDoor2F_LOnEnable
***T0106_LeftEndOnEnable
***T0106_LeftDoorOnEnable
***T0106_AchHouseOnEnable
***T0106_HouseDoor2F_ROnEnable
***T0106_HouseDoor3F_MidOnEnable
***T0106_HouseDoor1F_LOnEnable
***T0106_RightEndOnEnable
***Lantern_0106_BlackBerryTownOnEnable
***NPC_SapphyraOnEnable
***NPC_Sapphyra_PseudoOnEnable
***NPC_FramboiseOnEnable
***ObtainItem_TearDropOnEnable
***ObtainDiscovery_SapphyraNote2OnEnable
***ObtainDiscovery_Tentacle reportOnEnable
***ObtainDiscovery_WantedLORDOnEnable
***ObtainDiscovery_Flyer1OnEnable
***ObtainDiscovery_NoneNameNote6OnEnable
GameManager Initialization Completed.
***NPC_BanditOnDisable
***NPC_SapphyraOnDisable
T0106_HouseDoor1F_L
T0106_HouseDoor1F_L (TransitionSetting)
Transfer to T0106_HouseDoor1F_L , location is: (2340.00, 216.40, 0.00)
Unloading 7302 unused Assets to reduce memory usage. Loaded Objects now: 83052.
Total: 57.043800 ms (FindLiveObjects: 4.221500 ms CreateObjectMapping: 3.171600 ms MarkObjects: 43.729300 ms  DeleteObjects: 5.921200 ms)

***IsRestraintArms False
***ObtainItem_TearDropOnDisable
***ObtainDiscovery_SapphyraNote2OnDisable
***ObtainDiscovery_Tentacle reportOnDisable
***ObtainDiscovery_WantedLORDOnDisable
***ObtainDiscovery_Flyer1OnDisable
***ObtainDiscovery_NoneNameNote6OnDisable
ℹ️ 傳入的 FirstArriveBlackBerryDale 小於或等於目前的 FirstArriveZinniaStreet，不更新
Open NPC Function
Wait for walking
isInTimeLineStandBy
Have Open this lantern.
Wait for walking
isInTimeLineWalk
Wait for turning
isInTimeLineStandBy
Wait for IE_FadeIn
IE_FadeOut START
Player Refresh
Player UI Refresh
PromtText
Item Refresh
Item UI Refresh
Enemy Refresh
IE_FadeOut START
Unloading 15 Unused Serialized files (Serialized files now loaded: 0)
***NPC_Villager_BlueOnDisable
***T0106_LeftDoorOnDisable
***T0106_HouseDoor1F_LOnDisable
***T0106_HouseDoor2F_LOnDisable
***T0106_HouseDoor2F_ROnDisable
***T0106_HouseDoor3F_MidOnDisable
***T0106_RightEndOnDisable
***T0106_LeftEndOnDisable
***T0106_AchHouseOnDisable
***NPC_Villager_GreyOnDisable
***Lantern_0106_BlackBerryTownOnDisable
***NPC_Sapphyra_PseudoOnDisable
***NPC_FramboiseOnDisable
***NPC_Villager_RedOnDisable
[PhysX] Initialized MultithreadedTaskDispatcher with 12 workers.
UnloadTime: 1.139000 ms
PCHCheck is True
Immortal Loss Beta 0.58.0, GameVersion is : Beta0.58.0, PCH is True.
startLoadJsonTime = 4182.932
endLoadJsoneTime = 4183.073
Loading Duation is = 0.140625
***T0407_EndLOnEnable
***T0407_EndROnEnable
***LanternObject_S0407OnEnable
***TriggerEventOnEnable
GameManager Initialization Completed.
Lantern_0407_NightshadeCaves
LanternObject_S0407 (TransitionSetting)
Transfer to LanternObject_S0407 , location is: (5808.94, -317.08, 0.00)
Unloading 37994 unused Assets to reduce memory usage. Loaded Objects now: 47963.
Total: 65.124400 ms (FindLiveObjects: 4.184600 ms CreateObjectMapping: 3.141300 ms MarkObjects: 30.649300 ms  DeleteObjects: 27.148900 ms)

***IsRestraintArms False
***TriggerEventOnDisable
IE_FadeOut START
Unloading 15 Unused Serialized files (Serialized files now loaded: 0)
***T0407_EndROnDisable
***T0407_EndLOnDisable
***LanternObject_S0407OnDisable
[PhysX] Initialized MultithreadedTaskDispatcher with 12 workers.
UnloadTime: 0.757600 ms
PCHCheck is True
Immortal Loss Beta 0.58.0, GameVersion is : Beta0.58.0, PCH is True.
startLoadJsonTime = 4187.067
endLoadJsoneTime = 4187.206
Loading Duation is = 0.1391602
***T0403_EndROnEnable
***T0403_DoorOnEnable
***T0403_EndLOnEnable
***T0403_EndDOnEnable
***Item (2)OnEnable
***ItemOnEnable
***Item (1)OnEnable
GameManager Initialization Completed.
T0403_EndR
T0403_EndR (TransitionSetting)
Transfer to T0403_EndR , location is: (5735.33, -327.76, 0.00)
Unloading 2844 unused Assets to reduce memory usage. Loaded Objects now: 52810.
Total: 34.847300 ms (FindLiveObjects: 2.705100 ms CreateObjectMapping: 1.505300 ms MarkObjects: 28.446600 ms  DeleteObjects: 2.190100 ms)

***IsRestraintArms False
***Item (2)OnDisable
***ItemOnDisable
IE_FadeOut START
Unloading 21 Unused Serialized files (Serialized files now loaded: 0)
***Item (1)OnDisable
***T0403_EndLOnDisable
***T0403_EndDOnDisable
***T0403_EndROnDisable
***T0403_DoorOnDisable
[PhysX] Initialized MultithreadedTaskDispatcher with 12 workers.
UnloadTime: 1.095600 ms
PCHCheck is True
Immortal Loss Beta 0.58.0, GameVersion is : Beta0.58.0, PCH is True.
startLoadJsonTime = 4194.786
endLoadJsoneTime = 4194.927
Loading Duation is = 0.1411133
***T0404_DoorOnEnable
***T0404_EndUOnEnable
***T0404_EndLUOnEnable
***T0404_EndLDOnEnable
***NPC_InjuredNPCOnEnable
***TreasureChest_SleepyGasOnEnable
***ItemOnEnable
***Item (1)OnEnable
GameManager Initialization Completed.
***NPC_InjuredNPCOnDisable
T0404_EndU
T0404_EndU (TransitionSetting)
Transfer to T0404_EndU , location is: (5543.70, -438.30, 0.00)
Unloading 555 unused Assets to reduce memory usage. Loaded Objects now: 54596.
Total: 33.195200 ms (FindLiveObjects: 2.941500 ms CreateObjectMapping: 1.658900 ms MarkObjects: 28.007400 ms  DeleteObjects: 0.587100 ms)

***IsRestraintArms False
***ItemOnDisable
LedgeDetected!     is Wall
***GameManager.Instance.playerAnimation.ClimbPoint.position (5418.29, -531.51, 0.00)
IE_FadeOut START
Unloading 15 Unused Serialized files (Serialized files now loaded: 0)
***TreasureChest_SleepyGasOnDisable
***T0404_EndUOnDisable
***T0404_EndLUOnDisable
***T0404_EndLDOnDisable
***T0404_DoorOnDisable
***Item (1)OnDisable
[PhysX] Initialized MultithreadedTaskDispatcher with 12 workers.
UnloadTime: 1.618100 ms
PCHCheck is True
Immortal Loss Beta 0.58.0, GameVersion is : Beta0.58.0, PCH is True.
startLoadJsonTime = 4205.545
endLoadJsoneTime = 4205.682
Loading Duation is = 0.1367188
***T0405_EndRUOnEnable
***T0405_EndRDOnEnable
GameManager Initialization Completed.
T0405_EndRU
T0405_EndRU (TransitionSetting)
Transfer to T0405_EndRU , location is: (5377.00, -532.10, 0.00)
Unloading 2780 unused Assets to reduce memory usage. Loaded Objects now: 51406.
Total: 35.534400 ms (FindLiveObjects: 3.017100 ms CreateObjectMapping: 1.736400 ms MarkObjects: 28.549700 ms  DeleteObjects: 2.231000 ms)

***IsRestraintArms False
Adding Enemy: Lustbloom to List.
Remove Enemy: Lustbloom from List.
Adding Enemy: Lustbloom to List.
Remove Enemy: Lustbloom from List.
Adding Enemy: Lustbloom to List.
Adding Enemy: Lustbloom to List.
Remove Enemy: Lustbloom from List.
Remove Enemy: Lustbloom from List.
Adding Enemy: Lustbloom to List.
Adding Enemy: Lustbloom to List.
Adding Enemy: Lustbloom to List.
Remove Enemy: Lustbloom from List.
Remove Enemy: Lustbloom from List.
Remove Enemy: Lustbloom from List.
IE_FadeOut START
Unloading 21 Unused Serialized files (Serialized files now loaded: 0)
***T0405_EndRUOnDisable
***T0405_EndRDOnDisable
[PhysX] Initialized MultithreadedTaskDispatcher with 12 workers.
UnloadTime: 1.064800 ms
PCHCheck is True
Immortal Loss Beta 0.58.0, GameVersion is : Beta0.58.0, PCH is True.
startLoadJsonTime = 4211.625
endLoadJsoneTime = 4211.766
Loading Duation is = 0.1401367
***T0404_DoorOnEnable
***T0404_EndUOnEnable
***T0404_EndLUOnEnable
***T0404_EndLDOnEnable
***NPC_InjuredNPCOnEnable
***TreasureChest_SleepyGasOnEnable
***ItemOnEnable
***Item (1)OnEnable
GameManager Initialization Completed.
***NPC_InjuredNPCOnDisable
T0404_EndLD
T0404_EndLD (TransitionSetting)
Transfer to T0404_EndLD , location is: (5379.31, -590.10, 0.00)
Unloading 109 unused Assets to reduce memory usage. Loaded Objects now: 54623.
Total: 34.517100 ms (FindLiveObjects: 2.770300 ms CreateObjectMapping: 1.455600 ms MarkObjects: 30.116500 ms  DeleteObjects: 0.174300 ms)

***IsRestraintArms False
***ItemOnDisable
***Item (1)OnDisable
IE_FadeOut START
TornAllCloth
Player Start StruggleLyingIE
StartScreenBlink time: 0.5 Color: RGBA(1.000, 1.000, 1.000, 1.000)
StartScreenBlink time: 0.5 Color: RGBA(1.000, 1.000, 1.000, 1.000)
StartScreenBlink time: 0.5 Color: RGBA(1.000, 1.000, 1.000, 1.000)
CloseMenu
IE_FadeOut START
Unloading 7 Unused Serialized files (Serialized files now loaded: 0)
***TreasureChest_SleepyGasOnDisable
***T0404_EndUOnDisable
***T0404_EndLUOnDisable
***T0404_EndLDOnDisable
***T0404_DoorOnDisable
[PhysX] Initialized MultithreadedTaskDispatcher with 12 workers.
UnloadTime: 1.568500 ms
PCHCheck is True
Immortal Loss Beta 0.58.0, GameVersion is : Beta0.58.0, PCH is True.
startLoadJsonTime = 4258.057
endLoadJsoneTime = 4258.197
Loading Duation is = 0.140625
***NPC_Villager_BlueOnEnable
***NPC_Villager_RedOnEnable
***NPC_Villager_GreyOnEnable
***NPC_BanditOnEnable
***T0106_HouseDoor2F_LOnEnable
***T0106_LeftEndOnEnable
***T0106_LeftDoorOnEnable
***T0106_AchHouseOnEnable
***T0106_HouseDoor2F_ROnEnable
***T0106_HouseDoor3F_MidOnEnable
***T0106_HouseDoor1F_LOnEnable
***T0106_RightEndOnEnable
***Lantern_0106_BlackBerryTownOnEnable
***NPC_SapphyraOnEnable
***NPC_Sapphyra_PseudoOnEnable
***NPC_FramboiseOnEnable
***ObtainItem_TearDropOnEnable
***ObtainDiscovery_SapphyraNote2OnEnable
***ObtainDiscovery_Tentacle reportOnEnable
***ObtainDiscovery_WantedLORDOnEnable
***ObtainDiscovery_Flyer1OnEnable
***ObtainDiscovery_NoneNameNote6OnEnable
GameManager Initialization Completed.
***NPC_BanditOnDisable
***NPC_SapphyraOnDisable
Lantern_0106_BlackBerryTown
Lantern_0106_BlackBerryTown (TransitionSetting)
Transfer to Lantern_0106_BlackBerryTown , location is: (2165.40, 173.47, 0.00)
Unloading 9572 unused Assets to reduce memory usage. Loaded Objects now: 83166.
Total: 43.040900 ms (FindLiveObjects: 4.352600 ms CreateObjectMapping: 3.313200 ms MarkObjects: 28.307300 ms  DeleteObjects: 7.067200 ms)

***IsRestraintArms False
***ObtainItem_TearDropOnDisable
***ObtainDiscovery_SapphyraNote2OnDisable
***ObtainDiscovery_Tentacle reportOnDisable
***ObtainDiscovery_WantedLORDOnDisable
***ObtainDiscovery_Flyer1OnDisable
***ObtainDiscovery_NoneNameNote6OnDisable
ℹ️ 傳入的 FirstArriveBlackBerryDale 小於或等於目前的 FirstArriveZinniaStreet，不更新
Open NPC Function
Wait for walking
isInTimeLineStandBy
Have Open this lantern.
Wait for walking
Wait for turning
isInTimeLineStandBy
Wait for IE_FadeIn
Equip Bells
Equip RhombusCrystal
CanExecuteCancel True
CanExecuteCancel False
CanExecuteCancel True
CanExecuteCancel False
0
CanExecuteCancel True
CanExecuteCancel False
CanExecuteCancel False
CanExecuteCancel True
LedgeDetected!     is Pene Up
***GameManager.Instance.playerAnimation.ClimbPoint.position (2290.17, 234.47, 0.00)
IE_FadeOut START
Unloading 9 Unused Serialized files (Serialized files now loaded: 0)
***NPC_Villager_GreyOnDisable
***NPC_Villager_RedOnDisable
***NPC_Sapphyra_PseudoOnDisable
***NPC_Villager_BlueOnDisable
***T0106_LeftDoorOnDisable
***T0106_HouseDoor1F_LOnDisable
***T0106_HouseDoor2F_LOnDisable
***T0106_HouseDoor2F_ROnDisable
***T0106_HouseDoor3F_MidOnDisable
***T0106_RightEndOnDisable
***T0106_LeftEndOnDisable
***T0106_AchHouseOnDisable
***Lantern_0106_BlackBerryTownOnDisable
***NPC_FramboiseOnDisable
[PhysX] Initialized MultithreadedTaskDispatcher with 12 workers.
UnloadTime: 1.266600 ms
PCHCheck is True
Immortal Loss Beta 0.58.0, GameVersion is : Beta0.58.0, PCH is True.
startLoadJsonTime = 4293.973
endLoadJsoneTime = 4294.112
Loading Duation is = 0.1386719
***T0108_ExitDoorOnEnable
***NPC_BaneberisOnEnable
***LockDoorTempOnEnable
GameManager Initialization Completed.
T0108_ExitDoor
T0108_ExitDoor (TransitionSetting)
Transfer to T0108_ExitDoor , location is: (2297.00, 239.00, 0.00)
Unloading 37566 unused Assets to reduce memory usage. Loaded Objects now: 49557.
Total: 62.579500 ms (FindLiveObjects: 4.908100 ms CreateObjectMapping: 2.964100 ms MarkObjects: 28.273900 ms  DeleteObjects: 26.433200 ms)

***IsRestraintArms False
KeyNotFoundException: The given key 'Orgasm' was not present in the dictionary.
  at System.Collections.Generic.Dictionary`2[TKey,TValue].get_Item (TKey key) [0x0001e] in <1071a2cb0cb3433aae80a793c277a048>:0 
  at PlayerController.AnalHookVibrate () [0x00099] in <77e9a7e179ee49598df18058f5b91904>:0 
  at PlayerController.OnDash (UnityEngine.InputSystem.InputAction+CallbackContext context) [0x00140] in <77e9a7e179ee49598df18058f5b91904>:0 
  at UnityEngine.Events.InvokableCall`1[T1].Invoke (T1 args0) [0x00010] in <c39a522eee05469b8171a6cfeb646c59>:0 
  at UnityEngine.Events.UnityEvent`1[T0].Invoke (T0 arg0) [0x00025] in <c39a522eee05469b8171a6cfeb646c59>:0 
  at UnityEngine.InputSystem.Utilities.DelegateHelpers.InvokeCallbacksSafe[TValue] (UnityEngine.InputSystem.Utilities.CallbackArray`1[System.Action`1[TValue]]& callbacks, TValue argument, System.String callbackName, System.Object context) [0x0001b] in <f32d0bdc91d04944a6ab314bd9aec37d>:0 
UnityEngine.DebugLogHandler:Internal_LogException(Exception, Object)
UnityEngine.DebugLogHandler:LogException(Exception, Object)
UnityEngine.Logger:LogException(Exception, Object)
UnityEngine.Debug:LogException(Exception)
UnityEngine.InputSystem.Utilities.DelegateHelpers:InvokeCallbacksSafe(CallbackArray`1&, CallbackContext, String, Object)
UnityEngine.InputSystem.InputActionState:CallActionListeners(Int32, InputActionMap, InputActionPhase, CallbackArray`1&, String)
UnityEngine.InputSystem.InputActionState:ChangePhaseOfActionInternal(Int32, TriggerState*, InputActionPhase, TriggerState&, Boolean)
UnityEngine.InputSystem.InputActionState:ChangePhaseOfAction(InputActionPhase, TriggerState&, InputActionPhase)
UnityEngine.InputSystem.InputActionState:ProcessDefaultInteraction(TriggerState&, Int32)
UnityEngine.InputSystem.InputActionState:ProcessControlStateChange(Int32, Int32, Int32, Double, InputEventPtr)
UnityEngine.InputSystem.InputActionState:UnityEngine.InputSystem.LowLevel.IInputStateChangeMonitor.NotifyControlStateChanged(InputControl, Double, InputEventPtr, Int64)
UnityEngine.InputSystem.InputManager:FireStateChangeNotifications(Int32, Double, InputEvent*)
UnityEngine.InputSystem.InputManager:UpdateState(InputDevice, InputUpdateType, Void*, UInt32, UInt32, Double, InputEventPtr)
UnityEngine.InputSystem.InputManager:UpdateState(InputDevice, InputEvent*, InputUpdateType)
UnityEngine.InputSystem.InputManager:OnUpdate(InputUpdateType, InputEventBuffer&)
UnityEngine.InputSystem.LowLevel.<>c__DisplayClass7_0:<set_onUpdate>b__0(NativeInputUpdateType, NativeInputEventBuffer*)
UnityEngineInternal.Input.NativeInputSystem:NotifyUpdate(NativeInputUpdateType, IntPtr)

KeyNotFoundException while executing 'started' callbacks of 'PlayerSingleHand/Dash[/Keyboard/shift]'
Open NPC Function
Wait for walking
isInTimeLineDash
Wait for turning
Wait for IE_FadeIn
0
CanExecuteCancel True
CanExecuteCancel False
CanExecuteCancel False
CanExecuteCancel True
LedgeDetected!     is Wall
***GameManager.Instance.playerAnimation.ClimbPoint.position (2293.13, 216.55, 0.00)
IE_FadeOut START
Unloading 7 Unused Serialized files (Serialized files now loaded: 0)
***NPC_BaneberisOnDisable
***T0108_ExitDoorOnDisable
***LockDoorTempOnDisable
[PhysX] Initialized MultithreadedTaskDispatcher with 12 workers.
UnloadTime: 0.735400 ms
PCHCheck is True
Immortal Loss Beta 0.58.0, GameVersion is : Beta0.58.0, PCH is True.
startLoadJsonTime = 4368.299
endLoadJsoneTime = 4368.438
Loading Duation is = 0.1386719
***NPC_Villager_BlueOnEnable
***NPC_Villager_RedOnEnable
***NPC_Villager_GreyOnEnable
***NPC_BanditOnEnable
***T0106_HouseDoor2F_LOnEnable
***T0106_LeftEndOnEnable
***T0106_LeftDoorOnEnable
***T0106_AchHouseOnEnable
***T0106_HouseDoor2F_ROnEnable
***T0106_HouseDoor3F_MidOnEnable
***T0106_HouseDoor1F_LOnEnable
***T0106_RightEndOnEnable
***Lantern_0106_BlackBerryTownOnEnable
***NPC_SapphyraOnEnable
***NPC_Sapphyra_PseudoOnEnable
***NPC_FramboiseOnEnable
***ObtainItem_TearDropOnEnable
***ObtainDiscovery_SapphyraNote2OnEnable
***ObtainDiscovery_Tentacle reportOnEnable
***ObtainDiscovery_WantedLORDOnEnable
***ObtainDiscovery_Flyer1OnEnable
***ObtainDiscovery_NoneNameNote6OnEnable
GameManager Initialization Completed.
***NPC_BanditOnDisable
***NPC_SapphyraOnDisable
T0106_AchHouse
T0106_AchHouse (TransitionSetting)
Transfer to T0106_AchHouse , location is: (2297.00, 243.00, 0.00)
Unloading 4819 unused Assets to reduce memory usage. Loaded Objects now: 83179.
Total: 40.253400 ms (FindLiveObjects: 4.136900 ms CreateObjectMapping: 2.862400 ms MarkObjects: 29.440900 ms  DeleteObjects: 3.812700 ms)

***IsRestraintArms False
***ObtainItem_TearDropOnDisable
***ObtainDiscovery_SapphyraNote2OnDisable
***ObtainDiscovery_Tentacle reportOnDisable
***ObtainDiscovery_WantedLORDOnDisable
***ObtainDiscovery_Flyer1OnDisable
***ObtainDiscovery_NoneNameNote6OnDisable
ℹ️ 傳入的 FirstArriveBlackBerryDale 小於或等於目前的 FirstArriveZinniaStreet，不更新
Open NPC Function
Wait for walking
isInTimeLineStandBy
Have Open this lantern.
Wait for walking
isInTimeLineWalk
Wait for turning
isInTimeLineStandBy
Wait for IE_FadeIn
IE_FadeOut START
Player Refresh
Player UI Refresh
PromtText
Item Refresh
Item UI Refresh
Enemy Refresh
IE_FadeOut START
Unloading 15 Unused Serialized files (Serialized files now loaded: 0)
***Lantern_0106_BlackBerryTownOnDisable
***NPC_Villager_BlueOnDisable
***NPC_Villager_GreyOnDisable
***NPC_FramboiseOnDisable
***NPC_Sapphyra_PseudoOnDisable
***NPC_Villager_RedOnDisable
***T0106_LeftDoorOnDisable
***T0106_HouseDoor1F_LOnDisable
***T0106_HouseDoor2F_LOnDisable
***T0106_HouseDoor2F_ROnDisable
***T0106_HouseDoor3F_MidOnDisable
***T0106_RightEndOnDisable
***T0106_LeftEndOnDisable
***T0106_AchHouseOnDisable
[PhysX] Initialized MultithreadedTaskDispatcher with 12 workers.
UnloadTime: 1.209700 ms
PCHCheck is True
Immortal Loss Beta 0.58.0, GameVersion is : Beta0.58.0, PCH is True.
startLoadJsonTime = 4379.839
endLoadJsoneTime = 4379.981
Loading Duation is = 0.1416016
***T0501_DoorDOnEnable
***T0501_EndROnEnable
***T0501_EndLOnEnable
***Lantern_0501_CampofthePilgrimsofPeaceOnEnable
***ItemOnEnable
GameManager Initialization Completed.
Lantern_0501_CampofthePilgrimsofPeace
Lantern_0501_CampofthePilgrimsofPeace (TransitionSetting)
Transfer to Lantern_0501_CampofthePilgrimsofPeace , location is: (5226.70, 16.70, 0.00)
Unloading 37938 unused Assets to reduce memory usage. Loaded Objects now: 46987.
Total: 62.495400 ms (FindLiveObjects: 4.429500 ms CreateObjectMapping: 3.191000 ms MarkObjects: 28.290100 ms  DeleteObjects: 26.584400 ms)

***IsRestraintArms False
***ItemOnDisable
0
CanExecuteCancel True
CanExecuteCancel False
CanExecuteCancel False
CanExecuteCancel True
Adding Enemy: BanditA to List.
LedgeDetected!     is Wall
***GameManager.Instance.playerAnimation.ClimbPoint.position (5257.56, 40.62, 0.00)
ParasiteCondition.
Tag is NakedATK
Projectile hits Player and destroy.
EnterGetHurt
EnterGetHurt
EnterGetHurt
Remove this dead Enemy from List.
Drop Sands :320
IE_FadeOut START
Unloading 16 Unused Serialized files (Serialized files now loaded: 0)
***Lantern_0501_CampofthePilgrimsofPeaceOnDisable
***T0501_DoorDOnDisable
***T0501_EndLOnDisable
***T0501_EndROnDisable
[PhysX] Initialized MultithreadedTaskDispatcher with 12 workers.
UnloadTime: 1.043600 ms
PCHCheck is True
Immortal Loss Beta 0.58.0, GameVersion is : Beta0.58.0, PCH is True.
startLoadJsonTime = 4404.534
endLoadJsoneTime = 4404.67
Loading Duation is = 0.1367188
***T0502_DoorOnEnable
***T0502_EndRUOnEnable
***T0502_EndLOnEnable
***T0502_EndRDOnEnable
***ItemOnEnable
GameManager Initialization Completed.
T0502_EndL
T0502_EndL (TransitionSetting)
Transfer to T0502_EndL , location is: (5343.40, 40.00, 0.00)
Unloading 1178 unused Assets to reduce memory usage. Loaded Objects now: 56110.
Total: 36.610800 ms (FindLiveObjects: 3.004300 ms CreateObjectMapping: 1.654100 ms MarkObjects: 30.942000 ms  DeleteObjects: 1.010100 ms)

***IsRestraintArms False
CycleTrap is Trigger.
CycleTrap is resEnemy.
StartScreenBlink time: 0.3 Color: RGBA(1.000, 1.000, 1.000, 1.000)
Player Start StruggleResIE
Succeed ResStrug
***PlayerSkeletonRendererObj (0.30, 0.81, 0.00)
Adding Enemy: CrawlingColza to List.
EnterNormalATK
EnterNormalATK
EnterNormalATK
Adding Enemy: NDog to List.
ParasiteCondition.
Tag is CrawlingColza
AddingParaToVaginal CrawlingColza
Remove Enemy: NDog from List.
Adding Enemy: CrawlingColza to List.
EnterNormalATK
Adding Enemy: NDog to List.
Remove Enemy: CrawlingColza from List.
Remove Enemy: NDog from List.
EnterNormalATK
Adding Enemy: CrawlingColza to List.
Adding Enemy: NDog to List.
EnterNormalATK
EnterNormalATK
EnterNormalATK
EnterNormalATK
EnterNormalATK
Remove Enemy: CrawlingColza from List.
Remove Enemy: NDog from List.
Adding Enemy: CrawlingColza to List.
ParasiteCondition.
Tag is CrawlingColza
AddingParaToOral CrawlingColza
Adding Enemy: NDog to List.
Back insert. Vag
Back insert. Vag
Back insert. Vag
Back insert. Vag
Back insert. Vag
Back insert. Vag
Back insert. Vag
Back insert. Vag
Back insert. Vag
Back insert. Vag
Back insert. Vag
Back insert. Vag
Back insert. Vag
Back insert. Vag
Back insert. Vag
Back insert. Vag
Back insert. Vag
Back insert. Vag
Back insert. Vag
Back insert. Vag
Back insert. Vag
Back insert. Vag
Back insert. Vag
Back insert. Vag
Back insert. Vag
Back insert. Vag
Back insert. Vag
Back insert. Vag
Back insert. Vag
Back insert. Vag
Back insert. Vag
Back insert. Vag
Back insert. Vag
Back insert. Vag
Back insert. Vag
Back insert. Vag
Back insert. Vag
Back insert. Vag
Back insert. Vag
Back insert. Vag
Back insert. Vag
Back insert. Vag
Back insert. Vag
Back insert. Vag
Back insert. Vag
Back insert. Vag
Back insert. Vag
Back insert. Vag
Back insert. Vag
Back insert. Vag
Back insert. Vag
Back insert. Vag
Back insert. Vag
Back insert. Vag
Back insert. Vag
Back insert. Vag
Back insert. Vag
Back insert. Vag
Back insert. Vag
Back insert. Vag
Back insert. Vag
Back insert. Vag
Back insert. Vag
Back insert. Vag
Back insert. Vag
Back insert. Vag
Back insert. Vag
Back insert. Vag
Back insert. Vag
Back insert. Vag
Back insert. Vag
Back insert. Vag
Back insert. Vag
Back insert. Vag
Back insert. Vag
Back insert. Vag
Back insert. Vag
Back insert. Vag
Back insert. Vag
Back insert. Vag
Back insert. Vag
Back insert. Vag
Back insert. Vag
Back insert. Vag
Back insert. Vag
Back insert. Vag
Back insert. Vag
Back insert. Vag
Back insert. Vag
Back insert. Vag
Back insert. Vag
Back insert. Vag
Back insert. Vag
Back insert. Vag
Remove Enemy: NDog from List.
Back insert. Vag
Back insert. Vag
Back insert. Vag
Back insert. Vag
Back insert. Vag
Back insert. Vag
Back insert. Vag
Back insert. Vag
Back insert. Vag
Back insert. Vag
Back insert. Vag
Back insert. Vag
Back insert. Vag
Back insert. Vag
Back insert. Vag
Back insert. Vag
Back insert. Vag
Back insert. Vag
Back insert. Vag
Back insert. Vag
Back insert. Vag
Back insert. Vag
Back insert. Vag
Back insert. Vag
Back insert. Vag
Back insert. Vag
Back insert. Vag
Back insert. Vag
Back insert. Vag
Back insert. Vag
Back insert. Vag
Back insert. Vag
Back insert. Vag
Back insert. Vag
Back insert. Vag
Back insert. Vag
Back insert. Vag
Back insert. Vag
Back insert. Vag
Back insert. Vag
Back insert. Vag
Back insert. Vag
ParasiteCondition.
Tag is NakedATK
Back insert. Vag
isReduceResBar True
Player Start StruggleResIE
0
Restraint
Adding Enemy: NDog to List.
Spine Event Restraint/Vita/ResByNDog_Start SetPlayerHitBox True
Change to Crawl.
Succeed ResStrug
***PlayerSkeletonRendererObj (0.30, 0.81, 0.00)
Change to Stand.
Remove Enemy: NDog from List.
Adding Enemy: NDog to List.
EnterGetHurt
Remove this dead Enemy from List.
Drop Sands :45
Change to Crawl.
Change to Stand.
LedgeDetected!     is Wall
***GameManager.Instance.playerAnimation.ClimbPoint.position (5564.39, 55.93, 0.00)
IE_FadeOut START
Unloading 16 Unused Serialized files (Serialized files now loaded: 0)
***ItemOnDisable
***T0502_DoorOnDisable
***T0502_EndLOnDisable
***T0502_EndRUOnDisable
***T0502_EndRDOnDisable
[PhysX] Initialized MultithreadedTaskDispatcher with 12 workers.
UnloadTime: 1.259600 ms
PCHCheck is True
Immortal Loss Beta 0.58.0, GameVersion is : Beta0.58.0, PCH is True.
startLoadJsonTime = 4436.606
endLoadJsoneTime = 4436.746
Loading Duation is = 0.1396484
***T0504_HoleOnEnable
***T0504_EndROnEnable
***T0504_EndLOnEnable
***T0504_LadderOnEnable
GameManager Initialization Completed.
T0504_EndL
T0504_EndL (TransitionSetting)
Transfer to T0504_EndL , location is: (5607.80, 69.17, 0.00)
Unloading 7177 unused Assets to reduce memory usage. Loaded Objects now: 51610.
Total: 41.775300 ms (FindLiveObjects: 2.952900 ms CreateObjectMapping: 2.314700 ms MarkObjects: 31.577800 ms  DeleteObjects: 4.929400 ms)

***IsRestraintArms False
Remove Orgasm speed 0
Remove Orgasm speed 0.03
Adding Enemy: CrawlingColza to List.
Adding Enemy: CrawlingColza to List.
EnterGetHurt
EnterGetHurt
Remove this dead Enemy from List.
Drop Sands :115
Remove this dead Enemy from List.
Drop Sands :115
LedgeDetected!     is Wall
***GameManager.Instance.playerAnimation.ClimbPoint.position (5666.59, 67.63, 0.00)
Adding Enemy: NDog to List.
Back insert. Vag
Back insert. Vag
Back insert. Vag
Back insert. Vag
Back insert. Vag
Back insert. Vag
Back insert. Vag
Back insert. Vag
Back insert. Vag
Back insert. Vag
Back insert. Vag
Back insert. Vag
Back insert. Vag
Back insert. Vag
Back insert. Vag
Back insert. Vag
Back insert. Vag
Back insert. Vag
Back insert. Vag
Back insert. Vag
Back insert. Vag
Back insert. Vag
Back insert. Vag
Back insert. Vag
Back insert. Vag
Back insert. Vag
Back insert. Vag
Back insert. Vag
Back insert. Vag
Back insert. Vag
Back insert. Vag
Back insert. Vag
Back insert. Vag
Back insert. Vag
Back insert. Vag
Back insert. Vag
Back insert. Vag
Back insert. Vag
Back insert. Vag
Back insert. Vag
Back insert. Vag
Back insert. Vag
Back insert. Vag
Back insert. Vag
Back insert. Vag
Back insert. Vag
Back insert. Vag
Back insert. Vag
Back insert. Vag
Back insert. Vag
Back insert. Vag
Back insert. Vag
Back insert. Vag
Back insert. Vag
Back insert. Vag
Back insert. Vag
Back insert. Vag
Back insert. Vag
Back insert. Vag
Back insert. Vag
Back insert. Vag
Back insert. Vag
Back insert. Vag
Back insert. Vag
Back insert. Vag
Back insert. Vag
Back insert. Vag
Back insert. Vag
Back insert. Vag
Back insert. Vag
Back insert. Vag
Back insert. Vag
Back insert. Vag
Back insert. Vag
Back insert. Vag
Back insert. Vag
Back insert. Vag
Back insert. Vag
Back insert. Vag
Back insert. Vag
Back insert. Vag
Back insert. Vag
Back insert. Vag
Back insert. Vag
Back insert. Vag
Back insert. Vag
Back insert. Vag
Back insert. Vag
Back insert. Vag
Back insert. Vag
Back insert. Vag
Back insert. Vag
Back insert. Vag
Back insert. Vag
Back insert. Vag
Back insert. Vag
Back insert. Vag
Back insert. Vag
Back insert. Vag
Back insert. Vag
Back insert. Vag
Back insert. Vag
Back insert. Vag
Back insert. Vag
Back insert. Vag
Back insert. Vag
Back insert. Vag
ParasiteCondition.
Tag is NakedATK
Back insert. Vag
Back insert. Vag
isReduceResBar True
Player Start StruggleResIE
0
Restraint
Spine Event Restraint/Vita/ResByNDog_Start SetPlayerHitBox True
Change to Crawl.
Succeed ResStrug
***PlayerSkeletonRendererObj (0.30, 0.81, 0.00)
Change to Stand.
EnterGetHurt
Remove this dead Enemy from List.
Drop Sands :45
Adding Enemy: NDog to List.
IE_FadeOut START
Unloading 16 Unused Serialized files (Serialized files now loaded: 0)
***T0504_HoleOnDisable
***T0504_LadderOnDisable
***T0504_EndLOnDisable
***T0504_EndROnDisable
[PhysX] Initialized MultithreadedTaskDispatcher with 12 workers.
UnloadTime: 1.313800 ms
PCHCheck is True
Immortal Loss Beta 0.58.0, GameVersion is : Beta0.58.0, PCH is True.
startLoadJsonTime = 4462.681
endLoadJsoneTime = 4462.822
Loading Duation is = 0.1411133
***T0506_EndDOnEnable
***T0506_EndLOnEnable
***TreasureChest_ResArmsOnEnable
GameManager Initialization Completed.
T0506_EndL
T0506_EndL (TransitionSetting)
Transfer to T0506_EndL , location is: (5778.70, 37.30, 0.00)
Unloading 5968 unused Assets to reduce memory usage. Loaded Objects now: 48091.
Total: 36.766900 ms (FindLiveObjects: 2.677900 ms CreateObjectMapping: 1.675800 ms MarkObjects: 28.368700 ms  DeleteObjects: 4.044200 ms)

***IsRestraintArms False
Adding Enemy: BanditB to List.
Remove Enemy: BanditB from List.
Bomb Projectile hits wall and destroy.
Bomb Projectile hits wall and destroy.
Adding Enemy: BanditB to List.
Player Enter BrokeFloor.
Player Enter BrokeFloor.
EnterGetHurt
IE_FadeOut START
Unloading 16 Unused Serialized files (Serialized files now loaded: 0)
***T0506_EndLOnDisable
***T0506_EndDOnDisable
***TreasureChest_ResArmsOnDisable
[PhysX] Initialized MultithreadedTaskDispatcher with 12 workers.
UnloadTime: 1.030800 ms
PCHCheck is True
Immortal Loss Beta 0.58.0, GameVersion is : Beta0.58.0, PCH is True.
startLoadJsonTime = 4469.052
endLoadJsoneTime = 4469.193
Loading Duation is = 0.1411133
***T0510_EndUOnEnable
***T0510_EndDOnEnable
***T0510_EndLOnEnable
***T0510_HoleOnEnable
***ItemOnEnable
GameManager Initialization Completed.
T0510_EndU
T0510_EndU (TransitionSetting)
Transfer to T0510_EndU , location is: (5841.50, 0.60, 0.00)
Unloading 2933 unused Assets to reduce memory usage. Loaded Objects now: 51404.
Total: 39.357300 ms (FindLiveObjects: 2.836600 ms CreateObjectMapping: 1.494600 ms MarkObjects: 32.741900 ms  DeleteObjects: 2.283900 ms)

***IsRestraintArms False
***ItemOnDisable
IE_FadeOut START
***IsRestraintArms False
Unloading 16 Unused Serialized files (Serialized files now loaded: 0)
***T0510_HoleOnDisable
***T0510_EndLOnDisable
***T0510_EndUOnDisable
***T0510_EndDOnDisable
[PhysX] Initialized MultithreadedTaskDispatcher with 12 workers.
UnloadTime: 0.963000 ms
PCHCheck is True
Immortal Loss Beta 0.58.0, GameVersion is : Beta0.58.0, PCH is True.
startLoadJsonTime = 4476.767
endLoadJsoneTime = 4476.903
Loading Duation is = 0.1362305
***T0510_EndUOnEnable
***T0510_EndDOnEnable
***T0510_EndLOnEnable
***T0510_HoleOnEnable
***ItemOnEnable
GameManager Initialization Completed.
Unloading 21 unused Assets to reduce memory usage. Loaded Objects now: 51396.
Total: 38.457400 ms (FindLiveObjects: 2.776000 ms CreateObjectMapping: 1.465400 ms MarkObjects: 34.134100 ms  DeleteObjects: 0.081500 ms)

***IsRestraintArms False
***ItemOnDisable
**************5
IE_FadeOut START
***IsRestraintArms False
Unloading 15 Unused Serialized files (Serialized files now loaded: 0)
***T0510_HoleOnDisable
***T0510_EndLOnDisable
***T0510_EndUOnDisable
***T0510_EndDOnDisable
[PhysX] Initialized MultithreadedTaskDispatcher with 12 workers.
UnloadTime: 0.909500 ms
PCHCheck is True
Immortal Loss Beta 0.58.0, GameVersion is : Beta0.58.0, PCH is True.
startLoadJsonTime = 4483.359
endLoadJsoneTime = 4483.5
Loading Duation is = 0.140625
***T0501_DoorDOnEnable
***T0501_EndROnEnable
***T0501_EndLOnEnable
***Lantern_0501_CampofthePilgrimsofPeaceOnEnable
***ItemOnEnable
GameManager Initialization Completed.
Unloading 6886 unused Assets to reduce memory usage. Loaded Objects now: 46761.
Total: 41.266700 ms (FindLiveObjects: 2.660500 ms CreateObjectMapping: 1.552500 ms MarkObjects: 32.345700 ms  DeleteObjects: 4.707500 ms)

***IsRestraintArms False
***ItemOnDisable
**************5
LedgeDetected!     is Wall
***GameManager.Instance.playerAnimation.ClimbPoint.position (5254.91, 41.59, 0.00)
Adding Enemy: BanditA to List.
Remove Enemy: BanditA from List.
Adding Enemy: BanditA to List.
Remove Enemy: BanditA from List.
Bomb Projectile hits wall and destroy.
Bomb Projectile hits wall and destroy.
Adding Enemy: BanditA to List.
Remove Enemy: BanditA from List.
IE_FadeOut START
Unloading 16 Unused Serialized files (Serialized files now loaded: 0)
***Lantern_0501_CampofthePilgrimsofPeaceOnDisable
***T0501_DoorDOnDisable
***T0501_EndLOnDisable
***T0501_EndROnDisable
[PhysX] Initialized MultithreadedTaskDispatcher with 12 workers.
UnloadTime: 1.042700 ms
PCHCheck is True
Immortal Loss Beta 0.58.0, GameVersion is : Beta0.58.0, PCH is True.
startLoadJsonTime = 4489.772
endLoadJsoneTime = 4489.911
Loading Duation is = 0.1386719
***T0502_DoorOnEnable
***T0502_EndRUOnEnable
***T0502_EndLOnEnable
***T0502_EndRDOnEnable
***ItemOnEnable
GameManager Initialization Completed.
T0502_EndL
T0502_EndL (TransitionSetting)
Transfer to T0502_EndL , location is: (5343.40, 40.00, 0.00)
Unloading 1150 unused Assets to reduce memory usage. Loaded Objects now: 56143.
Total: 37.149100 ms (FindLiveObjects: 3.117000 ms CreateObjectMapping: 1.715600 ms MarkObjects: 31.374900 ms  DeleteObjects: 0.941300 ms)

***IsRestraintArms False
ParasiteCondition.
Tag is WoodenGround
CycleTrap is Trigger.
CycleTrap is resEnemy.
StartScreenBlink time: 0.3 Color: RGBA(1.000, 1.000, 1.000, 1.000)
Player Start StruggleResIE
Adding Enemy: CrawlingColza to List.
EnterNormalATK
EnterNormalATK
Succeed ResStrug
***PlayerSkeletonRendererObj (0.30, 0.81, 0.00)
ParasiteCondition.
Tag is CrawlingColza
CrawlingColza para. random failed.
CycleTrap is Trigger.
CycleTrap is resEnemy.
StartScreenBlink time: 0.3 Color: RGBA(1.000, 1.000, 1.000, 1.000)
Player Start StruggleResIE
Remove Enemy: CrawlingColza from List.
Adding Enemy: CrawlingColza to List.
ParasiteCondition.
Tag is CrawlingColza
EnterNormalATK
Succeed ResStrug
***PlayerSkeletonRendererObj (0.30, 0.81, 0.00)
Remove Enemy: CrawlingColza from List.
Adding Enemy: CrawlingColza to List.
EnterNormalATK
Remove Enemy: CrawlingColza from List.
Adding Enemy: NDog to List.
IE_FadeOut START
Unloading 15 Unused Serialized files (Serialized files now loaded: 0)
***ItemOnDisable
***T0502_DoorOnDisable
***T0502_EndLOnDisable
***T0502_EndRUOnDisable
***T0502_EndRDOnDisable
[PhysX] Initialized MultithreadedTaskDispatcher with 12 workers.
UnloadTime: 1.211200 ms
PCHCheck is True
Immortal Loss Beta 0.58.0, GameVersion is : Beta0.58.0, PCH is True.
startLoadJsonTime = 4501.558
endLoadJsoneTime = 4501.698
Loading Duation is = 0.140625
***T0507_HoleOnEnable
***T0507_DoorLOnEnable
***T0507_DoorROnEnable
GameManager Initialization Completed.
T0507_DoorL
T0507_DoorL (TransitionSetting)
Transfer to T0507_DoorL , location is: (5515.66, 34.77, 0.00)
Unloading 9106 unused Assets to reduce memory usage. Loaded Objects now: 50884.
Total: 39.401600 ms (FindLiveObjects: 2.962700 ms CreateObjectMapping: 1.722800 ms MarkObjects: 28.472800 ms  DeleteObjects: 6.243000 ms)

***IsRestraintArms False
Adding Enemy: BanditA to List.
Remove Enemy: BanditA from List.
IE_FadeOut START
ParasiteCondition.
Tag is NakedATK
Cannot use 'velocity' on a static body.
Projectile hits Player and destroy.
Unloading 16 Unused Serialized files (Serialized files now loaded: 0)
***T0507_DoorLOnDisable
***T0507_DoorROnDisable
***T0507_HoleOnDisable
[PhysX] Initialized MultithreadedTaskDispatcher with 12 workers.
UnloadTime: 0.948400 ms
PCHCheck is True
Immortal Loss Beta 0.58.0, GameVersion is : Beta0.58.0, PCH is True.
startLoadJsonTime = 4505.561
endLoadJsoneTime = 4505.703
Loading Duation is = 0.1416016
***T0502_DoorOnEnable
***T0502_EndRUOnEnable
***T0502_EndLOnEnable
***T0502_EndRDOnEnable
***ItemOnEnable
GameManager Initialization Completed.
T0502_Door
T0502_Door (TransitionSetting)
Transfer to T0502_Door , location is: (5515.66, 34.77, 0.00)
Unloading 3991 unused Assets to reduce memory usage. Loaded Objects now: 56130.
Total: 45.857300 ms (FindLiveObjects: 3.884400 ms CreateObjectMapping: 3.196200 ms MarkObjects: 35.699000 ms  DeleteObjects: 3.077300 ms)

***IsRestraintArms False
Adding Enemy: NDog to List.
Remove Enemy: NDog from List.
Back insert. Vag
Back insert. Vag
Back insert. Vag
Back insert. Vag
Back insert. Vag
Back insert. Vag
Back insert. Vag
Back insert. Vag
Back insert. Vag
Back insert. Vag
Back insert. Vag
Back insert. Vag
Back insert. Vag
Back insert. Vag
Back insert. Vag
Back insert. Vag
Back insert. Vag
Back insert. Vag
Back insert. Vag
Back insert. Vag
Back insert. Vag
Back insert. Vag
Back insert. Vag
Back insert. Vag
Back insert. Vag
Back insert. Vag
Back insert. Vag
Back insert. Vag
Back insert. Vag
Back insert. Vag
Back insert. Vag
Back insert. Vag
Back insert. Vag
Back insert. Vag
Back insert. Vag
Back insert. Vag
Back insert. Vag
Back insert. Vag
Back insert. Vag
Back insert. Vag
Back insert. Vag
Back insert. Vag
Back insert. Vag
Back insert. Vag
Back insert. Vag
Back insert. Vag
Back insert. Vag
Back insert. Vag
Back insert. Vag
Back insert. Vag
Back insert. Vag
Back insert. Vag
Back insert. Vag
Back insert. Vag
Back insert. Vag
Back insert. Vag
Back insert. Vag
Back insert. Vag
Back insert. Vag
Back insert. Vag
Back insert. Vag
Back insert. Vag
Back insert. Vag
Back insert. Vag
Back insert. Vag
Back insert. Vag
Back insert. Vag
Back insert. Vag
Back insert. Vag
Back insert. Vag
Back insert. Vag
Back insert. Vag
Back insert. Vag
Back insert. Vag
Back insert. Vag
Back insert. Vag
Back insert. Vag
Back insert. Vag
Back insert. Vag
Back insert. Vag
Back insert. Vag
Back insert. Vag
Back insert. Vag
Back insert. Vag
Back insert. Vag
Back insert. Vag
Back insert. Vag
Back insert. Vag
Back insert. Vag
Back insert. Vag
Back insert. Vag
Back insert. Vag
Back insert. Vag
Back insert. Vag
Back insert. Vag
Back insert. Vag
Back insert. Vag
Back insert. Vag
Back insert. Vag
Back insert. Vag
Back insert. Vag
Back insert. Vag
Back insert. Vag
Back insert. Vag
Back insert. Vag
Back insert. Vag
Back insert. Vag
Back insert. Vag
Back insert. Vag
Back insert. Vag
Back insert. Vag
Back insert. Vag
Back insert. Vag
Back insert. Vag
Back insert. Vag
Back insert. Vag
Back insert. Vag
Back insert. Vag
Back insert. Vag
Back insert. Vag
Back insert. Vag
Back insert. Vag
Back insert. Vag
Back insert. Vag
Back insert. Vag
Back insert. Vag
Back insert. Vag
Back insert. Vag
Adding Enemy: NDog to List.
Back insert. Vag
Back insert. Vag
Back insert. Vag
Back insert. Vag
Back insert. Vag
Back insert. Vag
Back insert. Vag
Back insert. Vag
Back insert. Vag
Back insert. Vag
Back insert. Vag
Back insert. Vag
Back insert. Vag
Back insert. Vag
Back insert. Vag
Back insert. Vag
Back insert. Vag
Back insert. Vag
Back insert. Vag
Back insert. Vag
Back insert. Vag
Remove Enemy: NDog from List.
Back insert. Vag
Back insert. Vag
Back insert. Vag
Back insert. Vag
Back insert. Vag
Back insert. Vag
Back insert. Vag
Back insert. Vag
Back insert. Vag
Back insert. Vag
Back insert. Vag
Back insert. Vag
Back insert. Vag
Back insert. Vag
Back insert. Vag
Back insert. Vag
Back insert. Vag
Back insert. Vag
Back insert. Vag
Back insert. Vag
Back insert. Vag
Back insert. Vag
Back insert. Vag
Back insert. Vag
Back insert. Vag
Back insert. Vag
Back insert. Vag
Back insert. Vag
Back insert. Vag
Back insert. Vag
Back insert. Vag
Back insert. Vag
Back insert. Vag
Back insert. Vag
Back insert. Vag
Back insert. Vag
Back insert. Vag
Back insert. Vag
Back insert. Vag
Back insert. Vag
Back insert. Vag
Back insert. Vag
Back insert. Vag
Back insert. Vag
Back insert. Vag
Back insert. Vag
Back insert. Vag
Back insert. Vag
Back insert. Vag
Back insert. Vag
Back insert. Vag
Back insert. Vag
Back insert. Vag
Back insert. Vag
Back insert. Vag
Back insert. Vag
Back insert. Vag
Back insert. Vag
Back insert. Vag
Back insert. Vag
Back insert. Vag
Back insert. Vag
Back insert. Vag
Back insert. Vag
Back insert. Vag
Back insert. Vag
Back insert. Vag
Back insert. Vag
Back insert. Vag
Back insert. Vag
Back insert. Vag
Back insert. Vag
Back insert. Vag
Back insert. Vag
Back insert. Vag
Back insert. Vag
Back insert. Vag
Back insert. Vag
Back insert. Vag
Back insert. Vag
Back insert. Vag
Back insert. Vag
Back insert. Vag
Back insert. Vag
Back insert. Vag
Back insert. Vag
LedgeDetected!     is Wall
***GameManager.Instance.playerAnimation.ClimbPoint.position (5564.39, 55.80, 0.00)
IE_FadeOut START
Unloading 16 Unused Serialized files (Serialized files now loaded: 0)
***ItemOnDisable
***T0502_DoorOnDisable
***T0502_EndLOnDisable
***T0502_EndRUOnDisable
***T0502_EndRDOnDisable
[PhysX] Initialized MultithreadedTaskDispatcher with 12 workers.
UnloadTime: 1.247400 ms
PCHCheck is True
Immortal Loss Beta 0.58.0, GameVersion is : Beta0.58.0, PCH is True.
startLoadJsonTime = 4512.976
endLoadJsoneTime = 4513.117
Loading Duation is = 0.140625
***T0504_HoleOnEnable
***T0504_EndROnEnable
***T0504_EndLOnEnable
***T0504_LadderOnEnable
GameManager Initialization Completed.
T0504_EndL
T0504_EndL (TransitionSetting)
Transfer to T0504_EndL , location is: (5607.80, 69.17, 0.00)
Unloading 7205 unused Assets to reduce memory usage. Loaded Objects now: 51627.
Total: 40.443300 ms (FindLiveObjects: 2.982600 ms CreateObjectMapping: 1.780700 ms MarkObjects: 30.627400 ms  DeleteObjects: 5.052300 ms)

***IsRestraintArms False
KeyNotFoundException: The given key 'Orgasm' was not present in the dictionary.
  at System.Collections.Generic.Dictionary`2[TKey,TValue].get_Item (TKey key) [0x0001e] in <1071a2cb0cb3433aae80a793c277a048>:0 
  at PlayerController.AnalHookVibrate () [0x00099] in <77e9a7e179ee49598df18058f5b91904>:0 
  at PlayerController.OnDash (UnityEngine.InputSystem.InputAction+CallbackContext context) [0x00140] in <77e9a7e179ee49598df18058f5b91904>:0 
  at UnityEngine.Events.InvokableCall`1[T1].Invoke (T1 args0) [0x00010] in <c39a522eee05469b8171a6cfeb646c59>:0 
  at UnityEngine.Events.UnityEvent`1[T0].Invoke (T0 arg0) [0x00025] in <c39a522eee05469b8171a6cfeb646c59>:0 
  at UnityEngine.InputSystem.Utilities.DelegateHelpers.InvokeCallbacksSafe[TValue] (UnityEngine.InputSystem.Utilities.CallbackArray`1[System.Action`1[TValue]]& callbacks, TValue argument, System.String callbackName, System.Object context) [0x0001b] in <f32d0bdc91d04944a6ab314bd9aec37d>:0 
UnityEngine.DebugLogHandler:Internal_LogException(Exception, Object)
UnityEngine.DebugLogHandler:LogException(Exception, Object)
UnityEngine.Logger:LogException(Exception, Object)
UnityEngine.Debug:LogException(Exception)
UnityEngine.InputSystem.Utilities.DelegateHelpers:InvokeCallbacksSafe(CallbackArray`1&, CallbackContext, String, Object)
UnityEngine.InputSystem.InputActionState:CallActionListeners(Int32, InputActionMap, InputActionPhase, CallbackArray`1&, String)
UnityEngine.InputSystem.InputActionState:ChangePhaseOfActionInternal(Int32, TriggerState*, InputActionPhase, TriggerState&, Boolean)
UnityEngine.InputSystem.InputActionState:ChangePhaseOfAction(InputActionPhase, TriggerState&, InputActionPhase)
UnityEngine.InputSystem.InputActionState:ProcessDefaultInteraction(TriggerState&, Int32)
UnityEngine.InputSystem.InputActionState:ProcessControlStateChange(Int32, Int32, Int32, Double, InputEventPtr)
UnityEngine.InputSystem.InputActionState:UnityEngine.InputSystem.LowLevel.IInputStateChangeMonitor.NotifyControlStateChanged(InputControl, Double, InputEventPtr, Int64)
UnityEngine.InputSystem.InputManager:FireStateChangeNotifications(Int32, Double, InputEvent*)
UnityEngine.InputSystem.InputManager:UpdateState(InputDevice, InputUpdateType, Void*, UInt32, UInt32, Double, InputEventPtr)
UnityEngine.InputSystem.InputManager:UpdateState(InputDevice, InputEvent*, InputUpdateType)
UnityEngine.InputSystem.InputManager:OnUpdate(InputUpdateType, InputEventBuffer&)
UnityEngine.InputSystem.LowLevel.<>c__DisplayClass7_0:<set_onUpdate>b__0(NativeInputUpdateType, NativeInputEventBuffer*)
UnityEngineInternal.Input.NativeInputSystem:NotifyUpdate(NativeInputUpdateType, IntPtr)

KeyNotFoundException while executing 'started' callbacks of 'PlayerSingleHand/Dash[/Keyboard/shift]'
Adding Enemy: NDog to List.
Remove Enemy: NDog from List.
Adding Enemy: NDog to List.
Remove Enemy: NDog from List.
Adding Enemy: NDog to List.
Remove Enemy: NDog from List.
Adding Enemy: NDog to List.
IE_FadeOut START
Unloading 16 Unused Serialized files (Serialized files now loaded: 0)
***T0504_HoleOnDisable
***T0504_LadderOnDisable
***T0504_EndLOnDisable
***T0504_EndROnDisable
[PhysX] Initialized MultithreadedTaskDispatcher with 12 workers.
UnloadTime: 1.098800 ms
PCHCheck is True
Immortal Loss Beta 0.58.0, GameVersion is : Beta0.58.0, PCH is True.
startLoadJsonTime = 4520.147
endLoadJsoneTime = 4520.29
Loading Duation is = 0.1425781
***T0506_EndDOnEnable
***T0506_EndLOnEnable
***TreasureChest_ResArmsOnEnable
GameManager Initialization Completed.
T0506_EndL
T0506_EndL (TransitionSetting)
Transfer to T0506_EndL , location is: (5778.70, 37.30, 0.00)
Unloading 6103 unused Assets to reduce memory usage. Loaded Objects now: 48083.
Total: 37.265500 ms (FindLiveObjects: 2.739900 ms CreateObjectMapping: 1.430500 ms MarkObjects: 28.693300 ms  DeleteObjects: 4.401700 ms)

***IsRestraintArms False
Adding Enemy: BanditB to List.
Remove Enemy: BanditB from List.
Bomb Projectile hits wall and destroy.
Bomb Projectile hits wall and destroy.
Adding Enemy: BanditB to List.
EnterGetHurt
EnterGetHurt
EnterGetHurt
Remove this dead Enemy from List.
Drop Sands :320
IE_FadeOut START
***IsRestraintArms True
TornAllCloth
Player Start StruggleLyingIE
CloseMenu
IE_FadeOut START
Unloading 7 Unused Serialized files (Serialized files now loaded: 0)
***T0506_EndLOnDisable
***T0506_EndDOnDisable
***TreasureChest_ResArmsOnDisable
[PhysX] Initialized MultithreadedTaskDispatcher with 12 workers.
UnloadTime: 0.952500 ms
PCHCheck is True
Immortal Loss Beta 0.58.0, GameVersion is : Beta0.58.0, PCH is True.
startLoadJsonTime = 4547.733
endLoadJsoneTime = 4547.87
Loading Duation is = 0.137207
***NPC_Villager_BlueOnEnable
***NPC_Villager_RedOnEnable
***NPC_Villager_GreyOnEnable
***NPC_BanditOnEnable
***T0106_HouseDoor2F_LOnEnable
***T0106_LeftEndOnEnable
***T0106_LeftDoorOnEnable
***T0106_AchHouseOnEnable
***T0106_HouseDoor2F_ROnEnable
***T0106_HouseDoor3F_MidOnEnable
***T0106_HouseDoor1F_LOnEnable
***T0106_RightEndOnEnable
***Lantern_0106_BlackBerryTownOnEnable
***NPC_SapphyraOnEnable
***NPC_Sapphyra_PseudoOnEnable
***NPC_FramboiseOnEnable
***ObtainItem_TearDropOnEnable
***ObtainDiscovery_SapphyraNote2OnEnable
***ObtainDiscovery_Tentacle reportOnEnable
***ObtainDiscovery_WantedLORDOnEnable
***ObtainDiscovery_Flyer1OnEnable
***ObtainDiscovery_NoneNameNote6OnEnable
GameManager Initialization Completed.
***NPC_BanditOnDisable
***NPC_SapphyraOnDisable
Lantern_0106_BlackBerryTown
Lantern_0106_BlackBerryTown (TransitionSetting)
Transfer to Lantern_0106_BlackBerryTown , location is: (2165.40, 173.47, 0.00)
Unloading 3581 unused Assets to reduce memory usage. Loaded Objects now: 83265.
Total: 38.284400 ms (FindLiveObjects: 4.087700 ms CreateObjectMapping: 2.551600 ms MarkObjects: 28.885100 ms  DeleteObjects: 2.759700 ms)

***IsRestraintArms True
***ObtainItem_TearDropOnDisable
***ObtainDiscovery_SapphyraNote2OnDisable
***ObtainDiscovery_Tentacle reportOnDisable
***ObtainDiscovery_WantedLORDOnDisable
***ObtainDiscovery_Flyer1OnDisable
***ObtainDiscovery_NoneNameNote6OnDisable
ℹ️ 傳入的 FirstArriveBlackBerryDale 小於或等於目前的 FirstArriveZinniaStreet，不更新
LedgeDetected!     is Pene, not climb due to res.
LedgeDetected!     is Pene, not climb due to res.
LedgeDetected!     is Pene, not climb due to res.
LedgeDetected!     is Pene, not climb due to res.
LedgeDetected!     is Pene, not climb due to res.
LedgeDetected!     is Pene, not climb due to res.
LedgeDetected!     is Pene, not climb due to res.
LedgeDetected!     is Pene, not climb due to res.
LedgeDetected!     is Pene, not climb due to res.
LedgeDetected!     is Pene, not climb due to res.
LedgeDetected!     is Pene, not climb due to res.
LedgeDetected!     is Pene, not climb due to res.
LedgeDetected!     is Pene, not climb due to res.
LedgeDetected!     is Pene, not climb due to res.
LedgeDetected!     is Pene, not climb due to res.
LedgeDetected!     is Pene, not climb due to res.
LedgeDetected!     is Pene, not climb due to res.
LedgeDetected!     is Pene, not climb due to res.
LedgeDetected!     is Pene, not climb due to res.
LedgeDetected!     is Pene, not climb due to res.
LedgeDetected!     is Pene, not climb due to res.
LedgeDetected!     is Pene, not climb due to res.
LedgeDetected!     is Pene, not climb due to res.
LedgeDetected!     is Pene, not climb due to res.
LedgeDetected!     is Pene, not climb due to res.
LedgeDetected!     is Pene, not climb due to res.
LedgeDetected!     is Pene, not climb due to res.
LedgeDetected!     is Pene, not climb due to res.
LedgeDetected!     is Pene, not climb due to res.
LedgeDetected!     is Pene, not climb due to res.
LedgeDetected!     is Pene, not climb due to res.
LedgeDetected!     is Pene, not climb due to res.
LedgeDetected!     is Pene, not climb due to res.
LedgeDetected!     is Pene, not climb due to res.
LedgeDetected!     is Pene, not climb due to res.
LedgeDetected!     is Pene, not climb due to res.
LedgeDetected!     is Pene, not climb due to res.
LedgeDetected!     is Pene, not climb due to res.
LedgeDetected!     is Pene, not climb due to res.
LedgeDetected!     is Pene, not climb due to res.
LedgeDetected!     is Pene, not climb due to res.
LedgeDetected!     is Pene, not climb due to res.
LedgeDetected!     is Pene, not climb due to res.
LedgeDetected!     is Pene, not climb due to res.
LedgeDetected!     is Pene, not climb due to res.
LedgeDetected!     is Pene, not climb due to res.
LedgeDetected!     is Pene, not climb due to res.
LedgeDetected!     is Pene, not climb due to res.
LedgeDetected!     is Pene, not climb due to res.
LedgeDetected!     is Pene, not climb due to res.
LedgeDetected!     is Pene, not climb due to res.
LedgeDetected!     is Pene, not climb due to res.
LedgeDetected!     is Pene, not climb due to res.
LedgeDetected!     is Pene, not climb due to res.
LedgeDetected!     is Pene, not climb due to res.
LedgeDetected!     is Pene, not climb due to res.
LedgeDetected!     is Pene, not climb due to res.
LedgeDetected!     is Pene, not climb due to res.
LedgeDetected!     is Pene, not climb due to res.
LedgeDetected!     is Pene, not climb due to res.
LedgeDetected!     is Pene, not climb due to res.
LedgeDetected!     is Pene, not climb due to res.
LedgeDetected!     is Pene, not climb due to res.
LedgeDetected!     is Pene, not climb due to res.
LedgeDetected!     is Pene, not climb due to res.
LedgeDetected!     is Wall
***GameManager.Instance.playerAnimation.ClimbPoint.position (2321.83, 234.39, 0.00)
IE_FadeOut START
Unloading 9 Unused Serialized files (Serialized files now loaded: 0)
***NPC_Sapphyra_PseudoOnDisable
***NPC_Villager_GreyOnDisable
***NPC_Villager_BlueOnDisable
***NPC_FramboiseOnDisable
***NPC_Villager_RedOnDisable
***Lantern_0106_BlackBerryTownOnDisable
***T0106_LeftDoorOnDisable
***T0106_HouseDoor1F_LOnDisable
***T0106_HouseDoor2F_LOnDisable
***T0106_HouseDoor2F_ROnDisable
***T0106_HouseDoor3F_MidOnDisable
***T0106_RightEndOnDisable
***T0106_LeftEndOnDisable
***T0106_AchHouseOnDisable
[PhysX] Initialized MultithreadedTaskDispatcher with 12 workers.
UnloadTime: 1.181800 ms
PCHCheck is True
Immortal Loss Beta 0.58.0, GameVersion is : Beta0.58.0, PCH is True.
startLoadJsonTime = 4568.019
endLoadJsoneTime = 4568.161
Loading Duation is = 0.1420898
***T0108_ExitDoorOnEnable
***NPC_BaneberisOnEnable
***LockDoorTempOnEnable
GameManager Initialization Completed.
T0108_ExitDoor
T0108_ExitDoor (TransitionSetting)
Transfer to T0108_ExitDoor , location is: (2297.00, 239.00, 0.00)
Unloading 37537 unused Assets to reduce memory usage. Loaded Objects now: 49631.
Total: 62.031500 ms (FindLiveObjects: 4.396900 ms CreateObjectMapping: 2.804900 ms MarkObjects: 28.976400 ms  DeleteObjects: 25.853100 ms)

***IsRestraintArms True
0
Open NPC Function
Wait for walking
isInTimeLineDash
Wait for turning
Wait for IE_FadeIn
False
0
Select something.
blackCanvas color black
IE_FadeOut START
***Spine Mecanim GameObject (Baneberis) (Spine.Unity.SkeletonMecanim)
***Spine Mecanim GameObject (Baneberis) (Spine.Unity.SkeletonMecanim)
***NPC_Baneberis (UnityEngine.Transform)
***NPC_Baneberis (UnityEngine.Transform)
StartScreenBlink time: 0.4 Color: RGBA(1.000, 1.000, 1.000, 1.000)
StartScreenBlink time: 0.4 Color: RGBA(1.000, 1.000, 1.000, 1.000)
StartScreenBlink time: 0.4 Color: RGBA(1.000, 1.000, 1.000, 1.000)
StartScreenBlink time: 0.4 Color: RGBA(1.000, 1.000, 1.000, 1.000)
IE_FadeOut START
CumEffect Cum_Oral
IE_FadeOut START
IE_FadeOut START
***IsRestraintArms False
0
CanExecuteCancel True
CanExecuteCancel False
CanExecuteCancel False
CanExecuteCancel True
Open NPC Function
Wait for walking
isInTimeLineDash
Wait for turning
Wait for IE_FadeIn
LedgeDetected!     is Wall
***GameManager.Instance.playerAnimation.ClimbPoint.position (2295.25, 184.41, 0.00)
LedgeDetected!     is Wall
***GameManager.Instance.playerAnimation.ClimbPoint.position (2293.13, 216.82, 0.00)
LedgeDetected!     is Pene
***GameManager.Instance.playerAnimation.ClimbPoint.position (2290.59, 233.42, 0.00)
IE_FadeOut START
Unloading 7 Unused Serialized files (Serialized files now loaded: 0)
***T0108_ExitDoorOnDisable
***LockDoorTempOnDisable
***NPC_BaneberisOnDisable
[PhysX] Initialized MultithreadedTaskDispatcher with 12 workers.
UnloadTime: 0.745000 ms
PCHCheck is True
Immortal Loss Beta 0.58.0, GameVersion is : Beta0.58.0, PCH is True.
startLoadJsonTime = 4649.086
endLoadJsoneTime = 4649.221
Loading Duation is = 0.1347656
***NPC_Villager_BlueOnEnable
***NPC_Villager_RedOnEnable
***NPC_Villager_GreyOnEnable
***NPC_BanditOnEnable
***T0106_HouseDoor2F_LOnEnable
***T0106_LeftEndOnEnable
***T0106_LeftDoorOnEnable
***T0106_AchHouseOnEnable
***T0106_HouseDoor2F_ROnEnable
***T0106_HouseDoor3F_MidOnEnable
***T0106_HouseDoor1F_LOnEnable
***T0106_RightEndOnEnable
***Lantern_0106_BlackBerryTownOnEnable
***NPC_SapphyraOnEnable
***NPC_Sapphyra_PseudoOnEnable
***NPC_FramboiseOnEnable
***ObtainItem_TearDropOnEnable
***ObtainDiscovery_SapphyraNote2OnEnable
***ObtainDiscovery_Tentacle reportOnEnable
***ObtainDiscovery_WantedLORDOnEnable
***ObtainDiscovery_Flyer1OnEnable
***ObtainDiscovery_NoneNameNote6OnEnable
GameManager Initialization Completed.
***NPC_BanditOnDisable
***NPC_SapphyraOnDisable
T0106_AchHouse
T0106_AchHouse (TransitionSetting)
Transfer to T0106_AchHouse , location is: (2297.00, 243.00, 0.00)
Unloading 4821 unused Assets to reduce memory usage. Loaded Objects now: 83269.
Total: 40.974800 ms (FindLiveObjects: 4.272100 ms CreateObjectMapping: 2.768000 ms MarkObjects: 30.297700 ms  DeleteObjects: 3.636700 ms)

***IsRestraintArms False
***ObtainItem_TearDropOnDisable
***ObtainDiscovery_SapphyraNote2OnDisable
***ObtainDiscovery_Tentacle reportOnDisable
***ObtainDiscovery_WantedLORDOnDisable
***ObtainDiscovery_Flyer1OnDisable
***ObtainDiscovery_NoneNameNote6OnDisable
ℹ️ 傳入的 FirstArriveBlackBerryDale 小於或等於目前的 FirstArriveZinniaStreet，不更新
Open NPC Function
Wait for walking
isInTimeLineStandBy
Have Open this lantern.
Wait for walking
isInTimeLineWalk
Wait for turning
isInTimeLineStandBy
Wait for IE_FadeIn
CanExecuteCancel True
CanExecuteCancel False
IE_FadeOut START
Remove(Relic.VibratingAnalHook)
Remove Orgasm speed 0.04
CanExecuteCancel True
CanExecuteCancel False
CloseMenu
Using ShockKernal
Using ShockKernal
Using Anodyne
default
Open NPC Function
Wait for walking
isInTimeLineDash
Wait for turning
Wait for IE_FadeIn
CanExecuteCancel True
CanExecuteCancel False
Open NPC Function
Wait for walking
isInTimeLineDash
Wait for turning
Wait for IE_FadeIn
CanExecuteCancel True
CanExecuteCancel False
Open NPC Function
Wait for walking
isInTimeLineDash
Wait for turning
Wait for IE_FadeIn
False
0
Select something.
blackCanvas color black
Open NPC Function
Wait for walking
isInTimeLineStandBy
Have Open this lantern.
Wait for walking
isInTimeLineWalk
Wait for turning
isInTimeLineStandBy
Wait for IE_FadeIn
IE_FadeOut START
Unloading 14 Unused Serialized files (Serialized files now loaded: 0)
***T0106_LeftDoorOnDisable
***T0106_HouseDoor1F_LOnDisable
***T0106_HouseDoor2F_LOnDisable
***T0106_HouseDoor2F_ROnDisable
***T0106_HouseDoor3F_MidOnDisable
***T0106_RightEndOnDisable
***T0106_LeftEndOnDisable
***T0106_AchHouseOnDisable
***NPC_Villager_GreyOnDisable
***NPC_Villager_RedOnDisable
***NPC_FramboiseOnDisable
***NPC_Sapphyra_PseudoOnDisable
***NPC_Villager_BlueOnDisable
***Lantern_0106_BlackBerryTownOnDisable
[PhysX] Initialized MultithreadedTaskDispatcher with 12 workers.
UnloadTime: 1.166900 ms
PCHCheck is True
Immortal Loss Beta 0.58.0, GameVersion is : Beta0.58.0, PCH is True.
startLoadJsonTime = 4723.162
endLoadJsoneTime = 4723.301
Loading Duation is = 0.1391602
***S01118_HeaterOnEnable
***T0118_EndROnEnable
***T0118_EndUOnEnable
***T0118_DoorOnEnable
***Lantern_0118_SteamHotSpringOnEnable
***S0118FixHeater_ProtyaOnEnable
***S01118_HotSpringTriggerEventOnEnable
GameManager Initialization Completed.
Lantern_0118_SteamHotSpring
Lantern_0118_SteamHotSpring (TransitionSetting)
Transfer to Lantern_0118_SteamHotSpring , location is: (2772.50, -64.88, 0.00)
Unloading 37589 unused Assets to reduce memory usage. Loaded Objects now: 51291.
Total: 64.068900 ms (FindLiveObjects: 4.283100 ms CreateObjectMapping: 3.078600 ms MarkObjects: 30.645800 ms  DeleteObjects: 26.061200 ms)

***IsRestraintArms False
***S0118FixHeater_ProtyaOnDisable
False
1
Select something.
blackCanvas color black
IE_FadeOut START
IE_FadeOut START
IE_FadeOut START
Open NPC Function
Wait for walking
isInTimeLineStandBy
Have Open this lantern.
Wait for walking
isInTimeLineWalk
Wait for turning
isInTimeLineStandBy
Wait for IE_FadeIn
IE_FadeOut START
The referenced script (SetChains) on this Behaviour is missing!
The referenced script on this Behaviour (Game Object 'ChainJoint') is missing!
Unloading 15 Unused Serialized files (Serialized files now loaded: 0)
***Lantern_0118_SteamHotSpringOnDisable
***T0118_EndROnDisable
***T0118_EndUOnDisable
***T0118_DoorOnDisable
***S01118_HeaterOnDisable
***S01118_HotSpringTriggerEventOnDisable
[PhysX] Initialized MultithreadedTaskDispatcher with 12 workers.
UnloadTime: 0.807100 ms
PCHCheck is True
Immortal Loss Beta 0.58.0, GameVersion is : Beta0.58.0, PCH is True.
startLoadJsonTime = 4747
endLoadJsoneTime = 4747.142
Loading Duation is = 0.1416016
***T06001_EndROnEnable
***T06001_EndRUOnEnable
***S0601_LanternOnEnable
***TreasureChestOnEnable
***ItemOnEnable
***Item (2)OnEnable
***Item (1)OnEnable
GameManager Initialization Completed.
Lantern_0601
S0601_Lantern (TransitionSetting)
Transfer to S0601_Lantern , location is: (7301.44, 1394.59, 0.00)
Unloading 6814 unused Assets to reduce memory usage. Loaded Objects now: 51838.
Total: 40.249400 ms (FindLiveObjects: 2.965800 ms CreateObjectMapping: 2.221400 ms MarkObjects: 30.103200 ms  DeleteObjects: 4.958600 ms)

***IsRestraintArms False
Adding Enemy: Fly to List.
Remove Enemy: Fly from List.
Adding Enemy: Fly to List.
Remove Enemy: Fly from List.
LedgeDetected!     is Pene Up
***GameManager.Instance.playerAnimation.ClimbPoint.position (7482.54, 1385.41, 0.00)
Adding Enemy: Fly to List.
***ItemOnDisable
Remove Enemy: Fly from List.
Adding Enemy: Fly to List.
Remove Enemy: Fly from List.
Adding Enemy: Fly to List.
Remove Enemy: Fly from List.
Adding Enemy: Fly to List.
Remove Enemy: Fly from List.
Adding Enemy: Fly to List.
LedgeDetected!     is Pene
***GameManager.Instance.playerAnimation.ClimbPoint.position (7479.66, 1387.44, 0.00)
***Item (2)OnDisable
Remove Enemy: Fly from List.
Adding Enemy: Fly to List.
Remove Enemy: Fly from List.
Adding Enemy: Fly to List.
LedgeDetected!     is Wall
***GameManager.Instance.playerAnimation.ClimbPoint.position (7553.02, 1400.61, 0.00)
TentacleCeiling is Trigger.
TentacleCeiling is resEnemy.
StartScreenBlink time: 0.3 Color: RGBA(1.000, 1.000, 1.000, 1.000)
Player Start StruggleResIE
Remove Enemy: Fly from List.
Start Res atk.
AddingParaToBoobF TentacleCeiling
Adding Enemy: Fly to List.
Start Res atk.
AddingParaToBoobB TentacleCeiling
Start Res atk.
No allow Res atk.
Remove Enemy: Fly from List.
Start Res atk.
No allow Res atk.
Adding Enemy: Fly to List.
Start Res atk.
No allow Res atk.
Start Res atk.
No allow Res atk.
Remove Enemy: Fly from List.
Start Res atk.
No allow Res atk.
Start Res atk.
No allow Res atk.
Succeed ResStrug
Remove Orgasm speed 0.02
Remove BreastEngorgement speed -0.005
Remove Orgasm speed 0.02
Remove BreastEngorgement speed -0.005
***PlayerSkeletonRendererObj (0.30, 0.81, 0.00)
PlayAnimation: Idle
Adding Enemy: Fly to List.
Remove Enemy: Fly from List.
Adding Enemy: Fly to List.
Remove Enemy: Fly from List.
Adding Enemy: Fly to List.
Remove Enemy: Fly from List.
IE_FadeOut START
Unloading 16 Unused Serialized files (Serialized files now loaded: 0)
***S0601_LanternOnDisable
***T06001_EndROnDisable
***T06001_EndRUOnDisable
***Item (1)OnDisable
***TreasureChestOnDisable
[PhysX] Initialized MultithreadedTaskDispatcher with 12 workers.
UnloadTime: 2.178200 ms
PCHCheck is True
Immortal Loss Beta 0.58.0, GameVersion is : Beta0.58.0, PCH is True.
startLoadJsonTime = 4796.016
endLoadJsoneTime = 4796.158
Loading Duation is = 0.1420898
***T06002_EndLOnEnable
***Item (1)OnEnable
***ItemOnEnable
GameManager Initialization Completed.
T0602_EndL
T06002_EndL (TransitionSetting)
Transfer to T06002_EndL , location is: (7720.84, 1343.16, 0.00)
Unloading 2190 unused Assets to reduce memory usage. Loaded Objects now: 51304.
Total: 35.727600 ms (FindLiveObjects: 2.957800 ms CreateObjectMapping: 1.712000 ms MarkObjects: 29.113500 ms  DeleteObjects: 1.943900 ms)

***IsRestraintArms False
***ItemOnDisable
Adding Enemy: Fly to List.
LedgeDetected!     is Pene Up
***GameManager.Instance.playerAnimation.ClimbPoint.position (7828.57, 1371.11, 0.00)
TentacleCeiling is Trigger.
TentacleCeiling is resEnemy.
StartScreenBlink time: 0.3 Color: RGBA(1.000, 1.000, 1.000, 1.000)
Player Start StruggleResIE
Remove Enemy: Fly from List.
Start Res atk.
AddingParaToBoobF TentacleCeiling
Adding Enemy: Fly to List.
Succeed ResStrug
Remove Orgasm speed 0.02
Remove BreastEngorgement speed -0.005
***PlayerSkeletonRendererObj (0.30, 0.81, 0.00)
PlayAnimation: Idle
Remove Enemy: Fly from List.
Adding Enemy: Fly to List.
LedgeDetected!     is Pene
***GameManager.Instance.playerAnimation.ClimbPoint.position (7831.36, 1373.25, 0.00)
Remove Enemy: Fly from List.
Adding Enemy: Fly to List.
LedgeDetected!     is Pene Up
***GameManager.Instance.playerAnimation.ClimbPoint.position (7828.49, 1371.11, 0.00)
Adding Enemy: Fly to List.
Remove Enemy: Fly from List.
Remove Enemy: Fly from List.
LedgeDetected!     is Wall
Adding Enemy: Fly to List.
***GameManager.Instance.playerAnimation.ClimbPoint.position (7853.96, 1394.88, 0.00)
Adding Enemy: Tentacle to List.
Chase
NormalATK
ATKBox 1
ParasiteCondition.
Tag is Untagged
ATKBox 0
LedgeDetected!     is Wall
Remove Enemy: Tentacle from List.
***GameManager.Instance.playerAnimation.ClimbPoint.position (7861.77, 1414.86, 0.00)
Adding Enemy: Tentacle to List.
Adding Enemy: Fly to List.
Player Start StruggleResIE
0
1
2
3
4
Restraint
Remove Enemy: Fly from List.
Adding Enemy: Fly to List.
ParasiteCondition.
Tag is Fly
Fly para. random failed.
Succeed ResStrug
***PlayerSkeletonRendererObj (0.30, 0.81, 0.00)
Remove Enemy: Tentacle from List.
Remove Enemy: Fly from List.
Adding Enemy: Fly to List.
Adding Enemy: Tentacle to List.
Chase
NormalATK
ATKBox 1
ParasiteCondition.
Tag is Untagged
Remove Enemy: Fly from List.
ATKBox 0
Remove Enemy: Tentacle from List.
Remove Enemy: Fly from List.
PullATK
ATKBox 1
ATKBox 0
Adding Enemy: Fly to List.
Adding Enemy: Fly to List.
Remove Enemy: Fly from List.
Adding Enemy: Fly to List.
Remove Enemy: Fly from List.
Remove Enemy: Fly from List.
Adding Enemy: Fly to List.
Adding Enemy: Fly to List.
ParasiteCondition.
Tag is Fly
TornCloth to state 1
ParasiteCondition.
Tag is Fly
TornCloth to state 2
ParasiteCondition.
Tag is Fly
Fly para. random failed.
ParasiteCondition.
Tag is Fly
Fly para. random failed.
ParasiteCondition.
Tag is Fly
AddingParaToAnal Fly
ParasiteCondition.
Tag is Fly
Fly para. random failed.
ParasiteCondition.
Tag is Fly
TornCloth to state 3
ParasiteCondition.
Tag is Fly
Player Start StruggleLyingIE
ChangeSkinSet2
RollEyeGritTeeth
ParasiteCondition.
Tag is Fly
RollEyeGritTeeth
ParasiteCondition.
Tag is Fly
Fly para. random failed.
ParasiteCondition.
Tag is Fly
Fly para. random failed.
ParasiteCondition.
Tag is Fly
Fly para. random failed.
Player Start StruggleLyingIE
CumEffect Cum_Anal
ShyCloseEye
ChangeSkinSet2
ParasiteCondition.
Tag is Fly
ParasiteCondition.
Tag is Fly
Fly para. random failed.
ParasiteCondition.
Tag is Fly
ParasiteCondition.
Tag is Fly
Player Start StruggleLyingIE
ChangeSkinSet2
Remove Enemy: Fly from List.
LedgeDetected!     is Wall
***GameManager.Instance.playerAnimation.ClimbPoint.position (7909.57, 1345.30, 0.00)
Adding Enemy: Fly to List.
RollEyeGritTeeth
LedgeDetected!     is Pene Up
***GameManager.Instance.playerAnimation.ClimbPoint.position (7938.87, 1388.81, 0.00)
Remove Enemy: Fly from List.
Adding Enemy: Fly to List.
Adding Enemy: Tentacle to List.
Chase
NormalATK
Remove Enemy: Fly from List.
ATKBox 1
ParasiteCondition.
Tag is Untagged
ATKBox 0
Player Start StruggleResIE
0
1
2
3
4
Restraint
Adding Enemy: Fly to List.
CumEffect Cum_Anal
ShyCloseEye
Adding Enemy: Fly to List.
ParasiteCondition.
Tag is Fly
Start Res atk.
AddingParaToBoobF Tentacle
ParasiteCondition.
Tag is Fly
Fly para. random failed.
Spine Event : Sound_MilkPump
Spine Event : Sound_MilkPump
Spine Event : Sound_MilkPump
ParasiteCondition.
Tag is Fly
Fly para. random failed.
Spine Event : Sound_MilkPump
Spine Event : Sound_MilkPump
Start Res atk.
AddingParaToBoobB Tentacle
Deb org
Eff org
RollEyeOrgasm
Remove Enemy: Fly from List.
Spine Event : Sound_MilkPump
Spine Event : Sound_MilkPump
Spine Event : Sound_MilkPump
Spine Event : Sound_MilkPump
Start Res atk.
No allow Res atk.
Adding Enemy: Fly to List.
Spine Event : Sound_MilkPump
Spine Event : Sound_MilkPump
Spine Event : Sound_MilkPump
ParasiteCondition.
Tag is Fly
Spine Event : Sound_MilkPump
Spine Event : Sound_MilkPump
Start Res atk.
No allow Res atk.
RollEyeGritTeeth
Spine Event : Sound_MilkPump
Remove Enemy: Fly from List.
Spine Event : Sound_MilkPump
Spine Event : Sound_MilkPump
ParasiteCondition.
Tag is Fly
Fly para. random failed.
Spine Event : Sound_MilkPump
Start Res atk.
No allow Res atk.
Adding Enemy: Fly to List.
Spine Event : Sound_MilkPump
Spine Event : Sound_MilkPump
Spine Event : Sound_MilkPump
ParasiteCondition.
Tag is Fly
Spine Event : Sound_MilkPump
Spine Event : Sound_MilkPump
ParasiteCondition.
Tag is Fly
Fly para. random failed.
Start Res atk.
No allow Res atk.
Spine Event : Sound_MilkPump
ParasiteCondition.
Tag is Fly
Remove Enemy: Fly from List.
Spine Event : Sound_MilkPump
Spine Event : Sound_MilkPump
Remove Enemy: Fly from List.
Spine Event : Sound_MilkPump
Start Res atk.
No allow Res atk.
Spine Event : Sound_MilkPump
Spine Event : Sound_MilkPump
Adding Enemy: Fly to List.
Spine Event : Sound_MilkPump
Adding Enemy: Fly to List.
Spine Event : Sound_MilkPump
Spine Event : Sound_MilkPump
Start Res atk.
No allow Res atk.
ParasiteCondition.
Tag is Fly
Fly para. random failed.
Spine Event : Sound_MilkPump
Remove Enemy: Fly from List.
ParasiteCondition.
Tag is Fly
Spine Event : Sound_MilkPump
Spine Event : Sound_MilkPump
Remove Enemy: Fly from List.
Spine Event : Sound_MilkPump
Start Res atk.
No allow Res atk.
Spine Event : Sound_MilkPump
Spine Event : Sound_MilkPump
Adding Enemy: Fly to List.
Spine Event : Sound_MilkPump
Adding Enemy: Fly to List.
Spine Event : Sound_MilkPump
Spine Event : Sound_MilkPump
Start Res atk.
No allow Res atk.
ParasiteCondition.
Tag is Fly
RollEyeGritTeeth
Spine Event : Sound_MilkPump
Deb org
Eff org
RollEyeOrgasm
Remove Enemy: Fly from List.
ParasiteCondition.
Tag is Fly
Spine Event : Sound_MilkPump
Spine Event : Sound_MilkPump
Spine Event : Sound_MilkPump
Remove Enemy: Fly from List.
Start Res atk.
No allow Res atk.
Spine Event : Sound_MilkPump
Spine Event : Sound_MilkPump
Adding Enemy: Fly to List.
Spine Event : Sound_MilkPump
Adding Enemy: Fly to List.
Spine Event : Sound_MilkPump
Spine Event : Sound_MilkPump
Start Res atk.
No allow Res atk.
ParasiteCondition.
Tag is Fly
Spine Event : Sound_MilkPump
Spine Event : Sound_MilkPump
Spine Event : Sound_MilkPump
Spine Event : Sound_MilkPump
Spine Event : Sound_MilkPump
Spine Event : Sound_MilkPump
Spine Event : Sound_MilkPump
Spine Event : Sound_MilkPump
Spine Event : Sound_MilkPump
Spine Event : Sound_MilkPump
Spine Event : Sound_MilkPump
Spine Event : Sound_MilkPump
Spine Event : Sound_MilkPump
Spine Event : Sound_MilkPump
Spine Event : Sound_MilkPump
Spine Event : Sound_MilkPump
CloseMenu
Spine Event : Sound_MilkPump
Spine Event : Sound_MilkPump
ParasiteCondition.
Tag is Fly
Spine Event : Sound_MilkPump
Succeed ResStrug
Remove Orgasm speed 0.02
Remove BreastEngorgement speed -0.005
Remove Orgasm speed 0.02
Remove BreastEngorgement speed -0.005
***PlayerSkeletonRendererObj (0.30, 0.81, 0.00)
Remove Enemy: Fly from List.
CumEffect Cum_Anal
ShyCloseEye
Chase
PullATK
ATKBox 1
ParasiteCondition.
Tag is Untagged
Player Start StruggleResIE
0
1
2
3
4
ShyCloseEye
Restraint
Remove Enemy: Fly from List.
Adding Enemy: Fly to List.
Succeed ResStrug
***PlayerSkeletonRendererObj (0.30, 0.81, 0.00)
Adding Enemy: Fly to List.
Remove Enemy: Fly from List.
Remove Enemy: Tentacle from List.
Remove Enemy: Fly from List.
Adding Enemy: Fly to List.
Remove Enemy: Fly from List.
Adding Enemy: Fly to List.
Remove Enemy: Fly from List.
Adding Enemy: Fly to List.
Change to Crawl.
CloseMenu
IE_FadeOut START
Unloading 7 Unused Serialized files (Serialized files now loaded: 0)
***Item (1)OnDisable
***T06002_EndLOnDisable
[PhysX] Initialized MultithreadedTaskDispatcher with 12 workers.
UnloadTime: 1.704000 ms
PCHCheck is True
Immortal Loss Beta 0.58.0, GameVersion is : Beta0.58.0, PCH is True.
startLoadJsonTime = 4930.516
endLoadJsoneTime = 4930.653
Loading Duation is = 0.1376953
***NPC_Villager_BlueOnEnable
***NPC_Villager_RedOnEnable
***NPC_Villager_GreyOnEnable
***NPC_BanditOnEnable
***T0106_HouseDoor2F_LOnEnable
***T0106_LeftEndOnEnable
***T0106_LeftDoorOnEnable
***T0106_AchHouseOnEnable
***T0106_HouseDoor2F_ROnEnable
***T0106_HouseDoor3F_MidOnEnable
***T0106_HouseDoor1F_LOnEnable
***T0106_RightEndOnEnable
***Lantern_0106_BlackBerryTownOnEnable
***NPC_SapphyraOnEnable
***NPC_Sapphyra_PseudoOnEnable
***NPC_FramboiseOnEnable
***ObtainItem_TearDropOnEnable
***ObtainDiscovery_SapphyraNote2OnEnable
***ObtainDiscovery_Tentacle reportOnEnable
***ObtainDiscovery_WantedLORDOnEnable
***ObtainDiscovery_Flyer1OnEnable
***ObtainDiscovery_NoneNameNote6OnEnable
GameManager Initialization Completed.
***NPC_BanditOnDisable
***NPC_SapphyraOnDisable
Lantern_0106_BlackBerryTown
Lantern_0106_BlackBerryTown (TransitionSetting)
Transfer to Lantern_0106_BlackBerryTown , location is: (2165.40, 173.47, 0.00)
Unloading 6534 unused Assets to reduce memory usage. Loaded Objects now: 83204.
Total: 54.937400 ms (FindLiveObjects: 4.463300 ms CreateObjectMapping: 2.772100 ms MarkObjects: 42.701700 ms  DeleteObjects: 5.000200 ms)

***IsRestraintArms False
***ObtainItem_TearDropOnDisable
***ObtainDiscovery_SapphyraNote2OnDisable
***ObtainDiscovery_Tentacle reportOnDisable
***ObtainDiscovery_WantedLORDOnDisable
***ObtainDiscovery_Flyer1OnDisable
***ObtainDiscovery_NoneNameNote6OnDisable
Change to Stand.
Change to Crawl.
ℹ️ 傳入的 FirstArriveBlackBerryDale 小於或等於目前的 FirstArriveZinniaStreet，不更新
RollEyeGritTeeth
Change to Stand.
Open NPC Function
Wait for walking
isInTimeLineStandBy
Have Open this lantern.
Wait for walking
isInTimeLineWalk
Wait for turning
isInTimeLineStandBy
Wait for IE_FadeIn
IE_FadeOut START
Unloading 15 Unused Serialized files (Serialized files now loaded: 0)
***Lantern_0106_BlackBerryTownOnDisable
***NPC_Villager_GreyOnDisable
***T0106_LeftDoorOnDisable
***T0106_HouseDoor1F_LOnDisable
***T0106_HouseDoor2F_LOnDisable
***T0106_HouseDoor2F_ROnDisable
***T0106_HouseDoor3F_MidOnDisable
***T0106_RightEndOnDisable
***T0106_LeftEndOnDisable
***T0106_AchHouseOnDisable
***NPC_Villager_BlueOnDisable
***NPC_Villager_RedOnDisable
***NPC_FramboiseOnDisable
***NPC_Sapphyra_PseudoOnDisable
[PhysX] Initialized MultithreadedTaskDispatcher with 12 workers.
UnloadTime: 1.129700 ms
PCHCheck is True
Immortal Loss Beta 0.58.0, GameVersion is : Beta0.58.0, PCH is True.
startLoadJsonTime = 4945.018
endLoadJsoneTime = 4945.158
Loading Duation is = 0.1401367
***T0407_EndLOnEnable
***T0407_EndROnEnable
***LanternObject_S0407OnEnable
***TriggerEventOnEnable
GameManager Initialization Completed.
Lantern_0407_NightshadeCaves
LanternObject_S0407 (TransitionSetting)
Transfer to LanternObject_S0407 , location is: (5808.94, -317.08, 0.00)
Unloading 37937 unused Assets to reduce memory usage. Loaded Objects now: 48072.
Total: 63.932200 ms (FindLiveObjects: 4.176800 ms CreateObjectMapping: 3.168600 ms MarkObjects: 30.126300 ms  DeleteObjects: 26.460200 ms)

***IsRestraintArms False
***TriggerEventOnDisable
IE_FadeOut START
Unloading 15 Unused Serialized files (Serialized files now loaded: 0)
***T0407_EndROnDisable
***T0407_EndLOnDisable
***LanternObject_S0407OnDisable
[PhysX] Initialized MultithreadedTaskDispatcher with 12 workers.
UnloadTime: 0.699500 ms
PCHCheck is True
Immortal Loss Beta 0.58.0, GameVersion is : Beta0.58.0, PCH is True.
startLoadJsonTime = 4949.54
endLoadJsoneTime = 4949.679
Loading Duation is = 0.1391602
***T0403_EndROnEnable
***T0403_DoorOnEnable
***T0403_EndLOnEnable
***T0403_EndDOnEnable
***Item (2)OnEnable
***ItemOnEnable
***Item (1)OnEnable
GameManager Initialization Completed.
T0403_EndR
T0403_EndR (TransitionSetting)
Transfer to T0403_EndR , location is: (5735.33, -327.76, 0.00)
Unloading 2848 unused Assets to reduce memory usage. Loaded Objects now: 52957.
Total: 35.590900 ms (FindLiveObjects: 2.961300 ms CreateObjectMapping: 1.590000 ms MarkObjects: 28.829700 ms  DeleteObjects: 2.209600 ms)

***IsRestraintArms False
***Item (2)OnDisable
***ItemOnDisable
IE_FadeOut START
Unloading 21 Unused Serialized files (Serialized files now loaded: 0)
***Item (1)OnDisable
***T0403_EndLOnDisable
***T0403_EndDOnDisable
***T0403_EndROnDisable
***T0403_DoorOnDisable
[PhysX] Initialized MultithreadedTaskDispatcher with 12 workers.
UnloadTime: 1.042600 ms
PCHCheck is True
Immortal Loss Beta 0.58.0, GameVersion is : Beta0.58.0, PCH is True.
startLoadJsonTime = 4956.369
endLoadJsoneTime = 4956.512
Loading Duation is = 0.1425781
***T0404_DoorOnEnable
***T0404_EndUOnEnable
***T0404_EndLUOnEnable
***T0404_EndLDOnEnable
***NPC_InjuredNPCOnEnable
***TreasureChest_SleepyGasOnEnable
***ItemOnEnable
***Item (1)OnEnable
GameManager Initialization Completed.
***NPC_InjuredNPCOnDisable
T0404_EndU
T0404_EndU (TransitionSetting)
Transfer to T0404_EndU , location is: (5543.70, -438.30, 0.00)
Unloading 579 unused Assets to reduce memory usage. Loaded Objects now: 54740.
Total: 34.604100 ms (FindLiveObjects: 2.911400 ms CreateObjectMapping: 1.560600 ms MarkObjects: 29.569800 ms  DeleteObjects: 0.562000 ms)

***IsRestraintArms False
***ItemOnDisable
***Item (1)OnDisable
IE_FadeOut START
Unloading 15 Unused Serialized files (Serialized files now loaded: 0)
***T0404_EndUOnDisable
***T0404_EndLUOnDisable
***T0404_EndLDOnDisable
***T0404_DoorOnDisable
***TreasureChest_SleepyGasOnDisable
[PhysX] Initialized MultithreadedTaskDispatcher with 12 workers.
UnloadTime: 1.672800 ms
PCHCheck is True
Immortal Loss Beta 0.58.0, GameVersion is : Beta0.58.0, PCH is True.
startLoadJsonTime = 4964.55
endLoadJsoneTime = 4964.691
Loading Duation is = 0.1411133
***T0405_EndRUOnEnable
***T0405_EndRDOnEnable
GameManager Initialization Completed.
T0405_EndRU
T0405_EndRU (TransitionSetting)
Transfer to T0405_EndRU , location is: (5377.00, -532.10, 0.00)
Unloading 2784 unused Assets to reduce memory usage. Loaded Objects now: 51570.
Total: 35.474900 ms (FindLiveObjects: 2.728500 ms CreateObjectMapping: 1.474000 ms MarkObjects: 29.050600 ms  DeleteObjects: 2.221000 ms)

***IsRestraintArms False
Adding Enemy: Lustbloom to List.
Remove Enemy: Lustbloom from List.
RollEyeGritTeeth
Adding Enemy: Lustbloom to List.
Remove Enemy: Lustbloom from List.
Projectile hits wall and destroy.
Projectile hits wall and destroy.
Deb org
Eff org
RollEyeOrgasm
Adding Enemy: Lustbloom to List.
Adding Enemy: Lustbloom to List.
ParasiteCondition.
Tag is LustBloom
ParasiteCondition: LustBloom.
AddingParaToBreast Lustbloom Lustbloom_Prefab (12) (Enemy_Lustbloom)
RollEyeOrgasm
AttackAddtionEvent_LustBloom
ParasiteCondition.
Tag is NakedATK
AttackAddtionEvent_LustBloom
CumEffect Cum_Anal
ShyCloseEye
ParasiteCondition.
Tag is NakedATK
AttackAddtionEvent_LustBloom
Deb Lust
Eff Lust
RollEyeOrgasm
RollEyeOrgasm
RollEyeOrgasm
ParasiteCondition.
Tag is NakedATK
AttackAddtionEvent_LustBloom
Set Lust speed 0
Set Lust speed 0
Normal/Emotion/Normal_CloseEyes_Blush_Teeth_Cloth_3
Normal/Emotion/Normal_CloseEyes_Blush_Teeth_Cloth_3
Set Lust speed 0
Set Lust speed 0
Deb org
Eff org
RollEyeOrgasm
Adding Enemy: Lustbloom to List.
Remove Enemy: Lustbloom from List.
Adding Enemy: Lustbloom to List.
ParasiteCondition.
Tag is NakedATK
AttackAddtionEvent_LustBloom
ParasiteCondition.
Tag is NakedATK
AttackAddtionEvent_LustBloom
Remove Enemy: Lustbloom from List.
Adding Enemy: Lustbloom to List.
Remove Enemy: Lustbloom from List.
ParasiteCondition.
Tag is NakedATK
AttackAddtionEvent_LustBloom
Deb Lust
Eff Lust
RollEyeOrgasm
RollEyeOrgasm
Set Lust speed 0
Deb org
Eff org
RollEyeOrgasm
Set Lust speed 0
Set Lust speed 0
Adding Enemy: Lustbloom to List.
ParasiteCondition.
Tag is NakedATK
AttackAddtionEvent_LustBloom
Set Lust speed 0
ParasiteCondition.
Tag is NakedATK
AttackAddtionEvent_LustBloom
Deb Lust
Eff Lust
RollEyeOrgasm
RollEyeOrgasm
Start End
EndSceneTrigger.LustBloom
CGCondition_LustBloom_State  0
*** IEFadetoChangeBGM toBGM_H02
BGMAuidoSource.volume 0.1
Set Lust speed 0
沒有可用的 SE AudioSource 供播放。
沒有可用的 SE AudioSource 供播放。
沒有可用的 SE AudioSource 供播放。
StartScreenBlink time: 0.5 Color: RGBA(1.000, 1.000, 1.000, 1.000)
StartScreenBlink time: 0.5 Color: RGBA(1.000, 1.000, 1.000, 1.000)
StartScreenBlink time: 0.5 Color: RGBA(1.000, 1.000, 1.000, 1.000)
StartScreenBlink time: 0.5 Color: RGBA(1.000, 1.000, 1.000, 1.000)
StartScreenBlink time: 0.5 Color: RGBA(1.000, 1.000, 1.000, 1.000)
IE_FadeOut START
IE_FadeOut START
CustomSequence.End_NoLyingEnd
Player Start StruggleLyingIE
*** IEFadetoChangeBGM toBGM_TentacleNest
BGMAuidoSource.volume 0.1
RollEyeGritTeeth
CumEffect Cum_Anal
RollEyeGritTeeth
IE_FadeOut START
Unloading 21 Unused Serialized files (Serialized files now loaded: 0)
***T0405_EndRUOnDisable
***T0405_EndRDOnDisable
[PhysX] Initialized MultithreadedTaskDispatcher with 12 workers.
UnloadTime: 0.990700 ms
PCHCheck is True
Immortal Loss Beta 0.58.0, GameVersion is : Beta0.58.0, PCH is True.
startLoadJsonTime = 5033.45
endLoadJsoneTime = 5033.589
Loading Duation is = 0.1391602
***T0404_DoorOnEnable
***T0404_EndUOnEnable
***T0404_EndLUOnEnable
***T0404_EndLDOnEnable
***NPC_InjuredNPCOnEnable
***TreasureChest_SleepyGasOnEnable
***ItemOnEnable
***Item (1)OnEnable
GameManager Initialization Completed.
***NPC_InjuredNPCOnDisable
T0404_EndLD
T0404_EndLD (TransitionSetting)
Transfer to T0404_EndLD , location is: (5379.31, -590.10, 0.00)
Unloading 111 unused Assets to reduce memory usage. Loaded Objects now: 54760.
Total: 33.426200 ms (FindLiveObjects: 2.902800 ms CreateObjectMapping: 1.447000 ms MarkObjects: 28.879200 ms  DeleteObjects: 0.197000 ms)

***IsRestraintArms False
***ItemOnDisable
***Item (1)OnDisable
Deb org
Eff org
RollEyeOrgasm
IE_FadeOut START
Unloading 15 Unused Serialized files (Serialized files now loaded: 0)
***T0404_EndUOnDisable
***T0404_EndLUOnDisable
***T0404_EndLDOnDisable
***T0404_DoorOnDisable
***TreasureChest_SleepyGasOnDisable
[PhysX] Initialized MultithreadedTaskDispatcher with 12 workers.
UnloadTime: 1.580100 ms
PCHCheck is True
Immortal Loss Beta 0.58.0, GameVersion is : Beta0.58.0, PCH is True.
startLoadJsonTime = 5037.771
endLoadJsoneTime = 5037.911
Loading Duation is = 0.1396484
***T0405_EndRUOnEnable
***T0405_EndRDOnEnable
GameManager Initialization Completed.
T0405_EndRD
T0405_EndRD (TransitionSetting)
Transfer to T0405_EndRD , location is: (5377.00, -590.20, 0.00)
Unloading 2732 unused Assets to reduce memory usage. Loaded Objects now: 51562.
Total: 35.448200 ms (FindLiveObjects: 2.801600 ms CreateObjectMapping: 1.497700 ms MarkObjects: 28.987600 ms  DeleteObjects: 2.160700 ms)

***IsRestraintArms False
Adding Enemy: Lustbloom to List.
Remove Enemy: Lustbloom from List.
Adding Enemy: Lustbloom to List.
Remove Enemy: Lustbloom from List.
LedgeDetected!     is Wall
***GameManager.Instance.playerAnimation.ClimbPoint.position (5314.18, -556.64, 0.00)
Adding Enemy: Lustbloom to List.
ParasiteCondition.
Tag is LustBloom
ParasiteCondition: LustBloom.
Remove Enemy: Lustbloom from List.
Adding Enemy: Lustbloom to List.
Remove Enemy: Lustbloom from List.
LedgeDetected!     is Wall
***GameManager.Instance.playerAnimation.ClimbPoint.position (5314.18, -556.69, 0.00)
LedgeDetected!     is Wall
***GameManager.Instance.playerAnimation.ClimbPoint.position (5332.10, -529.51, 0.00)
Adding Enemy: Lustbloom to List.
Remove Enemy: Lustbloom from List.
Adding Enemy: Lustbloom to List.
Remove Enemy: Lustbloom from List.
IE_FadeOut START
Unloading 21 Unused Serialized files (Serialized files now loaded: 0)
***T0405_EndRUOnDisable
***T0405_EndRDOnDisable
[PhysX] Initialized MultithreadedTaskDispatcher with 12 workers.
UnloadTime: 1.006400 ms
PCHCheck is True
Immortal Loss Beta 0.58.0, GameVersion is : Beta0.58.0, PCH is True.
startLoadJsonTime = 5051.596
endLoadJsoneTime = 5051.731
Loading Duation is = 0.1352539
***T0404_DoorOnEnable
***T0404_EndUOnEnable
***T0404_EndLUOnEnable
***T0404_EndLDOnEnable
***NPC_InjuredNPCOnEnable
***TreasureChest_SleepyGasOnEnable
***ItemOnEnable
***Item (1)OnEnable
GameManager Initialization Completed.
***NPC_InjuredNPCOnDisable
T0404_EndLU
T0404_EndLU (TransitionSetting)
Transfer to T0404_EndLU , location is: (5379.31, -531.71, 0.00)
Unloading 101 unused Assets to reduce memory usage. Loaded Objects now: 54779.
Total: 32.802600 ms (FindLiveObjects: 2.776400 ms CreateObjectMapping: 1.579500 ms MarkObjects: 28.281000 ms  DeleteObjects: 0.165400 ms)

***IsRestraintArms False
***ItemOnDisable
***Item (1)OnDisable
LedgeDetected!     is Pene Up
***GameManager.Instance.playerAnimation.ClimbPoint.position (5498.61, -517.78, 0.00)
Deb Lust
Eff Lust
RollEyeOrgasm
RollEyeOrgasm
RollEyeOrgasm
Set Lust speed 0
Deb org
Eff org
RollEyeOrgasm
RollEyeGritTeeth
RollEyeGritTeeth
RollEyeGritTeeth
RollEyeGritTeeth
LedgeDetected!     is Wall
***GameManager.Instance.playerAnimation.ClimbPoint.position (5589.61, -530.14, 0.00)
Adding Enemy: Lustbloom to List.
Remove Enemy: Lustbloom from List.
Adding Enemy: Lustbloom to List.
Adding Enemy: Lustbloom to List.
Remove Enemy: Lustbloom from List.
Remove Enemy: Lustbloom from List.
Adding Enemy: Lustbloom to List.
CumEffect Cum_Anal
ShyCloseEye
Remove Enemy: Lustbloom from List.
Adding Enemy: Lustbloom to List.
Remove Enemy: Lustbloom from List.
Adding Enemy: Lustbloom to List.
Remove Enemy: Lustbloom from List.
Adding Enemy: Lustbloom to List.
Projectile hits wall and destroy.
Projectile hits wall and destroy.
Adding Enemy: Lustbloom to List.
Remove Enemy: Lustbloom from List.
Remove Enemy: Lustbloom from List.
Adding Enemy: Lustbloom to List.
Remove Enemy: Lustbloom from List.
Adding Enemy: Lustbloom to List.
Remove Enemy: Lustbloom from List.
Projectile hits wall and destroy.
Projectile hits wall and destroy.
Adding Enemy: Lustbloom to List.
Remove Enemy: Lustbloom from List.
Adding Enemy: Lustbloom to List.
Remove Enemy: Lustbloom from List.
Adding Enemy: Lustbloom to List.
Remove Enemy: Lustbloom from List.
Set Lust speed 0
Set Lust speed 0
Adding Enemy: Lustbloom to List.
Remove Enemy: Lustbloom from List.
Projectile hits wall and destroy.
Projectile hits wall and destroy.
Adding Enemy: Lustbloom to List.
Remove Enemy: Lustbloom from List.
Adding Enemy: Lustbloom to List.
Remove Enemy: Lustbloom from List.
Adding Enemy: CrawlingColza to List.
EnterNormalATK
EnterNormalATK
Adding Enemy: Lustbloom to List.
Remove Enemy: Lustbloom from List.
Remove Enemy: CrawlingColza from List.
Adding Enemy: CrawlingColza to List.
ParasiteCondition.
Tag is CrawlingColza
AddingParaToOral CrawlingColza
Adding Enemy: Lustbloom to List.
Remove Enemy: Lustbloom from List.
RollEyeGritTeeth
Adding Enemy: Lustbloom to List.
Remove Enemy: Lustbloom from List.
Adding Enemy: Lustbloom to List.
Adding Enemy: Lustbloom to List.
Remove Enemy: Lustbloom from List.
Remove Enemy: Lustbloom from List.
Adding Enemy: Lustbloom to List.
Adding Enemy: Lustbloom to List.
Remove Enemy: Lustbloom from List.
Remove Enemy: Lustbloom from List.
Projectile hits wall and destroy.
Projectile hits wall and destroy.
Projectile hits wall and destroy.
Projectile hits wall and destroy.
Projectile hits wall and destroy.
Projectile hits wall and destroy.
Projectile hits wall and destroy.
Projectile hits wall and destroy.
Adding Enemy: CrawlingColza to List.
EnterNormalATK
Adding Enemy: CrawlingColza to List.
EnterNormalATK
EnterNormalATK
EnterNormalATK
EnterNormalATK
EnterNormalATK
ParasiteCondition.
Tag is CrawlingColza
CrawlingColza para. random failed.
Remove Enemy: CrawlingColza from List.
Adding Enemy: CrawlingColza to List.
CumEffect Cum_Anal
ShyCloseEye
ParasiteCondition.
Tag is CrawlingColza
EnterNormalATK
EnterNormalATK
EnterNormalATK
EnterNormalATK
EnterNormalATK
EnterNormalATK
EnterNormalATK
Remove Enemy: CrawlingColza from List.
Adding Enemy: CrawlingColza to List.
Remove Enemy: CrawlingColza from List.
Adding Enemy: CrawlingColza to List.
ParasiteCondition.
Tag is CrawlingColza
CrawlingColza para. random failed.
EnterNormalATK
EnterNormalATK
EnterNormalATK
ParasiteCondition.
Tag is CrawlingColza
Remove Enemy: CrawlingColza from List.
Adding Enemy: CrawlingColza to List.
Remove Enemy: CrawlingColza from List.
Adding Enemy: CrawlingColza to List.
ParasiteCondition.
Tag is CrawlingColza
CrawlingColza para. random failed.
EnterNormalATK
EnterNormalATK
EnterNormalATK
EnterNormalATK
Remove Enemy: CrawlingColza from List.
Adding Enemy: CrawlingColza to List.
ParasiteCondition.
Tag is CrawlingColza
CrawlingColza para. random failed.
EnterNormalATK
EnterNormalATK
EnterNormalATK
EnterNormalATK
EnterNormalATK
ParasiteCondition.
Tag is CrawlingColza
Remove Enemy: CrawlingColza from List.
Adding Enemy: CrawlingColza to List.
ParasiteCondition.
Tag is CrawlingColza
EnterNormalATK
EnterNormalATK
EnterNormalATK
EnterNormalATK
EnterNormalATK
EnterNormalATK
EnterNormalATK
EnterNormalATK
EnterNormalATK
EnterNormalATK
EnterNormalATK
Remove Enemy: CrawlingColza from List.
Adding Enemy: CrawlingColza to List.
ParasiteCondition.
Tag is CrawlingColza
CrawlingColza para. random failed.
EnterNormalATK
EnterNormalATK
EnterNormalATK
ParasiteCondition.
Tag is CrawlingColza
Remove Enemy: CrawlingColza from List.
Adding Enemy: CrawlingColza to List.
EnterNormalATK
EnterNormalATK
EnterNormalATK
EnterNormalATK
ParasiteCondition.
Tag is CrawlingColza
AddingParaToVaginal CrawlingColza
ParasiteCondition.
Tag is CrawlingColza
CrawlingColza para. random failed.
EnterNormalATK
Remove Enemy: CrawlingColza from List.
Deb org
Eff org
RollEyeOrgasm
Deb Lust
Eff Lust
RollEyeOrgasm
RollEyeOrgasm
Set Lust speed 0
RollEyeGritTeeth
RollEyeGritTeeth
Deb org
Eff org
RollEyeOrgasm
Adding Enemy: CrawlingColza to List.
EnterNormalATK
EnterNormalATK
ParasiteCondition.
Tag is CrawlingColza
Player Start StruggleLyingIE
Start End
IE_FadeOut START
CumEffect Cum_Oral
ShyCloseEye
ChangeSkinSet2
Remove Enemy: CrawlingColza from List.
Adding Enemy: CrawlingColza to List.
*** IEFadetoChangeBGM toCursedMusicBox
BGMAuidoSource.volume 0.1
***PlayerSkeletonRendererObj (0.30, 0.81, 0.00)
Unloading 13 Unused Serialized files (Serialized files now loaded: 0)
***TreasureChest_SleepyGasOnDisable
***T0404_EndUOnDisable
***T0404_EndLUOnDisable
***T0404_EndLDOnDisable
***T0404_DoorOnDisable
[PhysX] Initialized MultithreadedTaskDispatcher with 12 workers.
UnloadTime: 1.995100 ms
PCHCheck is True
Immortal Loss Beta 0.58.0, GameVersion is : Beta0.58.0, PCH is True.
startLoadJsonTime = 5125.769
endLoadJsoneTime = 5125.911
Loading Duation is = 0.1425781
***T0402_DoorOnEnable
***Finding (1)OnEnable
GameManager Initialization Completed.
S0402_WakeUpPoint
S402_TransitionTarget (TransitionSetting)
Transfer to S402_TransitionTarget , location is: (5083.10, -494.30, 0.00)
Unloading 7218 unused Assets to reduce memory usage. Loaded Objects now: 48108.
Total: 38.943500 ms (FindLiveObjects: 2.774700 ms CreateObjectMapping: 1.490300 ms MarkObjects: 29.117900 ms  DeleteObjects: 5.560300 ms)

***IsRestraintArms False
***Finding (1)OnDisable
Remove Orgasm speed 0.01
Remove Orgasm speed 0.03
*** IEFadetoChangeBGM toBGM_H01
BGMAuidoSource.volume 0.1
AddingParaToOral CrawlingColza
StartScreenBlink time: 0.5 Color: RGBA(1.000, 1.000, 1.000, 1.000)
沒有可用的 SE AudioSource 供播放。
沒有可用的 SE AudioSource 供播放。
沒有可用的 SE AudioSource 供播放。
StartScreenBlink time: 0.5 Color: RGBA(1.000, 1.000, 1.000, 1.000)
StartScreenBlink time: 0.5 Color: RGBA(1.000, 1.000, 1.000, 1.000)
StartScreenBlink time: 0.5 Color: RGBA(1.000, 1.000, 1.000, 1.000)
StartScreenBlink time: 0.5 Color: RGBA(1.000, 1.000, 1.000, 1.000)
沒有可用的 SE AudioSource 供播放。
沒有可用的 SE AudioSource 供播放。
沒有可用的 SE AudioSource 供播放。
沒有可用的 SE AudioSource 供播放。
StartScreenBlink time: 0.5 Color: RGBA(1.000, 1.000, 1.000, 1.000)
StartScreenBlink time: 0.5 Color: RGBA(1.000, 1.000, 1.000, 1.000)
StartScreenBlink time: 0.5 Color: RGBA(1.000, 1.000, 1.000, 1.000)
IE_FadeOut START
*** IEFadetoChangeBGM toBGM_TentacleNest
***PlayerSkeletonRendererObj (0.30, 0.81, 0.00)
Player Start StruggleLyingIE
Adding Enemy: Lustbloom to List.
RollEyeGritTeeth
BGMAuidoSource.volume 0.1
RollEyeGritTeeth
RollEyeGritTeeth
RollEyeGritTeeth
RollEyeGritTeeth
RollEyeGritTeeth
26
ParasiteCondition.
Tag is LustBloom
ParasiteCondition: LustBloom.
AddingParaToBreast Lustbloom Lustbloom_Prefab(Clone) (Enemy_Lustbloom)
CumEffect Cum_Anal
ShyCloseEye
ShyCloseEye
CanExecuteCancel True
CanExecuteCancel False
CanExecuteCancel True
CloseMenu
RollEyeGritTeeth
20
Change to Crawl.
12
RollEyeGritTeeth
Adding Enemy: CrawlingColza to List.
EnterNormalATK
Remove Enemy: CrawlingColza from List.
Adding Enemy: CrawlingColza to List.
ParasiteCondition.
Tag is CrawlingColza
CrawlingColza para. random failed.
EnterNormalATK
ParasiteCondition.
Tag is CrawlingColza
CrawlingColza para. random failed.
RollEyeGritTeeth
RollEyeGritTeeth
CumEffect Cum_Oral
ShyCloseEye
EnterNormalATK
EnterNormalATK
EnterNormalATK
EnterNormalATK
EnterNormalATK
ParasiteCondition.
Tag is CrawlingColza
AddingParaToVaginal CrawlingColza
ShyCloseEye
5
RollEyeGritTeeth
RollEyeGritTeeth
RollEyeGritTeeth
RollEyeGritTeeth
CumEffect Cum_Anal
ShyCloseEye
EnterNormalATK
RollEyeGritTeeth
Change to Stand.
RollEyeGritTeeth
Deb org
Eff org
RollEyeOrgasm
0
0
CanExecuteCancel True
CanExecuteCancel False
CanExecuteCancel False
CanExecuteCancel True
IE_FadeOut START
Unloading 7 Unused Serialized files (Serialized files now loaded: 0)
***T0402_DoorOnDisable
[PhysX] Initialized MultithreadedTaskDispatcher with 12 workers.
UnloadTime: 4.730800 ms
PCHCheck is True
Immortal Loss Beta 0.58.0, GameVersion is : Beta0.58.0, PCH is True.
startLoadJsonTime = 5197.856
endLoadJsoneTime = 5197.993
Loading Duation is = 0.1367188
***NPC_Villager_BlueOnEnable
***NPC_Villager_RedOnEnable
***NPC_Villager_GreyOnEnable
***NPC_BanditOnEnable
***T0106_HouseDoor2F_LOnEnable
***T0106_LeftEndOnEnable
***T0106_LeftDoorOnEnable
***T0106_AchHouseOnEnable
***T0106_HouseDoor2F_ROnEnable
***T0106_HouseDoor3F_MidOnEnable
***T0106_HouseDoor1F_LOnEnable
***T0106_RightEndOnEnable
***Lantern_0106_BlackBerryTownOnEnable
***NPC_SapphyraOnEnable
***NPC_Sapphyra_PseudoOnEnable
***NPC_FramboiseOnEnable
***ObtainItem_TearDropOnEnable
***ObtainDiscovery_SapphyraNote2OnEnable
***ObtainDiscovery_Tentacle reportOnEnable
***ObtainDiscovery_WantedLORDOnEnable
***ObtainDiscovery_Flyer1OnEnable
***ObtainDiscovery_NoneNameNote6OnEnable
GameManager Initialization Completed.
***NPC_BanditOnDisable
***NPC_SapphyraOnDisable
Lantern_0106_BlackBerryTown
Lantern_0106_BlackBerryTown (TransitionSetting)
Transfer to Lantern_0106_BlackBerryTown , location is: (2165.40, 173.47, 0.00)
Unloading 3062 unused Assets to reduce memory usage. Loaded Objects now: 83309.
Total: 52.171200 ms (FindLiveObjects: 4.222200 ms CreateObjectMapping: 2.667100 ms MarkObjects: 42.784300 ms  DeleteObjects: 2.497400 ms)

***IsRestraintArms False
***ObtainItem_TearDropOnDisable
***ObtainDiscovery_SapphyraNote2OnDisable
***ObtainDiscovery_Tentacle reportOnDisable
***ObtainDiscovery_WantedLORDOnDisable
***ObtainDiscovery_Flyer1OnDisable
***ObtainDiscovery_NoneNameNote6OnDisable
ℹ️ 傳入的 FirstArriveBlackBerryDale 小於或等於目前的 FirstArriveZinniaStreet，不更新
21
LedgeDetected!     is Wall
***GameManager.Instance.playerAnimation.ClimbPoint.position (2321.83, 234.41, 0.00)
IE_FadeOut START
Unloading 9 Unused Serialized files (Serialized files now loaded: 0)
***NPC_Villager_BlueOnDisable
***NPC_FramboiseOnDisable
***Lantern_0106_BlackBerryTownOnDisable
***T0106_LeftDoorOnDisable
***T0106_HouseDoor1F_LOnDisable
***T0106_HouseDoor2F_LOnDisable
***T0106_HouseDoor2F_ROnDisable
***T0106_HouseDoor3F_MidOnDisable
***T0106_RightEndOnDisable
***T0106_LeftEndOnDisable
***T0106_AchHouseOnDisable
***NPC_Villager_GreyOnDisable
***NPC_Villager_RedOnDisable
***NPC_Sapphyra_PseudoOnDisable
[PhysX] Initialized MultithreadedTaskDispatcher with 12 workers.
UnloadTime: 1.154800 ms
PCHCheck is True
Immortal Loss Beta 0.58.0, GameVersion is : Beta0.58.0, PCH is True.
startLoadJsonTime = 5207.358
endLoadJsoneTime = 5207.499
Loading Duation is = 0.140625
***T0108_ExitDoorOnEnable
***NPC_BaneberisOnEnable
***LockDoorTempOnEnable
GameManager Initialization Completed.
T0108_ExitDoor
T0108_ExitDoor (TransitionSetting)
Transfer to T0108_ExitDoor , location is: (2297.00, 239.00, 0.00)
Unloading 37561 unused Assets to reduce memory usage. Loaded Objects now: 49685.
Total: 62.291700 ms (FindLiveObjects: 4.279200 ms CreateObjectMapping: 2.911300 ms MarkObjects: 28.542600 ms  DeleteObjects: 26.558300 ms)

***IsRestraintArms False
RollEyeGritTeeth
13
RollEyeGritTeeth
RollEyeGritTeeth
RollEyeGritTeeth
Open NPC Function
Wait for walking
isInTimeLineDash
Wait for turning
Wait for IE_FadeIn
CanExecuteCancel True
CanExecuteCancel False
CanExecuteCancel True
CanExecuteCancel False
CanExecuteCancel True
CloseMenu
CumEffect Cum_Anal
ShyCloseEye
RollEyeGritTeeth
RollEyeGritTeeth
RollEyeGritTeeth
RollEyeGritTeeth
CumEffect Cum_Vaginal
ShyCloseEye
8
default
RollEyeGritTeeth
RollEyeGritTeeth
Deb org
Eff org
RollEyeOrgasm
LedgeDetected!     is Wall
***GameManager.Instance.playerAnimation.ClimbPoint.position (2295.33, 184.31, 0.00)
CumEffect Cum_Oral
ShyCloseEye
3
RollEyeGritTeeth
Deb Lust
Eff Lust
RollEyeOrgasm
RollEyeOrgasm
Set Lust speed 0
Deb org
Eff org
RollEyeOrgasm
LedgeDetected!     is Wall
***GameManager.Instance.playerAnimation.ClimbPoint.position (2293.14, 216.51, 0.00)
LedgeDetected!     is Pene Up
***GameManager.Instance.playerAnimation.ClimbPoint.position (2286.96, 230.88, 0.00)
0
RollEyeGritTeeth
IE_FadeOut START
Unloading 7 Unused Serialized files (Serialized files now loaded: 0)
***T0108_ExitDoorOnDisable
***LockDoorTempOnDisable
***NPC_BaneberisOnDisable
[PhysX] Initialized MultithreadedTaskDispatcher with 12 workers.
UnloadTime: 0.755500 ms
PCHCheck is True
Immortal Loss Beta 0.58.0, GameVersion is : Beta0.58.0, PCH is True.
startLoadJsonTime = 5253.896
endLoadJsoneTime = 5254.034
Loading Duation is = 0.1381836
***NPC_Villager_BlueOnEnable
***NPC_Villager_RedOnEnable
***NPC_Villager_GreyOnEnable
***NPC_BanditOnEnable
***T0106_HouseDoor2F_LOnEnable
***T0106_LeftEndOnEnable
***T0106_LeftDoorOnEnable
***T0106_AchHouseOnEnable
***T0106_HouseDoor2F_ROnEnable
***T0106_HouseDoor3F_MidOnEnable
***T0106_HouseDoor1F_LOnEnable
***T0106_RightEndOnEnable
***Lantern_0106_BlackBerryTownOnEnable
***NPC_SapphyraOnEnable
***NPC_Sapphyra_PseudoOnEnable
***NPC_FramboiseOnEnable
***ObtainItem_TearDropOnEnable
***ObtainDiscovery_SapphyraNote2OnEnable
***ObtainDiscovery_Tentacle reportOnEnable
***ObtainDiscovery_WantedLORDOnEnable
***ObtainDiscovery_Flyer1OnEnable
***ObtainDiscovery_NoneNameNote6OnEnable
GameManager Initialization Completed.
***NPC_BanditOnDisable
***NPC_SapphyraOnDisable
T0106_AchHouse
T0106_AchHouse (TransitionSetting)
Transfer to T0106_AchHouse , location is: (2297.00, 243.00, 0.00)
Unloading 4783 unused Assets to reduce memory usage. Loaded Objects now: 83415.
Total: 40.032400 ms (FindLiveObjects: 3.923400 ms CreateObjectMapping: 2.560700 ms MarkObjects: 29.763200 ms  DeleteObjects: 3.784800 ms)

***IsRestraintArms False
RollEyeGritTeeth
RollEyeGritTeeth
***ObtainItem_TearDropOnDisable
***ObtainDiscovery_SapphyraNote2OnDisable
***ObtainDiscovery_Tentacle reportOnDisable
***ObtainDiscovery_WantedLORDOnDisable
***ObtainDiscovery_Flyer1OnDisable
***ObtainDiscovery_NoneNameNote6OnDisable
ℹ️ 傳入的 FirstArriveBlackBerryDale 小於或等於目前的 FirstArriveZinniaStreet，不更新
RollEyeGritTeeth
RollEyeGritTeeth
RollEyeGritTeeth
RollEyeGritTeeth
RollEyeGritTeeth
CumEffect Cum_Anal
ShyCloseEye
RollEyeGritTeeth
24
IE_FadeOut START
Unloading 6 Unused Serialized files (Serialized files now loaded: 0)
***NPC_Villager_BlueOnDisable
***NPC_Villager_RedOnDisable
***T0106_LeftDoorOnDisable
***T0106_HouseDoor1F_LOnDisable
***T0106_HouseDoor2F_LOnDisable
***T0106_HouseDoor2F_ROnDisable
***T0106_HouseDoor3F_MidOnDisable
***T0106_RightEndOnDisable
***T0106_LeftEndOnDisable
***T0106_AchHouseOnDisable
***NPC_Villager_GreyOnDisable
***NPC_FramboiseOnDisable
***NPC_Sapphyra_PseudoOnDisable
***Lantern_0106_BlackBerryTownOnDisable
[PhysX] Initialized MultithreadedTaskDispatcher with 12 workers.
UnloadTime: 1.080700 ms
PCHCheck is True
Immortal Loss Beta 0.58.0, GameVersion is : Beta0.58.0, PCH is True.
startLoadJsonTime = 5263.478
endLoadJsoneTime = 5263.62
Loading Duation is = 0.1420898
***T0104_LockFloorDoorOnEnable
***T0104_LeftDoorOnEnable
***T0104_RightDoorOnEnable
***T0104_UpDoorOnEnable
***MultiSwitchOnEnable
GameManager Initialization Completed.
T0104_UpDoor
T0104_UpDoor (TransitionSetting)
Transfer to T0104_UpDoor , location is: (2055.00, 174.00, 0.00)
Unloading 37606 unused Assets to reduce memory usage. Loaded Objects now: 49337.
Total: 63.230100 ms (FindLiveObjects: 4.143200 ms CreateObjectMapping: 3.013000 ms MarkObjects: 29.608200 ms  DeleteObjects: 26.465300 ms)

***IsRestraintArms False
RollEyeGritTeeth
RollEyeGritTeeth
RollEyeGritTeeth
LedgeDetected!     is Pene
***GameManager.Instance.playerAnimation.ClimbPoint.position (2042.61, 19.03, 0.00)
RollEyeGritTeeth
RollEyeGritTeeth
IE_FadeOut START
Unloading 9 Unused Serialized files (Serialized files now loaded: 0)
***T0104_LockFloorDoorOnDisable
***T0104_RightDoorOnDisable
***T0104_LeftDoorOnDisable
***T0104_UpDoorOnDisable
***MultiSwitchOnDisable
[PhysX] Initialized MultithreadedTaskDispatcher with 12 workers.
UnloadTime: 0.720300 ms
PCHCheck is True
Immortal Loss Beta 0.58.0, GameVersion is : Beta0.58.0, PCH is True.
startLoadJsonTime = 5271.022
endLoadJsoneTime = 5271.164
Loading Duation is = 0.1416016
***T0109OnEnable
***Relic_TentaclePantieOnEnable
***ElevatorSwitch_DownOnEnable
***SwitchOnEnable
***SwitchTargetOnEnable
GameManager Initialization Completed.
T0109_AbandonedBasement
T0109 (TransitionSetting)
Transfer to T0109 , location is: (2057.00, -35.00, 0.00)
Unloading 1028 unused Assets to reduce memory usage. Loaded Objects now: 50580.
Total: 34.800900 ms (FindLiveObjects: 2.635100 ms CreateObjectMapping: 1.492100 ms MarkObjects: 29.677700 ms  DeleteObjects: 0.995400 ms)

***IsRestraintArms False
RollEyeGritTeeth
RollEyeGritTeeth
***Relic_TentaclePantieOnDisable
CumEffect Cum_Vaginal
ShyCloseEye
17
Deb org
Eff org
RollEyeOrgasm
0
RollEyeGritTeeth
Adding Enemy: Tentacle to List.
Chase
PullATK
Remove Enemy: Tentacle from List.
ATKBox 1
Adding Enemy: Tentacle to List.
ATKBox 0
CumEffect Cum_Oral
ShyCloseEye
Adding Enemy: Tentacle to List.
Chase
Remove Enemy: Tentacle from List.
PullATK
ATKBox 1
ParasiteCondition.
Tag is Untagged
PullATK
ATKBox 0
Player Start StruggleResIE
0
1
2
3
4
Restraint
ATKBox 1
ATKBox 0
Start Res atk.
No allow Res atk.
Succeed ResStrug
***PlayerSkeletonRendererObj (0.30, 0.81, 0.00)
8
RollEyeGritTeeth
Chase
PullATK
Player Start StruggleResIE
0
1
2
3
4
RollEyeGritTeeth
Restraint
RollEyeGritTeeth
Succeed ResStrug
RollEyeGritTeeth
RollEyeGritTeeth
***PlayerSkeletonRendererObj (0.30, 0.81, 0.00)
RollEyeGritTeeth
Remove Enemy: Tentacle from List.
RollEyeGritTeeth
Adding Enemy: PenisWorm1 to List.
ParasiteCondition.
Tag is PenisWorm1
PenisWorm1 para. random failed.
Adding Enemy: Tentacle to List.
Chase
PullATK
RollEyeGritTeeth
ATKBox 1
ATKBox 0
ParasiteCondition.
Tag is PenisWorm1
ParasiteCondition.
Tag is PenisWorm1
Adding Enemy: Tentacle to List.
Chase
PullATK
CumEffect Cum_Anal
ShyCloseEye
ATKBox 1
ParasiteCondition.
Tag is PenisWorm1
PenisWorm1 para. random failed.
PullATK
ATKBox 0
Remove Enemy: Tentacle from List.
RollEyeGritTeeth
ATKBox 1
ATKBox 0
RollEyeGritTeeth
CumEffect Cum_Vaginal
ShyCloseEye
RollEyeGritTeeth
ParasiteCondition.
Tag is PenisWorm1
PullATK
Adding Enemy: Tentacle to List.
Chase
PullATK
ATKBox 1
ATKBox 0
ATKBox 1
ParasiteCondition.
Tag is PenisWorm1
PenisWorm1 para. random failed.
ATKBox 0
PullATK
ATKBox 1
ParasiteCondition.
Tag is Untagged
Remove Enemy: PenisWorm1 from List.
Remove Enemy: Tentacle from List.
ATKBox 0
Player Start StruggleResIE
0
1
2
3
4
Restraint
PullATK
Succeed ResStrug
***PlayerSkeletonRendererObj (0.30, 0.81, 0.00)
Adding Enemy: PenisWorm1 to List.
Remove Enemy: PenisWorm1 from List.
Adding Enemy: PenisWorm1 to List.
Deb org
Eff org
RollEyeOrgasm
Remove Enemy: PenisWorm1 from List.
ATKBox 1
Chase
ATKBox 0
PullATK
Adding Enemy: PenisWorm1 to List.
ATKBox 1
ParasiteCondition.
Tag is Untagged
RollEyeGritTeeth
沒有可用的 SE AudioSource 供播放。
ATKBox 0
Player Start StruggleResIE
0
1
2
3
4
RollEyeGritTeeth
Restraint
Remove Enemy: PenisWorm1 from List.
Adding Enemy: PenisWorm1 to List.
ParasiteCondition.
Tag is PenisWorm1
Succeed ResStrug
RollEyeGritTeeth
RollEyeGritTeeth
***PlayerSkeletonRendererObj (0.30, 0.81, 0.00)
Remove Enemy: PenisWorm1 from List.
Remove Enemy: Tentacle from List.
Deb Lust
Eff Lust
RollEyeOrgasm
RollEyeOrgasm
Set Lust speed 0
1
RollEyeOrgasm
CumEffect Cum_Oral
ShyCloseEye
Deb org
Eff org
RollEyeOrgasm
Using Anodyne
RollEyeGritTeeth
Using Anodyne
RollEyeGritTeeth
RollEyeGritTeeth
Adding Enemy: PenisWorm1 to List.
Adding Enemy: PenisWorm1 to List.
ParasiteCondition.
Tag is PenisWorm1
Remove Enemy: PenisWorm1 from List.
RollEyeGritTeeth
Adding Enemy: PenisWorm1 to List.
Remove Enemy: PenisWorm1 from List.
ParasiteCondition.
Tag is PenisWorm1
RollEyeGritTeeth
Adding Enemy: PenisWorm1 to List.
ParasiteCondition.
Tag is PenisWorm1
RollEyeGritTeeth
CumEffect Cum_Anal
ShyCloseEye
ParasiteCondition.
Tag is PenisWorm1
ParasiteCondition.
Tag is PenisWorm1
0
ParasiteCondition.
Tag is PenisWorm1
RollEyeGritTeeth
ParasiteCondition.
Tag is PenisWorm1
PenisWorm1 para. random failed.
ParasiteCondition.
Tag is PenisWorm1
PenisWorm1 para. random failed.
RollEyeGritTeeth
18
ParasiteCondition.
Tag is PenisWorm1
PenisWorm1 para. random failed.
ParasiteCondition.
Tag is PenisWorm1
CumEffect Cum_Oral
ParasiteCondition.
Tag is PenisWorm1
ParasiteCondition.
Tag is PenisWorm1
PenisWorm1 para. random failed.
ParasiteCondition.
Tag is PenisWorm1
RollEyeGritTeeth
Remove Enemy: PenisWorm1 from List.
Remove Enemy: PenisWorm1 from List.
RollEyeGritTeeth
Adding Enemy: PenisWorm1 to List.
Adding Enemy: PenisWorm1 to List.
RollEyeGritTeeth
Adding Enemy: Tentacle to List.
Chase
PullATK
ParasiteCondition.
Tag is PenisWorm1
RollEyeGritTeeth
ATKBox 1
Remove Enemy: PenisWorm1 from List.
ATKBox 0
RollEyeGritTeeth
CumEffect Cum_Vaginal
ShyCloseEye
ParasiteCondition.
Tag is PenisWorm1
PenisWorm1 para. random failed.
Remove Enemy: Tentacle from List.
RollEyeGritTeeth
Deb org
Eff org
RollEyeOrgasm
PullATK
ATKBox 1
ATKBox 0
RollEyeGritTeeth
ParasiteCondition.
Tag is PenisWorm1
Adding Enemy: Tentacle to List.
RollEyeGritTeeth
PullATK
ATKBox 1
ParasiteCondition.
Tag is Untagged
Adding Enemy: PenisWorm1 to List.
Remove Enemy: PenisWorm1 from List.
Remove Enemy: PenisWorm1 from List.
ATKBox 0
11
RollEyeGritTeeth
Player Start StruggleResIE
0
1
2
3
4
RollEyeGritTeeth
Restraint
RollEyeGritTeeth
CumEffect Cum_Anal
ShyCloseEye
Adding Enemy: PenisWorm1 to List.
ParasiteCondition.
Tag is PenisWorm1
Start Res atk.
AddingParaToBoobF Tentacle
Spine Event : Sound_MilkPump
Spine Event : Sound_MilkPump
ParasiteCondition.
Tag is PenisWorm1
PenisWorm1 para. random failed.
Spine Event : Sound_MilkPump
Spine Event : Sound_MilkPump
Spine Event : Sound_MilkPump
Start Res atk.
AddingParaToBoobB Tentacle
ParasiteCondition.
Tag is PenisWorm1
PenisWorm1 para. random failed.
Spine Event : Sound_MilkPump
Remove Enemy: PenisWorm1 from List.
Spine Event : Sound_MilkPump
Spine Event : Sound_MilkPump
Adding Enemy: PenisWorm1 to List.
Spine Event : Sound_MilkPump
Start Res atk.
No allow Res atk.
Adding Enemy: PenisWorm1 to List.
Spine Event : Sound_MilkPump
Spine Event : Sound_MilkPump
ParasiteCondition.
Tag is PenisWorm1
Spine Event : Sound_MilkPump
Remove Enemy: PenisWorm1 from List.
ParasiteCondition.
Tag is PenisWorm1
Spine Event : Sound_MilkPump
Spine Event : Sound_MilkPump
Start Res atk.
No allow Res atk.
Adding Enemy: PenisWorm1 to List.
Spine Event : Sound_MilkPump
ParasiteCondition.
Tag is PenisWorm1
Remove Enemy: PenisWorm1 from List.
Spine Event : Sound_MilkPump
Spine Event : Sound_MilkPump
Remove Enemy: PenisWorm1 from List.
Spine Event : Sound_MilkPump
Start Res atk.
No allow Res atk.
Adding Enemy: PenisWorm1 to List.
ParasiteCondition.
Tag is PenisWorm1
PenisWorm1 para. random failed.
Spine Event : Sound_MilkPump
Spine Event : Sound_MilkPump
Adding Enemy: PenisWorm1 to List.
Spine Event : Sound_MilkPump
ParasiteCondition.
Tag is PenisWorm1
Spine Event : Sound_MilkPump
Spine Event : Sound_MilkPump
Start Res atk.
No allow Res atk.
Deb org
Eff org
RollEyeOrgasm
ParasiteCondition.
Tag is PenisWorm1
Spine Event : Sound_MilkPump
6
Spine Event : Sound_MilkPump
Spine Event : Sound_MilkPump
ParasiteCondition.
Tag is PenisWorm1
PenisWorm1 para. random failed.
Spine Event : Sound_MilkPump
Start Res atk.
No allow Res atk.
ParasiteCondition.
Tag is PenisWorm1
Spine Event : Sound_MilkPump
Spine Event : Sound_MilkPump
Deb Lust
Eff Lust
RollEyeOrgasm
Spine Event : Sound_MilkPump
ParasiteCondition.
Tag is PenisWorm1
Set Lust speed 0
Spine Event : Sound_MilkPump
Spine Event : Sound_MilkPump
Start Res atk.
No allow Res atk.
ParasiteCondition.
Tag is PenisWorm1
Spine Event : Sound_MilkPump
RollEyeGritTeeth
Spine Event : Sound_MilkPump
Spine Event : Sound_MilkPump
ParasiteCondition.
Tag is PenisWorm1
PenisWorm1 para. random failed.
Spine Event : Sound_MilkPump
Start Res atk.
No allow Res atk.
ParasiteCondition.
Tag is PenisWorm1
Spine Event : Sound_MilkPump
Spine Event : Sound_MilkPump
Spine Event : Sound_MilkPump
ParasiteCondition.
Tag is PenisWorm1
Remove Enemy: PenisWorm1 from List.
Adding Enemy: PenisWorm1 to List.
Spine Event : Sound_MilkPump
Spine Event : Sound_MilkPump
Start Res atk.
No allow Res atk.
ParasiteCondition.
Tag is PenisWorm1
PenisWorm1 para. random failed.
Spine Event : Sound_MilkPump
Spine Event : Sound_MilkPump
Spine Event : Sound_MilkPump
ParasiteCondition.
Tag is PenisWorm1
Spine Event : Sound_MilkPump
Start Res atk.
No allow Res atk.
CumEffect Cum_Oral
ShyCloseEye
Adding Enemy: PenisWorm1 to List.
ParasiteCondition.
Tag is PenisWorm1
PenisWorm1 para. random failed.
Spine Event : Sound_MilkPump
Spine Event : Sound_MilkPump
Adding Enemy: PenisWorm1 to List.
沒有可用的 SE AudioSource 供播放。
0
Spine Event : Sound_MilkPump
ParasiteCondition.
Tag is PenisWorm1
PenisWorm1 para. random failed.
Spine Event : Sound_MilkPump
Spine Event : Sound_MilkPump
Start Res atk.
No allow Res atk.
ParasiteCondition.
Tag is PenisWorm1
Spine Event : Sound_MilkPump
Deb org
Eff org
RollEyeOrgasm
沒有可用的 SE AudioSource 供播放。
Remove Enemy: PenisWorm1 from List.
Spine Event : Sound_MilkPump
Spine Event : Sound_MilkPump
Adding Enemy: PenisWorm1 to List.
ParasiteCondition.
Tag is PenisWorm1
Spine Event : Sound_MilkPump
Start Res atk.
No allow Res atk.
Spine Event : Sound_MilkPump
Spine Event : Sound_MilkPump
ParasiteCondition.
Tag is PenisWorm1
RollEyeGritTeeth
RollEyeGritTeeth
Spine Event : Sound_MilkPump
ParasiteCondition.
Tag is PenisWorm1
RollEyeGritTeeth
Spine Event : Sound_MilkPump
Spine Event : Sound_MilkPump
Start Res atk.
No allow Res atk.
Spine Event : Sound_MilkPump
ParasiteCondition.
Tag is PenisWorm1
RollEyeGritTeeth
Remove Enemy: PenisWorm1 from List.
Spine Event : Sound_MilkPump
Spine Event : Sound_MilkPump
ParasiteCondition.
Tag is PenisWorm1
Remove Enemy: PenisWorm1 from List.
RollEyeGritTeeth
Spine Event : Sound_MilkPump
Start Res atk.
No allow Res atk.
Adding Enemy: PenisWorm1 to List.
Adding Enemy: PenisWorm1 to List.
Spine Event : Sound_MilkPump
Spine Event : Sound_MilkPump
ParasiteCondition.
Tag is PenisWorm1
Spine Event : Sound_MilkPump
ParasiteCondition.
Tag is PenisWorm1
CumEffect Cum_Vaginal
ShyCloseEye
Spine Event : Sound_MilkPump
Spine Event : Sound_MilkPump
Start Res atk.
No allow Res atk.
RollEyeGritTeeth
Spine Event : Sound_MilkPump
ParasiteCondition.
Tag is PenisWorm1
PenisWorm1 para. random failed.
Remove Enemy: PenisWorm1 from List.
RollEyeGritTeeth
Spine Event : Sound_MilkPump
Spine Event : Sound_MilkPump
ParasiteCondition.
Tag is PenisWorm1
PenisWorm1 para. random failed.
Spine Event : Sound_MilkPump
Start Res atk.
No allow Res atk.
RollEyeGritTeeth
Spine Event : Sound_MilkPump
Spine Event : Sound_MilkPump
ParasiteCondition.
Tag is PenisWorm1
PenisWorm1 para. random failed.
RollEyeGritTeeth
CumEffect Cum_Anal
ShyCloseEye
Spine Event : Sound_MilkPump
Adding Enemy: PenisWorm1 to List.
ParasiteCondition.
Tag is PenisWorm1
PenisWorm1 para. random failed.
Spine Event : Sound_MilkPump
Spine Event : Sound_MilkPump
Start Res atk.
No allow Res atk.
沒有可用的 SE AudioSource 供播放。
沒有可用的 SE AudioSource 供播放。
16
Spine Event : Sound_MilkPump
ParasiteCondition.
Tag is PenisWorm1
Deb org
Eff org
RollEyeOrgasm
Spine Event : Sound_MilkPump
Spine Event : Sound_MilkPump
Spine Event : Sound_MilkPump
ParasiteCondition.
Tag is PenisWorm1
PenisWorm1 para. random failed.
Start Res atk.
No allow Res atk.
Spine Event : Sound_MilkPump
Spine Event : Sound_MilkPump
ParasiteCondition.
Tag is PenisWorm1
Spine Event : Sound_MilkPump
Spine Event : Sound_MilkPump
Spine Event : Sound_MilkPump
ParasiteCondition.
Tag is PenisWorm1
Start Res atk.
No allow Res atk.
Spine Event : Sound_MilkPump
ParasiteCondition.
Tag is PenisWorm1
PenisWorm1 para. random failed.
Spine Event : Sound_MilkPump
Spine Event : Sound_MilkPump
Spine Event : Sound_MilkPump
ParasiteCondition.
Tag is PenisWorm1
Succeed ResStrug
Remove Orgasm speed 0.02
Remove BreastEngorgement speed -0.005
Remove Orgasm speed 0.02
Remove BreastEngorgement speed -0.005
***PlayerSkeletonRendererObj (0.30, 0.81, 0.00)
沒有可用的 SE AudioSource 供播放。
Remove Enemy: PenisWorm1 from List.
沒有可用的 SE AudioSource 供播放。
Remove Enemy: PenisWorm1 from List.
Remove Enemy: PenisWorm1 from List.
Remove Enemy: PenisWorm1 from List.
Chase
NormalATK
ATKBox 1
ParasiteCondition.
Tag is Untagged
Adding Enemy: PenisWorm1 to List.
ATKBox 0
Adding Enemy: PenisWorm1 to List.
Remove Enemy: PenisWorm1 from List.
Adding Enemy: PenisWorm1 to List.
ParasiteCondition.
Tag is PenisWorm1
PenisWorm1 para. random failed.
NormalATK
Adding Enemy: PenisWorm1 to List.
ATKBox 1
Remove Enemy: PenisWorm1 from List.
Remove Enemy: PenisWorm1 from List.
ATKBox 0
Remove Enemy: PenisWorm1 from List.
Adding Enemy: PenisWorm1 to List.
Adding Enemy: PenisWorm1 to List.
ParasiteCondition.
Tag is PenisWorm1
CloseMenu
PullATK
Adding Enemy: PenisWorm1 to List.
ATKBox 1
ParasiteCondition.
Tag is PenisWorm1
ATKBox 0
Remove Enemy: PenisWorm1 from List.
Adding Enemy: PenisWorm1 to List.
Remove Enemy: Tentacle from List.
Remove Enemy: PenisWorm1 from List.
Remove Enemy: PenisWorm1 from List.
PullATK
Adding Enemy: PenisWorm1 to List.
ATKBox 1
ParasiteCondition.
Tag is PenisWorm1
ATKBox 0
Adding Enemy: PenisWorm1 to List.
ParasiteCondition.
Tag is PenisWorm1
ParasiteCondition.
Tag is PenisWorm1
PenisWorm1 para. random failed.
ParasiteCondition.
Tag is PenisWorm1
PenisWorm1 para. random failed.
ParasiteCondition.
Tag is PenisWorm1
PenisWorm1 para. random failed.
Player Start StruggleLyingIE
Remove Enemy: PenisWorm1 from List.
Adding Enemy: PenisWorm1 to List.
7
ChangeSkinSet2
ParasiteCondition.
Tag is PenisWorm1
CumEffect Cum_Oral
ParasiteCondition.
Tag is PenisWorm1
PenisWorm1 para. random failed.
ParasiteCondition.
Tag is PenisWorm1
Deb org
Eff org
ParasiteCondition.
Tag is PenisWorm1
ParasiteCondition.
Tag is PenisWorm1
ParasiteCondition.
Tag is PenisWorm1
PenisWorm1 para. random failed.
ParasiteCondition.
Tag is PenisWorm1
PenisWorm1 para. random failed.
ParasiteCondition.
Tag is PenisWorm1
PenisWorm1 para. random failed.
Remove Enemy: PenisWorm1 from List.
Adding Enemy: PenisWorm1 to List.
Remove this dead Enemy from List.
Drop Sands :60
***DropItem(Clone)OnEnable
Remove this dead Enemy from List.
Drop Sands :60
Remove this dead Enemy from List.
Drop Sands :60
Cannot use 'velocity' on a static body.
Cannot use 'velocity' on a static body.
Cannot use 'velocity' on a static body.
Cannot use 'velocity' on a static body.
Cannot use 'velocity' on a static body.
Adding Enemy: PenisWorm1 to List.
Adding Enemy: Tentacle to List.
Chase
PullATK
Remove Enemy: PenisWorm1 from List.
ATKBox 1
ParasiteCondition.
Tag is Untagged
ATKBox 0
Adding Enemy: PenisWorm1 to List.
CumEffect Cum_Vaginal
Remove Enemy: PenisWorm1 from List.
PullATK
Remove Enemy: Tentacle from List.
ATKBox 1
ATKBox 0
RollEyeGritTeeth
PullATK
ATKBox 1
ATKBox 0
***DropItem(Clone)OnDisable
RollEyeGritTeeth
Drop Sands :60
RollEyeGritTeeth
0
RollEyeGritTeeth
RollEyeGritTeeth
RollEyeGritTeeth
RollEyeGritTeeth
CumEffect Cum_Anal
ShyCloseEye
Deb Lust
Eff Lust
RollEyeOrgasm
Set Lust speed 0
CumEffect Cum_Oral
ShyCloseEye
Remove Orgasm speed 0
Remove Orgasm speed 0.01
Remove Orgasm speed 0.03
Remove Orgasm speed 0.02
Adding Enemy: CrawlingColza to List.
Adding Enemy: Lustbloom to List.
Adding Enemy: CrawlingColza to List.
Adding Enemy: Fly to List.
EnterNormalATK
EnterNormalATK
ParasiteCondition.
Tag is Fly
Fly para. random failed.
Remove Enemy: CrawlingColza from List.
Adding Enemy: CrawlingColza to List.
EnterGetHurt
EnterGetHurt
EnterGetHurt
Remove this dead Enemy from List.
Drop Sands :115
Remove this dead Enemy from List.
Drop Sands :57
Remove this dead Enemy from List.
Drop Sands :115
EnterGetHurt
EnterGetHurt
Remove this dead Enemy from List.
Drop Sands :500
Fly is add to library
開始出產
isInTimeLineLabor
StartParaBirthAnimation
1 isBirth = False
EndBirthAndStartLying UnityEngine.AnimationEvent
InstantiateBirthMonster
Spine Event : StarBreastEngorgement
StartParaBirthAnimation
0 isBirth = True
Player Start StruggleLyingIE
Adding Enemy: PenisWorm0 to List.
ParasiteCondition.
Tag is PenisWorm0
PenisWorm0 para. random failed.
ParasiteCondition.
Tag is PenisWorm0
AddingParaToBoobB PenisWorm0
Remove this parasited Enemy from List.
Adding Enemy: Tentacle to List.
Chase
PullATK
Remove Enemy: Tentacle from List.
ATKBox 1
ATKBox 0
PullATK
Adding Enemy: Tentacle to List.
Chase
PullATK
ATKBox 1
Remove Enemy: Tentacle from List.
ATKBox 0
ATKBox 1
ATKBox 0
Adding Enemy: Tentacle to List.
Chase
PullATK
Adding Enemy: Tentacle to List.
Remove Enemy: Tentacle from List.
Remove Enemy: Tentacle from List.
ATKBox 1
PullATK
ATKBox 0
ATKBox 1
ATKBox 0
Adding Enemy: Tentacle to List.
Chase
PullATK
Remove Enemy: Tentacle from List.
ATKBox 1
ATKBox 0
Drop Sands :60
Drop Sands :60
沒有可用的 SE AudioSource 供播放。
Drop Sands :60
Remove Orgasm speed 0
[AudioManager] SE_TentaclePantie_LongLoop 已在播放中，跳過重複請求。
Remove Orgasm speed 0
[AudioManager] SE_TentaclePantie_LongLoop 已在播放中，跳過重複請求。
[AudioManager] SE_TentaclePantie_LongLoop 已在播放中，跳過重複請求。
TornAllCloth
[AudioManager] SE_TentaclePantie_LongLoop 已在播放中，跳過重複請求。
[AudioManager] SE_TentaclePantie_LongLoop 已在播放中，跳過重複請求。
TornAllCloth
[AudioManager] SE_TentaclePantie_LongLoop 已在播放中，跳過重複請求。
[AudioManager] SE_TentaclePantie_LongLoop 已在播放中，跳過重複請求。
TornAllCloth
[AudioManager] SE_TentaclePantie_LongLoop 已在播放中，跳過重複請求。
[AudioManager] SE_TentaclePantie_LongLoop 已在播放中，跳過重複請求。
[AudioManager] SE_TentaclePantie_LongLoop 已在播放中，跳過重複請求。
[AudioManager] SE_TentaclePantie_LongLoop 已在播放中，跳過重複請求。
[AudioManager] SE_TentaclePantie_LongLoop 已在播放中，跳過重複請求。
[AudioManager] SE_TentaclePantie_LongLoop 已在播放中，跳過重複請求。
CanExecuteCancel True
CanExecuteCancel False
CanExecuteCancel True
CloseMenu
Wearing MilkPump, Milk not squirting.
Drop Sands :60
Drop Sands :60
Drop Sands :60
Drop Sands :60
Drop Sands :60
Adding Enemy: PenisWorm0 to List.
Adding Enemy: PenisWorm0 to List.
沒有可用的 SE AudioSource 供播放。
ParasiteCondition.
Tag is PenisWorm0
AddingParaToBoobF PenisWorm0
Remove this parasited Enemy from List.
Drop Sands :60
Remove this dead Enemy from List.
Drop Sands :30
Drop Sands :60
Adding Enemy: PenisWorm0 to List.
Adding Enemy: PenisWorm0 to List.
ParasiteCondition.
Tag is PenisWorm0
Deb org
Eff org
RollEyeOrgasm
ParasiteCondition.
Tag is PenisWorm0
ParasiteCondition.
Tag is PenisWorm0
ParasiteCondition.
Tag is PenisWorm0
ParasiteCondition.
Tag is PenisWorm0
ParasiteCondition.
Tag is PenisWorm0
ParasiteCondition.
Tag is PenisWorm0
Wearing MilkPump, Milk not squirting.
Remove Enemy: PenisWorm0 from List.
Remove Enemy: PenisWorm0 from List.
Adding Enemy: PenisWorm0 to List.
Adding Enemy: PenisWorm0 to List.
Remove Enemy: PenisWorm0 from List.
Remove Enemy: PenisWorm0 from List.
Deb org
Eff org
RollEyeOrgasm
IE_FadeOut START
Unloading 6 Unused Serialized files (Serialized files now loaded: 0)
***SwitchOnDisable
***SwitchTargetOnDisable
***ElevatorSwitch_DownOnDisable
***T0109OnDisable
[PhysX] Initialized MultithreadedTaskDispatcher with 12 workers.
UnloadTime: 3.275000 ms
PCHCheck is True
Immortal Loss Beta 0.58.0, GameVersion is : Beta0.58.0, PCH is True.
startLoadJsonTime = 5500.887
endLoadJsoneTime = 5501.028
Loading Duation is = 0.1411133
***T0104_LockFloorDoorOnEnable
***T0104_LeftDoorOnEnable
***T0104_RightDoorOnEnable
***T0104_UpDoorOnEnable
***MultiSwitchOnEnable
GameManager Initialization Completed.
T0104_FloorDoor
T0104_LockFloorDoor (TransitionSetting)
Transfer to T0104_LockFloorDoor , location is: (2058.62, -6.05, 0.09)
Unloading 882 unused Assets to reduce memory usage. Loaded Objects now: 49514.
Total: 46.672700 ms (FindLiveObjects: 2.663800 ms CreateObjectMapping: 2.043700 ms MarkObjects: 40.946400 ms  DeleteObjects: 1.018600 ms)

***IsRestraintArms False
[AudioManager] SE_TentaclePantie_LongLoop 已在播放中，跳過重複請求。
[AudioManager] SE_TentaclePantie_LongLoop 已在播放中，跳過重複請求。
LedgeDetected!     is Wall
***GameManager.Instance.playerAnimation.ClimbPoint.position (2044.02, -4.41, 0.00)
Deb org
Eff org
RollEyeOrgasm
IE_FadeOut START
Unloading 7 Unused Serialized files (Serialized files now loaded: 0)
***MultiSwitchOnDisable
***T0104_LockFloorDoorOnDisable
***T0104_RightDoorOnDisable
***T0104_LeftDoorOnDisable
***T0104_UpDoorOnDisable
[PhysX] Initialized MultithreadedTaskDispatcher with 12 workers.
UnloadTime: 0.739500 ms
PCHCheck is True
Immortal Loss Beta 0.58.0, GameVersion is : Beta0.58.0, PCH is True.
startLoadJsonTime = 5513.29
endLoadJsoneTime = 5513.431
Loading Duation is = 0.1416016
***NPC_Villager_BlueOnEnable
***NPC_Villager_RedOnEnable
***NPC_Villager_GreyOnEnable
***NPC_BanditOnEnable
***T0106_HouseDoor2F_LOnEnable
***T0106_LeftEndOnEnable
***T0106_LeftDoorOnEnable
***T0106_AchHouseOnEnable
***T0106_HouseDoor2F_ROnEnable
***T0106_HouseDoor3F_MidOnEnable
***T0106_HouseDoor1F_LOnEnable
***T0106_RightEndOnEnable
***Lantern_0106_BlackBerryTownOnEnable
***NPC_SapphyraOnEnable
***NPC_Sapphyra_PseudoOnEnable
***NPC_FramboiseOnEnable
***ObtainItem_TearDropOnEnable
***ObtainDiscovery_SapphyraNote2OnEnable
***ObtainDiscovery_Tentacle reportOnEnable
***ObtainDiscovery_WantedLORDOnEnable
***ObtainDiscovery_Flyer1OnEnable
***ObtainDiscovery_NoneNameNote6OnEnable
GameManager Initialization Completed.
***NPC_BanditOnDisable
***NPC_SapphyraOnDisable
T0106_LeftDoor
T0106_LeftDoor (TransitionSetting)
Transfer to T0106_LeftDoor , location is: (2055.00, 174.25, 0.00)
Unloading 4362 unused Assets to reduce memory usage. Loaded Objects now: 83600.
Total: 41.792400 ms (FindLiveObjects: 4.096400 ms CreateObjectMapping: 2.802900 ms MarkObjects: 31.577100 ms  DeleteObjects: 3.315700 ms)

***IsRestraintArms False
[AudioManager] SE_TentaclePantie_LongLoop 已在播放中，跳過重複請求。
[AudioManager] SE_TentaclePantie_LongLoop 已在播放中，跳過重複請求。
***ObtainItem_TearDropOnDisable
***ObtainDiscovery_SapphyraNote2OnDisable
***ObtainDiscovery_Tentacle reportOnDisable
***ObtainDiscovery_WantedLORDOnDisable
***ObtainDiscovery_Flyer1OnDisable
***ObtainDiscovery_NoneNameNote6OnDisable
ℹ️ 傳入的 FirstArriveBlackBerryDale 小於或等於目前的 FirstArriveZinniaStreet，不更新
Open NPC Function
Wait for walking
isInTimeLineDash
Wait for turning
Wait for IE_FadeIn
CanExecuteCancel True
CanExecuteCancel False
CanExecuteCancel True
CanExecuteCancel False
CanExecuteCancel True
CanExecuteCancel False
RollEyeGritTeeth
Wearing MilkPump, Milk not squirting.
Open NPC Function
Wait for walking
isInTimeLineStandBy
Have Open this lantern.
Wait for walking
isInTimeLineWalk
Wait for turning
isInTimeLineStandBy
Wait for IE_FadeIn
Equip RhombusCrystal
Equip Bells
CanExecuteCancel True
CanExecuteCancel False
IE_FadeOut START
Remove(Relic.VibratingAnalHook)
[AudioManager] SE_TentaclePantie_LongLoop 已在播放中，跳過重複請求。
Remove Orgasm speed 0.04
Equip Bells
Equip RhombusCrystal
CanExecuteCancel True
CanExecuteCancel False
CanExecuteCancel True
CanExecuteCancel False
[AudioManager] SE_TentaclePantie_LongLoop 已在播放中，跳過重複請求。
[AudioManager] SE_TentaclePantie_LongLoop 已在播放中，跳過重複請求。
TornAllCloth
[AudioManager] SE_TentaclePantie_LongLoop 已在播放中，跳過重複請求。
TornAllCloth
[AudioManager] SE_TentaclePantie_LongLoop 已在播放中，跳過重複請求。
Remove Orgasm speed 0
[AudioManager] SE_TentaclePantie_LongLoop 已在播放中，跳過重複請求。
[AudioManager] SE_TentaclePantie_LongLoop 已在播放中，跳過重複請求。
TornAllCloth
[AudioManager] SE_TentaclePantie_LongLoop 已在播放中，跳過重複請求。
[AudioManager] SE_TentaclePantie_LongLoop 已在播放中，跳過重複請求。
CanExecuteCancel True
CanExecuteCancel False
CanExecuteCancel True
CloseMenu
Deb org
Eff org
RollEyeOrgasm
LedgeDetected!     is Wall
***GameManager.Instance.playerAnimation.ClimbPoint.position (2320.47, 233.81, 0.00)
IE_FadeOut START
Unloading 9 Unused Serialized files (Serialized files now loaded: 0)
***NPC_Villager_GreyOnDisable
***NPC_Sapphyra_PseudoOnDisable
***T0106_LeftDoorOnDisable
***T0106_HouseDoor1F_LOnDisable
***T0106_HouseDoor2F_LOnDisable
***T0106_HouseDoor2F_ROnDisable
***T0106_HouseDoor3F_MidOnDisable
***T0106_RightEndOnDisable
***T0106_LeftEndOnDisable
***T0106_AchHouseOnDisable
***Lantern_0106_BlackBerryTownOnDisable
***NPC_Villager_RedOnDisable
***NPC_Villager_BlueOnDisable
***NPC_FramboiseOnDisable
[PhysX] Initialized MultithreadedTaskDispatcher with 12 workers.
UnloadTime: 1.253300 ms
PCHCheck is True
Immortal Loss Beta 0.58.0, GameVersion is : Beta0.58.0, PCH is True.
startLoadJsonTime = 5564.454
endLoadJsoneTime = 5564.593
Loading Duation is = 0.1391602
***T0108_ExitDoorOnEnable
***NPC_BaneberisOnEnable
***LockDoorTempOnEnable
GameManager Initialization Completed.
T0108_ExitDoor
T0108_ExitDoor (TransitionSetting)
Transfer to T0108_ExitDoor , location is: (2297.00, 239.00, 0.00)
Unloading 37554 unused Assets to reduce memory usage. Loaded Objects now: 49973.
Total: 63.630800 ms (FindLiveObjects: 4.317900 ms CreateObjectMapping: 2.820800 ms MarkObjects: 29.775100 ms  DeleteObjects: 26.716700 ms)

***IsRestraintArms False
[AudioManager] SE_TentaclePantie_LongLoop 已在播放中，跳過重複請求。
[AudioManager] SE_TentaclePantie_LongLoop 已在播放中，跳過重複請求。
Deb org
Eff org
RollEyeOrgasm
Open NPC Function
Wait for walking
isInTimeLineDash
Wait for turning
Wait for IE_FadeIn
StartScreenBlink time: 0.5 Color: RGBA(1.000, 1.000, 1.000, 1.000)
CanExecuteCancel True
CanExecuteCancel False
LedgeDetected!     is Wall
***GameManager.Instance.playerAnimation.ClimbPoint.position (2295.47, 184.86, 0.00)
LedgeDetected!     is Pene Up
***GameManager.Instance.playerAnimation.ClimbPoint.position (2297.06, 203.65, 0.00)
LedgeDetected!     is Wall
***GameManager.Instance.playerAnimation.ClimbPoint.position (2293.13, 214.83, 0.00)
Deb org
Eff org
RollEyeOrgasm
IE_FadeOut START
Unloading 7 Unused Serialized files (Serialized files now loaded: 0)
***T0108_ExitDoorOnDisable
***LockDoorTempOnDisable
***NPC_BaneberisOnDisable
[PhysX] Initialized MultithreadedTaskDispatcher with 12 workers.
UnloadTime: 0.749000 ms
PCHCheck is True
Immortal Loss Beta 0.58.0, GameVersion is : Beta0.58.0, PCH is True.
startLoadJsonTime = 5601.968
endLoadJsoneTime = 5602.104
Loading Duation is = 0.1362305
***NPC_Villager_BlueOnEnable
***NPC_Villager_RedOnEnable
***NPC_Villager_GreyOnEnable
***NPC_BanditOnEnable
***T0106_HouseDoor2F_LOnEnable
***T0106_LeftEndOnEnable
***T0106_LeftDoorOnEnable
***T0106_AchHouseOnEnable
***T0106_HouseDoor2F_ROnEnable
***T0106_HouseDoor3F_MidOnEnable
***T0106_HouseDoor1F_LOnEnable
***T0106_RightEndOnEnable
***Lantern_0106_BlackBerryTownOnEnable
***NPC_SapphyraOnEnable
***NPC_Sapphyra_PseudoOnEnable
***NPC_FramboiseOnEnable
***ObtainItem_TearDropOnEnable
***ObtainDiscovery_SapphyraNote2OnEnable
***ObtainDiscovery_Tentacle reportOnEnable
***ObtainDiscovery_WantedLORDOnEnable
***ObtainDiscovery_Flyer1OnEnable
***ObtainDiscovery_NoneNameNote6OnEnable
GameManager Initialization Completed.
***NPC_BanditOnDisable
***NPC_SapphyraOnDisable
T0106_AchHouse
T0106_AchHouse (TransitionSetting)
Transfer to T0106_AchHouse , location is: (2297.00, 243.00, 0.00)
Unloading 4817 unused Assets to reduce memory usage. Loaded Objects now: 83592.
Total: 42.469800 ms (FindLiveObjects: 4.473300 ms CreateObjectMapping: 3.139500 ms MarkObjects: 31.014700 ms  DeleteObjects: 3.842000 ms)

***IsRestraintArms False
[AudioManager] SE_TentaclePantie_LongLoop 已在播放中，跳過重複請求。
[AudioManager] SE_TentaclePantie_LongLoop 已在播放中，跳過重複請求。
***ObtainItem_TearDropOnDisable
***ObtainDiscovery_SapphyraNote2OnDisable
***ObtainDiscovery_Tentacle reportOnDisable
***ObtainDiscovery_WantedLORDOnDisable
***ObtainDiscovery_Flyer1OnDisable
***ObtainDiscovery_NoneNameNote6OnDisable
ℹ️ 傳入的 FirstArriveBlackBerryDale 小於或等於目前的 FirstArriveZinniaStreet，不更新
Open NPC Function
Wait for walking
isInTimeLineStandBy
Have Open this lantern.
Wait for walking
isInTimeLineWalk
Wait for turning
isInTimeLineStandBy
Wait for IE_FadeIn
CanExecuteCancel True
CanExecuteCancel False
CanExecuteCancel True
CanExecuteCancel False
Deb org
Eff org
RollEyeOrgasm
IE_FadeOut START
Unloading 6 Unused Serialized files (Serialized files now loaded: 0)
***NPC_FramboiseOnDisable
***NPC_Villager_GreyOnDisable
***Lantern_0106_BlackBerryTownOnDisable
***T0106_LeftDoorOnDisable
***T0106_HouseDoor1F_LOnDisable
***T0106_HouseDoor2F_LOnDisable
***T0106_HouseDoor2F_ROnDisable
***T0106_HouseDoor3F_MidOnDisable
***T0106_RightEndOnDisable
***T0106_LeftEndOnDisable
***T0106_AchHouseOnDisable
***NPC_Sapphyra_PseudoOnDisable
***NPC_Villager_RedOnDisable
***NPC_Villager_BlueOnDisable
[PhysX] Initialized MultithreadedTaskDispatcher with 12 workers.
UnloadTime: 1.122600 ms
PCHCheck is True
Immortal Loss Beta 0.58.0, GameVersion is : Beta0.58.0, PCH is True.
startLoadJsonTime = 5622.254
endLoadJsoneTime = 5622.39
Loading Duation is = 0.1357422
***T0104_LockFloorDoorOnEnable
***T0104_LeftDoorOnEnable
***T0104_RightDoorOnEnable
***T0104_UpDoorOnEnable
***MultiSwitchOnEnable
GameManager Initialization Completed.
T0104_UpDoor
T0104_UpDoor (TransitionSetting)
Transfer to T0104_UpDoor , location is: (2055.00, 174.00, 0.00)
Unloading 37603 unused Assets to reduce memory usage. Loaded Objects now: 49519.
Total: 65.848700 ms (FindLiveObjects: 4.578500 ms CreateObjectMapping: 3.607700 ms MarkObjects: 30.505500 ms  DeleteObjects: 27.156600 ms)

***IsRestraintArms False
[AudioManager] SE_TentaclePantie_LongLoop 已在播放中，跳過重複請求。
[AudioManager] SE_TentaclePantie_LongLoop 已在播放中，跳過重複請求。
LedgeDetected!     is Pene
***GameManager.Instance.playerAnimation.ClimbPoint.position (2043.50, 19.20, 0.00)
IE_FadeOut START
Unloading 9 Unused Serialized files (Serialized files now loaded: 0)
***T0104_LockFloorDoorOnDisable
***T0104_RightDoorOnDisable
***T0104_LeftDoorOnDisable
***T0104_UpDoorOnDisable
***MultiSwitchOnDisable
[PhysX] Initialized MultithreadedTaskDispatcher with 12 workers.
UnloadTime: 0.694500 ms
PCHCheck is True
Immortal Loss Beta 0.58.0, GameVersion is : Beta0.58.0, PCH is True.
startLoadJsonTime = 5629.842
endLoadJsoneTime = 5629.984
Loading Duation is = 0.1416016
***T0109OnEnable
***Relic_TentaclePantieOnEnable
***ElevatorSwitch_DownOnEnable
***SwitchOnEnable
***SwitchTargetOnEnable
GameManager Initialization Completed.
T0109_AbandonedBasement
T0109 (TransitionSetting)
Transfer to T0109 , location is: (2057.00, -35.00, 0.00)
Unloading 1028 unused Assets to reduce memory usage. Loaded Objects now: 50753.
Total: 34.665500 ms (FindLiveObjects: 2.707400 ms CreateObjectMapping: 1.351200 ms MarkObjects: 29.657000 ms  DeleteObjects: 0.949600 ms)

***IsRestraintArms False
[AudioManager] SE_TentaclePantie_LongLoop 已在播放中，跳過重複請求。
[AudioManager] SE_TentaclePantie_LongLoop 已在播放中，跳過重複請求。
***Relic_TentaclePantieOnDisable
Deb org
Eff org
RollEyeOrgasm
Adding Enemy: Tentacle to List.
Chase
NormalATK
Remove Enemy: Tentacle from List.
ATKBox 1
ATKBox 0
Adding Enemy: Tentacle to List.
Chase
PullATK
ATKBox 1
沒有可用的 SE AudioSource 供播放。
ATKBox 0
Adding Enemy: Tentacle to List.
Chase
PullATK
Remove Enemy: Tentacle from List.
Deb org
Eff org
沒有可用的 SE AudioSource 供播放。
RollEyeOrgasm
沒有可用的 SE AudioSource 供播放。
Remove Enemy: Tentacle from List.
Adding Enemy: Tentacle to List.
Remove Enemy: Tentacle from List.
ATKBox 1
Adding Enemy: Tentacle to List.
RollEyeOrgasm
沒有可用的 SE AudioSource 供播放。
ParasiteCondition.
Tag is Untagged
沒有可用的 SE AudioSource 供播放。
沒有可用的 SE AudioSource 供播放。
ATKBox 0
Player Start StruggleResIE
0
1
2
3
4
RollEyeOrgasm
Restraint
Succeed ResStrug
***PlayerSkeletonRendererObj (0.30, 0.81, 0.00)
Remove Enemy: Tentacle from List.
Adding Enemy: Tentacle to List.
Chase
PullATK
ATKBox 1
Remove Enemy: Tentacle from List.
ATKBox 0
RollEyeGritTeeth
Adding Enemy: Tentacle to List.
RollEyeGritTeeth
Deb org
Eff org
RollEyeOrgasm
PullATK
ATKBox 1
ParasiteCondition.
Tag is Untagged
ATKBox 0
Player Start StruggleResIE
0
1
2
3
4
RollEyeOrgasm
Restraint
沒有可用的 SE AudioSource 供播放。
沒有可用的 SE AudioSource 供播放。
Succeed ResStrug
***PlayerSkeletonRendererObj (0.30, 0.81, 0.00)
Chase
NormalATK
Remove Enemy: Tentacle from List.
ATKBox 1
ATKBox 0
Adding Enemy: Tentacle to List.
Chase
PullATK
Remove Enemy: Tentacle from List.
Adding Enemy: Tentacle to List.
ATKBox 1
ATKBox 0
PullATK
Adding Enemy: Tentacle to List.
Chase
PullATK
Remove Enemy: Tentacle from List.
Adding Enemy: Tentacle to List.
ATKBox 1
Remove Enemy: Tentacle from List.
ATKBox 0
沒有可用的 SE AudioSource 供播放。
沒有可用的 SE AudioSource 供播放。
RollEyeGritTeeth
RollEyeGritTeeth
ATKBox 1
ParasiteCondition.
Tag is Untagged
沒有可用的 SE AudioSource 供播放。
ATKBox 0
RollEyeGritTeeth
沒有可用的 SE AudioSource 供播放。
Remove Enemy: Tentacle from List.
Adding Enemy: Tentacle to List.
Remove Enemy: Tentacle from List.
Deb org
Eff org
RollEyeOrgasm
RollEyeOrgasm
LedgeDetected!     is Wall
***GameManager.Instance.playerAnimation.ClimbPoint.position (1990.91, -203.70, 0.00)
Drop Sands :60
Drop Sands :60
Drop Sands :60
Adding Enemy: Tentacle to List.
Chase
PullATK
RollEyeGritTeeth
RollEyeGritTeeth
ATKBox 1
ATKBox 0
Deb org
Eff org
RollEyeOrgasm
PullATK
ATKBox 1
Change to Crawl.
ParasiteCondition.
Tag is Untagged
ATKBox 0
Player Start StruggleResIE
0
1
2
3
4
Restraint
Change to Stand.
Succeed ResStrug
***PlayerSkeletonRendererObj (0.30, 0.81, 0.00)
Chase
NormalATK
RollEyeGritTeeth
ATKBox 1
ParasiteCondition.
Tag is Untagged
ATKBox 0
RollEyeGritTeeth
RollEyeGritTeeth
Remove Enemy: Tentacle from List.
Adding Enemy: Tentacle to List.
Remove Enemy: Tentacle from List.
Deb org
Eff org
RollEyeOrgasm
RollEyeOrgasm
[AudioManager] SE_TentaclePantie_LongLoop 已在播放中，跳過重複請求。
RollEyeOrgasm
[AudioManager] SE_TentaclePantie_LongLoop 已在播放中，跳過重複請求。
RollEyeOrgasm
CloseMenu
Deb org
Eff org
RollEyeOrgasm
Deb org
Eff org
RollEyeOrgasm
LedgeDetected!     is Wall
***GameManager.Instance.playerAnimation.ClimbPoint.position (2082.88, -49.55, 0.00)
Drop Sands :60
Drop Sands :60
Drop Sands :60
Drop Sands :60
Drop Sands :60
Adding Enemy: PenisWorm0 to List.
Adding Enemy: PenisWorm0 to List.
ParasiteCondition.
Tag is PenisWorm0
Drop Sands :60
Drop Sands :60
Adding Enemy: PenisWorm0 to List.
Adding Enemy: PenisWorm0 to List.
Remove Enemy: PenisWorm0 from List.
Remove Enemy: PenisWorm0 from List.
Remove Enemy: PenisWorm0 from List.
Remove Enemy: PenisWorm0 from List.
Deb org
Eff org
RollEyeOrgasm
RollEyeOrgasm
Adding Enemy: PenisWorm0 to List.
Adding Enemy: PenisWorm0 to List.
Adding Enemy: PenisWorm0 to List.
Adding Enemy: PenisWorm0 to List.
ParasiteCondition.
Tag is PenisWorm0
ParasiteCondition.
Tag is PenisWorm0
ParasiteCondition.
Tag is PenisWorm0
Change to Crawl.
Remove Enemy: PenisWorm0 from List.
Remove Enemy: PenisWorm0 from List.
Remove Enemy: PenisWorm0 from List.
Remove Enemy: PenisWorm0 from List.
Adding Enemy: PenisWorm0 to List.
Adding Enemy: PenisWorm0 to List.
Adding Enemy: PenisWorm0 to List.
Adding Enemy: PenisWorm0 to List.
Adding Enemy: PenisWorm0 to List.
Remove Enemy: PenisWorm0 from List.
ParasiteCondition.
Tag is PenisWorm0
Adding Enemy: PenisWorm0 to List.
Remove Enemy: PenisWorm0 from List.
Remove Enemy: PenisWorm0 from List.
Remove Enemy: PenisWorm0 from List.
Remove Enemy: PenisWorm0 from List.
Adding Enemy: PenisWorm0 to List.
Adding Enemy: PenisWorm0 to List.
Adding Enemy: PenisWorm0 to List.
Adding Enemy: PenisWorm0 to List.
Adding Enemy: PenisWorm0 to List.
Adding Enemy: PenisWorm0 to List.
Remove Enemy: PenisWorm0 from List.
Remove Enemy: PenisWorm0 from List.
Remove Enemy: PenisWorm0 from List.
ParasiteCondition.
Tag is PenisWorm0
Adding Enemy: PenisWorm0 to List.
Adding Enemy: PenisWorm0 to List.
Adding Enemy: PenisWorm0 to List.
Remove Enemy: PenisWorm0 from List.
Remove Enemy: PenisWorm0 from List.
Remove Enemy: PenisWorm0 from List.
Remove Enemy: PenisWorm0 from List.
Adding Enemy: PenisWorm0 to List.
Adding Enemy: PenisWorm0 to List.
Adding Enemy: PenisWorm0 to List.
Adding Enemy: PenisWorm0 to List.
Adding Enemy: PenisWorm0 to List.
Remove Enemy: PenisWorm0 from List.
Remove Enemy: PenisWorm0 from List.
Remove Enemy: PenisWorm0 from List.
Remove Enemy: PenisWorm0 from List.
Adding Enemy: PenisWorm0 to List.
ParasiteCondition.
Tag is PenisWorm0
Adding Enemy: PenisWorm0 to List.
Adding Enemy: PenisWorm0 to List.
Adding Enemy: PenisWorm0 to List.
Remove Enemy: PenisWorm0 from List.
Remove Enemy: PenisWorm0 from List.
Remove Enemy: PenisWorm0 from List.
Remove Enemy: PenisWorm0 from List.
Adding Enemy: PenisWorm0 to List.
Adding Enemy: PenisWorm0 to List.
Adding Enemy: PenisWorm0 to List.
Adding Enemy: PenisWorm0 to List.
Remove Enemy: PenisWorm0 from List.
Remove Enemy: PenisWorm0 from List.
Remove Enemy: PenisWorm0 from List.
Remove Enemy: PenisWorm0 from List.
Adding Enemy: PenisWorm0 to List.
Adding Enemy: PenisWorm0 to List.
ParasiteCondition.
Tag is PenisWorm0
Adding Enemy: PenisWorm0 to List.
Adding Enemy: PenisWorm0 to List.
Adding Enemy: PenisWorm0 to List.
Remove Enemy: PenisWorm0 from List.
Remove Enemy: PenisWorm0 from List.
Remove Enemy: PenisWorm0 from List.
Remove Enemy: PenisWorm0 from List.
Remove Enemy: PenisWorm0 from List.
Change to Stand.
Adding Enemy: PenisWorm0 to List.
Adding Enemy: PenisWorm0 to List.
Adding Enemy: PenisWorm0 to List.
Adding Enemy: PenisWorm0 to List.
Adding Enemy: PenisWorm0 to List.
RollEyeGritTeeth
ParasiteCondition.
Tag is PenisWorm0
Deb org
Eff org
RollEyeOrgasm
ParasiteCondition.
Tag is PenisWorm0
Remove Enemy: PenisWorm0 from List.
Remove Enemy: PenisWorm0 from List.
Remove Enemy: PenisWorm0 from List.
Remove Enemy: PenisWorm0 from List.
Remove Enemy: PenisWorm0 from List.
Remove Enemy: PenisWorm0 from List.
Remove Enemy: PenisWorm0 from List.
Remove Enemy: PenisWorm0 from List.
Remove Enemy: PenisWorm0 from List.
LedgeDetected!     is Pene Up
***GameManager.Instance.playerAnimation.ClimbPoint.position (1920.69, -76.25, 0.00)
Adding Enemy: PenisWorm0 to List.
Adding Enemy: PenisWorm0 to List.
Adding Enemy: PenisWorm0 to List.
Adding Enemy: PenisWorm0 to List.
Remove Enemy: PenisWorm0 from List.
Adding Enemy: PenisWorm0 to List.
Adding Enemy: PenisWorm0 to List.
Adding Enemy: PenisWorm0 to List.
Adding Enemy: PenisWorm0 to List.
Adding Enemy: PenisWorm0 to List.
Remove Enemy: PenisWorm0 from List.
Remove Enemy: PenisWorm0 from List.
Remove Enemy: PenisWorm0 from List.
Remove Enemy: PenisWorm0 from List.
Remove Enemy: PenisWorm0 from List.
Remove Enemy: PenisWorm0 from List.
Remove Enemy: PenisWorm0 from List.
Remove Enemy: PenisWorm0 from List.
Adding Enemy: PenisWorm0 to List.
Adding Enemy: PenisWorm0 to List.
Remove Enemy: PenisWorm0 from List.
Remove Enemy: PenisWorm0 from List.
Adding Enemy: PenisWorm0 to List.
LedgeDetected!     is Wall
***GameManager.Instance.playerAnimation.ClimbPoint.position (1915.06, -133.52, 0.00)
Remove Enemy: PenisWorm0 from List.
Drop Sands :60
Adding Enemy: PenisWorm1 to List.
Adding Enemy: PenisWorm1 to List.
Remove Enemy: PenisWorm1 from List.
Remove Enemy: PenisWorm1 from List.
Deb org
Eff org
RollEyeOrgasm
Adding Enemy: PenisWorm1 to List.
ParasiteCondition.
Tag is PenisWorm1
Remove Enemy: PenisWorm1 from List.
RollEyeOrgasm
RollEyeOrgasm
Adding Enemy: PenisWorm1 to List.
Remove Enemy: PenisWorm1 from List.
Adding Enemy: PenisWorm1 to List.
Remove Enemy: PenisWorm1 from List.
Adding Enemy: PenisWorm1 to List.
ParasiteCondition.
Tag is PenisWorm1
PenisWorm1 para. random failed.
ParasiteCondition.
Tag is PenisWorm1
AddingParaToBreast PenisWorm1 PenisWorm1_Prefab(Clone) (Enemy_PenisWorm1)
Remove this parasited Enemy from List.
LedgeDetected!     is Pene
***GameManager.Instance.playerAnimation.ClimbPoint.position (1837.10, -139.82, 0.00)
Deb org
Eff org
RollEyeOrgasm
RollEyeOrgasm
Adding Enemy: Tentacle to List.
Chase
NormalATK
ATKBox 1
ParasiteCondition.
Tag is Untagged
ATKBox 0
Adding Enemy: Tentacle to List.
Chase
PullATK
Remove Enemy: Tentacle from List.
Remove Enemy: Tentacle from List.
ATKBox 1
ATKBox 0
Adding Enemy: Tentacle to List.
PullATK
Adding Enemy: Tentacle to List.
Chase
PullATK
Remove Enemy: Tentacle from List.
ATKBox 1
ATKBox 0
Remove Enemy: Tentacle from List.
ATKBox 1
ATKBox 0
Adding Enemy: Tentacle to List.
Remove Enemy: Tentacle from List.
Deb org
Eff org
RollEyeOrgasm
RollEyeOrgasm
RollEyeOrgasm
CumEffect Cum_Breast
ShyCloseEye
LedgeDetected!     is Wall
***GameManager.Instance.playerAnimation.ClimbPoint.position (1991.68, -204.43, 0.00)
RollEyeGritTeeth
Deb org
Eff org
RollEyeOrgasm
Adding Enemy: PenisWorm0 to List.
Adding Enemy: PenisWorm0 to List.
Remove Enemy: PenisWorm0 from List.
Remove Enemy: PenisWorm0 from List.
RollEyeGritTeeth
Adding Enemy: PenisWorm0 to List.
Adding Enemy: PenisWorm0 to List.
Adding Enemy: PenisWorm0 to List.
Adding Enemy: PenisWorm0 to List.
ParasiteCondition.
Tag is PenisWorm0
Remove Enemy: PenisWorm0 from List.
Remove Enemy: PenisWorm0 from List.
Remove Enemy: PenisWorm0 from List.
Remove Enemy: PenisWorm0 from List.
Adding Enemy: PenisWorm0 to List.
Adding Enemy: PenisWorm0 to List.
Deb org
Eff org
RollEyeOrgasm
Adding Enemy: PenisWorm0 to List.
Adding Enemy: PenisWorm0 to List.
ParasiteCondition.
Tag is PenisWorm0
Player Start StruggleLyingIE
Remove Enemy: PenisWorm0 from List.
Remove Enemy: PenisWorm0 from List.
Remove Enemy: PenisWorm0 from List.
Remove Enemy: PenisWorm0 from List.
Adding Enemy: PenisWorm0 to List.
Adding Enemy: PenisWorm0 to List.
Adding Enemy: PenisWorm0 to List.
Adding Enemy: PenisWorm0 to List.
ChangeSkinSet2
Remove Enemy: PenisWorm0 from List.
Remove Enemy: PenisWorm0 from List.
Remove Enemy: PenisWorm0 from List.
Remove Enemy: PenisWorm0 from List.
Adding Enemy: PenisWorm0 to List.
Adding Enemy: PenisWorm0 to List.
ParasiteCondition.
Tag is PenisWorm0
Adding Enemy: PenisWorm0 to List.
Adding Enemy: PenisWorm0 to List.
ParasiteCondition.
Tag is PenisWorm0
ParasiteCondition.
Tag is PenisWorm0
IE_FadeOut START
Unloading 6 Unused Serialized files (Serialized files now loaded: 0)
***SwitchOnDisable
***SwitchTargetOnDisable
***T0109OnDisable
***ElevatorSwitch_DownOnDisable
[PhysX] Initialized MultithreadedTaskDispatcher with 12 workers.
UnloadTime: 2.522300 ms
PCHCheck is True
Immortal Loss Beta 0.58.0, GameVersion is : Beta0.58.0, PCH is True.
startLoadJsonTime = 5762.557
endLoadJsoneTime = 5762.698
Loading Duation is = 0.1411133
***T0104_LockFloorDoorOnEnable
***T0104_LeftDoorOnEnable
***T0104_RightDoorOnEnable
***T0104_UpDoorOnEnable
***MultiSwitchOnEnable
GameManager Initialization Completed.
T0104_FloorDoor
T0104_LockFloorDoor (TransitionSetting)
Transfer to T0104_LockFloorDoor , location is: (2058.62, -6.05, 0.09)
Unloading 885 unused Assets to reduce memory usage. Loaded Objects now: 49500.
Total: 33.927800 ms (FindLiveObjects: 2.646000 ms CreateObjectMapping: 1.323700 ms MarkObjects: 29.025200 ms  DeleteObjects: 0.932600 ms)

***IsRestraintArms False
[AudioManager] SE_TentaclePantie_LongLoop 已在播放中，跳過重複請求。
[AudioManager] SE_TentaclePantie_LongLoop 已在播放中，跳過重複請求。
IE_FadeOut START
Unloading 7 Unused Serialized files (Serialized files now loaded: 0)
***T0104_LockFloorDoorOnDisable
***T0104_RightDoorOnDisable
***T0104_LeftDoorOnDisable
***T0104_UpDoorOnDisable
***MultiSwitchOnDisable
[PhysX] Initialized MultithreadedTaskDispatcher with 12 workers.
UnloadTime: 0.687700 ms
PCHCheck is True
Immortal Loss Beta 0.58.0, GameVersion is : Beta0.58.0, PCH is True.
startLoadJsonTime = 5770.428
endLoadJsoneTime = 5770.563
Loading Duation is = 0.1347656
***NPC_Villager_BlueOnEnable
***NPC_Villager_RedOnEnable
***NPC_Villager_GreyOnEnable
***NPC_BanditOnEnable
***T0106_HouseDoor2F_LOnEnable
***T0106_LeftEndOnEnable
***T0106_LeftDoorOnEnable
***T0106_AchHouseOnEnable
***T0106_HouseDoor2F_ROnEnable
***T0106_HouseDoor3F_MidOnEnable
***T0106_HouseDoor1F_LOnEnable
***T0106_RightEndOnEnable
***Lantern_0106_BlackBerryTownOnEnable
***NPC_SapphyraOnEnable
***NPC_Sapphyra_PseudoOnEnable
***NPC_FramboiseOnEnable
***ObtainItem_TearDropOnEnable
***ObtainDiscovery_SapphyraNote2OnEnable
***ObtainDiscovery_Tentacle reportOnEnable
***ObtainDiscovery_WantedLORDOnEnable
***ObtainDiscovery_Flyer1OnEnable
***ObtainDiscovery_NoneNameNote6OnEnable
GameManager Initialization Completed.
***NPC_BanditOnDisable
***NPC_SapphyraOnDisable
T0106_LeftDoor
T0106_LeftDoor (TransitionSetting)
Transfer to T0106_LeftDoor , location is: (2055.00, 174.25, 0.00)
Unloading 4354 unused Assets to reduce memory usage. Loaded Objects now: 83586.
Total: 41.080600 ms (FindLiveObjects: 4.164000 ms CreateObjectMapping: 2.492700 ms MarkObjects: 31.095900 ms  DeleteObjects: 3.327500 ms)

***IsRestraintArms False
[AudioManager] SE_TentaclePantie_LongLoop 已在播放中，跳過重複請求。
[AudioManager] SE_TentaclePantie_LongLoop 已在播放中，跳過重複請求。
***ObtainItem_TearDropOnDisable
***ObtainDiscovery_SapphyraNote2OnDisable
***ObtainDiscovery_Tentacle reportOnDisable
***ObtainDiscovery_WantedLORDOnDisable
***ObtainDiscovery_Flyer1OnDisable
***ObtainDiscovery_NoneNameNote6OnDisable
ℹ️ 傳入的 FirstArriveBlackBerryDale 小於或等於目前的 FirstArriveZinniaStreet，不更新
Deb org
Eff org
RollEyeOrgasm
Open NPC Function
Wait for walking
isInTimeLineDash
Wait for turning
Wait for IE_FadeIn
CanExecuteCancel True
CanExecuteCancel False
CanExecuteCancel True
CanExecuteCancel False
Open NPC Function
Wait for walking
isInTimeLineDash
Wait for turning
Wait for IE_FadeIn
CumEffect Cum_Breast
ShyCloseEye
Deb org
Eff org
RollEyeOrgasm
LedgeDetected!     is Pene
***GameManager.Instance.playerAnimation.ClimbPoint.position (2301.30, 236.83, 0.00)
IE_FadeOut START
Unloading 9 Unused Serialized files (Serialized files now loaded: 0)
***NPC_Villager_BlueOnDisable
***NPC_Villager_RedOnDisable
***NPC_FramboiseOnDisable
***T0106_LeftDoorOnDisable
***T0106_HouseDoor1F_LOnDisable
***T0106_HouseDoor2F_LOnDisable
***T0106_HouseDoor2F_ROnDisable
***T0106_HouseDoor3F_MidOnDisable
***T0106_RightEndOnDisable
***T0106_LeftEndOnDisable
***T0106_AchHouseOnDisable
***Lantern_0106_BlackBerryTownOnDisable
***NPC_Villager_GreyOnDisable
***NPC_Sapphyra_PseudoOnDisable
[PhysX] Initialized MultithreadedTaskDispatcher with 12 workers.
UnloadTime: 1.156100 ms
PCHCheck is True
Immortal Loss Beta 0.58.0, GameVersion is : Beta0.58.0, PCH is True.
startLoadJsonTime = 5798.079
endLoadJsoneTime = 5798.214
Loading Duation is = 0.1347656
***T0108_ExitDoorOnEnable
***NPC_BaneberisOnEnable
***LockDoorTempOnEnable
GameManager Initialization Completed.
T0108_ExitDoor
T0108_ExitDoor (TransitionSetting)
Transfer to T0108_ExitDoor , location is: (2297.00, 239.00, 0.00)
Unloading 37601 unused Assets to reduce memory usage. Loaded Objects now: 49947.
Total: 64.280400 ms (FindLiveObjects: 4.161800 ms CreateObjectMapping: 2.902400 ms MarkObjects: 29.790100 ms  DeleteObjects: 27.425600 ms)

***IsRestraintArms False
[AudioManager] SE_TentaclePantie_LongLoop 已在播放中，跳過重複請求。
[AudioManager] SE_TentaclePantie_LongLoop 已在播放中，跳過重複請求。
Open NPC Function
Wait for walking
isInTimeLineDash
Wait for turning
Wait for IE_FadeIn
StartScreenBlink time: 0.5 Color: RGBA(1.000, 1.000, 1.000, 1.000)
IE_FadeOut START
[AudioManager] SE_TentaclePantie_LongLoop 已在播放中，跳過重複請求。
Remove Orgasm speed 0.03
Remove Orgasm speed 0.03
Normal/Emotion/Normal_CloseEyes_Blush_Teeth_Cloth_3
IE_FadeOut START
Remove Orgasm speed 0.01
LedgeDetected!     is Wall
***GameManager.Instance.playerAnimation.ClimbPoint.position (2293.13, 216.62, 0.00)
LedgeDetected!     is Pene Up
***GameManager.Instance.playerAnimation.ClimbPoint.position (2287.00, 230.23, 0.00)
IE_FadeOut START
Unloading 7 Unused Serialized files (Serialized files now loaded: 0)
***NPC_BaneberisOnDisable
***T0108_ExitDoorOnDisable
***LockDoorTempOnDisable
[PhysX] Initialized MultithreadedTaskDispatcher with 12 workers.
UnloadTime: 0.831700 ms
PCHCheck is True
Immortal Loss Beta 0.58.0, GameVersion is : Beta0.58.0, PCH is True.
startLoadJsonTime = 5828.441
endLoadJsoneTime = 5828.577
Loading Duation is = 0.1357422
***NPC_Villager_BlueOnEnable
***NPC_Villager_RedOnEnable
***NPC_Villager_GreyOnEnable
***NPC_BanditOnEnable
***T0106_HouseDoor2F_LOnEnable
***T0106_LeftEndOnEnable
***T0106_LeftDoorOnEnable
***T0106_AchHouseOnEnable
***T0106_HouseDoor2F_ROnEnable
***T0106_HouseDoor3F_MidOnEnable
***T0106_HouseDoor1F_LOnEnable
***T0106_RightEndOnEnable
***Lantern_0106_BlackBerryTownOnEnable
***NPC_SapphyraOnEnable
***NPC_Sapphyra_PseudoOnEnable
***NPC_FramboiseOnEnable
***ObtainItem_TearDropOnEnable
***ObtainDiscovery_SapphyraNote2OnEnable
***ObtainDiscovery_Tentacle reportOnEnable
***ObtainDiscovery_WantedLORDOnEnable
***ObtainDiscovery_Flyer1OnEnable
***ObtainDiscovery_NoneNameNote6OnEnable
GameManager Initialization Completed.
***NPC_BanditOnDisable
***NPC_SapphyraOnDisable
T0106_AchHouse
T0106_AchHouse (TransitionSetting)
Transfer to T0106_AchHouse , location is: (2297.00, 243.00, 0.00)
Unloading 4809 unused Assets to reduce memory usage. Loaded Objects now: 83558.
Total: 41.722900 ms (FindLiveObjects: 4.172500 ms CreateObjectMapping: 2.777500 ms MarkObjects: 31.100000 ms  DeleteObjects: 3.672600 ms)

***IsRestraintArms False
***ObtainItem_TearDropOnDisable
***ObtainDiscovery_SapphyraNote2OnDisable
***ObtainDiscovery_Tentacle reportOnDisable
***ObtainDiscovery_WantedLORDOnDisable
***ObtainDiscovery_Flyer1OnDisable
***ObtainDiscovery_NoneNameNote6OnDisable
ℹ️ 傳入的 FirstArriveBlackBerryDale 小於或等於目前的 FirstArriveZinniaStreet，不更新
0
CanExecuteCancel True
CanExecuteCancel False
CanExecuteCancel False
IE_FadeOut START
Unloading 3 Unused Serialized files (Serialized files now loaded: 0)
***NPC_FramboiseOnDisable
***NPC_Villager_RedOnDisable
***NPC_Villager_GreyOnDisable
***T0106_LeftDoorOnDisable
***T0106_HouseDoor1F_LOnDisable
***T0106_HouseDoor2F_LOnDisable
***T0106_HouseDoor2F_ROnDisable
***T0106_HouseDoor3F_MidOnDisable
***T0106_RightEndOnDisable
***T0106_LeftEndOnDisable
***T0106_AchHouseOnDisable
***NPC_Sapphyra_PseudoOnDisable
***NPC_Villager_BlueOnDisable
***Lantern_0106_BlackBerryTownOnDisable
[PhysX] Initialized MultithreadedTaskDispatcher with 12 workers.
UnloadTime: 1.118400 ms
PCHCheck is True
Immortal Loss Beta 0.58.0, GameVersion is : Beta0.58.0, PCH is True.
startLoadJsonTime = 5837.194
endLoadJsoneTime = 5837.331
Loading Duation is = 0.1367188
GameManager Initialization Completed.
Unloading 37957 unused Assets to reduce memory usage. Loaded Objects now: 44399.
Total: 69.431400 ms (FindLiveObjects: 3.671200 ms CreateObjectMapping: 2.461500 ms MarkObjects: 35.594200 ms  DeleteObjects: 27.703700 ms)

GameManager 初始化完成，可以開始使用了
defaultConfigPath = true, playerConfigPath = true
Input RestorGameData
IE_FadeOut START
Unloading 4 Unused Serialized files (Serialized files now loaded: 0)
[PhysX] Initialized MultithreadedTaskDispatcher with 12 workers.
UnloadTime: 0.467800 ms
PCHCheck is True
Immortal Loss Beta 0.58.0, GameVersion is : Beta0.58.0, PCH is True.
startLoadJsonTime = 5858.039
endLoadJsoneTime = 5858.174
Loading Duation is = 0.1352539
GameManager Initialization Completed.
Start TitleOrder
Wait DelayAllow
Unloading 9 unused Assets to reduce memory usage. Loaded Objects now: 44614.
Total: 40.680900 ms (FindLiveObjects: 2.196700 ms CreateObjectMapping: 1.359100 ms MarkObjects: 37.058000 ms  DeleteObjects: 0.066900 ms)

CloseMenu
waitForPress = False
waitForPress = True
CloseMenu
IE_FadeOut START
***IsRestraintArms False
CurrentEnviromentLight missing, skip.
Unloading 7 Unused Serialized files (Serialized files now loaded: 0)
[PhysX] Initialized MultithreadedTaskDispatcher with 12 workers.
UnloadTime: 0.744300 ms
PCHCheck is True
Immortal Loss Beta 0.58.0, GameVersion is : Beta0.58.0, PCH is True.
startLoadJsonTime = 5864.69
endLoadJsoneTime = 5864.831
Loading Duation is = 0.140625
***NPC_Villager_BlueOnEnable
***NPC_Villager_RedOnEnable
***NPC_Villager_GreyOnEnable
***NPC_BanditOnEnable
***T0106_HouseDoor2F_LOnEnable
***T0106_LeftEndOnEnable
***T0106_LeftDoorOnEnable
***T0106_AchHouseOnEnable
***T0106_HouseDoor2F_ROnEnable
***T0106_HouseDoor3F_MidOnEnable
***T0106_HouseDoor1F_LOnEnable
***T0106_RightEndOnEnable
***Lantern_0106_BlackBerryTownOnEnable
***NPC_SapphyraOnEnable
***NPC_Sapphyra_PseudoOnEnable
***NPC_FramboiseOnEnable
***ObtainItem_TearDropOnEnable
***ObtainDiscovery_SapphyraNote2OnEnable
***ObtainDiscovery_Tentacle reportOnEnable
***ObtainDiscovery_WantedLORDOnEnable
***ObtainDiscovery_Flyer1OnEnable
***ObtainDiscovery_NoneNameNote6OnEnable
GameManager Initialization Completed.
***NPC_BanditOnDisable
***NPC_SapphyraOnDisable
Unloading 21 unused Assets to reduce memory usage. Loaded Objects now: 83567.
Total: 37.173300 ms (FindLiveObjects: 3.894200 ms CreateObjectMapping: 2.446800 ms MarkObjects: 30.707200 ms  DeleteObjects: 0.124900 ms)

***IsRestraintArms False
***ObtainItem_TearDropOnDisable
***ObtainDiscovery_SapphyraNote2OnDisable
***ObtainDiscovery_Tentacle reportOnDisable
***ObtainDiscovery_WantedLORDOnDisable
***ObtainDiscovery_Flyer1OnDisable
***ObtainDiscovery_NoneNameNote6OnDisable
**************5
ℹ️ 傳入的 FirstArriveBlackBerryDale 小於或等於目前的 FirstArriveZinniaStreet，不更新
Deb org
Eff org
RollEyeOrgasm
CloseMenu
Remove Orgasm speed 0
[AudioManager] SE_TentaclePantie_LongLoop 已在播放中，跳過重複請求。
[AudioManager] SE_TentaclePantie_LongLoop 已在播放中，跳過重複請求。
[AudioManager] SE_TentaclePantie_LongLoop 已在播放中，跳過重複請求。
CanExecuteCancel True
CanExecuteCancel False
CanExecuteCancel True
CloseMenu
RollEyeGritTeeth
LedgeDetected!     is Pene Up
***GameManager.Instance.playerAnimation.ClimbPoint.position (2300.40, 235.01, 0.00)
IE_FadeOut START
Unloading 9 Unused Serialized files (Serialized files now loaded: 0)
***NPC_Villager_BlueOnDisable
***T0106_LeftDoorOnDisable
***T0106_HouseDoor1F_LOnDisable
***T0106_HouseDoor2F_LOnDisable
***T0106_HouseDoor2F_ROnDisable
***T0106_HouseDoor3F_MidOnDisable
***T0106_RightEndOnDisable
***T0106_LeftEndOnDisable
***T0106_AchHouseOnDisable
***NPC_Villager_RedOnDisable
***NPC_Sapphyra_PseudoOnDisable
***Lantern_0106_BlackBerryTownOnDisable
***NPC_FramboiseOnDisable
***NPC_Villager_GreyOnDisable
[PhysX] Initialized MultithreadedTaskDispatcher with 12 workers.
UnloadTime: 1.287900 ms
PCHCheck is True
Immortal Loss Beta 0.58.0, GameVersion is : Beta0.58.0, PCH is True.
startLoadJsonTime = 5911.926
endLoadJsoneTime = 5912.062
Loading Duation is = 0.1357422
***T0108_ExitDoorOnEnable
***NPC_BaneberisOnEnable
***LockDoorTempOnEnable
GameManager Initialization Completed.
T0108_ExitDoor
T0108_ExitDoor (TransitionSetting)
Transfer to T0108_ExitDoor , location is: (2297.00, 239.00, 0.00)
Unloading 37529 unused Assets to reduce memory usage. Loaded Objects now: 49964.
Total: 66.328300 ms (FindLiveObjects: 4.740600 ms CreateObjectMapping: 2.702300 ms MarkObjects: 31.476000 ms  DeleteObjects: 27.408800 ms)

***IsRestraintArms False
[AudioManager] SE_TentaclePantie_LongLoop 已在播放中，跳過重複請求。
[AudioManager] SE_TentaclePantie_LongLoop 已在播放中，跳過重複請求。
Deb org
Eff org
RollEyeOrgasm
Open NPC Function
Wait for walking
isInTimeLineDash
Wait for turning
Wait for IE_FadeIn
StartScreenBlink time: 0.5 Color: RGBA(1.000, 1.000, 1.000, 1.000)
IE_FadeOut START
***IsRestraintArms False
[AudioManager] SE_TentaclePantie_LongLoop 已在播放中，跳過重複請求。
Unloading 7 Unused Serialized files (Serialized files now loaded: 0)
***T0108_ExitDoorOnDisable
***LockDoorTempOnDisable
***NPC_BaneberisOnDisable
[PhysX] Initialized MultithreadedTaskDispatcher with 12 workers.
UnloadTime: 0.883300 ms
PCHCheck is True
Immortal Loss Beta 0.58.0, GameVersion is : Beta0.58.0, PCH is True.
startLoadJsonTime = 5932.64
endLoadJsoneTime = 5932.774
Loading Duation is = 0.1347656
***NPC_Villager_BlueOnEnable
***NPC_Villager_RedOnEnable
***NPC_Villager_GreyOnEnable
***NPC_BanditOnEnable
***T0106_HouseDoor2F_LOnEnable
***T0106_LeftEndOnEnable
***T0106_LeftDoorOnEnable
***T0106_AchHouseOnEnable
***T0106_HouseDoor2F_ROnEnable
***T0106_HouseDoor3F_MidOnEnable
***T0106_HouseDoor1F_LOnEnable
***T0106_RightEndOnEnable
***Lantern_0106_BlackBerryTownOnEnable
***NPC_SapphyraOnEnable
***NPC_Sapphyra_PseudoOnEnable
***NPC_FramboiseOnEnable
***ObtainItem_TearDropOnEnable
***ObtainDiscovery_SapphyraNote2OnEnable
***ObtainDiscovery_Tentacle reportOnEnable
***ObtainDiscovery_WantedLORDOnEnable
***ObtainDiscovery_Flyer1OnEnable
***ObtainDiscovery_NoneNameNote6OnEnable
GameManager Initialization Completed.
***NPC_BanditOnDisable
***NPC_SapphyraOnDisable
Unloading 4803 unused Assets to reduce memory usage. Loaded Objects now: 83576.
Total: 44.335800 ms (FindLiveObjects: 3.922800 ms CreateObjectMapping: 2.526800 ms MarkObjects: 34.420400 ms  DeleteObjects: 3.465300 ms)

***IsRestraintArms False
***ObtainItem_TearDropOnDisable
***ObtainDiscovery_SapphyraNote2OnDisable
***ObtainDiscovery_Tentacle reportOnDisable
***ObtainDiscovery_WantedLORDOnDisable
***ObtainDiscovery_Flyer1OnDisable
***ObtainDiscovery_NoneNameNote6OnDisable
**************5
ℹ️ 傳入的 FirstArriveBlackBerryDale 小於或等於目前的 FirstArriveZinniaStreet，不更新
Deb org
Eff org
RollEyeOrgasm
CanExecuteCancel True
CloseMenu
Open NPC Function
Wait for walking
isInTimeLineStandBy
Have Open this lantern.
Wait for walking
Wait for turning
isInTimeLineStandBy
Wait for IE_FadeIn
IE_FadeOut START
Unloading 15 Unused Serialized files (Serialized files now loaded: 0)
***NPC_Sapphyra_PseudoOnDisable
***NPC_Villager_RedOnDisable
***NPC_Villager_BlueOnDisable
***NPC_FramboiseOnDisable
***T0106_LeftDoorOnDisable
***T0106_HouseDoor1F_LOnDisable
***T0106_HouseDoor2F_LOnDisable
***T0106_HouseDoor2F_ROnDisable
***T0106_HouseDoor3F_MidOnDisable
***T0106_RightEndOnDisable
***T0106_LeftEndOnDisable
***T0106_AchHouseOnDisable
***Lantern_0106_BlackBerryTownOnDisable
***NPC_Villager_GreyOnDisable
[PhysX] Initialized MultithreadedTaskDispatcher with 12 workers.
UnloadTime: 1.293800 ms
PCHCheck is True
Immortal Loss Beta 0.58.0, GameVersion is : Beta0.58.0, PCH is True.
startLoadJsonTime = 5951.789
endLoadJsoneTime = 5951.925
Loading Duation is = 0.1362305
***T0501_DoorDOnEnable
***T0501_EndROnEnable
***T0501_EndLOnEnable
***Lantern_0501_CampofthePilgrimsofPeaceOnEnable
***ItemOnEnable
GameManager Initialization Completed.
Lantern_0501_CampofthePilgrimsofPeace
Lantern_0501_CampofthePilgrimsofPeace (TransitionSetting)
Transfer to Lantern_0501_CampofthePilgrimsofPeace , location is: (5226.70, 16.70, 0.00)
Unloading 37949 unused Assets to reduce memory usage. Loaded Objects now: 47384.
Total: 66.336300 ms (FindLiveObjects: 4.308600 ms CreateObjectMapping: 2.854500 ms MarkObjects: 31.342600 ms  DeleteObjects: 27.829600 ms)

***IsRestraintArms False
***ItemOnDisable
Adding Enemy: BanditA to List.
LedgeDetected!     is Wall
***GameManager.Instance.playerAnimation.ClimbPoint.position (5258.78, 42.33, 0.00)
Remove Enemy: BanditA from List.
Adding Enemy: BanditA to List.
Remove Enemy: BanditA from List.
ParasiteCondition.
Tag is NakedATK
Projectile hits Player and destroy.
Adding Enemy: BanditA to List.
RollEyeGritTeeth
Bomb Projectile hits wall and destroy.
Bomb Projectile hits wall and destroy.
Remove Enemy: BanditA from List.
IE_FadeOut START
Unloading 16 Unused Serialized files (Serialized files now loaded: 0)
***Lantern_0501_CampofthePilgrimsofPeaceOnDisable
***T0501_DoorDOnDisable
***T0501_EndLOnDisable
***T0501_EndROnDisable
[PhysX] Initialized MultithreadedTaskDispatcher with 12 workers.
UnloadTime: 1.269300 ms
PCHCheck is True
Immortal Loss Beta 0.58.0, GameVersion is : Beta0.58.0, PCH is True.
startLoadJsonTime = 5961.054
endLoadJsoneTime = 5961.199
Loading Duation is = 0.1445313
***T0502_DoorOnEnable
***T0502_EndRUOnEnable
***T0502_EndLOnEnable
***T0502_EndRDOnEnable
***ItemOnEnable
GameManager Initialization Completed.
T0502_EndL
T0502_EndL (TransitionSetting)
Transfer to T0502_EndL , location is: (5343.40, 40.00, 0.00)
Unloading 1206 unused Assets to reduce memory usage. Loaded Objects now: 56510.
Total: 41.029700 ms (FindLiveObjects: 2.797400 ms CreateObjectMapping: 1.721600 ms MarkObjects: 35.400900 ms  DeleteObjects: 1.109400 ms)

***IsRestraintArms False
Adding Enemy: CrawlingColza to List.
EnterNormalATK
Remove Enemy: CrawlingColza from List.
Adding Enemy: CrawlingColza to List.
EnterNormalATK
Remove Enemy: CrawlingColza from List.
EnterNormalATK
Adding Enemy: CrawlingColza to List.
ParasiteCondition.
Tag is CrawlingColza
ParasiteCondition.
Tag is CrawlingColza
CrawlingColza para. random failed.
Adding Enemy: CrawlingColza to List.
EnterNormalATK
EnterNormalATK
EnterNormalATK
EnterNormalATK
EnterNormalATK
EnterNormalATK
EnterNormalATK
EnterNormalATK
EnterNormalATK
EnterNormalATK
EnterNormalATK
ParasiteCondition.
Tag is CrawlingColza
AddingParaToOral CrawlingColza
EnterNormalATK
EnterNormalATK
EnterNormalATK
ParasiteCondition.
Tag is CrawlingColza
AddingParaToVaginal CrawlingColza
CycleTrap is Trigger.
CycleTrap is resEnemy.
StartScreenBlink time: 0.3 Color: RGBA(1.000, 1.000, 1.000, 1.000)
Player Start StruggleResIE
Deb org
Eff org
RollEyeOrgasm
CloseMenu
Adding Enemy: NDog to List.
res failed.
res failed.
res failed.
res failed.
res failed.
res failed.
res failed.
res failed.
res failed.
res failed.
res failed.
res failed.
res failed.
res failed.
res failed.
res failed.
res failed.
res failed.
res failed.
res failed.
res failed.
res failed.
res failed.
res failed.
res failed.
res failed.
res failed.
res failed.
res failed.
res failed.
res failed.
res failed.
res failed.
res failed.
res failed.
res failed.
res failed.
res failed.
res failed.
res failed.
res failed.
res failed.
res failed.
res failed.
res failed.
res failed.
res failed.
res failed.
res failed.
res failed.
res failed.
res failed.
res failed.
res failed.
res failed.
res failed.
res failed.
res failed.
res failed.
res failed.
res failed.
res failed.
res failed.
res failed.
ParasiteCondition.
Tag is NakedATK
res failed.
res failed.
res failed.
res failed.
res failed.
res failed.
res failed.
res failed.
res failed.
res failed.
res failed.
res failed.
res failed.
res failed.
res failed.
res failed.
res failed.
res failed.
res failed.
res failed.
res failed.
res failed.
res failed.
res failed.
res failed.
res failed.
res failed.
res failed.
res failed.
res failed.
res failed.
res failed.
res failed.
res failed.
res failed.
res failed.
res failed.
res failed.
res failed.
res failed.
res failed.
res failed.
res failed.
res failed.
res failed.
res failed.
res failed.
res failed.
res failed.
res failed.
res failed.
res failed.
res failed.
res failed.
res failed.
res failed.
res failed.
res failed.
res failed.
res failed.
res failed.
res failed.
res failed.
res failed.
res failed.
res failed.
res failed.
res failed.
res failed.
res failed.
res failed.
res failed.
res failed.
res failed.
res failed.
res failed.
res failed.
res failed.
res failed.
res failed.
res failed.
res failed.
res failed.
res failed.
res failed.
res failed.
res failed.
res failed.
res failed.
res failed.
res failed.
res failed.
res failed.
res failed.
res failed.
res failed.
res failed.
res failed.
res failed.
res failed.
res failed.
res failed.
res failed.
res failed.
res failed.
res failed.
res failed.
res failed.
res failed.
res failed.
res failed.
res failed.
res failed.
res failed.
res failed.
res failed.
res failed.
res failed.
res failed.
res failed.
res failed.
res failed.
res failed.
res failed.
res failed.
res failed.
res failed.
res failed.
res failed.
res failed.
res failed.
res failed.
res failed.
res failed.
res failed.
res failed.
res failed.
res failed.
res failed.
res failed.
res failed.
res failed.
res failed.
res failed.
res failed.
res failed.
res failed.
res failed.
res failed.
res failed.
res failed.
res failed.
res failed.
res failed.
res failed.
res failed.
Succeed ResStrug
***PlayerSkeletonRendererObj (0.30, 0.81, 0.00)
Back insert. Vag
Back insert. Vag
Back insert. Vag
Back insert. Vag
Back insert. Vag
Back insert. Vag
Back insert. Vag
Back insert. Vag
Back insert. Vag
Back insert. Vag
Back insert. Vag
Back insert. Vag
Back insert. Vag
Back insert. Vag
Back insert. Vag
Back insert. Vag
Back insert. Vag
Back insert. Vag
Back insert. Vag
Back insert. Vag
Back insert. Vag
Back insert. Vag
Back insert. Vag
Back insert. Vag
Back insert. Vag
Back insert. Vag
Back insert. Vag
Back insert. Vag
Back insert. Vag
Back insert. Vag
Back insert. Vag
Back insert. Vag
Back insert. Vag
Back insert. Vag
Back insert. Vag
Back insert. Vag
Back insert. Vag
Back insert. Vag
Back insert. Vag
Back insert. Vag
Back insert. Vag
Back insert. Vag
Back insert. Vag
Back insert. Vag
Back insert. Vag
Back insert. Vag
Back insert. Vag
Back insert. Vag
Back insert. Vag
Back insert. Vag
Back insert. Vag
Back insert. Vag
Back insert. Vag
Back insert. Vag
Back insert. Vag
Back insert. Vag
Back insert. Vag
Back insert. Vag
Back insert. Vag
Back insert. Vag
Back insert. Vag
Back insert. Vag
Back insert. Vag
Back insert. Vag
Back insert. Vag
Back insert. Vag
Back insert. Vag
Back insert. Vag
Back insert. Vag
Back insert. Vag
Back insert. Vag
Back insert. Vag
Back insert. Vag
Back insert. Vag
Back insert. Vag
Back insert. Vag
Back insert. Vag
Back insert. Vag
Back insert. Vag
Back insert. Vag
Back insert. Vag
Back insert. Vag
Back insert. Vag
Back insert. Vag
Back insert. Vag
Back insert. Vag
Back insert. Vag
Back insert. Vag
Back insert. Vag
Back insert. Vag
Back insert. Vag
Back insert. Vag
Back insert. Vag
Back insert. Vag
Back insert. Vag
Back insert. Vag
Back insert. Vag
Back insert. Vag
Back insert. Vag
Back insert. Vag
Back insert. Vag
Back insert. Vag
Back insert. Vag
Back insert. Vag
Back insert. Vag
Back insert. Vag
Back insert. Vag
Back insert. Vag
Back insert. Vag
Back insert. Vag
Back insert. Vag
Back insert. Vag
Back insert. Vag
Back insert. Vag
Back insert. Vag
Back insert. Vag
Back insert. Vag
Back insert. Vag
Back insert. Vag
Back insert. Vag
Back insert. Vag
Back insert. Vag
Back insert. Vag
Back insert. Vag
Back insert. Vag
Back insert. Vag
Back insert. Vag
Back insert. Vag
Back insert. Vag
Back insert. Vag
Back insert. Vag
Back insert. Vag
Back insert. Vag
Back insert. Vag
Back insert. Vag
Back insert. Vag
Back insert. Vag
Back insert. Vag
Back insert. Vag
Back insert. Vag
Back insert. Vag
Back insert. Vag
Back insert. Vag
Back insert. Vag
Back insert. Vag
Back insert. Vag
Back insert. Vag
Back insert. Vag
Back insert. Vag
Back insert. Vag
Back insert. Vag
Back insert. Vag
Back insert. Vag
Back insert. Vag
Back insert. Vag
Back insert. Vag
Back insert. Vag
Back insert. Vag
Back insert. Vag
Back insert. Vag
Back insert. Vag
Back insert. Vag
Back insert. Vag
Back insert. Vag
Back insert. Vag
Back insert. Vag
Back insert. Vag
Back insert. Vag
Back insert. Vag
Back insert. Vag
Back insert. Vag
Back insert. Vag
Back insert. Vag
Back insert. Vag
Back insert. Vag
Back insert. Vag
Back insert. Vag
Back insert. Vag
Back insert. Vag
Back insert. Vag
Back insert. Vag
Back insert. Vag
Back insert. Vag
Back insert. Vag
Back insert. Vag
Back insert. Vag
Back insert. Vag
Back insert. Vag
Back insert. Vag
Back insert. Vag
Back insert. Vag
Back insert. Vag
Back insert. Vag
Back insert. Vag
Back insert. Vag
Back insert. Vag
Back insert. Vag
Back insert. Vag
Back insert. Vag
Back insert. Vag
Back insert. Vag
Back insert. Vag
Back insert. Vag
Back insert. Vag
Back insert. Vag
Back insert. Vag
Back insert. Vag
Back insert. Vag
Back insert. Vag
Back insert. Vag
Back insert. Vag
Back insert. Vag
Back insert. Vag
Back insert. Vag
Back insert. Vag
Back insert. Vag
Back insert. Vag
Back insert. Vag
Back insert. Vag
Back insert. Vag
Back insert. Vag
Back insert. Vag
Back insert. Vag
Back insert. Vag
Back insert. Vag
Back insert. Vag
Back insert. Vag
Back insert. Vag
Back insert. Vag
Back insert. Vag
Back insert. Vag
Back insert. Vag
Back insert. Vag
Back insert. Vag
Back insert. Vag
Back insert. Vag
Back insert. Vag
Back insert. Vag
Back insert. Vag
Back insert. Vag
Back insert. Vag
Back insert. Vag
Back insert. Vag
Back insert. Vag
Back insert. Vag
Back insert. Vag
Back insert. Vag
Back insert. Vag
Back insert. Vag
Back insert. Vag
Back insert. Vag
Back insert. Vag
Back insert. Vag
Back insert. Vag
Back insert. Vag
Back insert. Vag
Back insert. Vag
Back insert. Vag
Remove Enemy: NDog from List.
Adding Enemy: NDog to List.
Back insert. Vag
Back insert. Vag
Back insert. Vag
Back insert. Vag
Back insert. Vag
Back insert. Vag
Back insert. Vag
Back insert. Vag
Back insert. Vag
Back insert. Vag
Back insert. Vag
Back insert. Vag
Back insert. Vag
Back insert. Vag
Back insert. Vag
Back insert. Vag
Back insert. Vag
Back insert. Vag
Back insert. Vag
Back insert. Vag
Back insert. Vag
Back insert. Vag
Back insert. Vag
Back insert. Vag
Back insert. Vag
Back insert. Vag
Back insert. Vag
Back insert. Vag
Back insert. Vag
Back insert. Vag
Back insert. Vag
Back insert. Vag
Back insert. Vag
Back insert. Vag
Back insert. Vag
Back insert. Vag
Back insert. Vag
Back insert. Vag
Back insert. Vag
Back insert. Vag
Back insert. Vag
Back insert. Vag
Back insert. Vag
Back insert. Vag
Back insert. Vag
Back insert. Vag
Back insert. Vag
Back insert. Vag
Back insert. Vag
Back insert. Vag
Back insert. Vag
Back insert. Vag
Back insert. Vag
Back insert. Vag
Back insert. Vag
Back insert. Vag
Back insert. Vag
Back insert. Vag
Back insert. Vag
Back insert. Vag
Back insert. Vag
Back insert. Vag
ParasiteCondition.
Tag is NakedATK
Back insert. Vag
isReduceResBar True
Player Start StruggleResIE
0
Restraint
Spine Event Restraint/Vita/ResByNDog_Start SetPlayerHitBox True
Change to Crawl.
Deb org
Eff org
CumEffect Cum_Vaginal
Cum
28
Spine Event : Vaginal Insert
StartScreenBlink time: 0.4 Color: RGBA(1.000, 1.000, 1.000, 1.000)
Remove Orgasm speed 0.03
AddingParaToVaginal NDog
Adding Enemy: CrawlingColza to List.
Spine Event Restraint/Vita/ResByNDog_Start SetPlayerHitBox False
CumEffect Cum_Oral
StartScreenBlink time: 0.4 Color: RGBA(1.000, 1.000, 1.000, 1.000)
StartScreenBlink time: 0.4 Color: RGBA(1.000, 1.000, 1.000, 1.000)
EnterNormalATK
ParasiteCondition.
Tag is CrawlingColza
StartScreenBlink time: 2 Color: RGBA(1.000, 1.000, 1.000, 1.000)
ParasiteCondition.
Tag is CrawlingColza
CrawlingColza para. random failed.
EnterNormalATK
OnResCumEnd
Change to Stand.
Remove Orgasm speed 0.03
Player Start StruggleLyingIE
Remove Enemy: CrawlingColza from List.
Adding Enemy: CrawlingColza to List.
ParasiteCondition.
Tag is CrawlingColza
CrawlingColza para. random failed.
ParasiteCondition.
Tag is CrawlingColza
Failed ResStrug
****
No resEnemy to Enter End.
***PlayerSkeletonRendererObj (0.30, 0.81, 0.00)
ParasiteCondition.
Tag is CrawlingColza
AddingParaToVaginal CrawlingColza
22
Back insert. Vag
Back insert. Vag
Back insert. Vag
Back insert. Vag
Back insert. Vag
Back insert. Vag
Back insert. Vag
Back insert. Vag
Back insert. Vag
Back insert. Vag
Back insert. Vag
Back insert. Vag
Back insert. Vag
Back insert. Vag
Back insert. Vag
Back insert. Vag
Back insert. Vag
Back insert. Vag
Back insert. Vag
Back insert. Vag
Back insert. Vag
Back insert. Vag
Back insert. Vag
Back insert. Vag
Back insert. Vag
Back insert. Vag
Back insert. Vag
Back insert. Vag
Back insert. Vag
Back insert. Vag
Back insert. Vag
Back insert. Vag
Back insert. Vag
Back insert. Vag
Back insert. Vag
Back insert. Vag
Back insert. Vag
Back insert. Vag
Back insert. Vag
Back insert. Vag
Back insert. Vag
Back insert. Vag
Back insert. Vag
Back insert. Vag
Back insert. Vag
Back insert. Vag
Back insert. Vag
Back insert. Vag
Back insert. Vag
Back insert. Vag
Back insert. Vag
Back insert. Vag
Back insert. Vag
Back insert. Vag
Back insert. Vag
Back insert. Vag
Back insert. Vag
Back insert. Vag
Back insert. Vag
Back insert. Vag
Back insert. Vag
Back insert. Vag
Back insert. Vag
Back insert. Vag
Back insert. Vag
Back insert. Vag
Back insert. Vag
Back insert. Vag
Back insert. Vag
Back insert. Vag
Back insert. Vag
Back insert. Vag
Back insert. Vag
Back insert. Vag
Back insert. Vag
Back insert. Vag
Back insert. Vag
Back insert. Vag
Back insert. Vag
Back insert. Vag
Back insert. Vag
Back insert. Vag
Back insert. Vag
Back insert. Vag
Back insert. Vag
Back insert. Vag
Back insert. Vag
Back insert. Vag
Back insert. Vag
Back insert. Vag
Back insert. Vag
Back insert. Vag
Back insert. Vag
Back insert. Vag
Back insert. Vag
Back insert. Vag
Back insert. Vag
Back insert. Vag
Back insert. Vag
Back insert. Vag
Back insert. Vag
Back insert. Vag
Back insert. Vag
Back insert. Vag
Back insert. Vag
Back insert. Vag
Back insert. Vag
Back insert. Vag
Back insert. Vag
Back insert. Vag
Back insert. Vag
Back insert. Vag
Back insert. Vag
Back insert. Vag
Back insert. Vag
Back insert. Vag
Back insert. Vag
Back insert. Vag
Back insert. Vag
Back insert. Vag
Back insert. Vag
Back insert. Vag
Back insert. Vag
Back insert. Vag
Back insert. Vag
Back insert. Vag
Back insert. Vag
Back insert. Vag
Back insert. Vag
Back insert. Vag
Back insert. Vag
Back insert. Vag
Back insert. Vag
Back insert. Vag
Back insert. Vag
Back insert. Vag
Back insert. Vag
Back insert. Vag
Back insert. Vag
Back insert. Vag
Back insert. Vag
Back insert. Vag
Back insert. Vag
Back insert. Vag
Back insert. Vag
Back insert. Vag
Back insert. Vag
Back insert. Vag
Back insert. Vag
Back insert. Vag
Back insert. Vag
Back insert. Vag
Back insert. Vag
Back insert. Vag
Back insert. Vag
Back insert. Vag
Back insert. Vag
Back insert. Vag
Back insert. Vag
Back insert. Vag
Back insert. Vag
Back insert. Vag
Back insert. Vag
Back insert. Vag
Back insert. Vag
Back insert. Vag
Back insert. Vag
Back insert. Vag
Back insert. Vag
Back insert. Vag
Back insert. Vag
Back insert. Vag
Back insert. Vag
Back insert. Vag
Back insert. Vag
Back insert. Vag
Back insert. Vag
Back insert. Vag
Back insert. Vag
Back insert. Vag
Back insert. Vag
Back insert. Vag
Back insert. Vag
Back insert. Vag
Back insert. Vag
Back insert. Vag
Back insert. Vag
Back insert. Vag
Back insert. Vag
Back insert. Vag
Back insert. Vag
Back insert. Vag
Back insert. Vag
Back insert. Vag
Back insert. Vag
Back insert. Vag
Back insert. Vag
Back insert. Vag
Back insert. Vag
Back insert. Vag
Back insert. Vag
Back insert. Vag
Back insert. Vag
Back insert. Vag
Back insert. Vag
Back insert. Vag
Back insert. Vag
Back insert. Vag
Back insert. Vag
Back insert. Vag
Back insert. Vag
Back insert. Vag
Back insert. Vag
Back insert. Vag
Back insert. Vag
Back insert. Vag
Back insert. Vag
Back insert. Vag
Back insert. Vag
Back insert. Vag
Back insert. Vag
Back insert. Vag
Back insert. Vag
Back insert. Vag
Back insert. Vag
Back insert. Vag
Back insert. Vag
Back insert. Vag
Back insert. Vag
Back insert. Vag
Back insert. Vag
Back insert. Vag
Back insert. Vag
Back insert. Vag
Back insert. Vag
Back insert. Vag
Back insert. Vag
Back insert. Vag
Back insert. Vag
Back insert. Vag
Back insert. Vag
Back insert. Vag
Back insert. Vag
Back insert. Vag
Back insert. Vag
Back insert. Vag
Back insert. Vag
Back insert. Vag
Back insert. Vag
Back insert. Vag
Back insert. Vag
Back insert. Vag
Back insert. Vag
Back insert. Vag
Back insert. Vag
Back insert. Vag
Back insert. Vag
Back insert. Vag
Back insert. Vag
Back insert. Vag
Back insert. Vag
Back insert. Vag
Back insert. Vag
Back insert. Vag
Back insert. Vag
Back insert. Vag
Back insert. Vag
Back insert. Vag
Back insert. Vag
Back insert. Vag
Back insert. Vag
Back insert. Vag
Back insert. Vag
Back insert. Vag
Back insert. Vag
Back insert. Vag
Back insert. Vag
Back insert. Vag
Back insert. Vag
Back insert. Vag
Back insert. Vag
Back insert. Vag
Back insert. Vag
Back insert. Vag
Back insert. Vag
Back insert. Vag
Back insert. Vag
Back insert. Vag
Back insert. Vag
Back insert. Vag
Back insert. Vag
Back insert. Vag
Back insert. Vag
Back insert. Vag
Back insert. Vag
Back insert. Vag
Back insert. Vag
Back insert. Vag
Back insert. Vag
Back insert. Vag
Back insert. Vag
Back insert. Vag
Back insert. Vag
Back insert. Vag
Back insert. Vag
Back insert. Vag
Back insert. Vag
Back insert. Vag
Back insert. Vag
Back insert. Vag
Back insert. Vag
Back insert. Vag
Back insert. Vag
Back insert. Vag
Back insert. Vag
Back insert. Vag
Back insert. Vag
Back insert. Vag
Back insert. Vag
Back insert. Vag
Back insert. Vag
Back insert. Vag
Back insert. Vag
Back insert. Vag
Back insert. Vag
Back insert. Vag
Back insert. Vag
Back insert. Vag
Back insert. Vag
Back insert. Vag
Back insert. Vag
Back insert. Vag
Back insert. Vag
Back insert. Vag
Back insert. Vag
Back insert. Vag
Back insert. Vag
Back insert. Vag
Back insert. Vag
Back insert. Vag
Back insert. Vag
Back insert. Vag
Back insert. Vag
Back insert. Vag
Back insert. Vag
Back insert. Vag
Back insert. Vag
Back insert. Vag
Back insert. Vag
Back insert. Vag
Back insert. Vag
Back insert. Vag
Back insert. Vag
Back insert. Vag
Back insert. Vag
Back insert. Vag
Back insert. Vag
Back insert. Vag
Back insert. Vag
Back insert. Vag
Back insert. Vag
Back insert. Vag
Back insert. Vag
Back insert. Vag
Back insert. Vag
Back insert. Vag
Back insert. Vag
Back insert. Vag
Back insert. Vag
Back insert. Vag
Back insert. Vag
ParasiteCondition.
Tag is NakedATK
Back insert. Vag
isReduceResBar True
Player Start StruggleResIE
0
Restraint
Spine Event Restraint/Vita/ResByNDog_Start SetPlayerHitBox True
Change to Crawl.
Deb org
Eff org
Spine Event : Vaginal Insert
StartScreenBlink time: 0.4 Color: RGBA(1.000, 1.000, 1.000, 1.000)
Remove Orgasm speed 0.03
AddingParaToVaginal NDog
Adding Enemy: CrawlingColza to List.
Spine Event Restraint/Vita/ResByNDog_Start SetPlayerHitBox False
EnterNormalATK
EnterNormalATK
EnterNormalATK
ParasiteCondition.
Tag is CrawlingColza
CrawlingColza para. random failed.
16
ParasiteCondition.
Tag is CrawlingColza
CrawlingColza para. random failed.
EnterNormalATK
EnterNormalATK
ParasiteCondition.
Tag is CrawlingColza
ParasiteCondition.
Tag is CrawlingColza
EnterNormalATK
Failed ResStrug
****
StartScreenBlink time: 0.5 Color: RGBA(1.000, 1.000, 1.000, 1.000)
*** IEFadetoChangeBGM toBGM_H01
BGMAuidoSource.volume 0.1
StartScreenBlink time: 0.5 Color: RGBA(1.000, 1.000, 1.000, 1.000)
StartScreenBlink time: 0.5 Color: RGBA(1.000, 1.000, 1.000, 1.000)
StartScreenBlink time: 0.5 Color: RGBA(1.000, 1.000, 1.000, 1.000)
StartScreenBlink time: 0.5 Color: RGBA(1.000, 1.000, 1.000, 1.000)
IE_FadeOut START
IE_FadeOut START
Change to Stand.
Remove Orgasm speed 0.03
CustomSequence.End_NDog
Player Start StruggleLyingIE
*** IEFadetoChangeBGM toBGM_ChronusSanctuary
BGMAuidoSource.volume 0.1
ParasiteCondition.
Tag is CrawlingColza
AddingParaToVaginal CrawlingColza
Remove Orgasm speed 0
Remove Orgasm speed 0.02
Remove BreastEngorgement speed -0.005
Remove Orgasm speed 0.02
Remove BreastEngorgement speed -0.005
Remove Orgasm speed 0.03
Adding Enemy: CrawlingColza to List.
Adding Enemy: PenisWorm0 to List.
Adding Enemy: PenisWorm0 to List.
Adding Enemy: CrawlingColza to List.
Remove Enemy: PenisWorm0 from List.
Adding Enemy: PenisWorm0 to List.
Remove Enemy: PenisWorm0 from List.
Adding Enemy: PenisWorm0 to List.
Remove Enemy: PenisWorm0 from List.
Adding Enemy: PenisWorm0 to List.
Remove Enemy: PenisWorm0 from List.
Remove Enemy: PenisWorm0 from List.
Adding Enemy: PenisWorm0 to List.
EnterGetHurt
EnterGetHurt
Remove this dead Enemy from List.
Drop Sands :30
Drop Sands :30
Remove this dead Enemy from List.
Drop Sands :115
Remove this dead Enemy from List.
Drop Sands :115
CycleTrap is Trigger.
CycleTrap is resEnemy.
StartScreenBlink time: 0.3 Color: RGBA(1.000, 1.000, 1.000, 1.000)
Player Start StruggleResIE
10
Succeed ResStrug
***PlayerSkeletonRendererObj (0.30, 0.81, 0.00)
IE_FadeOut START
Unloading 15 Unused Serialized files (Serialized files now loaded: 0)
***ItemOnDisable
***T0502_DoorOnDisable
***T0502_EndLOnDisable
***T0502_EndRUOnDisable
***T0502_EndRDOnDisable
[PhysX] Initialized MultithreadedTaskDispatcher with 12 workers.
UnloadTime: 1.804000 ms
PCHCheck is True
Immortal Loss Beta 0.58.0, GameVersion is : Beta0.58.0, PCH is True.
startLoadJsonTime = 6057.67
endLoadJsoneTime = 6057.811
Loading Duation is = 0.1401367
***T0507_HoleOnEnable
***T0507_DoorLOnEnable
***T0507_DoorROnEnable
GameManager Initialization Completed.
T0507_DoorL
T0507_DoorL (TransitionSetting)
Transfer to T0507_DoorL , location is: (5515.66, 34.77, 0.00)
Unloading 9179 unused Assets to reduce memory usage. Loaded Objects now: 51276.
Total: 42.476300 ms (FindLiveObjects: 3.022200 ms CreateObjectMapping: 1.775600 ms MarkObjects: 31.103400 ms  DeleteObjects: 6.574800 ms)

***IsRestraintArms False
Adding Enemy: BanditA to List.
Remove Enemy: BanditA from List.
Adding Enemy: BanditA to List.
Bomb Projectile hits wall and destroy.
Bomb Projectile hits wall and destroy.
ParasiteCondition.
Tag is NakedATK
Projectile hits Player and destroy.
5
ParasiteCondition.
Tag is NakedATK
ParasiteCondition.
Tag is NakedATK
ParasiteCondition.
Tag is NakedATK
ParasiteCondition.
Tag is NakedATK
Player Start StruggleLyingIE
Projectile hits Player and destroy.
ChangeSkinSet2
***CallIEResFailed, enemy is BanditA_Prefab
***LSSO_End_Bandit Milk
IE_FadeOut START
IE_FadeOut START
*** IEFadetoChangeBGM toBGM_H01
BGMAuidoSource.volume 0.1
StartScreenBlink time: 0.5 Color: RGBA(1.000, 1.000, 1.000, 1.000)
StartScreenBlink time: 0.5 Color: RGBA(1.000, 1.000, 1.000, 1.000)
StartScreenBlink time: 0.5 Color: RGBA(1.000, 1.000, 1.000, 1.000)
StartScreenBlink time: 0.5 Color: RGBA(1.000, 1.000, 1.000, 1.000)
StartScreenBlink time: 0.5 Color: RGBA(1.000, 1.000, 1.000, 1.000)
StartScreenBlink time: 0.5 Color: RGBA(1.000, 1.000, 1.000, 1.000)
IE_FadeOut START
IE_FadeOut START
***IsRestraintArms True
Unloading 18 Unused Serialized files (Serialized files now loaded: 0)
***T0507_DoorLOnDisable
***T0507_DoorROnDisable
***T0507_HoleOnDisable
[PhysX] Initialized MultithreadedTaskDispatcher with 12 workers.
UnloadTime: 1.024300 ms
PCHCheck is True
Immortal Loss Beta 0.58.0, GameVersion is : Beta0.58.0, PCH is True.
startLoadJsonTime = 6100.305
endLoadJsoneTime = 6100.447
Loading Duation is = 0.1416016
***T0512_HoleOnEnable
***T0512_EndROnEnable
***T0512_LadderOnEnable
***T0512_EndUOnEnable
GameManager Initialization Completed.
S0512_WakeUpPoint
S0512_WakeUpPoint (TransitionSetting)
Transfer to S0512_WakeUpPoint , location is: (5512.40, -87.20, 0.00)
Unloading 1640 unused Assets to reduce memory usage. Loaded Objects now: 51123.
Total: 37.574000 ms (FindLiveObjects: 2.831200 ms CreateObjectMapping: 1.418600 ms MarkObjects: 31.906200 ms  DeleteObjects: 1.417800 ms)

***IsRestraintArms True
*** IEFadetoChangeBGM toBGM_ChronusSanctuary
Player Start StruggleLyingIE
BGMAuidoSource.volume 0.1
IE_FadeOut START
***PlayerSkeletonRendererObj (0.30, 0.81, 0.00)
0
Adding Enemy: BanditA to List.
發動連環攻擊
Remove Enemy: BanditA from List.
Adding Enemy: BanditA to List.
ParasiteCondition.
Tag is NakedATK
ParasiteCondition.
Tag is NakedATK
ParasiteCondition.
Tag is NakedATK
Remove Enemy: BanditA from List.
IE_FadeOut START
Unloading 15 Unused Serialized files (Serialized files now loaded: 0)
***T0512_EndROnDisable
***T0512_EndUOnDisable
***T0512_HoleOnDisable
***T0512_LadderOnDisable
[PhysX] Initialized MultithreadedTaskDispatcher with 12 workers.
UnloadTime: 1.207500 ms
PCHCheck is True
Immortal Loss Beta 0.58.0, GameVersion is : Beta0.58.0, PCH is True.
startLoadJsonTime = 6119.807
endLoadJsoneTime = 6119.951
Loading Duation is = 0.144043
***T0519_EndDOnEnable
***T0519_EndLOnEnable
GameManager Initialization Completed.
T0519_EndL
T0519_EndL (TransitionSetting)
Transfer to T0519_EndL , location is: (5774.40, -95.10, 0.00)
Unloading 1530 unused Assets to reduce memory usage. Loaded Objects now: 49682.
Total: 36.242300 ms (FindLiveObjects: 2.740700 ms CreateObjectMapping: 1.630600 ms MarkObjects: 30.447100 ms  DeleteObjects: 1.423700 ms)

***IsRestraintArms True
21
IE_FadeOut START
Unloading 19 Unused Serialized files (Serialized files now loaded: 0)
***T0519_EndLOnDisable
***T0519_EndDOnDisable
[PhysX] Initialized MultithreadedTaskDispatcher with 12 workers.
UnloadTime: 0.828800 ms
PCHCheck is True
Immortal Loss Beta 0.58.0, GameVersion is : Beta0.58.0, PCH is True.
startLoadJsonTime = 6126.563
endLoadJsoneTime = 6126.705
Loading Duation is = 0.1425781
***T0520_HoleLOnEnable
***T0520_HoleOnEnable
***T0520_EndUOnEnable
GameManager Initialization Completed.
T0520_EndU
T0520_EndU (TransitionSetting)
Transfer to T0520_EndU , location is: (5853.80, -135.30, 0.00)
Unloading 99 unused Assets to reduce memory usage. Loaded Objects now: 53894.
Total: 34.736100 ms (FindLiveObjects: 2.941100 ms CreateObjectMapping: 1.701300 ms MarkObjects: 29.909300 ms  DeleteObjects: 0.184100 ms)

***IsRestraintArms True
Adding Enemy: CrawlingColza to List.
EnterNormalATK
EnterNormalATK
EnterNormalATK
ParasiteCondition.
Tag is CrawlingColza
AddingParaToOral CrawlingColza
LedgeDetected!     is Wall
***GameManager.Instance.playerAnimation.ClimbPoint.position (5911.54, -136.82, 0.00)
IE_FadeOut START
Unloading 16 Unused Serialized files (Serialized files now loaded: 0)
***T0520_EndUOnDisable
***T0520_HoleOnDisable
***T0520_HoleLOnDisable
[PhysX] Initialized MultithreadedTaskDispatcher with 12 workers.
UnloadTime: 1.940300 ms
PCHCheck is True
Immortal Loss Beta 0.58.0, GameVersion is : Beta0.58.0, PCH is True.
startLoadJsonTime = 6136.822
endLoadJsoneTime = 6136.96
Loading Duation is = 0.1381836
***T0514_DoorOnEnable
***T0514_EndUOnEnable
***T0514_HoleOnEnable
GameManager Initialization Completed.
T0514_Hole
T0514_Hole (TransitionSetting)
Transfer to T0514_Hole , location is: (5947.70, -122.73, 0.00)
Unloading 3936 unused Assets to reduce memory usage. Loaded Objects now: 51912.
Total: 41.688600 ms (FindLiveObjects: 3.450100 ms CreateObjectMapping: 1.652300 ms MarkObjects: 33.416300 ms  DeleteObjects: 3.169600 ms)

***IsRestraintArms True
Adding Enemy: BanditB to List.
Remove Enemy: BanditB from List.
Adding Enemy: BanditA to List.
發動連環攻擊
Remove Enemy: BanditA from List.
ParasiteCondition.
Tag is NakedATK
Bomb Projectile hits wall and destroy.
Bomb Projectile hits wall and destroy.
ParasiteCondition.
Tag is NakedATK
Player Start StruggleLyingIE
Adding Enemy: BanditA to List.
ChangeSkinSet2
ParasiteCondition.
Tag is NakedATK
ParasiteCondition.
Tag is NakedATK
***CallIEResFailed, enemy is BanditB_Prefab
***LSSO_End_Bandit Toilet
IE_FadeOut START
IE_FadeOut START
GameManager (Plots)
SeeCGState
1
GameManager (GameManager)
SaveManager+GlobalSave
2
*** IEFadetoChangeBGM toBGM_H01
BGMAuidoSource.volume 0.1
StartScreenBlink time: 0.5 Color: RGBA(1.000, 1.000, 1.000, 1.000)
StartScreenBlink time: 0.5 Color: RGBA(1.000, 1.000, 1.000, 1.000)
StartScreenBlink time: 0.5 Color: RGBA(1.000, 1.000, 1.000, 1.000)
The character with Unicode value \u005C was not found in the [LiberationSans SDF] font asset or any potential fallbacks. It was replaced by Unicode character \u25A1 in text object [DialogueText].
StartScreenBlink time: 0.5 Color: RGBA(1.000, 1.000, 1.000, 1.000)
StartScreenBlink time: 0.5 Color: RGBA(1.000, 1.000, 1.000, 1.000)
StartScreenBlink time: 0.5 Color: RGBA(1.000, 1.000, 1.000, 1.000)
StartScreenBlink time: 0.5 Color: RGBA(1.000, 1.000, 1.000, 1.000)
StartScreenBlink time: 0.5 Color: RGBA(1.000, 1.000, 1.000, 1.000)
沒有可用的 SE AudioSource 供播放。
IE_FadeOut START
IE_FadeOut START
Unloading 15 Unused Serialized files (Serialized files now loaded: 0)
***T0514_EndUOnDisable
***T0514_DoorOnDisable
***T0514_HoleOnDisable
[PhysX] Initialized MultithreadedTaskDispatcher with 12 workers.
UnloadTime: 1.124000 ms
PCHCheck is True
Immortal Loss Beta 0.58.0, GameVersion is : Beta0.58.0, PCH is True.
startLoadJsonTime = 6170.267
endLoadJsoneTime = 6170.409
Loading Duation is = 0.1420898
***T0519_EndDOnEnable
***T0519_EndLOnEnable
GameManager Initialization Completed.
S0519_WakeUpPoint
S0519_WakeUpPoint (TransitionSetting)
Transfer to S0519_WakeUpPoint , location is: (5824.77, -87.20, 0.00)
Unloading 2384 unused Assets to reduce memory usage. Loaded Objects now: 49680.
Total: 43.471400 ms (FindLiveObjects: 2.806200 ms CreateObjectMapping: 1.649000 ms MarkObjects: 37.083900 ms  DeleteObjects: 1.932000 ms)

***IsRestraintArms True
Player Start StartStruggleResByFrameIE
*** IEFadetoChangeBGM toBGM_ChronusSanctuary
BGMAuidoSource.volume 0.1
IE_FadeOut START
IE_FadeOut START
Unloading 18 Unused Serialized files (Serialized files now loaded: 0)
***T0519_EndLOnDisable
***T0519_EndDOnDisable
[PhysX] Initialized MultithreadedTaskDispatcher with 12 workers.
UnloadTime: 0.804100 ms
PCHCheck is True
Immortal Loss Beta 0.58.0, GameVersion is : Beta0.58.0, PCH is True.
startLoadJsonTime = 6181.292
endLoadJsoneTime = 6181.435
Loading Duation is = 0.1430664
***T0512_HoleOnEnable
***T0512_EndROnEnable
***T0512_LadderOnEnable
***T0512_EndUOnEnable
GameManager Initialization Completed.
T0512_EndR
T0512_EndR (TransitionSetting)
Transfer to T0512_EndR , location is: (5772.10, -94.80, 0.00)
Unloading 77 unused Assets to reduce memory usage. Loaded Objects now: 51176.
Total: 48.915900 ms (FindLiveObjects: 3.801400 ms CreateObjectMapping: 2.568600 ms MarkObjects: 42.369600 ms  DeleteObjects: 0.176100 ms)

***IsRestraintArms True
12
LedgeDetected!     is Wall
***GameManager.Instance.playerAnimation.ClimbPoint.position (5670.20, -70.86, 0.00)
CumEffect Cum_Oral
Adding Enemy: BanditA to List.
Remove Enemy: BanditA from List.
Adding Enemy: BanditA to List.
Remove Enemy: BanditA from List.
Bomb Projectile hits wall and destroy.
Bomb Projectile hits wall and destroy.
Adding Enemy: BanditA to List.
Remove Enemy: BanditA from List.
Adding Enemy: BanditA to List.
Remove Enemy: BanditA from List.
Bomb Projectile hits wall and destroy.
Bomb Projectile hits wall and destroy.
IE_FadeOut START
Unloading 16 Unused Serialized files (Serialized files now loaded: 0)
***T0512_EndROnDisable
***T0512_EndUOnDisable
***T0512_HoleOnDisable
***T0512_LadderOnDisable
[PhysX] Initialized MultithreadedTaskDispatcher with 12 workers.
UnloadTime: 1.198000 ms
PCHCheck is True
Immortal Loss Beta 0.58.0, GameVersion is : Beta0.58.0, PCH is True.
startLoadJsonTime = 6196.433
endLoadJsoneTime = 6196.576
Loading Duation is = 0.1425781
***T0503_DoorOnEnable
***T0503_HoleOnEnable
***ItemOnEnable
GameManager Initialization Completed.
T0503_Hole
T0503_Hole (TransitionSetting)
Transfer to T0503_Hole , location is: (5443.01, -45.78, 0.00)
Unloading 6240 unused Assets to reduce memory usage. Loaded Objects now: 51837.
Total: 42.681500 ms (FindLiveObjects: 3.028300 ms CreateObjectMapping: 1.548400 ms MarkObjects: 33.233400 ms  DeleteObjects: 4.871300 ms)

***IsRestraintArms True
***ItemOnDisable
Change to Crawl.
Adding Enemy: CrawlingColza to List.
EnterNormalATK
EnterNormalATK
ParasiteCondition.
Tag is CrawlingColza
AddingParaToVaginal CrawlingColza
7
CloseMenu
Change to Stand.
0
24
RollEyeGritTeeth
RollEyeGritTeeth
RollEyeGritTeeth
CloseMenu
Change to Crawl.
Change to Stand.
15
CumEffect Cum_Vaginal
ShyCloseEye
RollEyeGritTeeth
Adding Enemy: CrawlingColza to List.
EnterNormalATK
Remove Enemy: CrawlingColza from List.
Adding Enemy: CrawlingColza to List.
Remove Enemy: CrawlingColza from List.
LedgeDetected!     is Wall
***GameManager.Instance.playerAnimation.ClimbPoint.position (5382.94, 2.92, 0.00)
Adding Enemy: CrawlingColza to List.
EnterNormalATK
Remove Enemy: CrawlingColza from List.
Adding Enemy: CrawlingColza to List.
EnterNormalATK
EnterNormalATK
ParasiteCondition.
Tag is CrawlingColza
CrawlingColza para. random failed.
Remove Enemy: CrawlingColza from List.
Adding Enemy: CrawlingColza to List.
CumEffect Cum_Oral
ShyCloseEye
EnterNormalATK
EnterNormalATK
EnterNormalATK
EnterNormalATK
EnterNormalATK
ParasiteCondition.
Tag is CrawlingColza
8
ParasiteCondition.
Tag is CrawlingColza
EnterNormalATK
EnterNormalATK
ParasiteCondition.
Tag is CrawlingColza
EnterNormalATK
ParasiteCondition.
Tag is CrawlingColza
Remove Enemy: CrawlingColza from List.
Adding Enemy: CrawlingColza to List.
IE_FadeOut START
Unloading 15 Unused Serialized files (Serialized files now loaded: 0)
***T0503_DoorOnDisable
***T0503_HoleOnDisable
[PhysX] Initialized MultithreadedTaskDispatcher with 12 workers.
UnloadTime: 1.142600 ms
PCHCheck is True
Immortal Loss Beta 0.58.0, GameVersion is : Beta0.58.0, PCH is True.
startLoadJsonTime = 6240.221
endLoadJsoneTime = 6240.362
Loading Duation is = 0.1411133
***T0501_DoorDOnEnable
***T0501_EndROnEnable
***T0501_EndLOnEnable
***Lantern_0501_CampofthePilgrimsofPeaceOnEnable
***ItemOnEnable
GameManager Initialization Completed.
T0501_DoorD
T0501_DoorD (TransitionSetting)
Transfer to T0501_DoorD , location is: (5318.70, 15.08, 0.00)
Unloading 5297 unused Assets to reduce memory usage. Loaded Objects now: 47194.
Total: 40.591900 ms (FindLiveObjects: 3.292300 ms CreateObjectMapping: 1.512700 ms MarkObjects: 31.762300 ms  DeleteObjects: 4.024100 ms)

***IsRestraintArms True
***ItemOnDisable
Deb org
Eff org
RollEyeOrgasm
1
CloseMenu
Open NPC Function
Wait for walking
isInTimeLineStandBy
Have Open this lantern.
Wait for walking
isInTimeLineWalk
Wait for turning
isInTimeLineStandBy
Wait for IE_FadeIn
IE_FadeOut START
Unloading 7 Unused Serialized files (Serialized files now loaded: 0)
***Lantern_0501_CampofthePilgrimsofPeaceOnDisable
***T0501_DoorDOnDisable
***T0501_EndLOnDisable
***T0501_EndROnDisable
[PhysX] Initialized MultithreadedTaskDispatcher with 12 workers.
UnloadTime: 1.025100 ms
PCHCheck is True
Immortal Loss Beta 0.58.0, GameVersion is : Beta0.58.0, PCH is True.
startLoadJsonTime = 6257.021
endLoadJsoneTime = 6257.16
Loading Duation is = 0.1381836
***NPC_Villager_BlueOnEnable
***NPC_Villager_RedOnEnable
***NPC_Villager_GreyOnEnable
***NPC_BanditOnEnable
***T0106_HouseDoor2F_LOnEnable
***T0106_LeftEndOnEnable
***T0106_LeftDoorOnEnable
***T0106_AchHouseOnEnable
***T0106_HouseDoor2F_ROnEnable
***T0106_HouseDoor3F_MidOnEnable
***T0106_HouseDoor1F_LOnEnable
***T0106_RightEndOnEnable
***Lantern_0106_BlackBerryTownOnEnable
***NPC_SapphyraOnEnable
***NPC_Sapphyra_PseudoOnEnable
***NPC_FramboiseOnEnable
***ObtainItem_TearDropOnEnable
***ObtainDiscovery_SapphyraNote2OnEnable
***ObtainDiscovery_Tentacle reportOnEnable
***ObtainDiscovery_WantedLORDOnEnable
***ObtainDiscovery_Flyer1OnEnable
***ObtainDiscovery_NoneNameNote6OnEnable
GameManager Initialization Completed.
***NPC_BanditOnDisable
***NPC_SapphyraOnDisable
Lantern_0106_BlackBerryTown
Lantern_0106_BlackBerryTown (TransitionSetting)
Transfer to Lantern_0106_BlackBerryTown , location is: (2165.40, 173.47, 0.00)
Unloading 2108 unused Assets to reduce memory usage. Loaded Objects now: 83918.
Total: 40.465800 ms (FindLiveObjects: 3.969500 ms CreateObjectMapping: 2.518400 ms MarkObjects: 32.025800 ms  DeleteObjects: 1.951800 ms)

***IsRestraintArms True
***ObtainItem_TearDropOnDisable
***ObtainDiscovery_SapphyraNote2OnDisable
***ObtainDiscovery_Tentacle reportOnDisable
***ObtainDiscovery_WantedLORDOnDisable
***ObtainDiscovery_Flyer1OnDisable
***ObtainDiscovery_NoneNameNote6OnDisable
ℹ️ 傳入的 FirstArriveBlackBerryDale 小於或等於目前的 FirstArriveZinniaStreet，不更新
RollEyeGritTeeth
0
Open NPC Function
Wait for walking
isInTimeLineDash
Wait for turning
Wait for IE_FadeIn
CanExecuteCancel True
CanExecuteCancel False
CanExecuteCancel True
CanExecuteCancel False
CumEffect Cum_Vaginal
ShyCloseEye
16
RollEyeGritTeeth
LedgeDetected!     is Pene, not climb due to res.
LedgeDetected!     is Pene, not climb due to res.
LedgeDetected!     is Pene, not climb due to res.
LedgeDetected!     is Pene, not climb due to res.
LedgeDetected!     is Pene, not climb due to res.
LedgeDetected!     is Pene, not climb due to res.
LedgeDetected!     is Pene, not climb due to res.
LedgeDetected!     is Pene, not climb due to res.
LedgeDetected!     is Pene, not climb due to res.
LedgeDetected!     is Pene, not climb due to res.
LedgeDetected!     is Pene, not climb due to res.
LedgeDetected!     is Pene, not climb due to res.
LedgeDetected!     is Pene, not climb due to res.
LedgeDetected!     is Pene, not climb due to res.
LedgeDetected!     is Pene, not climb due to res.
LedgeDetected!     is Pene, not climb due to res.
LedgeDetected!     is Pene, not climb due to res.
RollEyeGritTeeth
7
LedgeDetected!     is Pene, not climb due to res.
LedgeDetected!     is Pene, not climb due to res.
LedgeDetected!     is Pene, not climb due to res.
LedgeDetected!     is Pene, not climb due to res.
LedgeDetected!     is Pene, not climb due to res.
LedgeDetected!     is Pene, not climb due to res.
LedgeDetected!     is Pene, not climb due to res.
LedgeDetected!     is Pene, not climb due to res.
LedgeDetected!     is Pene, not climb due to res.
LedgeDetected!     is Pene, not climb due to res.
LedgeDetected!     is Pene, not climb due to res.
LedgeDetected!     is Pene, not climb due to res.
LedgeDetected!     is Pene, not climb due to res.
LedgeDetected!     is Pene, not climb due to res.
LedgeDetected!     is Pene, not climb due to res.
LedgeDetected!     is Pene, not climb due to res.
LedgeDetected!     is Pene, not climb due to res.
LedgeDetected!     is Pene, not climb due to res.
CumEffect Cum_Oral
ShyCloseEye
RollEyeGritTeeth
1
RollEyeGritTeeth
LedgeDetected!     is Pene, not climb due to res.
LedgeDetected!     is Pene, not climb due to res.
LedgeDetected!     is Pene, not climb due to res.
LedgeDetected!     is Pene, not climb due to res.
LedgeDetected!     is Pene, not climb due to res.
LedgeDetected!     is Pene, not climb due to res.
LedgeDetected!     is Pene, not climb due to res.
LedgeDetected!     is Pene, not climb due to res.
LedgeDetected!     is Pene, not climb due to res.
LedgeDetected!     is Pene, not climb due to res.
LedgeDetected!     is Pene, not climb due to res.
LedgeDetected!     is Pene, not climb due to res.
LedgeDetected!     is Pene, not climb due to res.
LedgeDetected!     is Pene, not climb due to res.
CumEffect Cum_Vaginal
ShyCloseEye
Deb org
Eff org
RollEyeOrgasm
0
16
LedgeDetected!     is Wall
***GameManager.Instance.playerAnimation.ClimbPoint.position (2321.83, 234.40, 0.00)
IE_FadeOut START
Unloading 9 Unused Serialized files (Serialized files now loaded: 0)
***NPC_Sapphyra_PseudoOnDisable
***NPC_Villager_GreyOnDisable
***NPC_FramboiseOnDisable
***NPC_Villager_RedOnDisable
***T0106_LeftDoorOnDisable
***T0106_HouseDoor1F_LOnDisable
***T0106_HouseDoor2F_LOnDisable
***T0106_HouseDoor2F_ROnDisable
***T0106_HouseDoor3F_MidOnDisable
***T0106_RightEndOnDisable
***T0106_LeftEndOnDisable
***T0106_AchHouseOnDisable
***Lantern_0106_BlackBerryTownOnDisable
***NPC_Villager_BlueOnDisable
[PhysX] Initialized MultithreadedTaskDispatcher with 12 workers.
UnloadTime: 1.232000 ms
PCHCheck is True
Immortal Loss Beta 0.58.0, GameVersion is : Beta0.58.0, PCH is True.
startLoadJsonTime = 6296.104
endLoadJsoneTime = 6296.247
Loading Duation is = 0.1430664
***T0108_ExitDoorOnEnable
***NPC_BaneberisOnEnable
***LockDoorTempOnEnable
GameManager Initialization Completed.
T0108_ExitDoor
T0108_ExitDoor (TransitionSetting)
Transfer to T0108_ExitDoor , location is: (2297.00, 239.00, 0.00)
Unloading 37605 unused Assets to reduce memory usage. Loaded Objects now: 50014.
Total: 65.816800 ms (FindLiveObjects: 4.133800 ms CreateObjectMapping: 2.662700 ms MarkObjects: 30.066700 ms  DeleteObjects: 28.953400 ms)

***IsRestraintArms True
LedgeDetected!     is Pene, not climb due to res.
LedgeDetected!     is Pene, not climb due to res.
LedgeDetected!     is Pene, not climb due to res.
LedgeDetected!     is Pene, not climb due to res.
LedgeDetected!     is Pene, not climb due to res.
LedgeDetected!     is Pene, not climb due to res.
Open NPC Function
Wait for walking
isInTimeLineDash
Wait for turning
Wait for IE_FadeIn
False
0
Select something.
blackCanvas color black
IE_FadeOut START
Remove Orgasm speed 0
IE_FadeOut START
***Spine Mecanim GameObject (Baneberis) (Spine.Unity.SkeletonMecanim)
***Spine Mecanim GameObject (Baneberis) (Spine.Unity.SkeletonMecanim)
***NPC_Baneberis (UnityEngine.Transform)
***NPC_Baneberis (UnityEngine.Transform)
StartScreenBlink time: 0.4 Color: RGBA(1.000, 1.000, 1.000, 1.000)
StartScreenBlink time: 0.4 Color: RGBA(1.000, 1.000, 1.000, 1.000)
StartScreenBlink time: 0.4 Color: RGBA(1.000, 1.000, 1.000, 1.000)
StartScreenBlink time: 0.4 Color: RGBA(1.000, 1.000, 1.000, 1.000)
IE_FadeOut START
CumEffect Cum_Oral
ShyCloseEye
IE_FadeOut START
IE_FadeOut START
***IsRestraintArms False
10
Open NPC Function
Wait for walking
isInTimeLineDash
Wait for turning
Wait for IE_FadeIn
RollEyeGritTeeth
Remove Orgasm speed 0.03
RollEyeGritTeeth
Adding Enemy: CrawlingColza to List.
EnterNormalATK
EnterNormalATK
EnterNormalATK
EnterNormalATK
5
ParasiteCondition.
Tag is CrawlingColza
EnterNormalATK
Remove Enemy: CrawlingColza from List.
LedgeDetected!     is Pene Up
***GameManager.Instance.playerAnimation.ClimbPoint.position (2288.29, 173.25, 0.00)
Adding Enemy: CrawlingColza to List.
EnterNormalATK
EnterNormalATK
EnterNormalATK
Remove Enemy: CrawlingColza from List.
EnterNormalATK
LedgeDetected!     is Pene Up
***GameManager.Instance.playerAnimation.ClimbPoint.position (2289.05, 173.25, 0.00)
0
Adding Enemy: CrawlingColza to List.
EnterNormalATK
EnterNormalATK
ParasiteCondition.
Tag is CrawlingColza
Remove Enemy: CrawlingColza from List.
LedgeDetected!     is Wall
***GameManager.Instance.playerAnimation.ClimbPoint.position (2294.08, 186.04, 0.00)
開始出產
isInTimeLineLabor
StartParaBirthAnimation
1 isBirth = False
EndBirthAndStartLying UnityEngine.AnimationEvent
InstantiateBirthMonster
Spine Event : StarBreastEngorgement
StartParaBirthAnimation
0 isBirth = True
Player Start StruggleLyingIE
Adding Enemy: CrawlingColza to List.
ParasiteCondition.
Tag is CrawlingColza
ParasiteCondition.
Tag is CrawlingColza
AddingParaToOral CrawlingColza
Adding Enemy: CrawlingColza to List.
EnterNormalATK
ParasiteCondition.
Tag is CrawlingColza
AddingParaToVaginal CrawlingColza
LedgeDetected!     is Wall
***GameManager.Instance.playerAnimation.ClimbPoint.position (2294.54, 184.53, 0.00)
LedgeDetected!     is Wall
***GameManager.Instance.playerAnimation.ClimbPoint.position (2294.40, 214.81, 0.00)
IE_FadeOut START
Unloading 7 Unused Serialized files (Serialized files now loaded: 0)
***NPC_BaneberisOnDisable
***T0108_ExitDoorOnDisable
***LockDoorTempOnDisable
[PhysX] Initialized MultithreadedTaskDispatcher with 12 workers.
UnloadTime: 1.053900 ms
PCHCheck is True
Immortal Loss Beta 0.58.0, GameVersion is : Beta0.58.0, PCH is True.
startLoadJsonTime = 6374.74
endLoadJsoneTime = 6374.893
Loading Duation is = 0.1523438
***NPC_Villager_BlueOnEnable
***NPC_Villager_RedOnEnable
***NPC_Villager_GreyOnEnable
***NPC_BanditOnEnable
***T0106_HouseDoor2F_LOnEnable
***T0106_LeftEndOnEnable
***T0106_LeftDoorOnEnable
***T0106_AchHouseOnEnable
***T0106_HouseDoor2F_ROnEnable
***T0106_HouseDoor3F_MidOnEnable
***T0106_HouseDoor1F_LOnEnable
***T0106_RightEndOnEnable
***Lantern_0106_BlackBerryTownOnEnable
***NPC_SapphyraOnEnable
***NPC_Sapphyra_PseudoOnEnable
***NPC_FramboiseOnEnable
***ObtainItem_TearDropOnEnable
***ObtainDiscovery_SapphyraNote2OnEnable
***ObtainDiscovery_Tentacle reportOnEnable
***ObtainDiscovery_WantedLORDOnEnable
***ObtainDiscovery_Flyer1OnEnable
***ObtainDiscovery_NoneNameNote6OnEnable
GameManager Initialization Completed.
***NPC_BanditOnDisable
***NPC_SapphyraOnDisable
T0106_AchHouse
T0106_AchHouse (TransitionSetting)
Transfer to T0106_AchHouse , location is: (2297.00, 243.00, 0.00)
Unloading 4802 unused Assets to reduce memory usage. Loaded Objects now: 83673.
Total: 41.537700 ms (FindLiveObjects: 4.199000 ms CreateObjectMapping: 2.626600 ms MarkObjects: 30.906600 ms  DeleteObjects: 3.805200 ms)

***IsRestraintArms False
***ObtainItem_TearDropOnDisable
***ObtainDiscovery_SapphyraNote2OnDisable
***ObtainDiscovery_Tentacle reportOnDisable
***ObtainDiscovery_WantedLORDOnDisable
***ObtainDiscovery_Flyer1OnDisable
***ObtainDiscovery_NoneNameNote6OnDisable
ℹ️ 傳入的 FirstArriveBlackBerryDale 小於或等於目前的 FirstArriveZinniaStreet，不更新
CloseMenu
CloseMenu
default
RollEyeGritTeeth
RollEyeGritTeeth
Open NPC Function
Wait for walking
isInTimeLineStandBy
Have Open this lantern.
Wait for walking
isInTimeLineWalk
Wait for turning
isInTimeLineStandBy
Wait for IE_FadeIn
IE_FadeOut START
Unloading 15 Unused Serialized files (Serialized files now loaded: 0)
***NPC_FramboiseOnDisable
***NPC_Sapphyra_PseudoOnDisable
***Lantern_0106_BlackBerryTownOnDisable
***NPC_Villager_RedOnDisable
***NPC_Villager_GreyOnDisable
***T0106_LeftDoorOnDisable
***T0106_HouseDoor1F_LOnDisable
***T0106_HouseDoor2F_LOnDisable
***T0106_HouseDoor2F_ROnDisable
***T0106_HouseDoor3F_MidOnDisable
***T0106_RightEndOnDisable
***T0106_LeftEndOnDisable
***T0106_AchHouseOnDisable
***NPC_Villager_BlueOnDisable
[PhysX] Initialized MultithreadedTaskDispatcher with 12 workers.
UnloadTime: 1.197400 ms
PCHCheck is True
Immortal Loss Beta 0.58.0, GameVersion is : Beta0.58.0, PCH is True.
startLoadJsonTime = 6407.162
endLoadJsoneTime = 6407.301
Loading Duation is = 0.1391602
***T0407_EndLOnEnable
***T0407_EndROnEnable
***LanternObject_S0407OnEnable
***TriggerEventOnEnable
GameManager Initialization Completed.
Lantern_0407_NightshadeCaves
LanternObject_S0407 (TransitionSetting)
Transfer to LanternObject_S0407 , location is: (5808.94, -317.08, 0.00)
Unloading 37946 unused Assets to reduce memory usage. Loaded Objects now: 48565.
Total: 65.028100 ms (FindLiveObjects: 4.138900 ms CreateObjectMapping: 3.031800 ms MarkObjects: 30.299900 ms  DeleteObjects: 27.556900 ms)

***IsRestraintArms False
***TriggerEventOnDisable
CumEffect Cum_Oral
ShyCloseEye
RollEyeGritTeeth
IE_FadeOut START
Unloading 15 Unused Serialized files (Serialized files now loaded: 0)
***T0407_EndROnDisable
***T0407_EndLOnDisable
***LanternObject_S0407OnDisable
[PhysX] Initialized MultithreadedTaskDispatcher with 12 workers.
UnloadTime: 0.758900 ms
PCHCheck is True
Immortal Loss Beta 0.58.0, GameVersion is : Beta0.58.0, PCH is True.
startLoadJsonTime = 6413.734
endLoadJsoneTime = 6413.874
Loading Duation is = 0.1401367
***T0403_EndROnEnable
***T0403_DoorOnEnable
***T0403_EndLOnEnable
***T0403_EndDOnEnable
***Item (2)OnEnable
***ItemOnEnable
***Item (1)OnEnable
GameManager Initialization Completed.
T0403_EndR
T0403_EndR (TransitionSetting)
Transfer to T0403_EndR , location is: (5735.33, -327.76, 0.00)
Unloading 2840 unused Assets to reduce memory usage. Loaded Objects now: 53424.
Total: 37.284600 ms (FindLiveObjects: 2.946700 ms CreateObjectMapping: 1.678400 ms MarkObjects: 30.239100 ms  DeleteObjects: 2.419900 ms)

***IsRestraintArms False
***Item (2)OnDisable
***ItemOnDisable
CumEffect Cum_Vaginal
ShyCloseEye
Deb org
Eff org
RollEyeOrgasm
CanExecuteCancel True
CloseMenu
LedgeDetected!     is Pene
***GameManager.Instance.playerAnimation.ClimbPoint.position (5646.03, -324.88, 0.00)
Adding Enemy: CrawlingColza to List.
EnterNormalATK
Remove Enemy: CrawlingColza from List.
Adding Enemy: CrawlingColza to List.
Remove Enemy: CrawlingColza from List.
Adding Enemy: CrawlingColza to List.
Remove Enemy: CrawlingColza from List.
IE_FadeOut START
Unloading 21 Unused Serialized files (Serialized files now loaded: 0)
***Item (1)OnDisable
***T0403_EndLOnDisable
***T0403_EndDOnDisable
***T0403_EndROnDisable
***T0403_DoorOnDisable
[PhysX] Initialized MultithreadedTaskDispatcher with 12 workers.
UnloadTime: 1.095100 ms
PCHCheck is True
Immortal Loss Beta 0.58.0, GameVersion is : Beta0.58.0, PCH is True.
startLoadJsonTime = 6430.583
endLoadJsoneTime = 6430.723
Loading Duation is = 0.1401367
***T0404_DoorOnEnable
***T0404_EndUOnEnable
***T0404_EndLUOnEnable
***T0404_EndLDOnEnable
***NPC_InjuredNPCOnEnable
***TreasureChest_SleepyGasOnEnable
***ItemOnEnable
***Item (1)OnEnable
GameManager Initialization Completed.
***NPC_InjuredNPCOnDisable
T0404_EndU
T0404_EndU (TransitionSetting)
Transfer to T0404_EndU , location is: (5543.70, -438.30, 0.00)
Unloading 527 unused Assets to reduce memory usage. Loaded Objects now: 55195.
Total: 37.631300 ms (FindLiveObjects: 2.930800 ms CreateObjectMapping: 1.615600 ms MarkObjects: 32.592200 ms  DeleteObjects: 0.492200 ms)

***IsRestraintArms False
***ItemOnDisable
***Item (1)OnDisable
IE_FadeOut START
Unloading 15 Unused Serialized files (Serialized files now loaded: 0)
***TreasureChest_SleepyGasOnDisable
***T0404_EndUOnDisable
***T0404_EndLUOnDisable
***T0404_EndLDOnDisable
***T0404_DoorOnDisable
[PhysX] Initialized MultithreadedTaskDispatcher with 12 workers.
UnloadTime: 1.758800 ms
PCHCheck is True
Immortal Loss Beta 0.58.0, GameVersion is : Beta0.58.0, PCH is True.
startLoadJsonTime = 6438.081
endLoadJsoneTime = 6438.22
Loading Duation is = 0.1391602
***T0405_EndRUOnEnable
***T0405_EndRDOnEnable
GameManager Initialization Completed.
T0405_EndRU
T0405_EndRU (TransitionSetting)
Transfer to T0405_EndRU , location is: (5377.00, -532.10, 0.00)
Unloading 2784 unused Assets to reduce memory usage. Loaded Objects now: 52045.
Total: 38.311900 ms (FindLiveObjects: 2.801800 ms CreateObjectMapping: 1.526800 ms MarkObjects: 31.647700 ms  DeleteObjects: 2.335300 ms)

***IsRestraintArms False
Adding Enemy: Lustbloom to List.
ParasiteCondition.
Tag is LustBloom
ParasiteCondition: LustBloom.
AddingParaToBreast Lustbloom Lustbloom_Prefab (9) (Enemy_Lustbloom)
RollEyeGritTeeth
RollEyeGritTeeth
IE_FadeOut START
Unloading 7 Unused Serialized files (Serialized files now loaded: 0)
***T0405_EndRUOnDisable
***T0405_EndRDOnDisable
[PhysX] Initialized MultithreadedTaskDispatcher with 12 workers.
UnloadTime: 0.978200 ms
PCHCheck is True
Immortal Loss Beta 0.58.0, GameVersion is : Beta0.58.0, PCH is True.
startLoadJsonTime = 6447.621
endLoadJsoneTime = 6447.759
Loading Duation is = 0.1386719
***NPC_Villager_BlueOnEnable
***NPC_Villager_RedOnEnable
***NPC_Villager_GreyOnEnable
***NPC_BanditOnEnable
***T0106_HouseDoor2F_LOnEnable
***T0106_LeftEndOnEnable
***T0106_LeftDoorOnEnable
***T0106_AchHouseOnEnable
***T0106_HouseDoor2F_ROnEnable
***T0106_HouseDoor3F_MidOnEnable
***T0106_HouseDoor1F_LOnEnable
***T0106_RightEndOnEnable
***Lantern_0106_BlackBerryTownOnEnable
***NPC_SapphyraOnEnable
***NPC_Sapphyra_PseudoOnEnable
***NPC_FramboiseOnEnable
***ObtainItem_TearDropOnEnable
***ObtainDiscovery_SapphyraNote2OnEnable
***ObtainDiscovery_Tentacle reportOnEnable
***ObtainDiscovery_WantedLORDOnEnable
***ObtainDiscovery_Flyer1OnEnable
***ObtainDiscovery_NoneNameNote6OnEnable
GameManager Initialization Completed.
***NPC_BanditOnDisable
***NPC_SapphyraOnDisable
Lantern_0106_BlackBerryTown
Lantern_0106_BlackBerryTown (TransitionSetting)
Transfer to Lantern_0106_BlackBerryTown , location is: (2165.40, 173.47, 0.00)
Unloading 6949 unused Assets to reduce memory usage. Loaded Objects now: 83712.
Total: 43.801100 ms (FindLiveObjects: 4.226500 ms CreateObjectMapping: 3.024800 ms MarkObjects: 31.249900 ms  DeleteObjects: 5.299000 ms)

***IsRestraintArms False
***ObtainItem_TearDropOnDisable
***ObtainDiscovery_SapphyraNote2OnDisable
***ObtainDiscovery_Tentacle reportOnDisable
***ObtainDiscovery_WantedLORDOnDisable
***ObtainDiscovery_Flyer1OnDisable
***ObtainDiscovery_NoneNameNote6OnDisable
ℹ️ 傳入的 FirstArriveBlackBerryDale 小於或等於目前的 FirstArriveZinniaStreet，不更新
CumEffect Cum_Oral
ShyCloseEye
RollEyeGritTeeth
IE_FadeOut START
Unloading 6 Unused Serialized files (Serialized files now loaded: 0)
***NPC_Sapphyra_PseudoOnDisable
***NPC_Villager_RedOnDisable
***Lantern_0106_BlackBerryTownOnDisable
***NPC_Villager_BlueOnDisable
***NPC_Villager_GreyOnDisable
***NPC_FramboiseOnDisable
***T0106_LeftDoorOnDisable
***T0106_HouseDoor1F_LOnDisable
***T0106_HouseDoor2F_LOnDisable
***T0106_HouseDoor2F_ROnDisable
***T0106_HouseDoor3F_MidOnDisable
***T0106_RightEndOnDisable
***T0106_LeftEndOnDisable
***T0106_AchHouseOnDisable
[PhysX] Initialized MultithreadedTaskDispatcher with 12 workers.
UnloadTime: 1.195600 ms
PCHCheck is True
Immortal Loss Beta 0.58.0, GameVersion is : Beta0.58.0, PCH is True.
startLoadJsonTime = 6453.621
endLoadJsoneTime = 6453.763
Loading Duation is = 0.1425781
***T0104_LockFloorDoorOnEnable
***T0104_LeftDoorOnEnable
***T0104_RightDoorOnEnable
***T0104_UpDoorOnEnable
***MultiSwitchOnEnable
GameManager Initialization Completed.
T0104_UpDoor
T0104_UpDoor (TransitionSetting)
Transfer to T0104_UpDoor , location is: (2055.00, 174.00, 0.00)
Unloading 37549 unused Assets to reduce memory usage. Loaded Objects now: 49654.
Total: 66.369100 ms (FindLiveObjects: 4.129500 ms CreateObjectMapping: 3.133300 ms MarkObjects: 31.350900 ms  DeleteObjects: 27.755100 ms)

***IsRestraintArms False
LedgeDetected!     is Pene
***GameManager.Instance.playerAnimation.ClimbPoint.position (2042.11, 18.09, 0.00)
CumEffect Cum_Vaginal
ShyCloseEye
RollEyeGritTeeth
IE_FadeOut START
Unloading 9 Unused Serialized files (Serialized files now loaded: 0)
***T0104_LockFloorDoorOnDisable
***T0104_RightDoorOnDisable
***T0104_LeftDoorOnDisable
***T0104_UpDoorOnDisable
***MultiSwitchOnDisable
[PhysX] Initialized MultithreadedTaskDispatcher with 12 workers.
UnloadTime: 0.761100 ms
PCHCheck is True
Immortal Loss Beta 0.58.0, GameVersion is : Beta0.58.0, PCH is True.
startLoadJsonTime = 6461.042
endLoadJsoneTime = 6461.184
Loading Duation is = 0.1411133
***T0109OnEnable
***Relic_TentaclePantieOnEnable
***ElevatorSwitch_DownOnEnable
***SwitchOnEnable
***SwitchTargetOnEnable
GameManager Initialization Completed.
T0109_AbandonedBasement
T0109 (TransitionSetting)
Transfer to T0109 , location is: (2057.00, -35.00, 0.00)
Unloading 1028 unused Assets to reduce memory usage. Loaded Objects now: 50900.
Total: 44.972300 ms (FindLiveObjects: 2.995600 ms CreateObjectMapping: 1.273100 ms MarkObjects: 39.708600 ms  DeleteObjects: 0.994800 ms)

***IsRestraintArms False
***Relic_TentaclePantieOnDisable
LedgeDetected!     is Wall
***GameManager.Instance.playerAnimation.ClimbPoint.position (2083.38, -49.69, 0.00)
Deb org
Eff org
RollEyeOrgasm
Drop Sands :60
Drop Sands :60
Drop Sands :60
Drop Sands :60
Drop Sands :60
Adding Enemy: PenisWorm0 to List.
Adding Enemy: PenisWorm0 to List.
ParasiteCondition.
Tag is PenisWorm0
Drop Sands :60
Drop Sands :60
ParasiteCondition.
Tag is PenisWorm0
Adding Enemy: PenisWorm0 to List.
Adding Enemy: PenisWorm0 to List.
Remove Enemy: PenisWorm0 from List.
Remove Enemy: PenisWorm0 from List.
Adding Enemy: PenisWorm0 to List.
Adding Enemy: PenisWorm0 to List.
ParasiteCondition.
Tag is PenisWorm0
RollEyeGritTeeth
ParasiteCondition.
Tag is PenisWorm0
ParasiteCondition.
Tag is PenisWorm0
ParasiteCondition.
Tag is PenisWorm0
CloseMenu
ParasiteCondition.
Tag is PenisWorm0
AddingParaToBoobB PenisWorm0
Remove this parasited Enemy from List.
ParasiteCondition.
Tag is PenisWorm0
PenisWorm0 para. random failed.
RollEyeGritTeeth
ParasiteCondition.
Tag is PenisWorm0
AddingParaToBoobF PenisWorm0
RollEyeGritTeeth
Remove this parasited Enemy from List.
RollEyeGritTeeth
Remove Enemy: PenisWorm0 from List.
Remove Enemy: PenisWorm0 from List.
IE_FadeOut START
Unloading 6 Unused Serialized files (Serialized files now loaded: 0)
***T0109OnDisable
***ElevatorSwitch_DownOnDisable
***SwitchOnDisable
***SwitchTargetOnDisable
[PhysX] Initialized MultithreadedTaskDispatcher with 12 workers.
UnloadTime: 2.715500 ms
PCHCheck is True
Immortal Loss Beta 0.58.0, GameVersion is : Beta0.58.0, PCH is True.
startLoadJsonTime = 6492.092
endLoadJsoneTime = 6492.229
Loading Duation is = 0.1367188
***T0104_LockFloorDoorOnEnable
***T0104_LeftDoorOnEnable
***T0104_RightDoorOnEnable
***T0104_UpDoorOnEnable
***MultiSwitchOnEnable
GameManager Initialization Completed.
T0104_FloorDoor
T0104_LockFloorDoor (TransitionSetting)
Transfer to T0104_LockFloorDoor , location is: (2058.62, -6.05, 0.09)
Unloading 725 unused Assets to reduce memory usage. Loaded Objects now: 49610.
Total: 35.833700 ms (FindLiveObjects: 3.880200 ms CreateObjectMapping: 1.459600 ms MarkObjects: 29.709400 ms  DeleteObjects: 0.784100 ms)

***IsRestraintArms False
CumEffect Cum_Oral
ShyCloseEye
Deb org
Eff org
RollEyeOrgasm
IE_FadeOut START
Unloading 7 Unused Serialized files (Serialized files now loaded: 0)
***T0104_LockFloorDoorOnDisable
***T0104_RightDoorOnDisable
***T0104_LeftDoorOnDisable
***T0104_UpDoorOnDisable
***MultiSwitchOnDisable
[PhysX] Initialized MultithreadedTaskDispatcher with 12 workers.
UnloadTime: 0.710300 ms
PCHCheck is True
Immortal Loss Beta 0.58.0, GameVersion is : Beta0.58.0, PCH is True.
startLoadJsonTime = 6501.423
endLoadJsoneTime = 6501.562
Loading Duation is = 0.1391602
***NPC_Villager_BlueOnEnable
***NPC_Villager_RedOnEnable
***NPC_Villager_GreyOnEnable
***NPC_BanditOnEnable
***T0106_HouseDoor2F_LOnEnable
***T0106_LeftEndOnEnable
***T0106_LeftDoorOnEnable
***T0106_AchHouseOnEnable
***T0106_HouseDoor2F_ROnEnable
***T0106_HouseDoor3F_MidOnEnable
***T0106_HouseDoor1F_LOnEnable
***T0106_RightEndOnEnable
***Lantern_0106_BlackBerryTownOnEnable
***NPC_SapphyraOnEnable
***NPC_Sapphyra_PseudoOnEnable
***NPC_FramboiseOnEnable
***ObtainItem_TearDropOnEnable
***ObtainDiscovery_SapphyraNote2OnEnable
***ObtainDiscovery_Tentacle reportOnEnable
***ObtainDiscovery_WantedLORDOnEnable
***ObtainDiscovery_Flyer1OnEnable
***ObtainDiscovery_NoneNameNote6OnEnable
GameManager Initialization Completed.
***NPC_BanditOnDisable
***NPC_SapphyraOnDisable
T0106_LeftDoor
T0106_LeftDoor (TransitionSetting)
Transfer to T0106_LeftDoor , location is: (2055.00, 174.25, 0.00)
Unloading 4354 unused Assets to reduce memory usage. Loaded Objects now: 83716.
Total: 48.439700 ms (FindLiveObjects: 6.371300 ms CreateObjectMapping: 2.926400 ms MarkObjects: 35.556100 ms  DeleteObjects: 3.585600 ms)

***IsRestraintArms False
***ObtainItem_TearDropOnDisable
***ObtainDiscovery_SapphyraNote2OnDisable
***ObtainDiscovery_Tentacle reportOnDisable
***ObtainDiscovery_WantedLORDOnDisable
***ObtainDiscovery_Flyer1OnDisable
***ObtainDiscovery_NoneNameNote6OnDisable
ℹ️ 傳入的 FirstArriveBlackBerryDale 小於或等於目前的 FirstArriveZinniaStreet，不更新
RollEyeGritTeeth
Deb org
Eff org
RollEyeOrgasm
RollEyeGritTeeth
CumEffect Cum_Vaginal
ShyCloseEye
Deb Lust
Eff Lust
RollEyeOrgasm
RollEyeOrgasm
Set Lust speed 0
Deb org
Eff org
RollEyeOrgasm
CloseMenu
RollEyeGritTeeth
Deb org
Eff org
RollEyeOrgasm
RollEyeGritTeeth
Open NPC Function
Wait for walking
isInTimeLineStandBy
Have Open this lantern.
Wait for walking
isInTimeLineWalk
Wait for turning
isInTimeLineStandBy
Wait for IE_FadeIn
IE_FadeOut START
Player Refresh
Player UI Refresh
PromtText
Item Refresh
Item UI Refresh
Enemy Refresh
CanExecuteCancel True
CanExecuteCancel False
0
CanExecuteCancel True
CanExecuteCancel False
CanExecuteCancel False
CumEffect Cum_Oral
Deb org
Eff org
CumEffect Cum_Vaginal
LedgeDetected!     is Wall
***GameManager.Instance.playerAnimation.ClimbPoint.position (2321.83, 234.79, 0.00)
IE_FadeOut START
Unloading 9 Unused Serialized files (Serialized files now loaded: 0)
***NPC_Villager_GreyOnDisable
***NPC_Sapphyra_PseudoOnDisable
***Lantern_0106_BlackBerryTownOnDisable
***NPC_Villager_RedOnDisable
***NPC_Villager_BlueOnDisable
***NPC_FramboiseOnDisable
***T0106_LeftDoorOnDisable
***T0106_HouseDoor1F_LOnDisable
***T0106_HouseDoor2F_LOnDisable
***T0106_HouseDoor2F_ROnDisable
***T0106_HouseDoor3F_MidOnDisable
***T0106_RightEndOnDisable
***T0106_LeftEndOnDisable
***T0106_AchHouseOnDisable
[PhysX] Initialized MultithreadedTaskDispatcher with 12 workers.
UnloadTime: 1.270300 ms
PCHCheck is True
Immortal Loss Beta 0.58.0, GameVersion is : Beta0.58.0, PCH is True.
startLoadJsonTime = 6553.265
endLoadJsoneTime = 6553.408
Loading Duation is = 0.1430664
***T0108_ExitDoorOnEnable
***NPC_BaneberisOnEnable
***LockDoorTempOnEnable
GameManager Initialization Completed.
T0108_ExitDoor
T0108_ExitDoor (TransitionSetting)
Transfer to T0108_ExitDoor , location is: (2297.00, 239.00, 0.00)
Unloading 37547 unused Assets to reduce memory usage. Loaded Objects now: 50061.
Total: 76.001000 ms (FindLiveObjects: 4.578100 ms CreateObjectMapping: 2.977100 ms MarkObjects: 41.620000 ms  DeleteObjects: 26.825500 ms)

***IsRestraintArms False
Open NPC Function
Wait for walking
isInTimeLineDash
Wait for turning
Wait for IE_FadeIn
Deb org
Eff org
LedgeDetected!     is Wall
***GameManager.Instance.playerAnimation.ClimbPoint.position (2293.73, 214.90, 0.00)
IE_FadeOut START
Unloading 7 Unused Serialized files (Serialized files now loaded: 0)
***T0108_ExitDoorOnDisable
***LockDoorTempOnDisable
***NPC_BaneberisOnDisable
[PhysX] Initialized MultithreadedTaskDispatcher with 12 workers.
UnloadTime: 0.795000 ms
PCHCheck is True
Immortal Loss Beta 0.58.0, GameVersion is : Beta0.58.0, PCH is True.
startLoadJsonTime = 6575.142
endLoadJsoneTime = 6575.28
Loading Duation is = 0.1381836
***NPC_Villager_BlueOnEnable
***NPC_Villager_RedOnEnable
***NPC_Villager_GreyOnEnable
***NPC_BanditOnEnable
***T0106_HouseDoor2F_LOnEnable
***T0106_LeftEndOnEnable
***T0106_LeftDoorOnEnable
***T0106_AchHouseOnEnable
***T0106_HouseDoor2F_ROnEnable
***T0106_HouseDoor3F_MidOnEnable
***T0106_HouseDoor1F_LOnEnable
***T0106_RightEndOnEnable
***Lantern_0106_BlackBerryTownOnEnable
***NPC_SapphyraOnEnable
***NPC_Sapphyra_PseudoOnEnable
***NPC_FramboiseOnEnable
***ObtainItem_TearDropOnEnable
***ObtainDiscovery_SapphyraNote2OnEnable
***ObtainDiscovery_Tentacle reportOnEnable
***ObtainDiscovery_WantedLORDOnEnable
***ObtainDiscovery_Flyer1OnEnable
***ObtainDiscovery_NoneNameNote6OnEnable
GameManager Initialization Completed.
***NPC_BanditOnDisable
***NPC_SapphyraOnDisable
T0106_AchHouse
T0106_AchHouse (TransitionSetting)
Transfer to T0106_AchHouse , location is: (2297.00, 243.00, 0.00)
Unloading 4791 unused Assets to reduce memory usage. Loaded Objects now: 83708.
Total: 44.138500 ms (FindLiveObjects: 3.905700 ms CreateObjectMapping: 2.519100 ms MarkObjects: 33.863200 ms  DeleteObjects: 3.850300 ms)

***IsRestraintArms False
***ObtainItem_TearDropOnDisable
***ObtainDiscovery_SapphyraNote2OnDisable
***ObtainDiscovery_Tentacle reportOnDisable
***ObtainDiscovery_WantedLORDOnDisable
***ObtainDiscovery_Flyer1OnDisable
***ObtainDiscovery_NoneNameNote6OnDisable
ℹ️ 傳入的 FirstArriveBlackBerryDale 小於或等於目前的 FirstArriveZinniaStreet，不更新
Deb org
Eff org
Deb Lust
Eff Lust
Set Lust speed 0
Deb org
Eff org
CumEffect Cum_Oral
1
0
CanExecuteCancel True
CanExecuteCancel False
CanExecuteCancel False
CanExecuteCancel True
IE_FadeOut START
Unloading 3 Unused Serialized files (Serialized files now loaded: 0)
***Lantern_0106_BlackBerryTownOnDisable
***T0106_LeftDoorOnDisable
***T0106_HouseDoor1F_LOnDisable
***T0106_HouseDoor2F_LOnDisable
***T0106_HouseDoor2F_ROnDisable
***T0106_HouseDoor3F_MidOnDisable
***T0106_RightEndOnDisable
***T0106_LeftEndOnDisable
***T0106_AchHouseOnDisable
***NPC_Villager_BlueOnDisable
***NPC_FramboiseOnDisable
***NPC_Villager_GreyOnDisable
***NPC_Villager_RedOnDisable
***NPC_Sapphyra_PseudoOnDisable
[PhysX] Initialized MultithreadedTaskDispatcher with 12 workers.
UnloadTime: 1.421400 ms
PCHCheck is True
Immortal Loss Beta 0.58.0, GameVersion is : Beta0.58.0, PCH is True.
startLoadJsonTime = 6617.406
endLoadJsoneTime = 6617.556
Loading Duation is = 0.1503906
GameManager Initialization Completed.
Unloading 37985 unused Assets to reduce memory usage. Loaded Objects now: 44549.
Total: 85.268000 ms (FindLiveObjects: 4.320100 ms CreateObjectMapping: 3.258900 ms MarkObjects: 44.787200 ms  DeleteObjects: 32.901500 ms)

GameManager 初始化完成，可以開始使用了
defaultConfigPath = true, playerConfigPath = true
Input RestorGameData
IE_FadeOut START
Unloading 4 Unused Serialized files (Serialized files now loaded: 0)
[PhysX] Initialized MultithreadedTaskDispatcher with 12 workers.
UnloadTime: 0.486700 ms
PCHCheck is True
Immortal Loss Beta 0.58.0, GameVersion is : Beta0.58.0, PCH is True.
startLoadJsonTime = 6814.606
endLoadJsoneTime = 6814.743
Loading Duation is = 0.1362305
GameManager Initialization Completed.
Start TitleOrder
Wait DelayAllow
Unloading 9 unused Assets to reduce memory usage. Loaded Objects now: 44764.
Total: 40.507200 ms (FindLiveObjects: 2.230000 ms CreateObjectMapping: 0.969000 ms MarkObjects: 37.242800 ms  DeleteObjects: 0.065200 ms)

waitForPress = False
waitForPress = True
Gallery
CanExecuteCancel True
IE_FadeOut START
***IsRestraintArms False
CurrentEnviromentLight missing, skip.
Unloading 7 Unused Serialized files (Serialized files now loaded: 0)
[PhysX] Initialized MultithreadedTaskDispatcher with 12 workers.
UnloadTime: 0.732300 ms
PCHCheck is True
Immortal Loss Beta 0.58.0, GameVersion is : Beta0.58.0, PCH is True.
startLoadJsonTime = 6823.454
endLoadJsoneTime = 6823.595
Loading Duation is = 0.1416016
***NPC_Villager_BlueOnEnable
***NPC_Villager_RedOnEnable
***NPC_Villager_GreyOnEnable
***NPC_BanditOnEnable
***T0106_HouseDoor2F_LOnEnable
***T0106_LeftEndOnEnable
***T0106_LeftDoorOnEnable
***T0106_AchHouseOnEnable
***T0106_HouseDoor2F_ROnEnable
***T0106_HouseDoor3F_MidOnEnable
***T0106_HouseDoor1F_LOnEnable
***T0106_RightEndOnEnable
***Lantern_0106_BlackBerryTownOnEnable
***NPC_SapphyraOnEnable
***NPC_Sapphyra_PseudoOnEnable
***NPC_FramboiseOnEnable
***ObtainItem_TearDropOnEnable
***ObtainDiscovery_SapphyraNote2OnEnable
***ObtainDiscovery_Tentacle reportOnEnable
***ObtainDiscovery_WantedLORDOnEnable
***ObtainDiscovery_Flyer1OnEnable
***ObtainDiscovery_NoneNameNote6OnEnable
GameManager Initialization Completed.
***NPC_BanditOnDisable
***NPC_SapphyraOnDisable
Unloading 21 unused Assets to reduce memory usage. Loaded Objects now: 83733.
Total: 39.162600 ms (FindLiveObjects: 3.771300 ms CreateObjectMapping: 2.422400 ms MarkObjects: 32.854500 ms  DeleteObjects: 0.114100 ms)

***IsRestraintArms False
***ObtainItem_TearDropOnDisable
***ObtainDiscovery_SapphyraNote2OnDisable
***ObtainDiscovery_Tentacle reportOnDisable
***ObtainDiscovery_WantedLORDOnDisable
***ObtainDiscovery_Flyer1OnDisable
***ObtainDiscovery_NoneNameNote6OnDisable
**************5
CumEffect Cum_Oral
ℹ️ 傳入的 FirstArriveBlackBerryDale 小於或等於目前的 FirstArriveZinniaStreet，不更新
CloseMenu
CumEffect Cum_Vaginal
Deb org
Eff org
Remove Orgasm speed 0
Remove Orgasm speed 0.02
Remove BreastEngorgement speed -0.005
Remove Orgasm speed 0.02
Remove BreastEngorgement speed -0.005
Remove Orgasm speed 0.01
Remove Orgasm speed 0.03
Adding Enemy: CrawlingColza to List.
Adding Enemy: PenisWorm0 to List.
Adding Enemy: PenisWorm0 to List.
Adding Enemy: Lustbloom to List.
Adding Enemy: CrawlingColza to List.
Remove Enemy: PenisWorm0 from List.
Adding Enemy: PenisWorm0 to List.
Remove Enemy: PenisWorm0 from List.
Adding Enemy: PenisWorm0 to List.
Remove this dead Enemy from List.
Drop Sands :30
EnterGetHurt
Remove this dead Enemy from List.
Drop Sands :30
EnterGetHurt
EnterGetHurt
Remove this dead Enemy from List.
Drop Sands :57
Remove this dead Enemy from List.
Drop Sands :115
Remove this dead Enemy from List.
Drop Sands :115
Open NPC Function
Wait for walking
isInTimeLineStandBy
Have Open this lantern.
Wait for walking
isInTimeLineWalk
Wait for turning
isInTimeLineStandBy
Wait for IE_FadeIn
IE_FadeOut START
Player Refresh
Player UI Refresh
PromtText
Item Refresh
Item UI Refresh
Enemy Refresh
CanExecuteCancel True
CanExecuteCancel True
CloseMenu
Open NPC Function
Wait for walking
isInTimeLineStandBy
Have Open this lantern.
Wait for walking
isInTimeLineWalk
Wait for turning
isInTimeLineStandBy
Wait for IE_FadeIn
CanExecuteCancel True
CanExecuteCancel False
CanExecuteCancel True
CanExecuteCancel False
IE_FadeOut START
Unloading 6 Unused Serialized files (Serialized files now loaded: 0)
***NPC_Villager_GreyOnDisable
***NPC_Villager_RedOnDisable
***NPC_Sapphyra_PseudoOnDisable
***Lantern_0106_BlackBerryTownOnDisable
***NPC_FramboiseOnDisable
***T0106_LeftDoorOnDisable
***T0106_HouseDoor1F_LOnDisable
***T0106_HouseDoor2F_LOnDisable
***T0106_HouseDoor2F_ROnDisable
***T0106_HouseDoor3F_MidOnDisable
***T0106_RightEndOnDisable
***T0106_LeftEndOnDisable
***T0106_AchHouseOnDisable
***NPC_Villager_BlueOnDisable
[PhysX] Initialized MultithreadedTaskDispatcher with 12 workers.
UnloadTime: 5.193500 ms
PCHCheck is True
Immortal Loss Beta 0.58.0, GameVersion is : Beta0.58.0, PCH is True.
startLoadJsonTime = 7109.134
endLoadJsoneTime = 7109.276
Loading Duation is = 0.1420898
***T0104_LockFloorDoorOnEnable
***T0104_LeftDoorOnEnable
***T0104_RightDoorOnEnable
***T0104_UpDoorOnEnable
***MultiSwitchOnEnable
GameManager Initialization Completed.
T0104_UpDoor
T0104_UpDoor (TransitionSetting)
Transfer to T0104_UpDoor , location is: (2055.00, 174.00, 0.00)
Unloading 37554 unused Assets to reduce memory usage. Loaded Objects now: 49586.
Total: 78.598700 ms (FindLiveObjects: 4.532800 ms CreateObjectMapping: 2.934200 ms MarkObjects: 43.522800 ms  DeleteObjects: 27.608400 ms)

***IsRestraintArms False
IE_FadeOut START
Unloading 9 Unused Serialized files (Serialized files now loaded: 0)
***T0104_LockFloorDoorOnDisable
***T0104_RightDoorOnDisable
***T0104_LeftDoorOnDisable
***T0104_UpDoorOnDisable
***MultiSwitchOnDisable
[PhysX] Initialized MultithreadedTaskDispatcher with 12 workers.
UnloadTime: 0.717200 ms
PCHCheck is True
Immortal Loss Beta 0.58.0, GameVersion is : Beta0.58.0, PCH is True.
startLoadJsonTime = 7114.495
endLoadJsoneTime = 7114.638
Loading Duation is = 0.1430664
***T0109OnEnable
***Relic_TentaclePantieOnEnable
***ElevatorSwitch_DownOnEnable
***SwitchOnEnable
***SwitchTargetOnEnable
GameManager Initialization Completed.
T0109_AbandonedBasement
T0109 (TransitionSetting)
Transfer to T0109 , location is: (2057.00, -35.00, 0.00)
Unloading 1028 unused Assets to reduce memory usage. Loaded Objects now: 51379.
Total: 37.647400 ms (FindLiveObjects: 2.891300 ms CreateObjectMapping: 1.451000 ms MarkObjects: 32.364500 ms  DeleteObjects: 0.940300 ms)

***IsRestraintArms False
***Relic_TentaclePantieOnDisable
KeyNotFoundException: The given key 'Orgasm' was not present in the dictionary.
  at System.Collections.Generic.Dictionary`2[TKey,TValue].get_Item (TKey key) [0x0001e] in <1071a2cb0cb3433aae80a793c277a048>:0 
  at PlayerController.AnalHookVibrate () [0x00099] in <77e9a7e179ee49598df18058f5b91904>:0 
  at PlayerController.OnDash (UnityEngine.InputSystem.InputAction+CallbackContext context) [0x00140] in <77e9a7e179ee49598df18058f5b91904>:0 
  at UnityEngine.Events.InvokableCall`1[T1].Invoke (T1 args0) [0x00010] in <c39a522eee05469b8171a6cfeb646c59>:0 
  at UnityEngine.Events.UnityEvent`1[T0].Invoke (T0 arg0) [0x00025] in <c39a522eee05469b8171a6cfeb646c59>:0 
  at UnityEngine.InputSystem.Utilities.DelegateHelpers.InvokeCallbacksSafe[TValue] (UnityEngine.InputSystem.Utilities.CallbackArray`1[System.Action`1[TValue]]& callbacks, TValue argument, System.String callbackName, System.Object context) [0x0001b] in <f32d0bdc91d04944a6ab314bd9aec37d>:0 
UnityEngine.DebugLogHandler:Internal_LogException(Exception, Object)
UnityEngine.DebugLogHandler:LogException(Exception, Object)
UnityEngine.Logger:LogException(Exception, Object)
UnityEngine.Debug:LogException(Exception)
UnityEngine.InputSystem.Utilities.DelegateHelpers:InvokeCallbacksSafe(CallbackArray`1&, CallbackContext, String, Object)
UnityEngine.InputSystem.InputActionState:CallActionListeners(Int32, InputActionMap, InputActionPhase, CallbackArray`1&, String)
UnityEngine.InputSystem.InputActionState:ChangePhaseOfActionInternal(Int32, TriggerState*, InputActionPhase, TriggerState&, Boolean)
UnityEngine.InputSystem.InputActionState:ChangePhaseOfAction(InputActionPhase, TriggerState&, InputActionPhase)
UnityEngine.InputSystem.InputActionState:ProcessDefaultInteraction(TriggerState&, Int32)
UnityEngine.InputSystem.InputActionState:ProcessControlStateChange(Int32, Int32, Int32, Double, InputEventPtr)
UnityEngine.InputSystem.InputActionState:UnityEngine.InputSystem.LowLevel.IInputStateChangeMonitor.NotifyControlStateChanged(InputControl, Double, InputEventPtr, Int64)
UnityEngine.InputSystem.InputManager:FireStateChangeNotifications(Int32, Double, InputEvent*)
UnityEngine.InputSystem.InputManager:UpdateState(InputDevice, InputUpdateType, Void*, UInt32, UInt32, Double, InputEventPtr)
UnityEngine.InputSystem.InputManager:UpdateState(InputDevice, InputEvent*, InputUpdateType)
UnityEngine.InputSystem.InputManager:OnUpdate(InputUpdateType, InputEventBuffer&)
UnityEngine.InputSystem.LowLevel.<>c__DisplayClass7_0:<set_onUpdate>b__0(NativeInputUpdateType, NativeInputEventBuffer*)
UnityEngineInternal.Input.NativeInputSystem:NotifyUpdate(NativeInputUpdateType, IntPtr)

KeyNotFoundException while executing 'started' callbacks of 'PlayerSingleHand/Dash[/Keyboard/shift]'
Adding Enemy: Tentacle to List.
Chase
NormalATK
ATKBox 1
Remove Enemy: Tentacle from List.
ATKBox 0
Adding Enemy: Tentacle to List.
Player Start StruggleResIE
0
1
2
3
4
Restraint
Start Res atk.
No allow Res atk.
Failed ResStrug
****
*** IEFadetoChangeBGM toBGM_H01
BGMAuidoSource.volume 0.1
StartScreenBlink time: 0.5 Color: RGBA(1.000, 1.000, 1.000, 1.000)
StartScreenBlink time: 0.5 Color: RGBA(1.000, 1.000, 1.000, 1.000)
StartScreenBlink time: 0.5 Color: RGBA(1.000, 1.000, 1.000, 1.000)
StartScreenBlink time: 0.5 Color: RGBA(1.000, 1.000, 1.000, 1.000)
StartScreenBlink time: 0.5 Color: RGBA(1.000, 1.000, 1.000, 1.000)
StartScreenBlink time: 0.5 Color: RGBA(1.000, 1.000, 1.000, 1.000)
StartScreenBlink time: 0.5 Color: RGBA(1.000, 1.000, 1.000, 1.000)
StartScreenBlink time: 0.5 Color: RGBA(1.000, 1.000, 1.000, 1.000)
沒有可用的 SE AudioSource 供播放。
StartScreenBlink time: 0.5 Color: RGBA(1.000, 1.000, 1.000, 1.000)
沒有可用的 SE AudioSource 供播放。
沒有可用的 SE AudioSource 供播放。
StartScreenBlink time: 0.5 Color: RGBA(1.000, 1.000, 1.000, 1.000)
IE_FadeOut START
IE_FadeOut START
Unloading 14 Unused Serialized files (Serialized files now loaded: 0)
***ElevatorSwitch_DownOnDisable
***SwitchOnDisable
***SwitchTargetOnDisable
***T0109OnDisable
[PhysX] Initialized MultithreadedTaskDispatcher with 12 workers.
UnloadTime: 2.705200 ms
PCHCheck is True
Immortal Loss Beta 0.58.0, GameVersion is : Beta0.58.0, PCH is True.
startLoadJsonTime = 7147.636
endLoadJsoneTime = 7147.78
Loading Duation is = 0.144043
***T0213_ExitOnEnable
***ObtainReliefShardOnEnable
GameManager Initialization Completed.
T0213_WakeUpPoint
S0213_TransitionTarget (TransitionSetting)
Transfer to S0213_TransitionTarget , location is: (2312.80, -732.80, 0.09)
Unloading 4232 unused Assets to reduce memory usage. Loaded Objects now: 48605.
Total: 38.661000 ms (FindLiveObjects: 2.996100 ms CreateObjectMapping: 1.329200 ms MarkObjects: 30.951100 ms  DeleteObjects: 3.384300 ms)

***IsRestraintArms False
***ObtainReliefShardOnDisable
StartStruggleLyingIE
Player Start StruggleLyingIE
*** IEFadetoChangeBGM toBGM_TentacleNest
BGMAuidoSource.volume 0.1
Adding Enemy: Tentacle to List.
Chase
NormalATK
ATKBox 1
ParasiteCondition.
Tag is Untagged
ATKBox 0
Player Start StruggleResIE
0
1
2
3
4
Restraint
Start Res atk.
AddingParaToVaginal Tentacle
Failed ResStrug
****
*** IEFadetoChangeBGM toBGM_H02
BGMAuidoSource.volume 0.1
StartScreenBlink time: 0.5 Color: RGBA(1.000, 1.000, 1.000, 1.000)
StartScreenBlink time: 0.5 Color: RGBA(1.000, 1.000, 1.000, 1.000)
StartScreenBlink time: 0.5 Color: RGBA(1.000, 1.000, 1.000, 1.000)
StartScreenBlink time: 0.5 Color: RGBA(1.000, 1.000, 1.000, 1.000)
StartScreenBlink time: 0.5 Color: RGBA(1.000, 1.000, 1.000, 1.000)
StartScreenBlink time: 0.5 Color: RGBA(1.000, 1.000, 1.000, 1.000)
StartScreenBlink time: 0.5 Color: RGBA(1.000, 1.000, 1.000, 1.000)
StartScreenBlink time: 0.5 Color: RGBA(1.000, 1.000, 1.000, 1.000)
StartScreenBlink time: 0.5 Color: RGBA(1.000, 1.000, 1.000, 1.000)
StartScreenBlink time: 0.5 Color: RGBA(1.000, 1.000, 1.000, 1.000)
IE_FadeOut START
IE_FadeOut START
Remove Orgasm speed 0.03
Unloading 14 Unused Serialized files (Serialized files now loaded: 0)
***T0213_ExitOnDisable
[PhysX] Initialized MultithreadedTaskDispatcher with 12 workers.
UnloadTime: 1.464800 ms
PCHCheck is True
Immortal Loss Beta 0.58.0, GameVersion is : Beta0.58.0, PCH is True.
startLoadJsonTime = 7180.21
endLoadJsoneTime = 7180.35
Loading Duation is = 0.1401367
***T0213_ExitOnEnable
***ObtainReliefShardOnEnable
GameManager Initialization Completed.
T0213_WakeUpPoint
S0213_TransitionTarget (TransitionSetting)
Transfer to S0213_TransitionTarget , location is: (2312.80, -732.80, 0.09)
Unloading 16 unused Assets to reduce memory usage. Loaded Objects now: 48755.
Total: 45.279800 ms (FindLiveObjects: 2.626500 ms CreateObjectMapping: 1.552000 ms MarkObjects: 41.020300 ms  DeleteObjects: 0.080600 ms)

***IsRestraintArms False
***ObtainReliefShardOnDisable
StartStruggleLyingIE
Player Start StruggleLyingIE
*** IEFadetoChangeBGM toBGM_TentacleNest
BGMAuidoSource.volume 0.1
CloseMenu
CanExecuteCancel True
CanExecuteCancel False
CanExecuteCancel True
CloseMenu
Adding Enemy: Tentacle to List.
Chase
Adding Enemy: Tentacle to List.
Chase
NormalATK
PullATK
Adding Enemy: PenisWorm0 to List.
ATKBox 1
ParasiteCondition.
Tag is PenisWorm0
AddingParaToBoobF PenisWorm0
Remove this parasited Enemy from List.
ATKBox 0
ATKBox 1
ATKBox 0
Remove Enemy: Tentacle from List.
Remove Enemy: Tentacle from List.
PullATK
PullATK
Adding Enemy: Tentacle to List.
ATKBox 1
ATKBox 1
ATKBox 0
ATKBox 0
Remove Enemy: Tentacle from List.
Adding Enemy: Tentacle to List.
Chase
PullATK
ATKBox 1
Remove Enemy: Tentacle from List.
ATKBox 0
Adding Enemy: Tentacle to List.
PullATK
ATKBox 1
Player Start StruggleResIE
0
1
2
3
4
Restraint
ATKBox 0
Start Res atk.
AddingParaToBoobB Tentacle
Start Res atk.
No allow Res atk.
Start Res atk.
No allow Res atk.
Start Res atk.
No allow Res atk.
Succeed ResStrug
Remove Orgasm speed 0.02
Remove BreastEngorgement speed -0.005
***PlayerSkeletonRendererObj (0.30, 0.81, 0.00)
Chase
NormalATK
ATKBox 1
ParasiteCondition.
Tag is Untagged
ATKBox 0
Player Start StruggleResIE
0
1
2
3
4
Restraint
Start Res atk.
AddingParaToBoobB Tentacle
Succeed ResStrug
Remove Orgasm speed 0.02
Remove BreastEngorgement speed -0.005
***PlayerSkeletonRendererObj (0.30, 0.81, 0.00)
default
Chase
NormalATK
ATKBox 1
ParasiteCondition.
Tag is Untagged
ATKBox 0
Player Start StruggleResIE
0
1
2
3
4
Restraint
Succeed ResStrug
***PlayerSkeletonRendererObj (0.30, 0.81, 0.00)
default
Chase
NormalATK
ATKBox 1
ParasiteCondition.
Tag is Untagged
ATKBox 0
PullATK
ATKBox 1
ParasiteCondition.
Tag is Untagged
ATKBox 0
default
PullATK
ATKBox 1
ParasiteCondition.
Tag is Untagged
ATKBox 0
Remove Enemy: Tentacle from List.
Adding Enemy: Tentacle to List.
NormalATK
Remove Enemy: Tentacle from List.
ATKBox 1
ATKBox 0
Adding Enemy: Tentacle to List.
Deb org
Eff org
NormalATK
Remove Enemy: Tentacle from List.
ATKBox 1
ATKBox 0
Adding Enemy: Tentacle to List.
Remove Enemy: Tentacle from List.
PullATK
Adding Dash Force.
ATKBox 1
ATKBox 0
default
Adding Enemy: Tentacle to List.
Chase
PullATK
ATKBox 1
Remove Enemy: Tentacle from List.
ATKBox 0
PullATK
ATKBox 1
ATKBox 0
default
Remove Orgasm speed 0.02
Remove BreastEngorgement speed -0.005
Adding Enemy: PenisWorm0 to List.
Adding Enemy: Tentacle to List.
Chase
PullATK
ATKBox 1
ParasiteCondition.
Tag is Untagged
ATKBox 0
Remove Enemy: PenisWorm0 from List.
Adding Enemy: PenisWorm0 to List.
Remove this dead Enemy from List.
Drop Sands :30
Remove this dead Enemy from List.
Drop Sands :30
_notAddingLibrary
Adding Enemy: Tentacle to List.
Chase
NormalATK
ATKBox 1
ParasiteCondition.
Tag is Untagged
ATKBox 0
Adding Enemy: Tentacle to List.
Chase
PullATK
ATKBox 1
Remove Enemy: Tentacle from List.
Remove Enemy: Tentacle from List.
ATKBox 0
IE_FadeOut START
***IsRestraintArms False
Unloading 7 Unused Serialized files (Serialized files now loaded: 0)
***T0213_ExitOnDisable
[PhysX] Initialized MultithreadedTaskDispatcher with 12 workers.
UnloadTime: 1.476300 ms
PCHCheck is True
Immortal Loss Beta 0.58.0, GameVersion is : Beta0.58.0, PCH is True.
startLoadJsonTime = 7263.282
endLoadJsoneTime = 7263.417
Loading Duation is = 0.1352539
***NPC_Villager_BlueOnEnable
***NPC_Villager_RedOnEnable
***NPC_Villager_GreyOnEnable
***NPC_BanditOnEnable
***T0106_HouseDoor2F_LOnEnable
***T0106_LeftEndOnEnable
***T0106_LeftDoorOnEnable
***T0106_AchHouseOnEnable
***T0106_HouseDoor2F_ROnEnable
***T0106_HouseDoor3F_MidOnEnable
***T0106_HouseDoor1F_LOnEnable
***T0106_RightEndOnEnable
***Lantern_0106_BlackBerryTownOnEnable
***NPC_SapphyraOnEnable
***NPC_Sapphyra_PseudoOnEnable
***NPC_FramboiseOnEnable
***ObtainItem_TearDropOnEnable
***ObtainDiscovery_SapphyraNote2OnEnable
***ObtainDiscovery_Tentacle reportOnEnable
***ObtainDiscovery_WantedLORDOnEnable
***ObtainDiscovery_Flyer1OnEnable
***ObtainDiscovery_NoneNameNote6OnEnable
GameManager Initialization Completed.
***NPC_BanditOnDisable
***NPC_SapphyraOnDisable
Unloading 3005 unused Assets to reduce memory usage. Loaded Objects now: 83721.
Total: 52.047400 ms (FindLiveObjects: 6.577400 ms CreateObjectMapping: 2.833800 ms MarkObjects: 39.934800 ms  DeleteObjects: 2.701000 ms)

***IsRestraintArms False
***ObtainItem_TearDropOnDisable
***ObtainDiscovery_SapphyraNote2OnDisable
***ObtainDiscovery_Tentacle reportOnDisable
***ObtainDiscovery_WantedLORDOnDisable
***ObtainDiscovery_Flyer1OnDisable
***ObtainDiscovery_NoneNameNote6OnDisable
**************5
ℹ️ 傳入的 FirstArriveBlackBerryDale 小於或等於目前的 FirstArriveZinniaStreet，不更新
CanExecuteCancel True
CanExecuteCancel False
CanExecuteCancel True
CloseMenu
CumEffect Cum_Vaginal
Deb org
Eff org
Deb org
Eff org
default
default
Remove Orgasm speed 0
Remove Orgasm speed 0.02
Remove BreastEngorgement speed -0.005
Remove Orgasm speed 0.02
Remove BreastEngorgement speed -0.005
Remove Orgasm speed 0.01
Remove Orgasm speed 0.03
Adding Enemy: CrawlingColza to List.
Adding Enemy: PenisWorm0 to List.
Adding Enemy: PenisWorm0 to List.
Adding Enemy: Lustbloom to List.
Adding Enemy: CrawlingColza to List.
Remove Enemy: PenisWorm0 from List.
Remove this dead Enemy from List.
Drop Sands :30
Drop Sands :30
EnterGetHurt
EnterGetHurt
EnterGetHurt
Remove this dead Enemy from List.
Drop Sands :115
Remove this dead Enemy from List.
Drop Sands :115
Remove this dead Enemy from List.
Drop Sands :57
Deb org
Eff org
IE_FadeOut START
Unloading 6 Unused Serialized files (Serialized files now loaded: 0)
***NPC_Villager_GreyOnDisable
***T0106_LeftDoorOnDisable
***T0106_HouseDoor1F_LOnDisable
***T0106_HouseDoor2F_LOnDisable
***T0106_HouseDoor2F_ROnDisable
***T0106_HouseDoor3F_MidOnDisable
***T0106_RightEndOnDisable
***T0106_LeftEndOnDisable
***T0106_AchHouseOnDisable
***Lantern_0106_BlackBerryTownOnDisable
***NPC_Sapphyra_PseudoOnDisable
***NPC_FramboiseOnDisable
***NPC_Villager_RedOnDisable
***NPC_Villager_BlueOnDisable
[PhysX] Initialized MultithreadedTaskDispatcher with 12 workers.
UnloadTime: 1.810100 ms
PCHCheck is True
Immortal Loss Beta 0.58.0, GameVersion is : Beta0.58.0, PCH is True.
startLoadJsonTime = 7310.237
endLoadJsoneTime = 7310.374
Loading Duation is = 0.1362305
***T0104_LockFloorDoorOnEnable
***T0104_LeftDoorOnEnable
***T0104_RightDoorOnEnable
***T0104_UpDoorOnEnable
***MultiSwitchOnEnable
GameManager Initialization Completed.
T0104_UpDoor
T0104_UpDoor (TransitionSetting)
Transfer to T0104_UpDoor , location is: (2055.00, 174.00, 0.00)
Unloading 37536 unused Assets to reduce memory usage. Loaded Objects now: 49642.
Total: 70.705000 ms (FindLiveObjects: 4.233600 ms CreateObjectMapping: 2.957600 ms MarkObjects: 35.743400 ms  DeleteObjects: 27.770100 ms)

***IsRestraintArms False
IE_FadeOut START
***IsRestraintArms False
Unloading 7 Unused Serialized files (Serialized files now loaded: 0)
***T0104_LockFloorDoorOnDisable
***T0104_RightDoorOnDisable
***T0104_LeftDoorOnDisable
***T0104_UpDoorOnDisable
***MultiSwitchOnDisable
[PhysX] Initialized MultithreadedTaskDispatcher with 12 workers.
UnloadTime: 0.735700 ms
PCHCheck is True
Immortal Loss Beta 0.58.0, GameVersion is : Beta0.58.0, PCH is True.
startLoadJsonTime = 7314.983
endLoadJsoneTime = 7315.126
Loading Duation is = 0.1430664
***NPC_Villager_BlueOnEnable
***NPC_Villager_RedOnEnable
***NPC_Villager_GreyOnEnable
***NPC_BanditOnEnable
***T0106_HouseDoor2F_LOnEnable
***T0106_LeftEndOnEnable
***T0106_LeftDoorOnEnable
***T0106_AchHouseOnEnable
***T0106_HouseDoor2F_ROnEnable
***T0106_HouseDoor3F_MidOnEnable
***T0106_HouseDoor1F_LOnEnable
***T0106_RightEndOnEnable
***Lantern_0106_BlackBerryTownOnEnable
***NPC_SapphyraOnEnable
***NPC_Sapphyra_PseudoOnEnable
***NPC_FramboiseOnEnable
***ObtainItem_TearDropOnEnable
***ObtainDiscovery_SapphyraNote2OnEnable
***ObtainDiscovery_Tentacle reportOnEnable
***ObtainDiscovery_WantedLORDOnEnable
***ObtainDiscovery_Flyer1OnEnable
***ObtainDiscovery_NoneNameNote6OnEnable
GameManager Initialization Completed.
***NPC_BanditOnDisable
***NPC_SapphyraOnDisable
Unloading 4360 unused Assets to reduce memory usage. Loaded Objects now: 83742.
Total: 43.609200 ms (FindLiveObjects: 3.952400 ms CreateObjectMapping: 2.434100 ms MarkObjects: 33.629500 ms  DeleteObjects: 3.592600 ms)

***IsRestraintArms False
***ObtainItem_TearDropOnDisable
***ObtainDiscovery_SapphyraNote2OnDisable
***ObtainDiscovery_Tentacle reportOnDisable
***ObtainDiscovery_WantedLORDOnDisable
***ObtainDiscovery_Flyer1OnDisable
***ObtainDiscovery_NoneNameNote6OnDisable
**************5
ℹ️ 傳入的 FirstArriveBlackBerryDale 小於或等於目前的 FirstArriveZinniaStreet，不更新
CumEffect Cum_Vaginal
Deb org
Eff org
Remove Orgasm speed 0
Remove Orgasm speed 0.02
Remove BreastEngorgement speed -0.005
Remove Orgasm speed 0.02
Remove BreastEngorgement speed -0.005
Remove Orgasm speed 0.01
Remove Orgasm speed 0.03
Adding Enemy: CrawlingColza to List.
Adding Enemy: PenisWorm0 to List.
Adding Enemy: PenisWorm0 to List.
Adding Enemy: Lustbloom to List.
Adding Enemy: CrawlingColza to List.
Remove Enemy: PenisWorm0 from List.
Remove Enemy: PenisWorm0 from List.
Drop Sands :30
EnterGetHurt
EnterGetHurt
Drop Sands :30
EnterGetHurt
Adding Enemy: PenisWorm0 to List.
Remove Enemy: PenisWorm0 from List.
Remove this dead Enemy from List.
Drop Sands :115
Remove this dead Enemy from List.
Drop Sands :115
***DropItem(Clone)OnEnable
Remove this dead Enemy from List.
Drop Sands :57
***DropItem(Clone)OnDisable
Open NPC Function
Wait for walking
isInTimeLineDash
Wait for turning
Wait for IE_FadeIn
Open NPC Function
Wait for walking
isInTimeLineStandBy
Have Open this lantern.
Wait for walking
isInTimeLineWalk
Wait for turning
isInTimeLineStandBy
Wait for IE_FadeIn
IE_FadeOut START
Player Refresh
Player UI Refresh
PromtText
Item Refresh
Item UI Refresh
Enemy Refresh
CloseMenu
CanExecuteCancel True
CanExecuteCancel False
CanExecuteCancel True
CanExecuteCancel False
CanExecuteCancel True
CloseMenu
CloseMenu
Open NPC Function
Wait for walking
isInTimeLineStandBy
Have Open this lantern.
Wait for walking
Wait for turning
isInTimeLineStandBy
Wait for IE_FadeIn
IE_FadeOut START
Unloading 14 Unused Serialized files (Serialized files now loaded: 0)
***NPC_FramboiseOnDisable
***NPC_Sapphyra_PseudoOnDisable
***NPC_Villager_RedOnDisable
***T0106_LeftDoorOnDisable
***T0106_HouseDoor1F_LOnDisable
***T0106_HouseDoor2F_LOnDisable
***T0106_HouseDoor2F_ROnDisable
***T0106_HouseDoor3F_MidOnDisable
***T0106_RightEndOnDisable
***T0106_LeftEndOnDisable
***T0106_AchHouseOnDisable
***NPC_Villager_GreyOnDisable
***NPC_Villager_BlueOnDisable
***Lantern_0106_BlackBerryTownOnDisable
[PhysX] Initialized MultithreadedTaskDispatcher with 12 workers.
UnloadTime: 1.851800 ms
PCHCheck is True
Immortal Loss Beta 0.58.0, GameVersion is : Beta0.58.0, PCH is True.
startLoadJsonTime = 7377.118
endLoadJsoneTime = 7377.262
Loading Duation is = 0.1435547
***S01118_HeaterOnEnable
***T0118_EndROnEnable
***T0118_EndUOnEnable
***T0118_DoorOnEnable
***Lantern_0118_SteamHotSpringOnEnable
***S0118FixHeater_ProtyaOnEnable
***S01118_HotSpringTriggerEventOnEnable
GameManager Initialization Completed.
Lantern_0118_SteamHotSpring
Lantern_0118_SteamHotSpring (TransitionSetting)
Transfer to Lantern_0118_SteamHotSpring , location is: (2772.50, -64.88, 0.00)
Unloading 37533 unused Assets to reduce memory usage. Loaded Objects now: 51897.
Total: 71.843100 ms (FindLiveObjects: 4.506700 ms CreateObjectMapping: 3.541500 ms MarkObjects: 34.940200 ms  DeleteObjects: 28.854300 ms)

***IsRestraintArms False
***S0118FixHeater_ProtyaOnDisable
False
1
Select something.
blackCanvas color black
Open NPC Function
Wait for walking
isInTimeLineStandBy
Have Open this lantern.
Wait for walking
isInTimeLineWalk
Wait for turning
isInTimeLineStandBy
Wait for IE_FadeIn
IE_FadeOut START
Remove(Relic.VibratingAnalHook)
Remove Orgasm speed 0.04
False
1
Select something.
blackCanvas color black
IE_FadeOut START
IE_FadeOut START
IE_FadeOut START
False
CanExecuteCancel True
CanExecuteCancel False
Select cancel.
blackCanvas color black
Change to Crawl.
Change to Stand.
False
CanExecuteCancel True
CanExecuteCancel False
Select cancel.
blackCanvas color black
CanExecuteCancel True
CanExecuteCancel False
CanExecuteCancel True
CloseMenu
CloseMenu
False
CanExecuteCancel True
CanExecuteCancel False
Select cancel.
blackCanvas color black
IE_FadeOut START
***IsRestraintArms False
Unloading 7 Unused Serialized files (Serialized files now loaded: 0)
***Lantern_0118_SteamHotSpringOnDisable
***S01118_HeaterOnDisable
***S01118_HotSpringTriggerEventOnDisable
***T0118_EndROnDisable
***T0118_EndUOnDisable
***T0118_DoorOnDisable
[PhysX] Initialized MultithreadedTaskDispatcher with 12 workers.
UnloadTime: 0.881300 ms
PCHCheck is True
Immortal Loss Beta 0.58.0, GameVersion is : Beta0.58.0, PCH is True.
startLoadJsonTime = 7513.265
endLoadJsoneTime = 7513.404
Loading Duation is = 0.1386719
***NPC_Villager_BlueOnEnable
***NPC_Villager_RedOnEnable
***NPC_Villager_GreyOnEnable
***NPC_BanditOnEnable
***T0106_HouseDoor2F_LOnEnable
***T0106_LeftEndOnEnable
***T0106_LeftDoorOnEnable
***T0106_AchHouseOnEnable
***T0106_HouseDoor2F_ROnEnable
***T0106_HouseDoor3F_MidOnEnable
***T0106_HouseDoor1F_LOnEnable
***T0106_RightEndOnEnable
***Lantern_0106_BlackBerryTownOnEnable
***NPC_SapphyraOnEnable
***NPC_Sapphyra_PseudoOnEnable
***NPC_FramboiseOnEnable
***ObtainItem_TearDropOnEnable
***ObtainDiscovery_SapphyraNote2OnEnable
***ObtainDiscovery_Tentacle reportOnEnable
***ObtainDiscovery_WantedLORDOnEnable
***ObtainDiscovery_Flyer1OnEnable
***ObtainDiscovery_NoneNameNote6OnEnable
GameManager Initialization Completed.
***NPC_BanditOnDisable
***NPC_SapphyraOnDisable
Unloading 6454 unused Assets to reduce memory usage. Loaded Objects now: 83736.
Total: 56.684600 ms (FindLiveObjects: 4.571800 ms CreateObjectMapping: 2.996600 ms MarkObjects: 44.023300 ms  DeleteObjects: 5.092700 ms)

***IsRestraintArms False
***ObtainItem_TearDropOnDisable
***ObtainDiscovery_SapphyraNote2OnDisable
***ObtainDiscovery_Tentacle reportOnDisable
***ObtainDiscovery_WantedLORDOnDisable
***ObtainDiscovery_Flyer1OnDisable
***ObtainDiscovery_NoneNameNote6OnDisable
**************5
ℹ️ 傳入的 FirstArriveBlackBerryDale 小於或等於目前的 FirstArriveZinniaStreet，不更新
CumEffect Cum_Vaginal
ShyCloseEye
Open NPC Function
Wait for walking
isInTimeLineDash
Wait for turning
Wait for IE_FadeIn
Deb org
Eff org
CloseMenu
Deb org
Eff org
CumEffect Cum_Oral
CumEffect Cum_Vaginal
ShyCloseEye
Deb org
Eff org
RollEyeOrgasm
Deb Lust
Eff Lust
RollEyeOrgasm
RollEyeOrgasm
Set Lust speed 0
Deb org
Eff org
RollEyeOrgasm
RollEyeGritTeeth
Open NPC Function
Wait for walking
isInTimeLineDash
Wait for turning
Wait for IE_FadeIn
RollEyeGritTeeth
Deb org
Eff org
RollEyeOrgasm
CumEffect Cum_Oral
ShyCloseEye
RollEyeGritTeeth
CumEffect Cum_Vaginal
ShyCloseEye
Deb org
Eff org
RollEyeOrgasm
isInTimeLineDash
Wait for turning
RollEyeGritTeeth
RollEyeGritTeeth
Deb org
Eff org
RollEyeOrgasm
CumEffect Cum_Vaginal
ShyCloseEye
RollEyeGritTeeth
RollEyeGritTeeth
Deb org
Eff org
RollEyeOrgasm
CumEffect Cum_Oral
ShyCloseEye
Deb Lust
Eff Lust
RollEyeOrgasm
RollEyeOrgasm
Set Lust speed 0
Deb org
Eff org
RollEyeOrgasm
RollEyeGritTeeth
RollEyeGritTeeth
CumEffect Cum_Vaginal
ShyCloseEye
Deb org
Eff org
RollEyeOrgasm
RollEyeGritTeeth
CumEffect Cum_Oral
ShyCloseEye
RollEyeGritTeeth
Deb org
Eff org
RollEyeOrgasm
CumEffect Cum_Vaginal
ShyCloseEye
Deb org
Eff org
RollEyeOrgasm
Using ShockKernal
Remove Orgasm speed 0
Remove Orgasm speed 0.02
Remove BreastEngorgement speed -0.005
Remove Orgasm speed 0.02
Remove BreastEngorgement speed -0.005
Remove Orgasm speed 0.01
Remove Orgasm speed 0.03
Adding Enemy: CrawlingColza to List.
Adding Enemy: PenisWorm0 to List.
Adding Enemy: PenisWorm0 to List.
Adding Enemy: Lustbloom to List.
Adding Enemy: CrawlingColza to List.
Remove Enemy: PenisWorm0 from List.
Adding Enemy: PenisWorm0 to List.
Remove Enemy: PenisWorm0 from List.
Adding Enemy: PenisWorm0 to List.
Remove Enemy: PenisWorm0 from List.
Adding Enemy: PenisWorm0 to List.
Remove Enemy: PenisWorm0 from List.
Adding Enemy: PenisWorm0 to List.
Remove Enemy: PenisWorm0 from List.
Remove Enemy: PenisWorm0 from List.
Adding Enemy: PenisWorm0 to List.
Remove this dead Enemy from List.
Drop Sands :30
EnterGetHurt
EnterGetHurt
EnterGetHurt
Drop Sands :30
Adding Enemy: PenisWorm0 to List.
Remove Enemy: PenisWorm0 from List.
Remove this dead Enemy from List.
Drop Sands :115
Remove this dead Enemy from List.
Drop Sands :57
Remove this dead Enemy from List.
Drop Sands :115
CloseMenu
Deb org
Eff org
RollEyeOrgasm
Deb org
Eff org
RollEyeOrgasm
0
CanExecuteCancel True
CanExecuteCancel False
CanExecuteCancel False
CanExecuteCancel True
IE_FadeOut START
Unloading 6 Unused Serialized files (Serialized files now loaded: 0)
***Lantern_0106_BlackBerryTownOnDisable
***NPC_Villager_RedOnDisable
***T0106_LeftDoorOnDisable
***T0106_HouseDoor1F_LOnDisable
***T0106_HouseDoor2F_LOnDisable
***T0106_HouseDoor2F_ROnDisable
***T0106_HouseDoor3F_MidOnDisable
***T0106_RightEndOnDisable
***T0106_LeftEndOnDisable
***T0106_AchHouseOnDisable
***NPC_FramboiseOnDisable
***NPC_Villager_GreyOnDisable
***NPC_Sapphyra_PseudoOnDisable
***NPC_Villager_BlueOnDisable
[PhysX] Initialized MultithreadedTaskDispatcher with 12 workers.
UnloadTime: 1.840800 ms
PCHCheck is True
Immortal Loss Beta 0.58.0, GameVersion is : Beta0.58.0, PCH is True.
startLoadJsonTime = 7710.897
endLoadJsoneTime = 7711.035
Loading Duation is = 0.1376953
***T0104_LockFloorDoorOnEnable
***T0104_LeftDoorOnEnable
***T0104_RightDoorOnEnable
***T0104_UpDoorOnEnable
***MultiSwitchOnEnable
GameManager Initialization Completed.
T0104_UpDoor
T0104_UpDoor (TransitionSetting)
Transfer to T0104_UpDoor , location is: (2055.00, 174.00, 0.00)
Unloading 37578 unused Assets to reduce memory usage. Loaded Objects now: 49625.
Total: 70.786500 ms (FindLiveObjects: 4.617500 ms CreateObjectMapping: 3.262300 ms MarkObjects: 34.875100 ms  DeleteObjects: 28.031400 ms)

***IsRestraintArms False
LedgeDetected!     is Pene Up
***GameManager.Instance.playerAnimation.ClimbPoint.position (2045.00, 163.88, 0.00)
LedgeDetected!     is Pene Up
***GameManager.Instance.playerAnimation.ClimbPoint.position (2064.96, 17.12, 0.00)
IE_FadeOut START
Unloading 9 Unused Serialized files (Serialized files now loaded: 0)
***T0104_LockFloorDoorOnDisable
***T0104_RightDoorOnDisable
***T0104_LeftDoorOnDisable
***T0104_UpDoorOnDisable
***MultiSwitchOnDisable
[PhysX] Initialized MultithreadedTaskDispatcher with 12 workers.
UnloadTime: 0.729700 ms
PCHCheck is True
Immortal Loss Beta 0.58.0, GameVersion is : Beta0.58.0, PCH is True.
startLoadJsonTime = 7719.039
endLoadJsoneTime = 7719.186
Loading Duation is = 0.1469727
***T0109OnEnable
***Relic_TentaclePantieOnEnable
***ElevatorSwitch_DownOnEnable
***SwitchOnEnable
***SwitchTargetOnEnable
GameManager Initialization Completed.
T0109_AbandonedBasement
T0109 (TransitionSetting)
Transfer to T0109 , location is: (2057.00, -35.00, 0.00)
Unloading 1028 unused Assets to reduce memory usage. Loaded Objects now: 50846.
Total: 41.229500 ms (FindLiveObjects: 2.663300 ms CreateObjectMapping: 1.744500 ms MarkObjects: 35.864100 ms  DeleteObjects: 0.957400 ms)

***IsRestraintArms False
***Relic_TentaclePantieOnDisable
Trigger S0109Elevator, isUp = False
Trigger S0109Elevator can't move!
Adding Enemy: Tentacle to List.
Chase
NormalATK
ATKBox 1
Remove Enemy: Tentacle from List.
Adding Enemy: Tentacle to List.
ATKBox 0
Player Start StruggleResIE
0
1
2
3
4
Restraint
Start Res atk.
No allow Res atk.
Failed ResStrug
****
*** IEFadetoChangeBGM toBGM_H01
BGMAuidoSource.volume 0.1
StartScreenBlink time: 0.5 Color: RGBA(1.000, 1.000, 1.000, 1.000)
StartScreenBlink time: 0.5 Color: RGBA(1.000, 1.000, 1.000, 1.000)
StartScreenBlink time: 0.5 Color: RGBA(1.000, 1.000, 1.000, 1.000)
StartScreenBlink time: 0.5 Color: RGBA(1.000, 1.000, 1.000, 1.000)
StartScreenBlink time: 0.5 Color: RGBA(1.000, 1.000, 1.000, 1.000)
StartScreenBlink time: 0.5 Color: RGBA(1.000, 1.000, 1.000, 1.000)
StartScreenBlink time: 0.5 Color: RGBA(1.000, 1.000, 1.000, 1.000)
StartScreenBlink time: 0.5 Color: RGBA(1.000, 1.000, 1.000, 1.000)
沒有可用的 SE AudioSource 供播放。
StartScreenBlink time: 0.5 Color: RGBA(1.000, 1.000, 1.000, 1.000)
沒有可用的 SE AudioSource 供播放。
沒有可用的 SE AudioSource 供播放。
StartScreenBlink time: 0.5 Color: RGBA(1.000, 1.000, 1.000, 1.000)
IE_FadeOut START
IE_FadeOut START
Unloading 14 Unused Serialized files (Serialized files now loaded: 0)
***SwitchOnDisable
***SwitchTargetOnDisable
***ElevatorSwitch_DownOnDisable
***T0109OnDisable
[PhysX] Initialized MultithreadedTaskDispatcher with 12 workers.
UnloadTime: 2.609700 ms
PCHCheck is True
Immortal Loss Beta 0.58.0, GameVersion is : Beta0.58.0, PCH is True.
startLoadJsonTime = 7763.369
endLoadJsoneTime = 7763.504
Loading Duation is = 0.1352539
***T0213_ExitOnEnable
***ObtainReliefShardOnEnable
GameManager Initialization Completed.
T0213_WakeUpPoint
S0213_TransitionTarget (TransitionSetting)
Transfer to S0213_TransitionTarget , location is: (2312.80, -732.80, 0.09)
Unloading 4236 unused Assets to reduce memory usage. Loaded Objects now: 48624.
Total: 42.150600 ms (FindLiveObjects: 2.666800 ms CreateObjectMapping: 1.435000 ms MarkObjects: 34.319800 ms  DeleteObjects: 3.728800 ms)

***IsRestraintArms False
***ObtainReliefShardOnDisable
StartStruggleLyingIE
Player Start StruggleLyingIE
*** IEFadetoChangeBGM toBGM_TentacleNest
BGMAuidoSource.volume 0.1
28
Adding Enemy: Tentacle to List.
Chase
PullATK
ATKBox 1
ParasiteCondition.
Tag is Untagged
ATKBox 0
Player Start StruggleResIE
0
1
2
3
4
Restraint
Start Res atk.
AddingParaToVaginal Tentacle
RollEyeGritTeeth
20
Failed ResStrug
****
RollEyeGritTeeth
*** IEFadetoChangeBGM toBGM_H02
BGMAuidoSource.volume 0.1
StartScreenBlink time: 0.5 Color: RGBA(1.000, 1.000, 1.000, 1.000)
StartScreenBlink time: 0.5 Color: RGBA(1.000, 1.000, 1.000, 1.000)
StartScreenBlink time: 0.5 Color: RGBA(1.000, 1.000, 1.000, 1.000)
StartScreenBlink time: 0.5 Color: RGBA(1.000, 1.000, 1.000, 1.000)
StartScreenBlink time: 0.5 Color: RGBA(1.000, 1.000, 1.000, 1.000)
StartScreenBlink time: 0.5 Color: RGBA(1.000, 1.000, 1.000, 1.000)
StartScreenBlink time: 0.5 Color: RGBA(1.000, 1.000, 1.000, 1.000)
沒有可用的 SE AudioSource 供播放。
StartScreenBlink time: 0.5 Color: RGBA(1.000, 1.000, 1.000, 1.000)
StartScreenBlink time: 0.5 Color: RGBA(1.000, 1.000, 1.000, 1.000)
沒有可用的 SE AudioSource 供播放。
沒有可用的 SE AudioSource 供播放。
沒有可用的 SE AudioSource 供播放。
沒有可用的 SE AudioSource 供播放。
StartScreenBlink time: 0.5 Color: RGBA(1.000, 1.000, 1.000, 1.000)
IE_FadeOut START
IE_FadeOut START
Remove Orgasm speed 0.03
Unloading 14 Unused Serialized files (Serialized files now loaded: 0)
***T0213_ExitOnDisable
[PhysX] Initialized MultithreadedTaskDispatcher with 12 workers.
UnloadTime: 1.527000 ms
PCHCheck is True
Immortal Loss Beta 0.58.0, GameVersion is : Beta0.58.0, PCH is True.
startLoadJsonTime = 7800.757
endLoadJsoneTime = 7800.894
Loading Duation is = 0.1362305
***T0213_ExitOnEnable
***ObtainReliefShardOnEnable
GameManager Initialization Completed.
T0213_WakeUpPoint
S0213_TransitionTarget (TransitionSetting)
Transfer to S0213_TransitionTarget , location is: (2312.80, -732.80, 0.09)
Unloading 16 unused Assets to reduce memory usage. Loaded Objects now: 48666.
Total: 37.402900 ms (FindLiveObjects: 3.466900 ms CreateObjectMapping: 1.727900 ms MarkObjects: 32.127900 ms  DeleteObjects: 0.079900 ms)

***IsRestraintArms False
***ObtainReliefShardOnDisable
StartStruggleLyingIE
Player Start StruggleLyingIE
*** IEFadetoChangeBGM toBGM_TentacleNest
BGMAuidoSource.volume 0.1
Adding Enemy: Tentacle to List.
Chase
NormalATK
Adding Enemy: PenisWorm0 to List.
ParasiteCondition.
Tag is PenisWorm0
AddingParaToBoobB PenisWorm0
Remove this parasited Enemy from List.
ATKBox 1
ATKBox 0
Player Start StruggleResIE
0
1
2
3
4
Restraint
Succeed ResStrug
***PlayerSkeletonRendererObj (0.30, 0.81, 0.00)
Adding Enemy: Tentacle to List.
Chase
PullATK
Remove Enemy: Tentacle from List.
Remove Enemy: Tentacle from List.
ATKBox 1
ATKBox 0
Adding Enemy: Tentacle to List.
Remove Enemy: Tentacle from List.
RollEyeGritTeeth
PullATK
Adding Enemy: Tentacle to List.
RollEyeGritTeeth
ATKBox 1
ParasiteCondition.
Tag is Untagged
Adding Enemy: Tentacle to List.
Chase
PullATK
ATKBox 0
ATKBox 1
ATKBox 0
Remove Enemy: Tentacle from List.
Remove Enemy: Tentacle from List.
RollEyeGritTeeth
Adding Enemy: Tentacle to List.
RollEyeGritTeeth
PullATK
ATKBox 1
ParasiteCondition.
Tag is Untagged
PullATK
Player Start StruggleResIE
0
1
2
3
4
RollEyeGritTeeth
Restraint
ATKBox 1
ATKBox 0
Succeed ResStrug
***PlayerSkeletonRendererObj (0.30, 0.81, 0.00)
Remove Enemy: Tentacle from List.
Adding Enemy: Tentacle to List.
Chase
PullATK
ATKBox 1
Remove Enemy: Tentacle from List.
ATKBox 0
Adding Enemy: Tentacle to List.
Remove Enemy: Tentacle from List.
PullATK
Adding Enemy: Tentacle to List.
ATKBox 1
ParasiteCondition.
Tag is Untagged
ATKBox 0
Remove Enemy: Tentacle from List.
Adding Enemy: Tentacle to List.
11
PullATK
ATKBox 1
ParasiteCondition.
Tag is Untagged
ATKBox 0
Remove Enemy: Tentacle from List.
LedgeDetected!     is Pene Up
***GameManager.Instance.playerAnimation.ClimbPoint.position (2211.46, -713.62, 0.00)
PullATK
ATKBox 1
ATKBox 0
Deb org
Eff org
RollEyeOrgasm
Adding Enemy: PenisWorm1 to List.
Remove Enemy: PenisWorm1 from List.
Adding Enemy: PenisWorm1 to List.
Remove Enemy: PenisWorm1 from List.
LedgeDetected!     is Pene Up
***GameManager.Instance.playerAnimation.ClimbPoint.position (2206.06, -665.32, 0.00)
2
LedgeDetected!     is Wall
***GameManager.Instance.playerAnimation.ClimbPoint.position (2228.26, -631.48, 0.00)
Adding Enemy: Tentacle to List.
Chase
PullATK
Remove Enemy: Tentacle from List.
Adding Enemy: Tentacle to List.
Remove Enemy: Tentacle from List.
ATKBox 1
Adding Enemy: Tentacle to List.
ATKBox 0
LedgeDetected!     is Wall
***GameManager.Instance.playerAnimation.ClimbPoint.position (2278.17, -629.26, 0.00)
Adding Enemy: Tentacle to List.
Chase
PullATK
Remove Enemy: Tentacle from List.
Remove Enemy: Tentacle from List.
ATKBox 1
ATKBox 0
PullATK
Adding Enemy: Tentacle to List.
ATKBox 1
ATKBox 0
Remove Enemy: Tentacle from List.
LedgeDetected!     is Pene
***GameManager.Instance.playerAnimation.ClimbPoint.position (2327.09, -585.79, 0.00)
0
Adding Enemy: PenisWorm1 to List.
Remove Enemy: PenisWorm1 from List.
Adding Enemy: PenisWorm1 to List.
Remove Enemy: PenisWorm1 from List.
IE_FadeOut START
Unloading 11 Unused Serialized files (Serialized files now loaded: 0)
***T0213_ExitOnDisable
[PhysX] Initialized MultithreadedTaskDispatcher with 12 workers.
UnloadTime: 1.455900 ms
PCHCheck is True
Immortal Loss Beta 0.58.0, GameVersion is : Beta0.58.0, PCH is True.
startLoadJsonTime = 7845.25
endLoadJsoneTime = 7845.388
Loading Duation is = 0.137207
***T0208_LeftEndOnEnable
***T0208_LeftDoorOnEnable
***T0208_MidCave12OnEnable
***T0208_MidCave11OnEnable
***T0208_MidCave13OnEnable
***T0208_LockDoorOnEnable
***ObtainDiscovery_NoneNameNote3OnEnable
***ItemOnEnable
GameManager Initialization Completed.
T0208_MidCave13
T0208_MidCave13 (TransitionSetting)
Transfer to T0208_MidCave13 , location is: (2319.00, -550.63, 0.00)
Unloading 2994 unused Assets to reduce memory usage. Loaded Objects now: 54602.
Total: 42.048300 ms (FindLiveObjects: 2.779800 ms CreateObjectMapping: 1.667100 ms MarkObjects: 35.063700 ms  DeleteObjects: 2.537400 ms)

***IsRestraintArms False
***ObtainDiscovery_NoneNameNote3OnDisable
***ItemOnDisable
23
CloseMenu
Adding Enemy: Tentacle to List.
Chase
Remove Enemy: Tentacle from List.
PullATK
Adding Enemy: Tentacle to List.
ATKBox 1
ParasiteCondition.
Tag is Untagged
ATKBox 0
Player Start StruggleResIE
0
1
2
3
4
Restraint
Start Res atk.
AddingParaToBoobF Tentacle
18
Spine Event : Sound_MilkPump
Spine Event : Sound_MilkPump
Spine Event : Sound_MilkPump
Spine Event : Sound_MilkPump
Spine Event : Sound_MilkPump
Start Res atk.
No allow Res atk.
Spine Event : Sound_MilkPump
Spine Event : Sound_MilkPump
Spine Event : Sound_MilkPump
Spine Event : Sound_MilkPump
Start Res atk.
No allow Res atk.
Spine Event : Sound_MilkPump
Spine Event : Sound_MilkPump
13
Spine Event : Sound_MilkPump
Spine Event : Sound_MilkPump
Spine Event : Sound_MilkPump
Start Res atk.
No allow Res atk.
Spine Event : Sound_MilkPump
Spine Event : Sound_MilkPump
Spine Event : Sound_MilkPump
Spine Event : Sound_MilkPump
Start Res atk.
No allow Res atk.
Spine Event : Sound_MilkPump
Spine Event : Sound_MilkPump
Spine Event : Sound_MilkPump
Spine Event : Sound_MilkPump
Spine Event : Sound_MilkPump
Start Res atk.
No allow Res atk.
6
Spine Event : Sound_MilkPump
Spine Event : Sound_MilkPump
Spine Event : Sound_MilkPump
Succeed ResStrug
Remove Orgasm speed 0.02
Remove BreastEngorgement speed -0.005
***PlayerSkeletonRendererObj (0.30, 0.81, 0.00)
Remove Enemy: Tentacle from List.
Deb org
Eff org
RollEyeOrgasm
0
0
CanExecuteCancel True
CanExecuteCancel False
CanExecuteCancel False
Using ShockKernal
Remove Orgasm speed 0.02
Remove BreastEngorgement speed -0.005
Adding Enemy: PenisWorm0 to List.
Remove Enemy: PenisWorm0 from List.
Adding Enemy: PenisWorm0 to List.
Remove Enemy: PenisWorm0 from List.
Adding Enemy: PenisWorm0 to List.
Remove this dead Enemy from List.
Drop Sands :30
25
IE_FadeOut START
Unloading 7 Unused Serialized files (Serialized files now loaded: 0)
***T0208_LockDoorOnDisable
***T0208_LeftEndOnDisable
***T0208_LeftDoorOnDisable
***T0208_MidCave11OnDisable
***T0208_MidCave12OnDisable
***T0208_MidCave13OnDisable
[PhysX] Initialized MultithreadedTaskDispatcher with 12 workers.
UnloadTime: 1.048500 ms
PCHCheck is True
Immortal Loss Beta 0.58.0, GameVersion is : Beta0.58.0, PCH is True.
startLoadJsonTime = 7887.242
endLoadJsoneTime = 7887.378
Loading Duation is = 0.1362305
***NPC_Villager_BlueOnEnable
***NPC_Villager_RedOnEnable
***NPC_Villager_GreyOnEnable
***NPC_BanditOnEnable
***T0106_HouseDoor2F_LOnEnable
***T0106_LeftEndOnEnable
***T0106_LeftDoorOnEnable
***T0106_AchHouseOnEnable
***T0106_HouseDoor2F_ROnEnable
***T0106_HouseDoor3F_MidOnEnable
***T0106_HouseDoor1F_LOnEnable
***T0106_RightEndOnEnable
***Lantern_0106_BlackBerryTownOnEnable
***NPC_SapphyraOnEnable
***NPC_Sapphyra_PseudoOnEnable
***NPC_FramboiseOnEnable
***ObtainItem_TearDropOnEnable
***ObtainDiscovery_SapphyraNote2OnEnable
***ObtainDiscovery_Tentacle reportOnEnable
***ObtainDiscovery_WantedLORDOnEnable
***ObtainDiscovery_Flyer1OnEnable
***ObtainDiscovery_NoneNameNote6OnEnable
GameManager Initialization Completed.
***NPC_BanditOnDisable
***NPC_SapphyraOnDisable
Lantern_0106_BlackBerryTown
Lantern_0106_BlackBerryTown (TransitionSetting)
Transfer to Lantern_0106_BlackBerryTown , location is: (2165.40, 173.47, 0.00)
Unloading 9365 unused Assets to reduce memory usage. Loaded Objects now: 83719.
Total: 55.171200 ms (FindLiveObjects: 4.686200 ms CreateObjectMapping: 2.789400 ms MarkObjects: 40.879200 ms  DeleteObjects: 6.816300 ms)

***IsRestraintArms False
***ObtainItem_TearDropOnDisable
***ObtainDiscovery_SapphyraNote2OnDisable
***ObtainDiscovery_Tentacle reportOnDisable
***ObtainDiscovery_WantedLORDOnDisable
***ObtainDiscovery_Flyer1OnDisable
***ObtainDiscovery_NoneNameNote6OnDisable
ℹ️ 傳入的 FirstArriveBlackBerryDale 小於或等於目前的 FirstArriveZinniaStreet，不更新
17
11
6
Deb org
Eff org
RollEyeOrgasm
0
CanExecuteCancel True
CloseMenu
17
Deb org
Eff org
RollEyeOrgasm
9
Deb org
Eff org
RollEyeOrgasm
1
0
開始出產
isInTimeLineLabor
StartParaBirthAnimation
1 isBirth = False
EndBirthAndStartLying UnityEngine.AnimationEvent
InstantiateBirthMonster
Spine Event : StarBreastEngorgement
StartParaBirthAnimation
0 isBirth = True
Player Start StruggleLyingIE
Adding Enemy: TentacleBra to List.
ParasiteCondition.
Tag is TentacleBra
AddingParaToBreast TentacleBra TentacleBall_Prefab(Clone) (Enemy_TentacleBall)
Remove this parasited Enemy from List.
StartScreenBlink time: 0.5 Color: RGBA(1.000, 1.000, 1.000, 1.000)
0
CanExecuteCancel True
CanExecuteCancel False
CanExecuteCancel False
CanExecuteCancel True
LedgeDetected!     is Wall
***GameManager.Instance.playerAnimation.ClimbPoint.position (2180.53, 174.14, 0.00)
KeyNotFoundException: The given key 'Orgasm' was not present in the dictionary.
  at System.Collections.Generic.Dictionary`2[TKey,TValue].get_Item (TKey key) [0x0001e] in <1071a2cb0cb3433aae80a793c277a048>:0 
  at PlayerController.AnalHookVibrate () [0x00099] in <77e9a7e179ee49598df18058f5b91904>:0 
  at TimeRelateManager+<AnalHookIE>d__77.MoveNext () [0x000d6] in <77e9a7e179ee49598df18058f5b91904>:0 
  at UnityEngine.SetupCoroutine.InvokeMoveNext (System.Collections.IEnumerator enumerator, System.IntPtr returnValueAddress) [0x00026] in <c39a522eee05469b8171a6cfeb646c59>:0 

LedgeDetected!     is Pene
***GameManager.Instance.playerAnimation.ClimbPoint.position (2301.40, 237.57, 0.00)
IE_FadeOut START
Unloading 9 Unused Serialized files (Serialized files now loaded: 0)
***NPC_Sapphyra_PseudoOnDisable
***T0106_LeftDoorOnDisable
***T0106_HouseDoor1F_LOnDisable
***T0106_HouseDoor2F_LOnDisable
***T0106_HouseDoor2F_ROnDisable
***T0106_HouseDoor3F_MidOnDisable
***T0106_RightEndOnDisable
***T0106_LeftEndOnDisable
***T0106_AchHouseOnDisable
***NPC_Villager_RedOnDisable
***NPC_Villager_BlueOnDisable
***NPC_Villager_GreyOnDisable
***Lantern_0106_BlackBerryTownOnDisable
***NPC_FramboiseOnDisable
[PhysX] Initialized MultithreadedTaskDispatcher with 12 workers.
UnloadTime: 1.282000 ms
PCHCheck is True
Immortal Loss Beta 0.58.0, GameVersion is : Beta0.58.0, PCH is True.
startLoadJsonTime = 7980.339
endLoadJsoneTime = 7980.482
Loading Duation is = 0.1425781
***T0108_ExitDoorOnEnable
***NPC_BaneberisOnEnable
***LockDoorTempOnEnable
GameManager Initialization Completed.
T0108_ExitDoor
T0108_ExitDoor (TransitionSetting)
Transfer to T0108_ExitDoor , location is: (2297.00, 239.00, 0.00)
Unloading 37577 unused Assets to reduce memory usage. Loaded Objects now: 50125.
Total: 69.830500 ms (FindLiveObjects: 4.786500 ms CreateObjectMapping: 3.081000 ms MarkObjects: 34.248400 ms  DeleteObjects: 27.714400 ms)

***IsRestraintArms False
Open NPC Function
Wait for walking
isInTimeLineDash
Wait for turning
Wait for IE_FadeIn
StartScreenBlink time: 0.5 Color: RGBA(1.000, 1.000, 1.000, 1.000)
StartScreenBlink time: 0.5 Color: RGBA(1.000, 1.000, 1.000, 1.000)
CanExecuteCancel True
CanExecuteCancel False
CanExecuteCancel True
CanExecuteCancel False
CanExecuteCancel True
CloseMenu
LedgeDetected!     is Pene Up
***GameManager.Instance.playerAnimation.ClimbPoint.position (2291.40, 173.24, 0.00)
LedgeDetected!     is Wall
***GameManager.Instance.playerAnimation.ClimbPoint.position (2293.13, 216.41, 0.00)
LedgeDetected!     is Pene Up
***GameManager.Instance.playerAnimation.ClimbPoint.position (2289.01, 231.83, 0.00)
IE_FadeOut START
Unloading 7 Unused Serialized files (Serialized files now loaded: 0)
***NPC_BaneberisOnDisable
***T0108_ExitDoorOnDisable
***LockDoorTempOnDisable
[PhysX] Initialized MultithreadedTaskDispatcher with 12 workers.
UnloadTime: 0.799600 ms
PCHCheck is True
Immortal Loss Beta 0.58.0, GameVersion is : Beta0.58.0, PCH is True.
startLoadJsonTime = 8037.199
endLoadJsoneTime = 8037.336
Loading Duation is = 0.137207
***NPC_Villager_BlueOnEnable
***NPC_Villager_RedOnEnable
***NPC_Villager_GreyOnEnable
***NPC_BanditOnEnable
***T0106_HouseDoor2F_LOnEnable
***T0106_LeftEndOnEnable
***T0106_LeftDoorOnEnable
***T0106_AchHouseOnEnable
***T0106_HouseDoor2F_ROnEnable
***T0106_HouseDoor3F_MidOnEnable
***T0106_HouseDoor1F_LOnEnable
***T0106_RightEndOnEnable
***Lantern_0106_BlackBerryTownOnEnable
***NPC_SapphyraOnEnable
***NPC_Sapphyra_PseudoOnEnable
***NPC_FramboiseOnEnable
***ObtainItem_TearDropOnEnable
***ObtainDiscovery_SapphyraNote2OnEnable
***ObtainDiscovery_Tentacle reportOnEnable
***ObtainDiscovery_WantedLORDOnEnable
***ObtainDiscovery_Flyer1OnEnable
***ObtainDiscovery_NoneNameNote6OnEnable
GameManager Initialization Completed.
***NPC_BanditOnDisable
***NPC_SapphyraOnDisable
T0106_AchHouse
T0106_AchHouse (TransitionSetting)
Transfer to T0106_AchHouse , location is: (2297.00, 243.00, 0.00)
Unloading 4806 unused Assets to reduce memory usage. Loaded Objects now: 83767.
Total: 45.732800 ms (FindLiveObjects: 4.909800 ms CreateObjectMapping: 3.124300 ms MarkObjects: 33.785900 ms  DeleteObjects: 3.912300 ms)

***IsRestraintArms False
***ObtainItem_TearDropOnDisable
***ObtainDiscovery_SapphyraNote2OnDisable
***ObtainDiscovery_Tentacle reportOnDisable
***ObtainDiscovery_WantedLORDOnDisable
***ObtainDiscovery_Flyer1OnDisable
***ObtainDiscovery_NoneNameNote6OnDisable
ℹ️ 傳入的 FirstArriveBlackBerryDale 小於或等於目前的 FirstArriveZinniaStreet，不更新
Open NPC Function
Wait for walking
isInTimeLineStandBy
Have Open this lantern.
Wait for walking
isInTimeLineWalk
Wait for turning
isInTimeLineStandBy
Wait for IE_FadeIn
IE_FadeOut START
Remove(Relic.VibratingAnalHook)
Remove Orgasm speed 0.04
CanExecuteCancel True
CanExecuteCancel False
Spine Event : Sound_MilkPump
CanExecuteCancel True
CanExecuteCancel False
CanExecuteCancel True
CloseMenu
Spine Event : Sound_MilkPump
Spine Event : Sound_MilkPump
Spine Event : Sound_MilkPump
Spine Event : Sound_MilkPump
Spine Event : Sound_MilkPump
Spine Event : Sound_MilkPump
Spine Event : Sound_MilkPump
Spine Event : Sound_MilkPump
Spine Event : Sound_MilkPump
Spine Event : Sound_MilkPump
Spine Event : Sound_MilkPump
Spine Event : Sound_MilkPump
Spine Event : Sound_MilkPump
Spine Event : Sound_MilkPump
Remove Orgasm speed 0
TornAllCloth
Spine Event : Sound_MilkPump
TornAllCloth
Spine Event : Sound_MilkPump
Spine Event : Sound_MilkPump
TornAllCloth
Spine Event : Sound_MilkPump
Spine Event : Sound_MilkPump
Spine Event : Sound_MilkPump
Spine Event : Sound_MilkPump
Spine Event : Sound_MilkPump
Spine Event : Sound_MilkPump
Spine Event : Sound_MilkPump
Spine Event : Sound_MilkPump
Spine Event : Sound_MilkPump
CanExecuteCancel True
CanExecuteCancel False
Spine Event : Sound_MilkPump
CanExecuteCancel True
CloseMenu
Spine Event : Sound_MilkPump
Spine Event : Sound_MilkPump
Spine Event : Sound_MilkPump
Spine Event : Sound_MilkPump
Spine Event : Sound_MilkPump
0
Spine Event : Sound_MilkPump
CanExecuteCancel True
CanExecuteCancel False
CanExecuteCancel False
Spine Event : Sound_MilkPump
Spine Event : Sound_MilkPump
CanExecuteCancel True
Open NPC Function
Wait for walking
isInTimeLineStandBy
Have Open this lantern.
Spine Event : Sound_MilkPump
Wait for walking
Wait for turning
isInTimeLineStandBy
Wait for IE_FadeIn
Spine Event : Sound_MilkPump
Spine Event : Sound_MilkPump
Spine Event : Sound_MilkPump
Spine Event : Sound_MilkPump
Spine Event : Sound_MilkPump
CanExecuteCancel True
CanExecuteCancel False
CanExecuteCancel False
CanExecuteCancel True
Spine Event : Sound_MilkPump
Spine Event : Sound_MilkPump
Spine Event : Sound_MilkPump
Spine Event : Sound_MilkPump
Spine Event : Sound_MilkPump
Spine Event : Sound_MilkPump
Spine Event : Sound_MilkPump
Spine Event : Sound_MilkPump
Spine Event : Sound_MilkPump
Spine Event : Sound_MilkPump
Spine Event : Sound_MilkPump
Spine Event : Sound_MilkPump
LedgeDetected!     is Pene
***GameManager.Instance.playerAnimation.ClimbPoint.position (2302.27, 236.70, 0.00)
Spine Event : Sound_MilkPump
Spine Event : Sound_MilkPump
Spine Event : Sound_MilkPump
IE_FadeOut START
Unloading 9 Unused Serialized files (Serialized files now loaded: 0)
***NPC_Villager_GreyOnDisable
***NPC_Villager_BlueOnDisable
***T0106_LeftDoorOnDisable
***T0106_HouseDoor1F_LOnDisable
***T0106_HouseDoor2F_LOnDisable
***T0106_HouseDoor2F_ROnDisable
***T0106_HouseDoor3F_MidOnDisable
***T0106_RightEndOnDisable
***T0106_LeftEndOnDisable
***T0106_AchHouseOnDisable
***NPC_Villager_RedOnDisable
***Lantern_0106_BlackBerryTownOnDisable
***NPC_FramboiseOnDisable
***NPC_Sapphyra_PseudoOnDisable
[PhysX] Initialized MultithreadedTaskDispatcher with 12 workers.
UnloadTime: 1.225400 ms
PCHCheck is True
Immortal Loss Beta 0.58.0, GameVersion is : Beta0.58.0, PCH is True.
startLoadJsonTime = 8089.001
endLoadJsoneTime = 8089.145
Loading Duation is = 0.144043
***T0108_ExitDoorOnEnable
***NPC_BaneberisOnEnable
***LockDoorTempOnEnable
GameManager Initialization Completed.
T0108_ExitDoor
T0108_ExitDoor (TransitionSetting)
Transfer to T0108_ExitDoor , location is: (2297.00, 239.00, 0.00)
Unloading 37572 unused Assets to reduce memory usage. Loaded Objects now: 50200.
Total: 68.156200 ms (FindLiveObjects: 4.579900 ms CreateObjectMapping: 2.908800 ms MarkObjects: 32.716600 ms  DeleteObjects: 27.950800 ms)

***IsRestraintArms False
Spine Event : Sound_MilkPump
Spine Event : Sound_MilkPump
Spine Event : Sound_MilkPump
Spine Event : Sound_MilkPump
Spine Event : Sound_MilkPump
Spine Event : Sound_MilkPump
Spine Event : Sound_MilkPump
Spine Event : Sound_MilkPump
Open NPC Function
Wait for walking
isInTimeLineDash
Spine Event : Sound_MilkPump
Wait for turning
Wait for IE_FadeIn
Spine Event : Sound_MilkPump
Spine Event : Sound_MilkPump
Spine Event : Sound_MilkPump
Spine Event : Sound_MilkPump
Spine Event : Sound_MilkPump
Spine Event : Sound_MilkPump
Spine Event : Sound_MilkPump
Spine Event : Sound_MilkPump
Spine Event : Sound_MilkPump
Spine Event : Sound_MilkPump
Spine Event : Sound_MilkPump
Spine Event : Sound_MilkPump
Spine Event : Sound_MilkPump
Spine Event : Sound_MilkPump
Spine Event : Sound_MilkPump
Spine Event : Sound_MilkPump
Spine Event : Sound_MilkPump
Spine Event : Sound_MilkPump
Spine Event : Sound_MilkPump
Spine Event : Sound_MilkPump
Spine Event : Sound_MilkPump
Spine Event : Sound_MilkPump
Spine Event : Sound_MilkPump
Deb org
Eff org
RollEyeOrgasm
Spine Event : Sound_MilkPump
Spine Event : Sound_MilkPump
Spine Event : Sound_MilkPump
Spine Event : Sound_MilkPump
Spine Event : Sound_MilkPump
Spine Event : Sound_MilkPump
Spine Event : Sound_MilkPump
Spine Event : Sound_MilkPump
Spine Event : Sound_MilkPump
Spine Event : Sound_MilkPump
Spine Event : Sound_MilkPump
Spine Event : Sound_MilkPump
Spine Event : Sound_MilkPump
Spine Event : Sound_MilkPump
Spine Event : Sound_MilkPump
Spine Event : Sound_MilkPump
Spine Event : Sound_MilkPump
Spine Event : Sound_MilkPump
Spine Event : Sound_MilkPump
Spine Event : Sound_MilkPump
Spine Event : Sound_MilkPump
Spine Event : Sound_MilkPump
Spine Event : Sound_MilkPump
Spine Event : Sound_MilkPump
Spine Event : Sound_MilkPump
Spine Event : Sound_MilkPump
Spine Event : Sound_MilkPump
Spine Event : Sound_MilkPump
Spine Event : Sound_MilkPump
Spine Event : Sound_MilkPump
Spine Event : Sound_MilkPump
Spine Event : Sound_MilkPump
Spine Event : Sound_MilkPump
Deb org
Eff org
RollEyeOrgasm
Spine Event : Sound_MilkPump
Spine Event : Sound_MilkPump
Spine Event : Sound_MilkPump
Spine Event : Sound_MilkPump
Spine Event : Sound_MilkPump
Spine Event : Sound_MilkPump
Spine Event : Sound_MilkPump
Spine Event : Sound_MilkPump
Spine Event : Sound_MilkPump
Spine Event : Sound_MilkPump
Spine Event : Sound_MilkPump
Spine Event : Sound_MilkPump
Spine Event : Sound_MilkPump
Spine Event : Sound_MilkPump
Spine Event : Sound_MilkPump
CloseMenu
Spine Event : Sound_MilkPump
Spine Event : Sound_MilkPump
CloseMenu
Spine Event : Sound_MilkPump
Spine Event : Sound_MilkPump
Spine Event : Sound_MilkPump
Spine Event : Sound_MilkPump
Spine Event : Sound_MilkPump
Spine Event : Sound_MilkPump
Spine Event : Sound_MilkPump
Spine Event : Sound_MilkPump
Spine Event : Sound_MilkPump
Spine Event : Sound_MilkPump
Spine Event : Sound_MilkPump
Spine Event : Sound_MilkPump
Spine Event : Sound_MilkPump
Spine Event : Sound_MilkPump
Spine Event : Sound_MilkPump
Spine Event : Sound_MilkPump
Spine Event : Sound_MilkPump
Spine Event : Sound_MilkPump
Spine Event : Sound_MilkPump
Spine Event : Sound_MilkPump
Spine Event : Sound_MilkPump
Spine Event : Sound_MilkPump
Spine Event : Sound_MilkPump
Spine Event : Sound_MilkPump
Spine Event : Sound_MilkPump
Spine Event : Sound_MilkPump
Spine Event : Sound_MilkPump
Spine Event : Sound_MilkPump
CanExecuteCancel True
CanExecuteCancel False
Spine Event : Sound_MilkPump
Spine Event : Sound_MilkPump
CanExecuteCancel True
CloseMenu
Spine Event : Sound_MilkPump
Spine Event : Sound_MilkPump
Spine Event : Sound_MilkPump
Spine Event : Sound_MilkPump
Spine Event : Sound_MilkPump
Spine Event : Sound_MilkPump
CanExecuteCancel True
CanExecuteCancel False
Spine Event : Sound_MilkPump
1
Spine Event : Sound_MilkPump
Spine Event : Sound_MilkPump
0
Spine Event : Sound_MilkPump
CanExecuteCancel True
CanExecuteCancel False
CanExecuteCancel False
Spine Event : Sound_MilkPump
Spine Event : Sound_MilkPump
CanExecuteCancel True
CanExecuteCancel False
Spine Event : Sound_MilkPump
CanExecuteCancel False
CanExecuteCancel True
Spine Event : Sound_MilkPump
Spine Event : Sound_MilkPump
Spine Event : Sound_MilkPump
Using ShockKernal
Spine Event : Sound_MilkPump
Spine Event : Sound_MilkPump
Spine Event : Sound_MilkPump
Spine Event : Sound_MilkPump
Spine Event : Sound_MilkPump
Spine Event : Sound_MilkPump
Deb org
Eff org
RollEyeOrgasm
Spine Event : Sound_MilkPump
Spine Event : Sound_MilkPump
Spine Event : Sound_MilkPump
RollEyeOrgasm
RollEyeOrgasm
Spine Event : Sound_MilkPump
Spine Event : Sound_MilkPump
Spine Event : Sound_MilkPump
Spine Event : Sound_MilkPump
Spine Event : Sound_MilkPump
CanExecuteCancel True
CloseMenu
Spine Event : Sound_MilkPump
Spine Event : Sound_MilkPump
Spine Event : Sound_MilkPump
Spine Event : Sound_MilkPump
Spine Event : Sound_MilkPump
Spine Event : Sound_MilkPump
Spine Event : Sound_MilkPump
Spine Event : Sound_MilkPump
Spine Event : Sound_MilkPump
Spine Event : Sound_MilkPump
default
Spine Event : Sound_MilkPump
Spine Event : Sound_MilkPump
default
Spine Event : Sound_MilkPump
Spine Event : Sound_MilkPump
Spine Event : Sound_MilkPump
Spine Event : Sound_MilkPump
Spine Event : Sound_MilkPump
Spine Event : Sound_MilkPump
Spine Event : Sound_MilkPump
Spine Event : Sound_MilkPump
Spine Event : Sound_MilkPump
Spine Event : Sound_MilkPump
Spine Event : Sound_MilkPump
Spine Event : Sound_MilkPump
Spine Event : Sound_MilkPump
Open NPC Function
Wait for walking
isInTimeLineDash
Spine Event : Sound_MilkPump
Wait for turning
Wait for IE_FadeIn
Spine Event : Sound_MilkPump
Spine Event : Sound_MilkPump
Spine Event : Sound_MilkPump
Spine Event : Sound_MilkPump
Spine Event : Sound_MilkPump
Spine Event : Sound_MilkPump
CanExecuteCancel True
CanExecuteCancel False
Spine Event : Sound_MilkPump
Spine Event : Sound_MilkPump
Spine Event : Sound_MilkPump
IE_FadeOut START
***IsRestraintArms False
Unloading 9 Unused Serialized files (Serialized files now loaded: 0)
***NPC_BaneberisOnDisable
***T0108_ExitDoorOnDisable
***LockDoorTempOnDisable
[PhysX] Initialized MultithreadedTaskDispatcher with 12 workers.
UnloadTime: 0.837100 ms
PCHCheck is True
Immortal Loss Beta 0.58.0, GameVersion is : Beta0.58.0, PCH is True.
startLoadJsonTime = 8207.75
endLoadJsoneTime = 8207.888
Loading Duation is = 0.1376953
***T0108_ExitDoorOnEnable
***NPC_BaneberisOnEnable
***LockDoorTempOnEnable
GameManager Initialization Completed.
Unloading 59 unused Assets to reduce memory usage. Loaded Objects now: 50202.
Total: 49.807000 ms (FindLiveObjects: 2.692300 ms CreateObjectMapping: 1.655900 ms MarkObjects: 45.319400 ms  DeleteObjects: 0.139100 ms)

***IsRestraintArms False
Spine Event : Sound_MilkPump
**************5
Spine Event : Sound_MilkPump
Spine Event : Sound_MilkPump
Spine Event : Sound_MilkPump
Spine Event : Sound_MilkPump
Spine Event : Sound_MilkPump
Spine Event : Sound_MilkPump
Spine Event : Sound_MilkPump
Spine Event : Sound_MilkPump
Using ShockKernal
Spine Event : Sound_MilkPump
Spine Event : Sound_MilkPump
Spine Event : Sound_MilkPump
Spine Event : Sound_MilkPump
Deb org
Eff org
RollEyeOrgasm
Spine Event : Sound_MilkPump
Spine Event : Sound_MilkPump
Spine Event : Sound_MilkPump
Spine Event : Sound_MilkPump
Spine Event : Sound_MilkPump
Spine Event : Sound_MilkPump
Spine Event : Sound_MilkPump
Spine Event : Sound_MilkPump
Spine Event : Sound_MilkPump
Spine Event : Sound_MilkPump
Spine Event : Sound_MilkPump
Spine Event : Sound_MilkPump
Open NPC Function
Wait for walking
isInTimeLineDash
Spine Event : Sound_MilkPump
Wait for turning
Wait for IE_FadeIn
Spine Event : Sound_MilkPump
Spine Event : Sound_MilkPump
Spine Event : Sound_MilkPump
Spine Event : Sound_MilkPump
Spine Event : Sound_MilkPump
Spine Event : Sound_MilkPump
Spine Event : Sound_MilkPump
Spine Event : Sound_MilkPump
Spine Event : Sound_MilkPump
Spine Event : Sound_MilkPump
Spine Event : Sound_MilkPump
Spine Event : Sound_MilkPump
Spine Event : Sound_MilkPump
Spine Event : Sound_MilkPump
Spine Event : Sound_MilkPump
Spine Event : Sound_MilkPump
Spine Event : Sound_MilkPump
Spine Event : Sound_MilkPump
StartScreenBlink time: 0.5 Color: RGBA(1.000, 1.000, 1.000, 1.000)
Spine Event : Sound_MilkPump
Spine Event : Sound_MilkPump
Spine Event : Sound_MilkPump
Spine Event : Sound_MilkPump
Spine Event : Sound_MilkPump
Spine Event : Sound_MilkPump
Spine Event : Sound_MilkPump
IE_FadeOut START
Remove BreastEngorgement speed 0.015
Spine Event : Sound_MilkPump
Spine Event : Sound_MilkPump
Spine Event : Sound_MilkPump
Spine Event : Sound_MilkPump
Spine Event : Sound_MilkPump
Spine Event : Sound_MilkPump
Spine Event : Sound_MilkPump
Spine Event : Sound_MilkPump
Spine Event : Sound_MilkPump
Spine Event : Sound_MilkPump
Spine Event : Sound_MilkPump
Spine Event : Sound_MilkPump
Spine Event : Sound_MilkPump
Spine Event : Sound_MilkPump
Spine Event : Sound_MilkPump
Spine Event : Sound_MilkPump
Spine Event : Sound_MilkPump
Spine Event : Sound_MilkPump
Spine Event : Sound_MilkPump
Spine Event : Sound_MilkPump
Spine Event : Sound_MilkPump
Open NPC Function
Wait for walking
isInTimeLineDash
Wait for turning
Spine Event : Sound_MilkPump
Spine Event : Sound_MilkPump
Wait for IE_FadeIn
Spine Event : Sound_MilkPump
Spine Event : Sound_MilkPump
Spine Event : Sound_MilkPump
Spine Event : Sound_MilkPump
Spine Event : Sound_MilkPump
Spine Event : Sound_MilkPump
Spine Event : Sound_MilkPump
Spine Event : Sound_MilkPump
Spine Event : Sound_MilkPump
Spine Event : Sound_MilkPump
Spine Event : Sound_MilkPump
Spine Event : Sound_MilkPump
Spine Event : Sound_MilkPump
Spine Event : Sound_MilkPump
Spine Event : Sound_MilkPump
Spine Event : Sound_MilkPump
Spine Event : Sound_MilkPump
Spine Event : Sound_MilkPump
Spine Event : Sound_MilkPump
Spine Event : Sound_MilkPump
Spine Event : Sound_MilkPump
Spine Event : Sound_MilkPump
Spine Event : Sound_MilkPump
Spine Event : Sound_MilkPump
Spine Event : Sound_MilkPump
Spine Event : Sound_MilkPump
Spine Event : Sound_MilkPump
Spine Event : Sound_MilkPump
Spine Event : Sound_MilkPump
Spine Event : Sound_MilkPump
Spine Event : Sound_MilkPump
Spine Event : Sound_MilkPump
Spine Event : Sound_MilkPump
Spine Event : Sound_MilkPump
Spine Event : Sound_MilkPump
Spine Event : Sound_MilkPump
Spine Event : Sound_MilkPump
Spine Event : Sound_MilkPump
Spine Event : Sound_MilkPump
Spine Event : Sound_MilkPump
Spine Event : Sound_MilkPump
Spine Event : Sound_MilkPump
Remove BreastEngorgement speed -0.025
CanExecuteCancel True
CanExecuteCancel False
CanExecuteCancel True
CloseMenu
IE_FadeOut START
***IsRestraintArms False
Unloading 9 Unused Serialized files (Serialized files now loaded: 0)
***NPC_BaneberisOnDisable
***T0108_ExitDoorOnDisable
***LockDoorTempOnDisable
[PhysX] Initialized MultithreadedTaskDispatcher with 12 workers.
UnloadTime: 0.846300 ms
PCHCheck is True
Immortal Loss Beta 0.58.0, GameVersion is : Beta0.58.0, PCH is True.
startLoadJsonTime = 8297.901
endLoadJsoneTime = 8298.042
Loading Duation is = 0.140625
***T0108_ExitDoorOnEnable
***NPC_BaneberisOnEnable
***LockDoorTempOnEnable
GameManager Initialization Completed.
Unloading 53 unused Assets to reduce memory usage. Loaded Objects now: 50143.
Total: 51.122600 ms (FindLiveObjects: 4.262900 ms CreateObjectMapping: 1.946700 ms MarkObjects: 44.767700 ms  DeleteObjects: 0.144900 ms)

***IsRestraintArms False
Spine Event : Sound_MilkPump
**************5
Spine Event : Sound_MilkPump
Spine Event : Sound_MilkPump
Spine Event : Sound_MilkPump
Spine Event : Sound_MilkPump
Spine Event : Sound_MilkPump
Spine Event : Sound_MilkPump
Spine Event : Sound_MilkPump
Spine Event : Sound_MilkPump
Spine Event : Sound_MilkPump
IE_FadeOut START
Unloading 3 Unused Serialized files (Serialized files now loaded: 0)
***NPC_BaneberisOnDisable
***T0108_ExitDoorOnDisable
***LockDoorTempOnDisable
[PhysX] Initialized MultithreadedTaskDispatcher with 12 workers.
UnloadTime: 0.765800 ms
PCHCheck is True
Immortal Loss Beta 0.58.0, GameVersion is : Beta0.58.0, PCH is True.
startLoadJsonTime = 8345.379
endLoadJsoneTime = 8345.518
Loading Duation is = 0.1386719
GameManager Initialization Completed.
Unloading 5189 unused Assets to reduce memory usage. Loaded Objects now: 44687.
Total: 48.707700 ms (FindLiveObjects: 2.529900 ms CreateObjectMapping: 1.307200 ms MarkObjects: 40.379800 ms  DeleteObjects: 4.490300 ms)

GameManager 初始化完成，可以開始使用了
defaultConfigPath = true, playerConfigPath = true
Input RestorGameData
Spine Event : Sound_MilkPump
Spine Event : Sound_MilkPump
Spine Event : Sound_MilkPump
Spine Event : Sound_MilkPump
Spine Event : Sound_MilkPump
IE_FadeOut START
Unloading 4 Unused Serialized files (Serialized files now loaded: 0)
[PhysX] Initialized MultithreadedTaskDispatcher with 12 workers.
UnloadTime: 0.531200 ms
PCHCheck is True
Immortal Loss Beta 0.58.0, GameVersion is : Beta0.58.0, PCH is True.
startLoadJsonTime = 8348.416
endLoadJsoneTime = 8348.556
Loading Duation is = 0.1396484
GameManager Initialization Completed.
Start TitleOrder
Wait DelayAllow
Unloading 9 unused Assets to reduce memory usage. Loaded Objects now: 44888.
Total: 41.832700 ms (FindLiveObjects: 2.079200 ms CreateObjectMapping: 0.840700 ms MarkObjects: 38.847800 ms  DeleteObjects: 0.064700 ms)

Spine Event : Sound_MilkPump
waitForPress = False
waitForPress = True
Spine Event : Sound_MilkPump
Spine Event : Sound_MilkPump
Spine Event : Sound_MilkPump
Spine Event : Sound_MilkPump
Spine Event : Sound_MilkPump
Spine Event : Sound_MilkPump
MentalTraining
IE_FadeOut START
The referenced script (MeshTrail) on this Behaviour is missing!
The referenced script on this Behaviour (Game Object 'Spine Mecanim GameObject (Standby)') is missing!
A scripted object (probably MeshTrail?) has a different serialization layout when loading. (Read 32 bytes but expected 40 bytes)
Did you #ifdef UNITY_EDITOR a section of your serialized properties in any of your scripts?
Unloading 21 Unused Serialized files (Serialized files now loaded: 0)
[PhysX] Initialized MultithreadedTaskDispatcher with 12 workers.
UnloadTime: 0.876400 ms
PCHCheck is True
Immortal Loss Beta 0.58.0, GameVersion is : Beta0.58.0, PCH is True.
startLoadJsonTime = 8353.681
endLoadJsoneTime = 8353.817
Loading Duation is = 0.1367188
***OptionGasLamp (EliminateAllEnemy)OnEnable
***OptionGasLamp(Summon)OnEnable
***SelectMutantOnEnable
***OptionGasLamp (ResumePlayerStats)OnEnable
***BackToTitlePortalOnEnable
***OptionGasLamp(ObtainAllItem)OnEnable
***LanternObjectOnEnable
GameManager Initialization Completed.
Unloading 13 unused Assets to reduce memory usage. Loaded Objects now: 55506.
Total: 48.831300 ms (FindLiveObjects: 2.806800 ms CreateObjectMapping: 2.145400 ms MarkObjects: 43.640500 ms  DeleteObjects: 0.238400 ms)

**************5
***IsRestraintArms False
MentalTraining: AddingItem
CanExecuteCancel True
CanExecuteCancel False
CanExecuteCancel True
CloseMenu
CloseMenu
MentalTraining: EliminateAllEnemy 
MentalTraining: ResumePlayerStatus
Reset Orgasm speed 
Reset Lust speed 
Reset BreastEngorgement speed 
MentalTraining: AddingItem
MentalTraining: SummonMutant Null
MentalTraining: SelectMutant PenisWorm0
MentalTraining: SelectMutant PenisWorm1
MentalTraining: SelectMutant Tentacle
MentalTraining: SelectMutant NDog
MentalTraining: SelectMutant TentacleBra
MentalTraining: SelectMutant NZombie
MentalTraining: SelectMutant Voretoad
MentalTraining: SelectMutant VoretoadS
Change to Crawl.
MentalTraining: SelectMutant VoretoadM
Change to Stand.
MentalTraining: SelectMutant CrawlingColza
MentalTraining: SelectMutant Lustbloom
MentalTraining: SelectMutant BanditA
MentalTraining: SelectMutant BanditB
MentalTraining: SelectMutant Mimic
MentalTraining: SelectMutant Fly
MentalTraining: SelectMutant PenisWorm0
MentalTraining: SelectMutant PenisWorm1
MentalTraining: SelectMutant Tentacle
MentalTraining: SelectMutant NDog
MentalTraining: SelectMutant TentacleBra
MentalTraining: SelectMutant NZombie
MentalTraining: SelectMutant Voretoad
MentalTraining: SelectMutant VoretoadS
MentalTraining: SelectMutant VoretoadM
MentalTraining: SelectMutant CrawlingColza
MentalTraining: SelectMutant Lustbloom
MentalTraining: SelectMutant BanditA
MentalTraining: SelectMutant BanditB
MentalTraining: SelectMutant Mimic
MentalTraining: SelectMutant Fly
MentalTraining: SelectMutant PenisWorm0
MentalTraining: SelectMutant PenisWorm1
MentalTraining: SelectMutant Tentacle
MentalTraining: SelectMutant NDog
MentalTraining: SelectMutant TentacleBra
MentalTraining: SelectMutant NZombie
MentalTraining: SelectMutant Voretoad
MentalTraining: SelectMutant VoretoadS
MentalTraining: SelectMutant VoretoadM
MentalTraining: SelectMutant CrawlingColza
MentalTraining: SelectMutant Lustbloom
MentalTraining: SelectMutant BanditA
MentalTraining: SelectMutant BanditB
MentalTraining: SelectMutant Mimic
***TriggerOnEnable
MentalTraining: SummonMutant Null
Adding Enemy: Mimic to List.
Remove Enemy: Mimic from List.
Adding Enemy: Mimic to List.
SetPlayerTransformToParentWithScale
ParasiteCondition.
Tag is NakedATK
TornCloth to state 1
Remove Enemy: Mimic from List.
EnterOnRestraint
StartScreenBlink time: 0.6 Color: RGBA(1.000, 1.000, 1.000, 1.000)
***Reduce value is 0.9
Player Start StruggleResIE
***-1
***1
Player Start Mimic
Restraint
Adding Enemy: Mimic to List.
Remove Enemy: Mimic from List.
Adding Enemy: Mimic to List.
Remove Enemy: Mimic from List.
Failed ResStrug
IE_FadeOut START
Adding Enemy: Mimic to List.
SetPlayerTransformToParent
Remove Enemy: Mimic from List.
Adding Enemy: Mimic to List.
***TriggerOnDisable
Player Start StruggleLyingIE
***TriggerOnEnable
MentalTraining: SummonMutant Null
Adding Enemy: Mimic to List.
Remove Enemy: Mimic from List.
Adding Enemy: Mimic to List.
Remove Enemy: Mimic from List.
Adding Enemy: Mimic to List.
CreateEffect 3
CreateEffect 0
SetPlayerTransformToParentWithScale
ParasiteCondition.
Tag is NakedATK
TornCloth to state 2
Remove Enemy: Mimic from List.
EnterOnRestraint
StartScreenBlink time: 0.6 Color: RGBA(1.000, 1.000, 1.000, 1.000)
***Reduce value is 0.9
Player Start StruggleResIE
***1
***1
***1
Player Start Mimic
Restraint
Failed ResStrug
IE_FadeOut START
SetPlayerTransformToParent
Adding Enemy: Mimic to List.
***TriggerOnDisable
Player Start StruggleLyingIE
沒有可用的 SE AudioSource 供播放。
沒有可用的 SE AudioSource 供播放。
LedgeDetected!     is Wall
***GameManager.Instance.playerAnimation.ClimbPoint.position (-292.67, -25.83, 0.00)
沒有可用的 SE AudioSource 供播放。
MentalTraining: SelectMutant Fly
MentalTraining: SummonMutant Null
Adding Enemy: Fly to List.
ParasiteCondition.
Tag is Fly
AddingParaToAnal Fly
Adding Dash Force.
CloseMenu
CanExecuteCancel True
CloseMenu
RollEyeGritTeeth
Open NPC Function
Wait for walking
isInTimeLineStandBy
Not Open this lantern yet.
Wait for walking
isInTimeLineWalk
Wait for turning
isInTimeLineStandBy
Wait for IE_FadeIn
CanExecuteCancel True
CanExecuteCancel False
IE_FadeOut START
Unloading 3 Unused Serialized files (Serialized files now loaded: 0)
***OptionGasLamp(Summon)OnDisable
***SelectMutantOnDisable
***OptionGasLamp (ResumePlayerStats)OnDisable
***OptionGasLamp(ObtainAllItem)OnDisable
***OptionGasLamp (EliminateAllEnemy)OnDisable
***LanternObjectOnDisable
***BackToTitlePortalOnDisable
[PhysX] Initialized MultithreadedTaskDispatcher with 12 workers.
UnloadTime: 1.652900 ms
PCHCheck is True
Immortal Loss Beta 0.58.0, GameVersion is : Beta0.58.0, PCH is True.
startLoadJsonTime = 8504.922
endLoadJsoneTime = 8505.063
Loading Duation is = 0.140625
GameManager Initialization Completed.
Unloading 9578 unused Assets to reduce memory usage. Loaded Objects now: 44489.
Total: 49.551300 ms (FindLiveObjects: 2.703400 ms CreateObjectMapping: 1.466500 ms MarkObjects: 38.260500 ms  DeleteObjects: 7.120800 ms)

GameManager 初始化完成，可以開始使用了
defaultConfigPath = true, playerConfigPath = true
Input RestorGameData
IE_FadeOut START
Unloading 4 Unused Serialized files (Serialized files now loaded: 0)
[PhysX] Initialized MultithreadedTaskDispatcher with 12 workers.
UnloadTime: 0.467000 ms
PCHCheck is True
Immortal Loss Beta 0.58.0, GameVersion is : Beta0.58.0, PCH is True.
startLoadJsonTime = 8507.791
endLoadJsoneTime = 8507.935
Loading Duation is = 0.1435547
GameManager Initialization Completed.
Start TitleOrder
Wait DelayAllow
Unloading 9 unused Assets to reduce memory usage. Loaded Objects now: 44690.
Total: 43.759200 ms (FindLiveObjects: 2.079000 ms CreateObjectMapping: 1.066600 ms MarkObjects: 40.548100 ms  DeleteObjects: 0.065000 ms)

waitForPress = False
waitForPress = True
IE_FadeOut START
***IsRestraintArms False
CurrentEnviromentLight missing, skip.
Unloading 9 Unused Serialized files (Serialized files now loaded: 0)
[PhysX] Initialized MultithreadedTaskDispatcher with 12 workers.
UnloadTime: 0.827800 ms
PCHCheck is True
Immortal Loss Beta 0.58.0, GameVersion is : Beta0.58.0, PCH is True.
startLoadJsonTime = 8513.836
endLoadJsoneTime = 8514.001
Loading Duation is = 0.1650391
***T0108_ExitDoorOnEnable
***NPC_BaneberisOnEnable
***LockDoorTempOnEnable
GameManager Initialization Completed.
Unloading 21 unused Assets to reduce memory usage. Loaded Objects now: 50150.
Total: 46.233800 ms (FindLiveObjects: 2.679000 ms CreateObjectMapping: 1.302100 ms MarkObjects: 42.139000 ms  DeleteObjects: 0.113200 ms)

***IsRestraintArms False
Spine Event : Sound_MilkPump
Spine Event : Sound_MilkPump
**************5
Spine Event : Sound_MilkPump
Spine Event : Sound_MilkPump
Spine Event : Sound_MilkPump
Spine Event : Sound_MilkPump
Spine Event : Sound_MilkPump
Spine Event : Sound_MilkPump
Spine Event : Sound_MilkPump
Spine Event : Sound_MilkPump
Spine Event : Sound_MilkPump
Spine Event : Sound_MilkPump
Spine Event : Sound_MilkPump
Spine Event : Sound_MilkPump
Spine Event : Sound_MilkPump
Spine Event : Sound_MilkPump
Spine Event : Sound_MilkPump
Spine Event : Sound_MilkPump
Spine Event : Sound_MilkPump
Spine Event : Sound_MilkPump
Spine Event : Sound_MilkPump
Spine Event : Sound_MilkPump
Spine Event : Sound_MilkPump
Spine Event : Sound_MilkPump
Spine Event : Sound_MilkPump
Spine Event : Sound_MilkPump
Spine Event : Sound_MilkPump
Spine Event : Sound_MilkPump
Spine Event : Sound_MilkPump
Spine Event : Sound_MilkPump
Spine Event : Sound_MilkPump
Spine Event : Sound_MilkPump
Spine Event : Sound_MilkPump
Spine Event : Sound_MilkPump
Spine Event : Sound_MilkPump
Spine Event : Sound_MilkPump
Spine Event : Sound_MilkPump
Spine Event : Sound_MilkPump
Spine Event : Sound_MilkPump
Spine Event : Sound_MilkPump
Spine Event : Sound_MilkPump
Spine Event : Sound_MilkPump
Spine Event : Sound_MilkPump
Spine Event : Sound_MilkPump
Spine Event : Sound_MilkPump
Spine Event : Sound_MilkPump
Spine Event : Sound_MilkPump
Spine Event : Sound_MilkPump
Spine Event : Sound_MilkPump
Spine Event : Sound_MilkPump
Spine Event : Sound_MilkPump
Spine Event : Sound_MilkPump
Spine Event : Sound_MilkPump
Spine Event : Sound_MilkPump
Spine Event : Sound_MilkPump
Spine Event : Sound_MilkPump
Spine Event : Sound_MilkPump
Spine Event : Sound_MilkPump
Spine Event : Sound_MilkPump
Spine Event : Sound_MilkPump
Spine Event : Sound_MilkPump
Spine Event : Sound_MilkPump
Spine Event : Sound_MilkPump
Spine Event : Sound_MilkPump
Spine Event : Sound_MilkPump
Spine Event : Sound_MilkPump
Spine Event : Sound_MilkPump
Spine Event : Sound_MilkPump
Spine Event : Sound_MilkPump
Spine Event : Sound_MilkPump
Spine Event : Sound_MilkPump
CanExecuteCancel True
CanExecuteCancel False
CanExecuteCancel True
CloseMenu
Spine Event : Sound_MilkPump
Spine Event : Sound_MilkPump
Spine Event : Sound_MilkPump
Open NPC Function
Wait for walking
isInTimeLineDash
Spine Event : Sound_MilkPump
Wait for turning
Wait for IE_FadeIn
Spine Event : Sound_MilkPump
Spine Event : Sound_MilkPump
Spine Event : Sound_MilkPump
Spine Event : Sound_MilkPump
Spine Event : Sound_MilkPump
Spine Event : Sound_MilkPump
StartScreenBlink time: 0.5 Color: RGBA(1.000, 1.000, 1.000, 1.000)
IE_FadeOut START
Remove BreastEngorgement speed 0.015
Spine Event : Sound_MilkPump
Spine Event : Sound_MilkPump
Spine Event : Sound_MilkPump
Spine Event : Sound_MilkPump
Spine Event : Sound_MilkPump
Spine Event : Sound_MilkPump
Spine Event : Sound_MilkPump
Spine Event : Sound_MilkPump
LedgeDetected!     is Pene Up
***GameManager.Instance.playerAnimation.ClimbPoint.position (2286.63, 173.25, 0.00)
Spine Event : Sound_MilkPump
Spine Event : Sound_MilkPump
Spine Event : Sound_MilkPump
Spine Event : Sound_MilkPump
LedgeDetected!     is Pene Up
***GameManager.Instance.playerAnimation.ClimbPoint.position (2291.38, 173.25, 0.00)
Spine Event : Sound_MilkPump
Deb org
Eff org
RollEyeOrgasm
Spine Event : Sound_MilkPump
Spine Event : Sound_MilkPump
Spine Event : Sound_MilkPump
Open NPC Function
Wait for walking
isInTimeLineDash
Spine Event : Sound_MilkPump
Wait for turning
Wait for IE_FadeIn
Spine Event : Sound_MilkPump
Spine Event : Sound_MilkPump
Spine Event : Sound_MilkPump
Spine Event : Sound_MilkPump
Spine Event : Sound_MilkPump
Spine Event : Sound_MilkPump
Spine Event : Sound_MilkPump
Spine Event : Sound_MilkPump
LedgeDetected!     is Pene Up
***GameManager.Instance.playerAnimation.ClimbPoint.position (2291.40, 173.25, 0.00)
Spine Event : Sound_MilkPump
Spine Event : Sound_MilkPump
Spine Event : Sound_MilkPump
Spine Event : Sound_MilkPump
LedgeDetected!     is Pene Up
***GameManager.Instance.playerAnimation.ClimbPoint.position (2299.14, 203.65, 0.00)
Spine Event : Sound_MilkPump
Spine Event : Sound_MilkPump
Spine Event : Sound_MilkPump
Spine Event : Sound_MilkPump
Spine Event : Sound_MilkPump
IE_FadeOut START
Unloading 7 Unused Serialized files (Serialized files now loaded: 0)
***T0108_ExitDoorOnDisable
***LockDoorTempOnDisable
***NPC_BaneberisOnDisable
[PhysX] Initialized MultithreadedTaskDispatcher with 12 workers.
UnloadTime: 0.821600 ms
PCHCheck is True
Immortal Loss Beta 0.58.0, GameVersion is : Beta0.58.0, PCH is True.
startLoadJsonTime = 8634.107
endLoadJsoneTime = 8634.261
Loading Duation is = 0.1533203
***NPC_Villager_BlueOnEnable
***NPC_Villager_RedOnEnable
***NPC_Villager_GreyOnEnable
***NPC_BanditOnEnable
***T0106_HouseDoor2F_LOnEnable
***T0106_LeftEndOnEnable
***T0106_LeftDoorOnEnable
***T0106_AchHouseOnEnable
***T0106_HouseDoor2F_ROnEnable
***T0106_HouseDoor3F_MidOnEnable
***T0106_HouseDoor1F_LOnEnable
***T0106_RightEndOnEnable
***Lantern_0106_BlackBerryTownOnEnable
***NPC_SapphyraOnEnable
***NPC_Sapphyra_PseudoOnEnable
***NPC_FramboiseOnEnable
***ObtainItem_TearDropOnEnable
***ObtainDiscovery_SapphyraNote2OnEnable
***ObtainDiscovery_Tentacle reportOnEnable
***ObtainDiscovery_WantedLORDOnEnable
***ObtainDiscovery_Flyer1OnEnable
***ObtainDiscovery_NoneNameNote6OnEnable
GameManager Initialization Completed.
***NPC_BanditOnDisable
***NPC_SapphyraOnDisable
T0106_AchHouse
T0106_AchHouse (TransitionSetting)
Transfer to T0106_AchHouse , location is: (2297.00, 243.00, 0.00)
Unloading 4791 unused Assets to reduce memory usage. Loaded Objects now: 83843.
Total: 55.931500 ms (FindLiveObjects: 4.673400 ms CreateObjectMapping: 3.351500 ms MarkObjects: 43.477200 ms  DeleteObjects: 4.428900 ms)

***IsRestraintArms False
***ObtainItem_TearDropOnDisable
***ObtainDiscovery_SapphyraNote2OnDisable
***ObtainDiscovery_Tentacle reportOnDisable
***ObtainDiscovery_WantedLORDOnDisable
***ObtainDiscovery_Flyer1OnDisable
***ObtainDiscovery_NoneNameNote6OnDisable
Spine Event : Sound_MilkPump
Spine Event : Sound_MilkPump
ℹ️ 傳入的 FirstArriveBlackBerryDale 小於或等於目前的 FirstArriveZinniaStreet，不更新
Spine Event : Sound_MilkPump
Spine Event : Sound_MilkPump
Spine Event : Sound_MilkPump
Spine Event : Sound_MilkPump
CloseMenu
Spine Event : Sound_MilkPump
Spine Event : Sound_MilkPump
Spine Event : Sound_MilkPump
Spine Event : Sound_MilkPump
Spine Event : Sound_MilkPump
Spine Event : Sound_MilkPump
Spine Event : Sound_MilkPump
Spine Event : Sound_MilkPump
Spine Event : Sound_MilkPump
Open NPC Function
Wait for walking
isInTimeLineStandBy
Have Open this lantern.
Spine Event : Sound_MilkPump
Wait for walking
isInTimeLineWalk
Spine Event : Sound_MilkPump
Wait for turning
isInTimeLineStandBy
Wait for IE_FadeIn
Spine Event : Sound_MilkPump
Spine Event : Sound_MilkPump
Spine Event : Sound_MilkPump
Spine Event : Sound_MilkPump
Spine Event : Sound_MilkPump
IE_FadeOut START
Spine Event : Sound_MilkPump
Spine Event : Sound_MilkPump
Unloading 15 Unused Serialized files (Serialized files now loaded: 0)
***NPC_Sapphyra_PseudoOnDisable
***NPC_Villager_GreyOnDisable
***NPC_Villager_RedOnDisable
***NPC_FramboiseOnDisable
***T0106_LeftDoorOnDisable
***T0106_HouseDoor1F_LOnDisable
***T0106_HouseDoor2F_LOnDisable
***T0106_HouseDoor2F_ROnDisable
***T0106_HouseDoor3F_MidOnDisable
***T0106_RightEndOnDisable
***T0106_LeftEndOnDisable
***T0106_AchHouseOnDisable
***NPC_Villager_BlueOnDisable
***Lantern_0106_BlackBerryTownOnDisable
[PhysX] Initialized MultithreadedTaskDispatcher with 12 workers.
UnloadTime: 1.177400 ms
PCHCheck is True
Immortal Loss Beta 0.58.0, GameVersion is : Beta0.58.0, PCH is True.
startLoadJsonTime = 8733.781
endLoadJsoneTime = 8733.917
Loading Duation is = 0.1357422
***T0501_DoorDOnEnable
***T0501_EndROnEnable
***T0501_EndLOnEnable
***Lantern_0501_CampofthePilgrimsofPeaceOnEnable
***ItemOnEnable
GameManager Initialization Completed.
Lantern_0501_CampofthePilgrimsofPeace
Lantern_0501_CampofthePilgrimsofPeace (TransitionSetting)
Transfer to Lantern_0501_CampofthePilgrimsofPeace , location is: (5226.70, 16.70, 0.00)
Unloading 37954 unused Assets to reduce memory usage. Loaded Objects now: 47632.
Total: 70.087600 ms (FindLiveObjects: 4.036800 ms CreateObjectMapping: 2.948200 ms MarkObjects: 34.924300 ms  DeleteObjects: 28.178100 ms)

***IsRestraintArms False
***ItemOnDisable
Spine Event : Sound_MilkPump
Spine Event : Sound_MilkPump
Spine Event : Sound_MilkPump
Spine Event : Sound_MilkPump
Spine Event : Sound_MilkPump
Spine Event : Sound_MilkPump
Spine Event : Sound_MilkPump
Spine Event : Sound_MilkPump
Spine Event : Sound_MilkPump
Spine Event : Sound_MilkPump
Spine Event : Sound_MilkPump
Spine Event : Sound_MilkPump
Adding Enemy: BanditA to List.
LedgeDetected!     is Wall
***GameManager.Instance.playerAnimation.ClimbPoint.position (5258.66, 40.73, 0.00)
Spine Event : Sound_MilkPump
ParasiteCondition.
Tag is NakedATK
Spine Event : Sound_MilkPump
LedgeDetected!     is Wall
***GameManager.Instance.playerAnimation.ClimbPoint.position (5258.66, 42.75, 0.00)
Spine Event : Sound_MilkPump
Remove Enemy: BanditA from List.
Spine Event : Sound_MilkPump
Spine Event : Sound_MilkPump
Adding Enemy: BanditA to List.
ParasiteCondition.
Tag is NakedATK
Spine Event : Sound_MilkPump
Spine Event : Sound_MilkPump
ParasiteCondition.
Tag is NakedATK
Spine Event : Sound_MilkPump
Spine Event : Sound_MilkPump
Spine Event : Sound_MilkPump
Deb org
Eff org
RollEyeOrgasm
ParasiteCondition.
Tag is NakedATK
Spine Event : Sound_MilkPump
Spine Event : Sound_MilkPump
Spine Event : Sound_MilkPump
Spine Event : Sound_MilkPump
Spine Event : Sound_MilkPump
ParasiteCondition.
Tag is NakedATK
Projectile hits Player and destroy.
Spine Event : Sound_MilkPump
Spine Event : Sound_MilkPump
Spine Event : Sound_MilkPump
ParasiteCondition.
Tag is NakedATK
Projectile hits Player and destroy.
Spine Event : Sound_MilkPump
Spine Event : Sound_MilkPump
ParasiteCondition.
Tag is NakedATK
Spine Event : Sound_MilkPump
Spine Event : Sound_MilkPump
ParasiteCondition.
Tag is NakedATK
Spine Event : Sound_MilkPump
Spine Event : Sound_MilkPump
Spine Event : Sound_MilkPump
Spine Event : Sound_MilkPump
ParasiteCondition.
Tag is NakedATK
Spine Event : Sound_MilkPump
Spine Event : Sound_MilkPump
ParasiteCondition.
Tag is NakedATK
Spine Event : Sound_MilkPump
Spine Event : Sound_MilkPump
Spine Event : Sound_MilkPump
ParasiteCondition.
Tag is NakedATK
Player Start StruggleLyingIE
Spine Event : Sound_MilkPump
Spine Event : Sound_MilkPump
ChangeSkinSet2
Spine Event : Sound_MilkPump
Spine Event : Sound_MilkPump
***CallIEResFailed, enemy is BanditA_Prefab (1)
***LSSO_End_Bandit Milk
IE_FadeOut START
Spine Event : Sound_MilkPump
Spine Event : Sound_MilkPump
Spine Event : Sound_MilkPump
Spine Event : Sound_MilkPump
Spine Event : Sound_MilkPump
IE_FadeOut START
Spine Event : Sound_MilkPump
Spine Event : Sound_MilkPump
Spine Event : Sound_MilkPump
Spine Event : Sound_MilkPump
*** IEFadetoChangeBGM toBGM_H02
Spine Event : Sound_MilkPump
Spine Event : Sound_MilkPump
BGMAuidoSource.volume 0.1
Spine Event : Sound_MilkPump
Spine Event : Sound_MilkPump
Spine Event : Sound_MilkPump
Spine Event : Sound_MilkPump
Spine Event : Sound_MilkPump
Spine Event : Sound_MilkPump
Spine Event : Sound_MilkPump
Spine Event : Sound_MilkPump
Spine Event : Sound_MilkPump
Spine Event : Sound_MilkPump
Spine Event : Sound_MilkPump
Spine Event : Sound_MilkPump
Spine Event : Sound_MilkPump
Spine Event : Sound_MilkPump
Spine Event : Sound_MilkPump
StartScreenBlink time: 0.5 Color: RGBA(1.000, 1.000, 1.000, 1.000)
StartScreenBlink time: 0.5 Color: RGBA(1.000, 1.000, 1.000, 1.000)
Spine Event : Sound_MilkPump
Spine Event : Sound_MilkPump
Spine Event : Sound_MilkPump
StartScreenBlink time: 0.5 Color: RGBA(1.000, 1.000, 1.000, 1.000)
Spine Event : Sound_MilkPump
Spine Event : Sound_MilkPump
Spine Event : Sound_MilkPump
StartScreenBlink time: 0.5 Color: RGBA(1.000, 1.000, 1.000, 1.000)
Spine Event : Sound_MilkPump
StartScreenBlink time: 0.5 Color: RGBA(1.000, 1.000, 1.000, 1.000)
Spine Event : Sound_MilkPump
Spine Event : Sound_MilkPump
Spine Event : Sound_MilkPump
StartScreenBlink time: 0.5 Color: RGBA(1.000, 1.000, 1.000, 1.000)
Spine Event : Sound_MilkPump
Spine Event : Sound_MilkPump
IE_FadeOut START
Spine Event : Sound_MilkPump
Spine Event : Sound_MilkPump
Spine Event : Sound_MilkPump
Spine Event : Sound_MilkPump
IE_FadeOut START
***IsRestraintArms True
Unloading 18 Unused Serialized files (Serialized files now loaded: 0)
***Lantern_0501_CampofthePilgrimsofPeaceOnDisable
***T0501_DoorDOnDisable
***T0501_EndLOnDisable
***T0501_EndROnDisable
[PhysX] Initialized MultithreadedTaskDispatcher with 12 workers.
UnloadTime: 1.024500 ms
PCHCheck is True
Immortal Loss Beta 0.58.0, GameVersion is : Beta0.58.0, PCH is True.
startLoadJsonTime = 8791.919
endLoadJsoneTime = 8792.055
Loading Duation is = 0.1357422
***T0512_HoleOnEnable
***T0512_EndROnEnable
***T0512_LadderOnEnable
***T0512_EndUOnEnable
GameManager Initialization Completed.
S0512_WakeUpPoint
S0512_WakeUpPoint (TransitionSetting)
Transfer to S0512_WakeUpPoint , location is: (5512.40, -87.20, 0.00)
Unloading 2071 unused Assets to reduce memory usage. Loaded Objects now: 51364.
Total: 43.541700 ms (FindLiveObjects: 3.463900 ms CreateObjectMapping: 1.977400 ms MarkObjects: 36.331600 ms  DeleteObjects: 1.768600 ms)

Spine Event : Sound_MilkPump
Spine Event : Sound_MilkPump
***IsRestraintArms True
Spine Event : Sound_MilkPump
Spine Event : Sound_MilkPump
Spine Event : Sound_MilkPump
*** IEFadetoChangeBGM toBGM_ChronusSanctuary
Player Start StruggleLyingIE
Spine Event : Sound_MilkPump
BGMAuidoSource.volume 0.1
Spine Event : Sound_MilkPump
Spine Event : Sound_MilkPump
Spine Event : Sound_MilkPump
Spine Event : Sound_MilkPump
Spine Event : Sound_MilkPump
Spine Event : Sound_MilkPump
Spine Event : Sound_MilkPump
Spine Event : Sound_MilkPump
IE_FadeOut START
Spine Event : Sound_MilkPump
***PlayerSkeletonRendererObj (0.30, 0.81, 0.00)
Spine Event : Sound_MilkPump
Spine Event : Sound_MilkPump
Spine Event : Sound_MilkPump
Spine Event : Sound_MilkPump
Spine Event : Sound_MilkPump
Spine Event : Sound_MilkPump
Spine Event : Sound_MilkPump
Spine Event : Sound_MilkPump
Spine Event : Sound_MilkPump
Spine Event : Sound_MilkPump
Spine Event : Sound_MilkPump
IE_FadeOut START
Spine Event : Sound_MilkPump
Unloading 7 Unused Serialized files (Serialized files now loaded: 0)
***T0512_EndROnDisable
***T0512_EndUOnDisable
***T0512_HoleOnDisable
***T0512_LadderOnDisable
[PhysX] Initialized MultithreadedTaskDispatcher with 12 workers.
UnloadTime: 1.229200 ms
PCHCheck is True
Immortal Loss Beta 0.58.0, GameVersion is : Beta0.58.0, PCH is True.
startLoadJsonTime = 8808.28
endLoadJsoneTime = 8808.424
Loading Duation is = 0.1435547
***NPC_Villager_BlueOnEnable
***NPC_Villager_RedOnEnable
***NPC_Villager_GreyOnEnable
***NPC_BanditOnEnable
***T0106_HouseDoor2F_LOnEnable
***T0106_LeftEndOnEnable
***T0106_LeftDoorOnEnable
***T0106_AchHouseOnEnable
***T0106_HouseDoor2F_ROnEnable
***T0106_HouseDoor3F_MidOnEnable
***T0106_HouseDoor1F_LOnEnable
***T0106_RightEndOnEnable
***Lantern_0106_BlackBerryTownOnEnable
***NPC_SapphyraOnEnable
***NPC_Sapphyra_PseudoOnEnable
***NPC_FramboiseOnEnable
***ObtainItem_TearDropOnEnable
***ObtainDiscovery_SapphyraNote2OnEnable
***ObtainDiscovery_Tentacle reportOnEnable
***ObtainDiscovery_WantedLORDOnEnable
***ObtainDiscovery_Flyer1OnEnable
***ObtainDiscovery_NoneNameNote6OnEnable
GameManager Initialization Completed.
***NPC_BanditOnDisable
***NPC_SapphyraOnDisable
Lantern_0106_BlackBerryTown
Lantern_0106_BlackBerryTown (TransitionSetting)
Transfer to Lantern_0106_BlackBerryTown , location is: (2165.40, 173.47, 0.00)
Unloading 6151 unused Assets to reduce memory usage. Loaded Objects now: 83864.
Total: 53.480300 ms (FindLiveObjects: 6.633000 ms CreateObjectMapping: 4.277600 ms MarkObjects: 37.792500 ms  DeleteObjects: 4.777000 ms)

***IsRestraintArms True
***ObtainItem_TearDropOnDisable
***ObtainDiscovery_SapphyraNote2OnDisable
***ObtainDiscovery_Tentacle reportOnDisable
***ObtainDiscovery_WantedLORDOnDisable
***ObtainDiscovery_Flyer1OnDisable
***ObtainDiscovery_NoneNameNote6OnDisable
Spine Event : Sound_MilkPump
Spine Event : Sound_MilkPump
ℹ️ 傳入的 FirstArriveBlackBerryDale 小於或等於目前的 FirstArriveZinniaStreet，不更新
Spine Event : Sound_MilkPump
Spine Event : Sound_MilkPump
Spine Event : Sound_MilkPump
Spine Event : Sound_MilkPump
Spine Event : Sound_MilkPump
Spine Event : Sound_MilkPump
Spine Event : Sound_MilkPump
Spine Event : Sound_MilkPump
Spine Event : Sound_MilkPump
Spine Event : Sound_MilkPump
Spine Event : Sound_MilkPump
Spine Event : Sound_MilkPump
Remove Orgasm speed 0
[AudioManager] SE_TentaclePantie_LongLoop 已在播放中，跳過重複請求。
[AudioManager] SE_TentaclePantie_LongLoop 已在播放中，跳過重複請求。
[AudioManager] SE_TentaclePantie_LongLoop 已在播放中，跳過重複請求。
Spine Event : Sound_MilkPump
Spine Event : Sound_MilkPump
Spine Event : Sound_MilkPump
CanExecuteCancel True
CanExecuteCancel False
CanExecuteCancel True
CloseMenu
Spine Event : Sound_MilkPump
Spine Event : Sound_MilkPump
Spine Event : Sound_MilkPump
Spine Event : Sound_MilkPump
Spine Event : Sound_MilkPump
Deb org
Eff org
RollEyeOrgasm
Spine Event : Sound_MilkPump
Spine Event : Sound_MilkPump
Spine Event : Sound_MilkPump
Spine Event : Sound_MilkPump
Spine Event : Sound_MilkPump
Spine Event : Sound_MilkPump
Spine Event : Sound_MilkPump
LedgeDetected!     is Pene, not climb due to res.
LedgeDetected!     is Pene, not climb due to res.
LedgeDetected!     is Pene, not climb due to res.
LedgeDetected!     is Pene, not climb due to res.
LedgeDetected!     is Pene, not climb due to res.
LedgeDetected!     is Pene, not climb due to res.
LedgeDetected!     is Pene, not climb due to res.
LedgeDetected!     is Pene, not climb due to res.
Spine Event : Sound_MilkPump
Spine Event : Sound_MilkPump
LedgeDetected!     is Pene, not climb due to res.
LedgeDetected!     is Pene, not climb due to res.
LedgeDetected!     is Pene, not climb due to res.
LedgeDetected!     is Pene, not climb due to res.
LedgeDetected!     is Pene, not climb due to res.
LedgeDetected!     is Pene, not climb due to res.
LedgeDetected!     is Pene, not climb due to res.
LedgeDetected!     is Pene, not climb due to res.
LedgeDetected!     is Pene, not climb due to res.
Spine Event : Sound_MilkPump
Spine Event : Sound_MilkPump
LedgeDetected!     is Wall
***GameManager.Instance.playerAnimation.ClimbPoint.position (2320.38, 232.41, 0.00)
Spine Event : Sound_MilkPump
Spine Event : Sound_MilkPump
Spine Event : Sound_MilkPump
Spine Event : Sound_MilkPump
Spine Event : Sound_MilkPump
IE_FadeOut START
Unloading 9 Unused Serialized files (Serialized files now loaded: 0)
***NPC_Sapphyra_PseudoOnDisable
***Lantern_0106_BlackBerryTownOnDisable
***T0106_LeftDoorOnDisable
***T0106_HouseDoor1F_LOnDisable
***T0106_HouseDoor2F_LOnDisable
***T0106_HouseDoor2F_ROnDisable
***T0106_HouseDoor3F_MidOnDisable
***T0106_RightEndOnDisable
***T0106_LeftEndOnDisable
***T0106_AchHouseOnDisable
***NPC_FramboiseOnDisable
***NPC_Villager_GreyOnDisable
***NPC_Villager_RedOnDisable
***NPC_Villager_BlueOnDisable
[PhysX] Initialized MultithreadedTaskDispatcher with 12 workers.
UnloadTime: 1.303600 ms
PCHCheck is True
Immortal Loss Beta 0.58.0, GameVersion is : Beta0.58.0, PCH is True.
startLoadJsonTime = 8832.779
endLoadJsoneTime = 8832.915
Loading Duation is = 0.1357422
***T0108_ExitDoorOnEnable
***NPC_BaneberisOnEnable
***LockDoorTempOnEnable
GameManager Initialization Completed.
T0108_ExitDoor
T0108_ExitDoor (TransitionSetting)
Transfer to T0108_ExitDoor , location is: (2297.00, 239.00, 0.00)
Unloading 37549 unused Assets to reduce memory usage. Loaded Objects now: 50260.
Total: 69.010300 ms (FindLiveObjects: 4.325100 ms CreateObjectMapping: 2.860000 ms MarkObjects: 34.915700 ms  DeleteObjects: 26.909200 ms)

***IsRestraintArms True
[AudioManager] SE_TentaclePantie_LongLoop 已在播放中，跳過重複請求。
[AudioManager] SE_TentaclePantie_LongLoop 已在播放中，跳過重複請求。
Spine Event : Sound_MilkPump
Spine Event : Sound_MilkPump
Spine Event : Sound_MilkPump
Spine Event : Sound_MilkPump
Spine Event : Sound_MilkPump
Spine Event : Sound_MilkPump
Spine Event : Sound_MilkPump
Spine Event : Sound_MilkPump
Spine Event : Sound_MilkPump
Spine Event : Sound_MilkPump
Spine Event : Sound_MilkPump
Spine Event : Sound_MilkPump
Open NPC Function
Wait for walking
isInTimeLineDash
Spine Event : Sound_MilkPump
Wait for turning
Wait for IE_FadeIn
Spine Event : Sound_MilkPump
Spine Event : Sound_MilkPump
Spine Event : Sound_MilkPump
Spine Event : Sound_MilkPump
Spine Event : Sound_MilkPump
Spine Event : Sound_MilkPump
Spine Event : Sound_MilkPump
Spine Event : Sound_MilkPump
Spine Event : Sound_MilkPump
Spine Event : Sound_MilkPump
Spine Event : Sound_MilkPump
Spine Event : Sound_MilkPump
False
Spine Event : Sound_MilkPump
1
Select something.
blackCanvas color black
Spine Event : Sound_MilkPump
Spine Event : Sound_MilkPump
Spine Event : Sound_MilkPump
Spine Event : Sound_MilkPump
Spine Event : Sound_MilkPump
Spine Event : Sound_MilkPump
StartScreenBlink time: 0.5 Color: RGBA(1.000, 1.000, 1.000, 1.000)
Spine Event : Sound_MilkPump
Spine Event : Sound_MilkPump
Spine Event : Sound_MilkPump
Spine Event : Sound_MilkPump
Spine Event : Sound_MilkPump
Spine Event : Sound_MilkPump
Spine Event : Sound_MilkPump
Spine Event : Sound_MilkPump
Spine Event : Sound_MilkPump
False
Spine Event : Sound_MilkPump
Spine Event : Sound_MilkPump
0
Select something.
blackCanvas color black
IE_FadeOut START
Spine Event : Sound_MilkPump
***Spine Mecanim GameObject (Baneberis) (Spine.Unity.SkeletonMecanim)
***Spine Mecanim GameObject (Baneberis) (Spine.Unity.SkeletonMecanim)
***NPC_Baneberis (UnityEngine.Transform)
***NPC_Baneberis (UnityEngine.Transform)
Spine Event : Sound_MilkPump
Spine Event : Sound_MilkPump
Spine Event : Sound_MilkPump
Spine Event : Sound_MilkPump
Spine Event : Sound_MilkPump
Spine Event : Sound_MilkPump
Spine Event : Sound_MilkPump
Spine Event : Sound_MilkPump
Spine Event : Sound_MilkPump
Spine Event : Sound_MilkPump
Spine Event : Sound_MilkPump
Spine Event : Sound_MilkPump
Spine Event : Sound_MilkPump
StartScreenBlink time: 0.4 Color: RGBA(1.000, 1.000, 1.000, 1.000)
StartScreenBlink time: 0.4 Color: RGBA(1.000, 1.000, 1.000, 1.000)
StartScreenBlink time: 0.4 Color: RGBA(1.000, 1.000, 1.000, 1.000)
StartScreenBlink time: 0.4 Color: RGBA(1.000, 1.000, 1.000, 1.000)
IE_FadeOut START
Spine Event : Sound_MilkPump
CumEffect Cum_Oral
ShyCloseEye
IE_FadeOut START
Spine Event : Sound_MilkPump
Spine Event : Sound_MilkPump
Spine Event : Sound_MilkPump
Spine Event : Sound_MilkPump
Spine Event : Sound_MilkPump
IE_FadeOut START
***IsRestraintArms False
Spine Event : Sound_MilkPump
Spine Event : Sound_MilkPump
Spine Event : Sound_MilkPump
Spine Event : Sound_MilkPump
Spine Event : Sound_MilkPump
Deb org
Eff org
RollEyeOrgasm
Spine Event : Sound_MilkPump
Spine Event : Sound_MilkPump
Spine Event : Sound_MilkPump
Spine Event : Sound_MilkPump
Spine Event : Sound_MilkPump
Spine Event : Sound_MilkPump
Spine Event : Sound_MilkPump
IE_FadeOut START
***IsRestraintArms False
[AudioManager] SE_TentaclePantie_LongLoop 已在播放中，跳過重複請求。
Unloading 9 Unused Serialized files (Serialized files now loaded: 0)
***NPC_BaneberisOnDisable
***T0108_ExitDoorOnDisable
***LockDoorTempOnDisable
[PhysX] Initialized MultithreadedTaskDispatcher with 12 workers.
UnloadTime: 0.878500 ms
PCHCheck is True
Immortal Loss Beta 0.58.0, GameVersion is : Beta0.58.0, PCH is True.
startLoadJsonTime = 8912.606
endLoadJsoneTime = 8912.742
Loading Duation is = 0.1357422
***T0108_ExitDoorOnEnable
***NPC_BaneberisOnEnable
***LockDoorTempOnEnable
GameManager Initialization Completed.
Unloading 79 unused Assets to reduce memory usage. Loaded Objects now: 50215.
Total: 48.372200 ms (FindLiveObjects: 3.053900 ms CreateObjectMapping: 1.587600 ms MarkObjects: 43.585200 ms  DeleteObjects: 0.145100 ms)

***IsRestraintArms False
Spine Event : Sound_MilkPump
Spine Event : Sound_MilkPump
**************5
Spine Event : Sound_MilkPump
Spine Event : Sound_MilkPump
Open NPC Function
Wait for walking
isInTimeLineDash
Spine Event : Sound_MilkPump
Wait for turning
Wait for IE_FadeIn
Spine Event : Sound_MilkPump
Spine Event : Sound_MilkPump
Spine Event : Sound_MilkPump
Spine Event : Sound_MilkPump
StartScreenBlink time: 0.5 Color: RGBA(1.000, 1.000, 1.000, 1.000)
IE_FadeOut START
Spine Event : Sound_MilkPump
Spine Event : Sound_MilkPump
Remove BreastEngorgement speed 0.015
Spine Event : Sound_MilkPump
Spine Event : Sound_MilkPump
Spine Event : Sound_MilkPump
Spine Event : Sound_MilkPump
Spine Event : Sound_MilkPump
Spine Event : Sound_MilkPump
Spine Event : Sound_MilkPump
Spine Event : Sound_MilkPump
Spine Event : Sound_MilkPump
Remove BreastEngorgement speed -0.025
CanExecuteCancel True
CanExecuteCancel False
CanExecuteCancel True
CloseMenu
IE_FadeOut START
Unloading 7 Unused Serialized files (Serialized files now loaded: 0)
***NPC_BaneberisOnDisable
***T0108_ExitDoorOnDisable
***LockDoorTempOnDisable
[PhysX] Initialized MultithreadedTaskDispatcher with 12 workers.
UnloadTime: 0.761800 ms
PCHCheck is True
Immortal Loss Beta 0.58.0, GameVersion is : Beta0.58.0, PCH is True.
startLoadJsonTime = 8931.981
endLoadJsoneTime = 8932.125
Loading Duation is = 0.1435547
***NPC_Villager_BlueOnEnable
***NPC_Villager_RedOnEnable
***NPC_Villager_GreyOnEnable
***NPC_BanditOnEnable
***T0106_HouseDoor2F_LOnEnable
***T0106_LeftEndOnEnable
***T0106_LeftDoorOnEnable
***T0106_AchHouseOnEnable
***T0106_HouseDoor2F_ROnEnable
***T0106_HouseDoor3F_MidOnEnable
***T0106_HouseDoor1F_LOnEnable
***T0106_RightEndOnEnable
***Lantern_0106_BlackBerryTownOnEnable
***NPC_SapphyraOnEnable
***NPC_Sapphyra_PseudoOnEnable
***NPC_FramboiseOnEnable
***ObtainItem_TearDropOnEnable
***ObtainDiscovery_SapphyraNote2OnEnable
***ObtainDiscovery_Tentacle reportOnEnable
***ObtainDiscovery_WantedLORDOnEnable
***ObtainDiscovery_Flyer1OnEnable
***ObtainDiscovery_NoneNameNote6OnEnable
GameManager Initialization Completed.
***NPC_BanditOnDisable
***NPC_SapphyraOnDisable
Lantern_0106_BlackBerryTown
Lantern_0106_BlackBerryTown (TransitionSetting)
Transfer to Lantern_0106_BlackBerryTown , location is: (2165.40, 173.47, 0.00)
Unloading 4783 unused Assets to reduce memory usage. Loaded Objects now: 83790.
Total: 49.652900 ms (FindLiveObjects: 4.317200 ms CreateObjectMapping: 3.141600 ms MarkObjects: 38.373500 ms  DeleteObjects: 3.820400 ms)

***IsRestraintArms False
***ObtainItem_TearDropOnDisable
***ObtainDiscovery_SapphyraNote2OnDisable
***ObtainDiscovery_Tentacle reportOnDisable
***ObtainDiscovery_WantedLORDOnDisable
***ObtainDiscovery_Flyer1OnDisable
***ObtainDiscovery_NoneNameNote6OnDisable
ℹ️ 傳入的 FirstArriveBlackBerryDale 小於或等於目前的 FirstArriveZinniaStreet，不更新
Open NPC Function
Wait for walking
isInTimeLineStandBy
Have Open this lantern.
Wait for walking
Wait for turning
isInTimeLineStandBy
Wait for IE_FadeIn
IE_FadeOut START
Unloading 14 Unused Serialized files (Serialized files now loaded: 0)
***NPC_Villager_GreyOnDisable
***Lantern_0106_BlackBerryTownOnDisable
***NPC_FramboiseOnDisable
***NPC_Villager_BlueOnDisable
***T0106_LeftDoorOnDisable
***T0106_HouseDoor1F_LOnDisable
***T0106_HouseDoor2F_LOnDisable
***T0106_HouseDoor2F_ROnDisable
***T0106_HouseDoor3F_MidOnDisable
***T0106_RightEndOnDisable
***T0106_LeftEndOnDisable
***T0106_AchHouseOnDisable
***NPC_Sapphyra_PseudoOnDisable
***NPC_Villager_RedOnDisable
[PhysX] Initialized MultithreadedTaskDispatcher with 12 workers.
UnloadTime: 1.206100 ms
PCHCheck is True
Immortal Loss Beta 0.58.0, GameVersion is : Beta0.58.0, PCH is True.
startLoadJsonTime = 8939.536
endLoadJsoneTime = 8939.681
Loading Duation is = 0.1445313
***S01118_HeaterOnEnable
***T0118_EndROnEnable
***T0118_EndUOnEnable
***T0118_DoorOnEnable
***Lantern_0118_SteamHotSpringOnEnable
***S0118FixHeater_ProtyaOnEnable
***S01118_HotSpringTriggerEventOnEnable
GameManager Initialization Completed.
Lantern_0118_SteamHotSpring
Lantern_0118_SteamHotSpring (TransitionSetting)
Transfer to Lantern_0118_SteamHotSpring , location is: (2772.50, -64.88, 0.00)
Unloading 37526 unused Assets to reduce memory usage. Loaded Objects now: 51985.
Total: 68.913000 ms (FindLiveObjects: 4.294400 ms CreateObjectMapping: 3.065500 ms MarkObjects: 34.572100 ms  DeleteObjects: 26.980700 ms)

***IsRestraintArms False
***S0118FixHeater_ProtyaOnDisable
Deb org
Eff org
RollEyeOrgasm
False
0
Select something.
blackCanvas color black
Open NPC Function
Wait for walking
isInTimeLineStandBy
Have Open this lantern.
Wait for walking
isInTimeLineWalk
Wait for turning
isInTimeLineStandBy
Wait for IE_FadeIn
IE_FadeOut START
Remove(Relic.VibratingAnalHook)
Remove Orgasm speed 0.04
False
0
Select something.
blackCanvas color black
False
1
Select something.
blackCanvas color black
IE_FadeOut START
IE_FadeOut START
IE_FadeOut START
Open NPC Function
Wait for walking
isInTimeLineStandBy
Have Open this lantern.
Wait for walking
isInTimeLineWalk
Wait for turning
isInTimeLineStandBy
Wait for IE_FadeIn
IE_FadeOut START
Unloading 7 Unused Serialized files (Serialized files now loaded: 0)
***S01118_HeaterOnDisable
***S01118_HotSpringTriggerEventOnDisable
***Lantern_0118_SteamHotSpringOnDisable
***T0118_EndROnDisable
***T0118_EndUOnDisable
***T0118_DoorOnDisable
[PhysX] Initialized MultithreadedTaskDispatcher with 12 workers.
UnloadTime: 0.843500 ms
PCHCheck is True
Immortal Loss Beta 0.58.0, GameVersion is : Beta0.58.0, PCH is True.
startLoadJsonTime = 8979.377
endLoadJsoneTime = 8979.513
Loading Duation is = 0.1357422
***NPC_Villager_BlueOnEnable
***NPC_Villager_RedOnEnable
***NPC_Villager_GreyOnEnable
***NPC_BanditOnEnable
***T0106_HouseDoor2F_LOnEnable
***T0106_LeftEndOnEnable
***T0106_LeftDoorOnEnable
***T0106_AchHouseOnEnable
***T0106_HouseDoor2F_ROnEnable
***T0106_HouseDoor3F_MidOnEnable
***T0106_HouseDoor1F_LOnEnable
***T0106_RightEndOnEnable
***Lantern_0106_BlackBerryTownOnEnable
***NPC_SapphyraOnEnable
***NPC_Sapphyra_PseudoOnEnable
***NPC_FramboiseOnEnable
***ObtainItem_TearDropOnEnable
***ObtainDiscovery_SapphyraNote2OnEnable
***ObtainDiscovery_Tentacle reportOnEnable
***ObtainDiscovery_WantedLORDOnEnable
***ObtainDiscovery_Flyer1OnEnable
***ObtainDiscovery_NoneNameNote6OnEnable
GameManager Initialization Completed.
***NPC_BanditOnDisable
***NPC_SapphyraOnDisable
Lantern_0106_BlackBerryTown
Lantern_0106_BlackBerryTown (TransitionSetting)
Transfer to Lantern_0106_BlackBerryTown , location is: (2165.40, 173.47, 0.00)
Unloading 6444 unused Assets to reduce memory usage. Loaded Objects now: 83899.
Total: 51.123800 ms (FindLiveObjects: 4.107400 ms CreateObjectMapping: 2.808900 ms MarkObjects: 39.216300 ms  DeleteObjects: 4.990800 ms)

***IsRestraintArms False
***ObtainItem_TearDropOnDisable
***ObtainDiscovery_SapphyraNote2OnDisable
***ObtainDiscovery_Tentacle reportOnDisable
***ObtainDiscovery_WantedLORDOnDisable
***ObtainDiscovery_Flyer1OnDisable
***ObtainDiscovery_NoneNameNote6OnDisable
ℹ️ 傳入的 FirstArriveBlackBerryDale 小於或等於目前的 FirstArriveZinniaStreet，不更新
0
CanExecuteCancel True
CanExecuteCancel False
CanExecuteCancel True
IE_FadeOut START
Unloading 3 Unused Serialized files (Serialized files now loaded: 0)
***NPC_Sapphyra_PseudoOnDisable
***NPC_Villager_BlueOnDisable
***Lantern_0106_BlackBerryTownOnDisable
***NPC_FramboiseOnDisable
***NPC_Villager_RedOnDisable
***T0106_LeftDoorOnDisable
***T0106_HouseDoor1F_LOnDisable
***T0106_HouseDoor2F_LOnDisable
***T0106_HouseDoor2F_ROnDisable
***T0106_HouseDoor3F_MidOnDisable
***T0106_RightEndOnDisable
***T0106_LeftEndOnDisable
***T0106_AchHouseOnDisable
***NPC_Villager_GreyOnDisable
[PhysX] Initialized MultithreadedTaskDispatcher with 12 workers.
UnloadTime: 1.190100 ms
PCHCheck is True
Immortal Loss Beta 0.58.0, GameVersion is : Beta0.58.0, PCH is True.
startLoadJsonTime = 8990.091
endLoadJsoneTime = 8990.228
Loading Duation is = 0.1367188
GameManager Initialization Completed.
Unloading 37956 unused Assets to reduce memory usage. Loaded Objects now: 44488.
Total: 74.396800 ms (FindLiveObjects: 3.745800 ms CreateObjectMapping: 2.702500 ms MarkObjects: 40.122700 ms  DeleteObjects: 27.825600 ms)

GameManager 初始化完成，可以開始使用了
defaultConfigPath = true, playerConfigPath = true
Input RestorGameData
IE_FadeOut START
Unloading 4 Unused Serialized files (Serialized files now loaded: 0)
[PhysX] Initialized MultithreadedTaskDispatcher with 12 workers.
UnloadTime: 0.475200 ms
PCHCheck is True
Immortal Loss Beta 0.58.0, GameVersion is : Beta0.58.0, PCH is True.
startLoadJsonTime = 8993.326
endLoadJsoneTime = 8993.463
Loading Duation is = 0.1367188
GameManager Initialization Completed.
Start TitleOrder
Wait DelayAllow
Unloading 9 unused Assets to reduce memory usage. Loaded Objects now: 44703.
Total: 43.417800 ms (FindLiveObjects: 2.170100 ms CreateObjectMapping: 1.042200 ms MarkObjects: 40.137100 ms  DeleteObjects: 0.068100 ms)

waitForPress = False
waitForPress = True
MentalTraining
IE_FadeOut START
The referenced script (MeshTrail) on this Behaviour is missing!
The referenced script on this Behaviour (Game Object 'Spine Mecanim GameObject (Standby)') is missing!
A scripted object (probably MeshTrail?) has a different serialization layout when loading. (Read 32 bytes but expected 40 bytes)
Did you #ifdef UNITY_EDITOR a section of your serialized properties in any of your scripts?
Unloading 21 Unused Serialized files (Serialized files now loaded: 0)
[PhysX] Initialized MultithreadedTaskDispatcher with 12 workers.
UnloadTime: 0.806700 ms
PCHCheck is True
Immortal Loss Beta 0.58.0, GameVersion is : Beta0.58.0, PCH is True.
startLoadJsonTime = 8998.89
endLoadJsoneTime = 8999.025
Loading Duation is = 0.1357422
***OptionGasLamp (EliminateAllEnemy)OnEnable
***OptionGasLamp(Summon)OnEnable
***SelectMutantOnEnable
***OptionGasLamp (ResumePlayerStats)OnEnable
***BackToTitlePortalOnEnable
***OptionGasLamp(ObtainAllItem)OnEnable
***LanternObjectOnEnable
GameManager Initialization Completed.
Unloading 13 unused Assets to reduce memory usage. Loaded Objects now: 55319.
Total: 41.124000 ms (FindLiveObjects: 2.937700 ms CreateObjectMapping: 1.511600 ms MarkObjects: 36.584900 ms  DeleteObjects: 0.089600 ms)

**************5
***IsRestraintArms False
IE_FadeOut START
Unloading 3 Unused Serialized files (Serialized files now loaded: 0)
***SelectMutantOnDisable
***OptionGasLamp (ResumePlayerStats)OnDisable
***OptionGasLamp(ObtainAllItem)OnDisable
***BackToTitlePortalOnDisable
***OptionGasLamp (EliminateAllEnemy)OnDisable
***OptionGasLamp(Summon)OnDisable
***LanternObjectOnDisable
[PhysX] Initialized MultithreadedTaskDispatcher with 12 workers.
UnloadTime: 1.109300 ms
PCHCheck is True
Immortal Loss Beta 0.58.0, GameVersion is : Beta0.58.0, PCH is True.
startLoadJsonTime = 9003.112
endLoadJsoneTime = 9003.25
Loading Duation is = 0.1376953
GameManager Initialization Completed.
Unloading 9563 unused Assets to reduce memory usage. Loaded Objects now: 44239.
Total: 52.936100 ms (FindLiveObjects: 3.864800 ms CreateObjectMapping: 2.031300 ms MarkObjects: 39.847100 ms  DeleteObjects: 7.192700 ms)

GameManager 初始化完成，可以開始使用了
defaultConfigPath = true, playerConfigPath = true
Input RestorGameData
IE_FadeOut START
Unloading 4 Unused Serialized files (Serialized files now loaded: 0)
[PhysX] Initialized MultithreadedTaskDispatcher with 12 workers.
UnloadTime: 0.465600 ms
PCHCheck is True
Immortal Loss Beta 0.58.0, GameVersion is : Beta0.58.0, PCH is True.
startLoadJsonTime = 9005.987
endLoadJsoneTime = 9006.124
Loading Duation is = 0.1367188
GameManager Initialization Completed.
Start TitleOrder
Wait DelayAllow
Unloading 9 unused Assets to reduce memory usage. Loaded Objects now: 44440.
Total: 44.568400 ms (FindLiveObjects: 3.245200 ms CreateObjectMapping: 1.369500 ms MarkObjects: 39.884900 ms  DeleteObjects: 0.068200 ms)

waitForPress = False
waitForPress = True
Gallery
Player OnDestroy
Input System module state changed to: ShutdownInProgress.
Input System polling thread exited.
Input System module state changed to: Shutdown.
Memory Statistics:
[ALLOC_TEMP_TLS] TLS Allocator
  StackAllocators : 
    [ALLOC_TEMP_MAIN]
      Peak usage frame count: [8.0 KB-16.0 KB]: 500807 frames, [16.0 KB-32.0 KB]: 695298 frames, [32.0 KB-64.0 KB]: 79884 frames, [64.0 KB-128.0 KB]: 427 frames, [128.0 KB-256.0 KB]: 1 frames, [256.0 KB-0.5 MB]: 280 frames, [0.5 MB-1.0 MB]: 49 frames, [1.0 MB-2.0 MB]: 84 frames, [2.0 MB-4.0 MB]: 312 frames, [4.0 MB-8.0 MB]: 277 frames
      Initial Block Size 4.0 MB
      Current Block Size 8.0 MB
      Peak Allocated Bytes 8.0 MB
      Overflow Count 12603
    [ALLOC_TEMP_Loading.AsyncRead]
      Initial Block Size 64.0 KB
      Current Block Size 64.0 KB
      Peak Allocated Bytes 252 B
      Overflow Count 0
    [ALLOC_TEMP_Loading.PreloadManager]
      Initial Block Size 256.0 KB
      Current Block Size 0.5 MB
      Peak Allocated Bytes 501.2 KB
      Overflow Count 6556026
    [ALLOC_TEMP_Background Job.Worker 8]
      Initial Block Size 32.0 KB
      Current Block Size 32.0 KB
      Peak Allocated Bytes 54 B
      Overflow Count 0
    [ALLOC_TEMP_Job.Worker 6]
      Initial Block Size 256.0 KB
      Current Block Size 256.0 KB
      Peak Allocated Bytes 38.3 KB
      Overflow Count 0
    [ALLOC_TEMP_Job.Worker 0]
      Initial Block Size 256.0 KB
      Current Block Size 256.0 KB
      Peak Allocated Bytes 34.3 KB
      Overflow Count 0
    [ALLOC_TEMP_Background Job.Worker 10]
      Initial Block Size 32.0 KB
      Current Block Size 32.0 KB
      Peak Allocated Bytes 54 B
      Overflow Count 0
    [ALLOC_TEMP_Background Job.Worker 9]
      Initial Block Size 32.0 KB
      Current Block Size 32.0 KB
      Peak Allocated Bytes 54 B
      Overflow Count 0
    [ALLOC_TEMP_Job.Worker 5]
      Initial Block Size 256.0 KB
      Current Block Size 256.0 KB
      Peak Allocated Bytes 41.2 KB
      Overflow Count 0
    [ALLOC_TEMP_Background Job.Worker 14]
      Initial Block Size 32.0 KB
      Current Block Size 32.0 KB
      Peak Allocated Bytes 54 B
      Overflow Count 0
    [ALLOC_TEMP_Background Job.Worker 6]
      Initial Block Size 32.0 KB
      Current Block Size 32.0 KB
      Peak Allocated Bytes 54 B
      Overflow Count 0
    [ALLOC_TEMP_Job.Worker 4]
      Initial Block Size 256.0 KB
      Current Block Size 256.0 KB
      Peak Allocated Bytes 41.5 KB
      Overflow Count 0
    [ALLOC_TEMP_Job.Worker 3]
      Initial Block Size 256.0 KB
      Current Block Size 256.0 KB
      Peak Allocated Bytes 42.8 KB
      Overflow Count 0
    [ALLOC_TEMP_Background Job.Worker 12]
      Initial Block Size 32.0 KB
      Current Block Size 32.0 KB
      Peak Allocated Bytes 54 B
      Overflow Count 0
    [ALLOC_TEMP_EnlightenWorker] x 12
      Initial Block Size 64.0 KB
      Current Block Size 64.0 KB
      Peak Allocated Bytes 54 B
      Overflow Count 0
    [ALLOC_TEMP_Background Job.Worker 15]
      Initial Block Size 32.0 KB
      Current Block Size 32.0 KB
      Peak Allocated Bytes 54 B
      Overflow Count 0
    [ALLOC_TEMP_Background Job.Worker 1]
      Initial Block Size 32.0 KB
      Current Block Size 32.0 KB
      Peak Allocated Bytes 54 B
      Overflow Count 0
    [ALLOC_TEMP_Background Job.Worker 2]
      Initial Block Size 32.0 KB
      Current Block Size 32.0 KB
      Peak Allocated Bytes 54 B
      Overflow Count 0
    [ALLOC_TEMP_Background Job.Worker 7]
      Initial Block Size 32.0 KB
      Current Block Size 32.0 KB
      Peak Allocated Bytes 54 B
      Overflow Count 0
    [ALLOC_TEMP_UnityGfxDeviceWorker]
      Initial Block Size 256.0 KB
      Current Block Size 256.0 KB
      Peak Allocated Bytes 12.6 KB
      Overflow Count 0
    [ALLOC_TEMP_AssetGarbageCollectorHelper] x 11
      Initial Block Size 64.0 KB
      Current Block Size 64.0 KB
      Peak Allocated Bytes 138 B
      Overflow Count 0
    [ALLOC_TEMP_Background Job.Worker 5]
      Initial Block Size 32.0 KB
      Current Block Size 32.0 KB
      Peak Allocated Bytes 54 B
      Overflow Count 0
    [ALLOC_TEMP_Job.Worker 9]
      Initial Block Size 256.0 KB
      Current Block Size 256.0 KB
      Peak Allocated Bytes 34.3 KB
      Overflow Count 0
    [ALLOC_TEMP_Background Job.Worker 13]
      Initial Block Size 32.0 KB
      Current Block Size 32.0 KB
      Peak Allocated Bytes 54 B
      Overflow Count 0
    [ALLOC_TEMP_Job.Worker 8]
      Initial Block Size 256.0 KB
      Current Block Size 256.0 KB
      Peak Allocated Bytes 28.6 KB
      Overflow Count 0
    [ALLOC_TEMP_Job.Worker 7]
      Initial Block Size 256.0 KB
      Current Block Size 256.0 KB
      Peak Allocated Bytes 38.3 KB
      Overflow Count 0
    [ALLOC_TEMP_Job.Worker 1]
      Initial Block Size 256.0 KB
      Current Block Size 256.0 KB
      Peak Allocated Bytes 45.9 KB
      Overflow Count 0
    [ALLOC_TEMP_Job.Worker 2]
      Initial Block Size 256.0 KB
      Current Block Size 256.0 KB
      Peak Allocated Bytes 45.9 KB
      Overflow Count 0
    [ALLOC_TEMP_Background Job.Worker 3]
      Initial Block Size 32.0 KB
      Current Block Size 32.0 KB
      Peak Allocated Bytes 54 B
      Overflow Count 0
    [ALLOC_TEMP_Background Job.Worker 11]
      Initial Block Size 32.0 KB
      Current Block Size 32.0 KB
      Peak Allocated Bytes 54 B
      Overflow Count 0
    [ALLOC_TEMP_Job.Worker 10]
      Initial Block Size 256.0 KB
      Current Block Size 256.0 KB
      Peak Allocated Bytes 36.6 KB
      Overflow Count 0
    [ALLOC_TEMP_Background Job.Worker 0]
      Initial Block Size 32.0 KB
      Current Block Size 32.0 KB
      Peak Allocated Bytes 54 B
      Overflow Count 0
    [ALLOC_TEMP_HIDInput]
      Initial Block Size 64.0 KB
      Current Block Size 64.0 KB
      Peak Allocated Bytes 10.8 KB
      Overflow Count 0
    [ALLOC_TEMP_Background Job.Worker 4]
      Initial Block Size 32.0 KB
      Current Block Size 32.0 KB
      Peak Allocated Bytes 54 B
      Overflow Count 0
    [ALLOC_TEMP_BatchDeleteObjects]
      Initial Block Size 64.0 KB
      Current Block Size 64.0 KB
      Peak Allocated Bytes 54 B
      Overflow Count 0
[ALLOC_DEFAULT] Dual Thread Allocator
  Peak main deferred allocation count 1391638
    [ALLOC_BUCKET]
      Large Block size 4.0 MB
      Used Block count 1
      Peak Allocated bytes 4.0 MB
      Failed Allocations. Bucket layout:
        16B: 10 Subsections = 10240 buckets. Failed count: 183009916
        32B: 32 Subsections = 16384 buckets. Failed count: 105370319
        48B: 48 Subsections = 16384 buckets. Failed count: 89965069
        64B: 57 Subsections = 14592 buckets. Failed count: 22699808
        80B: 35 Subsections = 7168 buckets. Failed count: 810375
        96B: 21 Subsections = 3584 buckets. Failed count: 21398145
        112B: 19 Subsections = 2779 buckets. Failed count: 1534459
        128B: 34 Subsections = 4352 buckets. Failed count: 1782147
    [ALLOC_DEFAULT_MAIN]
      Peak usage frame count: [128.0 MB-256.0 MB]: 2163 frames, [256.0 MB-0.50 GB]: 54854 frames, [0.50 GB-1.00 GB]: 240104 frames, [1.00 GB-2.00 GB]: 459339 frames, [2.00 GB-4.00 GB]: 520959 frames
      Requested Block Size 16.0 MB
      Peak Block count 133
      Peak Allocated memory 2.73 GB
      Peak Large allocation bytes 0.83 GB
    [ALLOC_DEFAULT_THREAD]
      Peak usage frame count: [128.0 MB-256.0 MB]: 1185670 frames, [256.0 MB-0.50 GB]: 91749 frames
      Requested Block Size 16.0 MB
      Peak Block count 20
      Peak Allocated memory 276.2 MB
      Peak Large allocation bytes 117.7 MB
[ALLOC_TEMP_JOB_1_FRAME]
  Initial Block Size 2.0 MB
  Used Block Count 0
  Overflow Count (too large) 0
  Overflow Count (full) 0
[ALLOC_TEMP_JOB_2_FRAMES]
  Initial Block Size 2.0 MB
  Used Block Count 0
  Overflow Count (too large) 0
  Overflow Count (full) 0
[ALLOC_TEMP_JOB_4_FRAMES (JobTemp)]
  Initial Block Size 2.0 MB
  Used Block Count 1
  Overflow Count (too large) 0
  Overflow Count (full) 0
[ALLOC_TEMP_JOB_ASYNC (Background)]
  Initial Block Size 1.0 MB
  Used Block Count 1
  Overflow Count (too large) 0
  Overflow Count (full) 0
[ALLOC_GFX] Dual Thread Allocator
  Peak main deferred allocation count 167
    [ALLOC_BUCKET]
      Large Block size 4.0 MB
      Used Block count 1
      Peak Allocated bytes 4.0 MB
      Failed Allocations. Bucket layout:
        16B: 10 Subsections = 10240 buckets. Failed count: 183009916
        32B: 32 Subsections = 16384 buckets. Failed count: 105370319
        48B: 48 Subsections = 16384 buckets. Failed count: 89965069
        64B: 57 Subsections = 14592 buckets. Failed count: 22699808
        80B: 35 Subsections = 7168 buckets. Failed count: 810375
        96B: 21 Subsections = 3584 buckets. Failed count: 21398145
        112B: 19 Subsections = 2779 buckets. Failed count: 1534459
        128B: 34 Subsections = 4352 buckets. Failed count: 1782147
    [ALLOC_GFX_MAIN]
      Peak usage frame count: [1.0 MB-2.0 MB]: 1056 frames, [2.0 MB-4.0 MB]: 173252 frames, [4.0 MB-8.0 MB]: 24881 frames, [8.0 MB-16.0 MB]: 257915 frames, [16.0 MB-32.0 MB]: 813528 frames, [32.0 MB-64.0 MB]: 6787 frames
      Requested Block Size 16.0 MB
      Peak Block count 6
      Peak Allocated memory 53.4 MB
      Peak Large allocation bytes 0 B
    [ALLOC_GFX_THREAD]
      Peak usage frame count: [256.0 KB-0.5 MB]: 1960 frames, [0.5 MB-1.0 MB]: 2 frames, [1.0 MB-2.0 MB]: 2 frames, [2.0 MB-4.0 MB]: 2 frames, [4.0 MB-8.0 MB]: 19810 frames, [8.0 MB-16.0 MB]: 673116 frames, [16.0 MB-32.0 MB]: 314136 frames, [32.0 MB-64.0 MB]: 211921 frames, [64.0 MB-128.0 MB]: 56470 frames
      Requested Block Size 16.0 MB
      Peak Block count 5
      Peak Allocated memory 74.1 MB
      Peak Large allocation bytes 32.5 MB
[ALLOC_CACHEOBJECTS] Dual Thread Allocator
  Peak main deferred allocation count 834
    [ALLOC_BUCKET]
      Large Block size 4.0 MB
      Used Block count 1
      Peak Allocated bytes 4.0 MB
      Failed Allocations. Bucket layout:
        16B: 10 Subsections = 10240 buckets. Failed count: 183009916
        32B: 32 Subsections = 16384 buckets. Failed count: 105370319
        48B: 48 Subsections = 16384 buckets. Failed count: 89965069
        64B: 57 Subsections = 14592 buckets. Failed count: 22699808
        80B: 35 Subsections = 7168 buckets. Failed count: 810375
        96B: 21 Subsections = 3584 buckets. Failed count: 21398145
        112B: 19 Subsections = 2779 buckets. Failed count: 1534459
        128B: 34 Subsections = 4352 buckets. Failed count: 1782147
    [ALLOC_CACHEOBJECTS_MAIN]
      Peak usage frame count: [8.0 MB-16.0 MB]: 1277418 frames, [16.0 MB-32.0 MB]: 1 frames
      Requested Block Size 4.0 MB
      Peak Block count 4
      Peak Allocated memory 17.5 MB
      Peak Large allocation bytes 6.3 MB
    [ALLOC_CACHEOBJECTS_THREAD]
      Peak usage frame count: [8.0 MB-16.0 MB]: 1957 frames, [16.0 MB-32.0 MB]: 11 frames, [32.0 MB-64.0 MB]: 1275299 frames, [64.0 MB-128.0 MB]: 152 frames
      Requested Block Size 4.0 MB
      Peak Block count 16
      Peak Allocated memory 69.3 MB
      Peak Large allocation bytes 24.0 MB
[ALLOC_TYPETREE] Dual Thread Allocator
  Peak main deferred allocation count 0
    [ALLOC_BUCKET]
      Large Block size 4.0 MB
      Used Block count 1
      Peak Allocated bytes 4.0 MB
      Failed Allocations. Bucket layout:
        16B: 10 Subsections = 10240 buckets. Failed count: 183009916
        32B: 32 Subsections = 16384 buckets. Failed count: 105370319
        48B: 48 Subsections = 16384 buckets. Failed count: 89965069
        64B: 57 Subsections = 14592 buckets. Failed count: 22699808
        80B: 35 Subsections = 7168 buckets. Failed count: 810375
        96B: 21 Subsections = 3584 buckets. Failed count: 21398145
        112B: 19 Subsections = 2779 buckets. Failed count: 1534459
        128B: 34 Subsections = 4352 buckets. Failed count: 1782147
    [ALLOC_TYPETREE_MAIN]
      Peak usage frame count: [32.0 KB-64.0 KB]: 1277419 frames
      Requested Block Size 2.0 MB
      Peak Block count 1
      Peak Allocated memory 49.4 KB
      Peak Large allocation bytes 0 B
    [ALLOC_TYPETREE_THREAD]
      Peak usage frame count: [16.0 KB-32.0 KB]: 1277419 frames
      Requested Block Size 2.0 MB
      Peak Block count 1
      Peak Allocated memory 29.4 KB
      Peak Large allocation bytes 0 B
