[Physics::Module] Initialized MultithreadedJobDispatcher with {0} workers.
Initialize engine version: 2021.3.45f2 (88f88f591b2e)
[Subsystems] Discovering subsystems at path C:/Program Files (x86)/Steam/steamapps/common/GrabTaffy/GrabTaffy_Data/UnitySubsystems
GfxDevice: creating device client; threaded=1; jobified=0
Direct3D:
    Version:  Direct3D 11.0 [level 11.1]
    Renderer: NVIDIA GeForce RTX 4070 SUPER (ID=0x2783)
    Vendor:   NVIDIA
    VRAM:     11997 MB
    Driver:   32.0.16.1656
Default GameObject BitMask: Building already registered
<RI> Initializing input.
New input system (experimental) initialized
Using XInput
<RI> Input initialized.
<RI> Initialized touch support.
UnloadTime: 0.167600 ms
Odin Serializer ArchitectureInfo initialization with defaults (all unaligned read/writes disabled).
UnityEngine.Logger:Log(LogType, Object)
UnityEngine.Debug:Log(Object)
Sirenix.Serialization.UnitySerializationInitializer:Initialize()

Odin Serializer detected whitelisted runtime platform WindowsPlayer and memory read test succeeded; enabling all unaligned memory read/writes.
UnityEngine.Logger:Log(LogType, Object)
UnityEngine.Debug:Log(Object)
Sirenix.Serialization.ArchitectureInfo:SetRuntimePlatform(RuntimePlatform)
Sirenix.Serialization.UnitySerializationInitializer:Initialize()

Scanning - Process took 0 ms to complete
UnityEngine.Logger:Log(LogType, Object)
UnityEngine.Debug:Log(Object)
<ScanAsync>d__140:MoveNext()
AstarPath:Scan(NavGraph[])

场景加载完成：StartMenu
UnityEngine.Logger:Log(LogType, Object)
UnityEngine.Debug:Log(Object)
Luzhang.Manager.AudioSaveManager:OnSceneLoaded(Scene, LoadSceneMode)
UnityEngine.SceneManagement.SceneManager:Internal_SceneLoaded(Scene, LoadSceneMode)

BeginAlign:195
UnityEngine.Logger:Log(LogType, Object)
UnityEngine.Debug:Log(Object)
Luzhang.ThirdParty.AIActionRotateToAngleTest:BeginAlign(Single)
Luzhang.ThirdParty.AIActionRotateToAngleTest:OnEnterState()
MoreMountains.Tools.AIState:EnterState()

进入状态Idle
UnityEngine.Logger:Log(LogType, Object)
UnityEngine.Debug:Log(Object)
MoreMountains.Tools.AIState:EnterState()

BeginAlign:195
UnityEngine.Logger:Log(LogType, Object)
UnityEngine.Debug:Log(Object)
Luzhang.ThirdParty.AIActionRotateToAngleTest:BeginAlign(Single)
Luzhang.ThirdParty.AIActionRotateToAngleTest:OnEnterState()
MoreMountains.Tools.AIState:EnterState()

进入状态Idle
UnityEngine.Logger:Log(LogType, Object)
UnityEngine.Debug:Log(Object)
MoreMountains.Tools.AIState:EnterState()

BeginAlign:195
UnityEngine.Logger:Log(LogType, Object)
UnityEngine.Debug:Log(Object)
Luzhang.ThirdParty.AIActionRotateToAngleTest:BeginAlign(Single)
Luzhang.ThirdParty.AIActionRotateToAngleTest:OnEnterState()
MoreMountains.Tools.AIState:EnterState()

进入状态Idle
UnityEngine.Logger:Log(LogType, Object)
UnityEngine.Debug:Log(Object)
MoreMountains.Tools.AIState:EnterState()

BeginAlign:195
UnityEngine.Logger:Log(LogType, Object)
UnityEngine.Debug:Log(Object)
Luzhang.ThirdParty.AIActionRotateToAngleTest:BeginAlign(Single)
Luzhang.ThirdParty.AIActionRotateToAngleTest:OnEnterState()
MoreMountains.Tools.AIState:EnterState()

进入状态Idle
UnityEngine.Logger:Log(LogType, Object)
UnityEngine.Debug:Log(Object)
MoreMountains.Tools.AIState:EnterState()

场景加载完成：MMAdditiveLoadingScreenTaffy
UnityEngine.Logger:Log(LogType, Object)
UnityEngine.Debug:Log(Object)
Luzhang.Manager.AudioSaveManager:OnSceneLoaded(Scene, LoadSceneMode)
UnityEngine.SceneManagement.SceneManager:Internal_SceneLoaded(Scene, LoadSceneMode)

场景加载完成：TheGame
UnityEngine.Logger:Log(LogType, Object)
UnityEngine.Debug:Log(Object)
Luzhang.Manager.AudioSaveManager:OnSceneLoaded(Scene, LoadSceneMode)
UnityEngine.SceneManagement.SceneManager:Internal_SceneLoaded(Scene, LoadSceneMode)

尝试设置工作信息，但是没有找到工作数据
UnityEngine.Logger:Log(LogType, Object)
UnityEngine.Debug:LogError(Object)
Luzhang.UI.InfoPadController:SetResInfo(ZoneData)
Luzhang.Manager.InfoPadManager:OnMMEvent(InfoPadEvent)
MoreMountains.Tools.MMEventManager:TriggerEvent(MMEvent)
Luzhang.Manager.InfoPadEvent:Trigger(Boolean, Vector3, String, ZoneData, Boolean, Boolean, Boolean, Boolean)
Luzhang.Game.WorkBase:OnCursorEnter()
CursorControl:GetInfoPadCollisionTarget()
CursorControl:Update()

返回工作地区WoodRefining
UnityEngine.Logger:Log(LogType, Object)
UnityEngine.Debug:Log(Object)
Luzhang.ThirdParty.AIActionBackToWork:PerformAction()
MoreMountains.Tools.AIState:PerformActions()
MoreMountains.Tools.AIBrain:Update()

返回工作地区WoodRefining
UnityEngine.Logger:Log(LogType, Object)
UnityEngine.Debug:Log(Object)
Luzhang.ThirdParty.AIActionBackToWork:PerformAction()
MoreMountains.Tools.AIState:PerformActions()
MoreMountains.Tools.AIBrain:Update()

返回工作地区WoodRefining
UnityEngine.Logger:Log(LogType, Object)
UnityEngine.Debug:Log(Object)
Luzhang.ThirdParty.AIActionBackToWork:PerformAction()
MoreMountains.Tools.AIState:PerformActions()
MoreMountains.Tools.AIBrain:Update()

返回工作地区BookMake
UnityEngine.Logger:Log(LogType, Object)
UnityEngine.Debug:Log(Object)
Luzhang.ThirdParty.AIActionBackToWork:PerformAction()
MoreMountains.Tools.AIState:PerformActions()
MoreMountains.Tools.AIBrain:Update()

返回工作地区UpgradeResearch
UnityEngine.Logger:Log(LogType, Object)
UnityEngine.Debug:Log(Object)
Luzhang.ThirdParty.AIActionBackToWork:PerformAction()
MoreMountains.Tools.AIState:PerformActions()
MoreMountains.Tools.AIBrain:Update()

Closest RelaxPoint is at: (-37.32, 0.10, 44.86)
UnityEngine.Logger:Log(LogType, Object)
UnityEngine.Debug:Log(Object)
Luzhang.ThirdParty.AIActionGoToRelax:GetNearstRelaxPoint()
Luzhang.ThirdParty.AIActionGoToRelax:PerformAction()
MoreMountains.Tools.AIState:PerformActions()
MoreMountains.Tools.AIBrain:Update()

返回工作地区BoltsMake
UnityEngine.Logger:Log(LogType, Object)
UnityEngine.Debug:Log(Object)
Luzhang.ThirdParty.AIActionBackToWork:PerformAction()
MoreMountains.Tools.AIState:PerformActions()
MoreMountains.Tools.AIBrain:Update()

Closest RelaxPoint is at: (-37.32, 0.10, 44.86)
UnityEngine.Logger:Log(LogType, Object)
UnityEngine.Debug:Log(Object)
Luzhang.ThirdParty.AIActionGoToRelax:GetNearstRelaxPoint()
Luzhang.ThirdParty.AIActionGoToRelax:PerformAction()
MoreMountains.Tools.AIState:PerformActions()
MoreMountains.Tools.AIBrain:Update()

尝试寻路
UnityEngine.Logger:Log(LogType, Object)
UnityEngine.Debug:Log(Object)
Luzhang.ThirdParty.<Pathfind>d__21:MoveNext()
UnityEngine.SetupCoroutine:InvokeMoveNext(IEnumerator, IntPtr)

找到可行路径
UnityEngine.Logger:Log(LogType, Object)
UnityEngine.Debug:Log(Object)
Luzhang.ThirdParty.<Pathfind>d__21:MoveNext()
UnityEngine.SetupCoroutine:InvokeMoveNext(IEnumerator, IntPtr)

尝试寻路
UnityEngine.Logger:Log(LogType, Object)
UnityEngine.Debug:Log(Object)
Luzhang.ThirdParty.<Pathfind>d__21:MoveNext()
UnityEngine.SetupCoroutine:InvokeMoveNext(IEnumerator, IntPtr)

找到可行路径
UnityEngine.Logger:Log(LogType, Object)
UnityEngine.Debug:Log(Object)
Luzhang.ThirdParty.<Pathfind>d__21:MoveNext()
UnityEngine.SetupCoroutine:InvokeMoveNext(IEnumerator, IntPtr)

尝试寻路
UnityEngine.Logger:Log(LogType, Object)
UnityEngine.Debug:Log(Object)
Luzhang.ThirdParty.<Pathfind>d__21:MoveNext()
UnityEngine.SetupCoroutine:InvokeMoveNext(IEnumerator, IntPtr)

无法到达指定位置，重新尝试
UnityEngine.Logger:Log(LogType, Object)
UnityEngine.Debug:Log(Object)
Luzhang.ThirdParty.<Pathfind>d__21:MoveNext()
UnityEngine.SetupCoroutine:InvokeMoveNext(IEnumerator, IntPtr)

找到可行路径
UnityEngine.Logger:Log(LogType, Object)
UnityEngine.Debug:Log(Object)
Luzhang.ThirdParty.<Pathfind>d__21:MoveNext()
UnityEngine.SetupCoroutine:InvokeMoveNext(IEnumerator, IntPtr)

尝试寻路
UnityEngine.Logger:Log(LogType, Object)
UnityEngine.Debug:Log(Object)
Luzhang.ThirdParty.<Pathfind>d__21:MoveNext()
UnityEngine.SetupCoroutine:InvokeMoveNext(IEnumerator, IntPtr)

无法到达指定位置，重新尝试
UnityEngine.Logger:Log(LogType, Object)
UnityEngine.Debug:Log(Object)
Luzhang.ThirdParty.<Pathfind>d__21:MoveNext()
UnityEngine.SetupCoroutine:InvokeMoveNext(IEnumerator, IntPtr)

找到可行路径
UnityEngine.Logger:Log(LogType, Object)
UnityEngine.Debug:Log(Object)
Luzhang.ThirdParty.<Pathfind>d__21:MoveNext()
UnityEngine.SetupCoroutine:InvokeMoveNext(IEnumerator, IntPtr)

返回工作地区IronMake
UnityEngine.Logger:Log(LogType, Object)
UnityEngine.Debug:Log(Object)
Luzhang.ThirdParty.AIActionBackToWork:PerformAction()
MoreMountains.Tools.AIState:PerformActions()
MoreMountains.Tools.AIBrain:Update()

尝试寻路
UnityEngine.Logger:Log(LogType, Object)
UnityEngine.Debug:Log(Object)
Luzhang.ThirdParty.<Pathfind>d__21:MoveNext()
UnityEngine.SetupCoroutine:InvokeMoveNext(IEnumerator, IntPtr)

找到可行路径
UnityEngine.Logger:Log(LogType, Object)
UnityEngine.Debug:Log(Object)
Luzhang.ThirdParty.<Pathfind>d__21:MoveNext()
UnityEngine.SetupCoroutine:InvokeMoveNext(IEnumerator, IntPtr)

Closest RelaxPoint is at: (-37.32, 0.10, 44.86)
UnityEngine.Logger:Log(LogType, Object)
UnityEngine.Debug:Log(Object)
Luzhang.ThirdParty.AIActionGoToRelax:GetNearstRelaxPoint()
Luzhang.ThirdParty.AIActionGoToRelax:PerformAction()
MoreMountains.Tools.AIState:PerformActions()
MoreMountains.Tools.AIBrain:Update()

返回工作地区IronMake
UnityEngine.Logger:Log(LogType, Object)
UnityEngine.Debug:Log(Object)
Luzhang.ThirdParty.AIActionBackToWork:PerformAction()
MoreMountains.Tools.AIState:PerformActions()
MoreMountains.Tools.AIBrain:Update()

Closest RelaxPoint is at: (-37.32, 0.10, 44.86)
UnityEngine.Logger:Log(LogType, Object)
UnityEngine.Debug:Log(Object)
Luzhang.ThirdParty.AIActionGoToRelax:GetNearstRelaxPoint()
Luzhang.ThirdParty.AIActionGoToRelax:PerformAction()
MoreMountains.Tools.AIState:PerformActions()
MoreMountains.Tools.AIBrain:Update()

尝试寻路
UnityEngine.Logger:Log(LogType, Object)
UnityEngine.Debug:Log(Object)
Luzhang.ThirdParty.<Pathfind>d__21:MoveNext()
UnityEngine.SetupCoroutine:InvokeMoveNext(IEnumerator, IntPtr)

无法到达指定位置，重新尝试
UnityEngine.Logger:Log(LogType, Object)
UnityEngine.Debug:Log(Object)
Luzhang.ThirdParty.<Pathfind>d__21:MoveNext()
UnityEngine.SetupCoroutine:InvokeMoveNext(IEnumerator, IntPtr)

找到可行路径
UnityEngine.Logger:Log(LogType, Object)
UnityEngine.Debug:Log(Object)
Luzhang.ThirdParty.<Pathfind>d__21:MoveNext()
UnityEngine.SetupCoroutine:InvokeMoveNext(IEnumerator, IntPtr)

尝试寻路
UnityEngine.Logger:Log(LogType, Object)
UnityEngine.Debug:Log(Object)
Luzhang.ThirdParty.<Pathfind>d__21:MoveNext()
UnityEngine.SetupCoroutine:InvokeMoveNext(IEnumerator, IntPtr)

无法到达指定位置，重新尝试
UnityEngine.Logger:Log(LogType, Object)
UnityEngine.Debug:Log(Object)
Luzhang.ThirdParty.<Pathfind>d__21:MoveNext()
UnityEngine.SetupCoroutine:InvokeMoveNext(IEnumerator, IntPtr)

找到可行路径
UnityEngine.Logger:Log(LogType, Object)
UnityEngine.Debug:Log(Object)
Luzhang.ThirdParty.<Pathfind>d__21:MoveNext()
UnityEngine.SetupCoroutine:InvokeMoveNext(IEnumerator, IntPtr)

尝试寻路
UnityEngine.Logger:Log(LogType, Object)
UnityEngine.Debug:Log(Object)
Luzhang.ThirdParty.<Pathfind>d__21:MoveNext()
UnityEngine.SetupCoroutine:InvokeMoveNext(IEnumerator, IntPtr)

无法到达指定位置，重新尝试
UnityEngine.Logger:Log(LogType, Object)
UnityEngine.Debug:Log(Object)
Luzhang.ThirdParty.<Pathfind>d__21:MoveNext()
UnityEngine.SetupCoroutine:InvokeMoveNext(IEnumerator, IntPtr)

找到可行路径
UnityEngine.Logger:Log(LogType, Object)
UnityEngine.Debug:Log(Object)
Luzhang.ThirdParty.<Pathfind>d__21:MoveNext()
UnityEngine.SetupCoroutine:InvokeMoveNext(IEnumerator, IntPtr)

尝试寻路
UnityEngine.Logger:Log(LogType, Object)
UnityEngine.Debug:Log(Object)
Luzhang.ThirdParty.<Pathfind>d__21:MoveNext()
UnityEngine.SetupCoroutine:InvokeMoveNext(IEnumerator, IntPtr)

无法到达指定位置，重新尝试
UnityEngine.Logger:Log(LogType, Object)
UnityEngine.Debug:Log(Object)
Luzhang.ThirdParty.<Pathfind>d__21:MoveNext()
UnityEngine.SetupCoroutine:InvokeMoveNext(IEnumerator, IntPtr)

找到可行路径
UnityEngine.Logger:Log(LogType, Object)
UnityEngine.Debug:Log(Object)
Luzhang.ThirdParty.<Pathfind>d__21:MoveNext()
UnityEngine.SetupCoroutine:InvokeMoveNext(IEnumerator, IntPtr)

尝试寻路
UnityEngine.Logger:Log(LogType, Object)
UnityEngine.Debug:Log(Object)
Luzhang.ThirdParty.<Pathfind>d__21:MoveNext()
UnityEngine.SetupCoroutine:InvokeMoveNext(IEnumerator, IntPtr)

无法到达指定位置，重新尝试
UnityEngine.Logger:Log(LogType, Object)
UnityEngine.Debug:Log(Object)
Luzhang.ThirdParty.<Pathfind>d__21:MoveNext()
UnityEngine.SetupCoroutine:InvokeMoveNext(IEnumerator, IntPtr)

找到可行路径
UnityEngine.Logger:Log(LogType, Object)
UnityEngine.Debug:Log(Object)
Luzhang.ThirdParty.<Pathfind>d__21:MoveNext()
UnityEngine.SetupCoroutine:InvokeMoveNext(IEnumerator, IntPtr)

尝试寻路
UnityEngine.Logger:Log(LogType, Object)
UnityEngine.Debug:Log(Object)
Luzhang.ThirdParty.<Pathfind>d__21:MoveNext()
UnityEngine.SetupCoroutine:InvokeMoveNext(IEnumerator, IntPtr)

找到可行路径
UnityEngine.Logger:Log(LogType, Object)
UnityEngine.Debug:Log(Object)
Luzhang.ThirdParty.<Pathfind>d__21:MoveNext()
UnityEngine.SetupCoroutine:InvokeMoveNext(IEnumerator, IntPtr)

尝试寻路
UnityEngine.Logger:Log(LogType, Object)
UnityEngine.Debug:Log(Object)
Luzhang.ThirdParty.<Pathfind>d__21:MoveNext()
UnityEngine.SetupCoroutine:InvokeMoveNext(IEnumerator, IntPtr)

无法到达指定位置，重新尝试
UnityEngine.Logger:Log(LogType, Object)
UnityEngine.Debug:Log(Object)
Luzhang.ThirdParty.<Pathfind>d__21:MoveNext()
UnityEngine.SetupCoroutine:InvokeMoveNext(IEnumerator, IntPtr)

找到可行路径
UnityEngine.Logger:Log(LogType, Object)
UnityEngine.Debug:Log(Object)
Luzhang.ThirdParty.<Pathfind>d__21:MoveNext()
UnityEngine.SetupCoroutine:InvokeMoveNext(IEnumerator, IntPtr)

返回工作地区GearWheelMake
UnityEngine.Logger:Log(LogType, Object)
UnityEngine.Debug:Log(Object)
Luzhang.ThirdParty.AIActionBackToWork:PerformAction()
MoreMountains.Tools.AIState:PerformActions()
MoreMountains.Tools.AIBrain:Update()

Closest RelaxPoint is at: (-37.32, 0.10, 44.86)
UnityEngine.Logger:Log(LogType, Object)
UnityEngine.Debug:Log(Object)
Luzhang.ThirdParty.AIActionGoToRelax:GetNearstRelaxPoint()
Luzhang.ThirdParty.AIActionGoToRelax:PerformAction()
MoreMountains.Tools.AIState:PerformActions()
MoreMountains.Tools.AIBrain:Update()

返回工作地区IronMake
UnityEngine.Logger:Log(LogType, Object)
UnityEngine.Debug:Log(Object)
Luzhang.ThirdParty.AIActionBackToWork:PerformAction()
MoreMountains.Tools.AIState:PerformActions()
MoreMountains.Tools.AIBrain:Update()

返回工作地区IronMake
UnityEngine.Logger:Log(LogType, Object)
UnityEngine.Debug:Log(Object)
Luzhang.ThirdParty.AIActionBackToWork:PerformAction()
MoreMountains.Tools.AIState:PerformActions()
MoreMountains.Tools.AIBrain:Update()

返回工作地区IronMake
UnityEngine.Logger:Log(LogType, Object)
UnityEngine.Debug:Log(Object)
Luzhang.ThirdParty.AIActionBackToWork:PerformAction()
MoreMountains.Tools.AIState:PerformActions()
MoreMountains.Tools.AIBrain:Update()

返回工作地区BoltsMake
UnityEngine.Logger:Log(LogType, Object)
UnityEngine.Debug:Log(Object)
Luzhang.ThirdParty.AIActionBackToWork:PerformAction()
MoreMountains.Tools.AIState:PerformActions()
MoreMountains.Tools.AIBrain:Update()

返回工作地区IronMake
UnityEngine.Logger:Log(LogType, Object)
UnityEngine.Debug:Log(Object)
Luzhang.ThirdParty.AIActionBackToWork:PerformAction()
MoreMountains.Tools.AIState:PerformActions()
MoreMountains.Tools.AIBrain:Update()

返回工作地区BoltsMake
UnityEngine.Logger:Log(LogType, Object)
UnityEngine.Debug:Log(Object)
Luzhang.ThirdParty.AIActionBackToWork:PerformAction()
MoreMountains.Tools.AIState:PerformActions()
MoreMountains.Tools.AIBrain:Update()

返回工作地区UpgradeCarbonMake
UnityEngine.Logger:Log(LogType, Object)
UnityEngine.Debug:Log(Object)
Luzhang.ThirdParty.AIActionBackToWork:PerformAction()
MoreMountains.Tools.AIState:PerformActions()
MoreMountains.Tools.AIBrain:Update()

返回工作地区CarbonMake
UnityEngine.Logger:Log(LogType, Object)
UnityEngine.Debug:Log(Object)
Luzhang.ThirdParty.AIActionBackToWork:PerformAction()
MoreMountains.Tools.AIState:PerformActions()
MoreMountains.Tools.AIBrain:Update()

返回工作地区GearWheelMake
UnityEngine.Logger:Log(LogType, Object)
UnityEngine.Debug:Log(Object)
Luzhang.ThirdParty.AIActionBackToWork:PerformAction()
MoreMountains.Tools.AIState:PerformActions()
MoreMountains.Tools.AIBrain:Update()

Closest RelaxPoint is at: (-37.32, 0.10, 44.86)
UnityEngine.Logger:Log(LogType, Object)
UnityEngine.Debug:Log(Object)
Luzhang.ThirdParty.AIActionGoToRelax:GetNearstRelaxPoint()
Luzhang.ThirdParty.AIActionGoToRelax:PerformAction()
MoreMountains.Tools.AIState:PerformActions()
MoreMountains.Tools.AIBrain:Update()

返回工作地区LeatherMake
UnityEngine.Logger:Log(LogType, Object)
UnityEngine.Debug:Log(Object)
Luzhang.ThirdParty.AIActionBackToWork:PerformAction()
MoreMountains.Tools.AIState:PerformActions()
MoreMountains.Tools.AIBrain:Update()

返回工作地区LeatherMake
UnityEngine.Logger:Log(LogType, Object)
UnityEngine.Debug:Log(Object)
Luzhang.ThirdParty.AIActionBackToWork:PerformAction()
MoreMountains.Tools.AIState:PerformActions()
MoreMountains.Tools.AIBrain:Update()

返回工作地区LeatherMake
UnityEngine.Logger:Log(LogType, Object)
UnityEngine.Debug:Log(Object)
Luzhang.ThirdParty.AIActionBackToWork:PerformAction()
MoreMountains.Tools.AIState:PerformActions()
MoreMountains.Tools.AIBrain:Update()

返回工作地区LeatherMake
UnityEngine.Logger:Log(LogType, Object)
UnityEngine.Debug:Log(Object)
Luzhang.ThirdParty.AIActionBackToWork:PerformAction()
MoreMountains.Tools.AIState:PerformActions()
MoreMountains.Tools.AIBrain:Update()

返回工作地区LeatherMake
UnityEngine.Logger:Log(LogType, Object)
UnityEngine.Debug:Log(Object)
Luzhang.ThirdParty.AIActionBackToWork:PerformAction()
MoreMountains.Tools.AIState:PerformActions()
MoreMountains.Tools.AIBrain:Update()

返回工作地区LeatherMake
UnityEngine.Logger:Log(LogType, Object)
UnityEngine.Debug:Log(Object)
Luzhang.ThirdParty.AIActionBackToWork:PerformAction()
MoreMountains.Tools.AIState:PerformActions()
MoreMountains.Tools.AIBrain:Update()

返回工作地区Research
UnityEngine.Logger:Log(LogType, Object)
UnityEngine.Debug:Log(Object)
Luzhang.ThirdParty.AIActionBackToWork:PerformAction()
MoreMountains.Tools.AIState:PerformActions()
MoreMountains.Tools.AIBrain:Update()

返回工作地区Research
UnityEngine.Logger:Log(LogType, Object)
UnityEngine.Debug:Log(Object)
Luzhang.ThirdParty.AIActionBackToWork:PerformAction()
MoreMountains.Tools.AIState:PerformActions()
MoreMountains.Tools.AIBrain:Update()

返回工作地区PrintedCircuitMake
UnityEngine.Logger:Log(LogType, Object)
UnityEngine.Debug:Log(Object)
Luzhang.ThirdParty.AIActionBackToWork:PerformAction()
MoreMountains.Tools.AIState:PerformActions()
MoreMountains.Tools.AIBrain:Update()

返回工作地区UpgradePrintedCircuitMake
UnityEngine.Logger:Log(LogType, Object)
UnityEngine.Debug:Log(Object)
Luzhang.ThirdParty.AIActionBackToWork:PerformAction()
MoreMountains.Tools.AIState:PerformActions()
MoreMountains.Tools.AIBrain:Update()

返回工作地区UpgradePrintedCircuitMake
UnityEngine.Logger:Log(LogType, Object)
UnityEngine.Debug:Log(Object)
Luzhang.ThirdParty.AIActionBackToWork:PerformAction()
MoreMountains.Tools.AIState:PerformActions()
MoreMountains.Tools.AIBrain:Update()

未知的按钮类型
UnityEngine.Logger:Log(LogType, Object)
UnityEngine.Debug:Log(Object)
TaffyUIManager:OnMMEvent(ButtonPressedEvent)
MoreMountains.Tools.MMEventManager:TriggerEvent(MMEvent)
ButtonBase:OnButtonPressed()
UnityEngine.Events.UnityEvent:Invoke()
UnityEngine.EventSystems.ExecuteEvents:Execute(GameObject, BaseEventData, EventFunction`1)
UnityEngine.EventSystems.StandaloneInputModule:ReleaseMouse(PointerEventData, GameObject)
UnityEngine.EventSystems.StandaloneInputModule:ProcessMousePress(MouseButtonEventData)
UnityEngine.EventSystems.StandaloneInputModule:ProcessMouseEvent(Int32)
UnityEngine.EventSystems.StandaloneInputModule:Process()
UnityEngine.EventSystems.EventSystem:Update()

返回工作地区PrintedCircuitMake
UnityEngine.Logger:Log(LogType, Object)
UnityEngine.Debug:Log(Object)
Luzhang.ThirdParty.AIActionBackToWork:PerformAction()
MoreMountains.Tools.AIState:PerformActions()
MoreMountains.Tools.AIBrain:Update()

返回工作地区PrintedCircuitMake
UnityEngine.Logger:Log(LogType, Object)
UnityEngine.Debug:Log(Object)
Luzhang.ThirdParty.AIActionBackToWork:PerformAction()
MoreMountains.Tools.AIState:PerformActions()
MoreMountains.Tools.AIBrain:Update()

返回工作地区UpgradeGoldBrickMake
UnityEngine.Logger:Log(LogType, Object)
UnityEngine.Debug:Log(Object)
Luzhang.ThirdParty.AIActionBackToWork:PerformAction()
MoreMountains.Tools.AIState:PerformActions()
MoreMountains.Tools.AIBrain:Update()

返回工作地区TownManage
UnityEngine.Logger:Log(LogType, Object)
UnityEngine.Debug:Log(Object)
Luzhang.ThirdParty.AIActionBackToWork:PerformAction()
MoreMountains.Tools.AIState:PerformActions()
MoreMountains.Tools.AIBrain:Update()

返回工作地区UpgradeGoldBrickMake
UnityEngine.Logger:Log(LogType, Object)
UnityEngine.Debug:Log(Object)
Luzhang.ThirdParty.AIActionBackToWork:PerformAction()
MoreMountains.Tools.AIState:PerformActions()
MoreMountains.Tools.AIBrain:Update()

返回工作地区GoldBrickMake
UnityEngine.Logger:Log(LogType, Object)
UnityEngine.Debug:Log(Object)
Luzhang.ThirdParty.AIActionBackToWork:PerformAction()
MoreMountains.Tools.AIState:PerformActions()
MoreMountains.Tools.AIBrain:Update()

返回工作地区GoldBrickMake
UnityEngine.Logger:Log(LogType, Object)
UnityEngine.Debug:Log(Object)
Luzhang.ThirdParty.AIActionBackToWork:PerformAction()
MoreMountains.Tools.AIState:PerformActions()
MoreMountains.Tools.AIBrain:Update()

返回工作地区GoldBrickMake
UnityEngine.Logger:Log(LogType, Object)
UnityEngine.Debug:Log(Object)
Luzhang.ThirdParty.AIActionBackToWork:PerformAction()
MoreMountains.Tools.AIState:PerformActions()
MoreMountains.Tools.AIBrain:Update()

返回工作地区GoldBrickMake
UnityEngine.Logger:Log(LogType, Object)
UnityEngine.Debug:Log(Object)
Luzhang.ThirdParty.AIActionBackToWork:PerformAction()
MoreMountains.Tools.AIState:PerformActions()
MoreMountains.Tools.AIBrain:Update()

返回工作地区GoldBrickMake
UnityEngine.Logger:Log(LogType, Object)
UnityEngine.Debug:Log(Object)
Luzhang.ThirdParty.AIActionBackToWork:PerformAction()
MoreMountains.Tools.AIState:PerformActions()
MoreMountains.Tools.AIBrain:Update()

返回工作地区GoldBrickMake
UnityEngine.Logger:Log(LogType, Object)
UnityEngine.Debug:Log(Object)
Luzhang.ThirdParty.AIActionBackToWork:PerformAction()
MoreMountains.Tools.AIState:PerformActions()
MoreMountains.Tools.AIBrain:Update()

场景加载完成：MMAdditiveLoadingScreenTaffy
UnityEngine.Logger:Log(LogType, Object)
UnityEngine.Debug:Log(Object)
Luzhang.Manager.AudioSaveManager:OnSceneLoaded(Scene, LoadSceneMode)
UnityEngine.SceneManagement.SceneManager:Internal_SceneLoaded(Scene, LoadSceneMode)

Scanning - Process took 0 ms to complete
UnityEngine.Logger:Log(LogType, Object)
UnityEngine.Debug:Log(Object)
<ScanAsync>d__140:MoveNext()
AstarPath:Scan(NavGraph[])

场景加载完成：StartMenu
UnityEngine.Logger:Log(LogType, Object)
UnityEngine.Debug:Log(Object)
Luzhang.Manager.AudioSaveManager:OnSceneLoaded(Scene, LoadSceneMode)
UnityEngine.SceneManagement.SceneManager:Internal_SceneLoaded(Scene, LoadSceneMode)

BeginAlign:195
UnityEngine.Logger:Log(LogType, Object)
UnityEngine.Debug:Log(Object)
Luzhang.ThirdParty.AIActionRotateToAngleTest:BeginAlign(Single)
Luzhang.ThirdParty.AIActionRotateToAngleTest:OnEnterState()
MoreMountains.Tools.AIState:EnterState()

进入状态Idle
UnityEngine.Logger:Log(LogType, Object)
UnityEngine.Debug:Log(Object)
MoreMountains.Tools.AIState:EnterState()

BeginAlign:195
UnityEngine.Logger:Log(LogType, Object)
UnityEngine.Debug:Log(Object)
Luzhang.ThirdParty.AIActionRotateToAngleTest:BeginAlign(Single)
Luzhang.ThirdParty.AIActionRotateToAngleTest:OnEnterState()
MoreMountains.Tools.AIState:EnterState()

进入状态Idle
UnityEngine.Logger:Log(LogType, Object)
UnityEngine.Debug:Log(Object)
MoreMountains.Tools.AIState:EnterState()

BeginAlign:195
UnityEngine.Logger:Log(LogType, Object)
UnityEngine.Debug:Log(Object)
Luzhang.ThirdParty.AIActionRotateToAngleTest:BeginAlign(Single)
Luzhang.ThirdParty.AIActionRotateToAngleTest:OnEnterState()
MoreMountains.Tools.AIState:EnterState()

进入状态Idle
UnityEngine.Logger:Log(LogType, Object)
UnityEngine.Debug:Log(Object)
MoreMountains.Tools.AIState:EnterState()

BeginAlign:195
UnityEngine.Logger:Log(LogType, Object)
UnityEngine.Debug:Log(Object)
Luzhang.ThirdParty.AIActionRotateToAngleTest:BeginAlign(Single)
Luzhang.ThirdParty.AIActionRotateToAngleTest:OnEnterState()
MoreMountains.Tools.AIState:EnterState()

进入状态Idle
UnityEngine.Logger:Log(LogType, Object)
UnityEngine.Debug:Log(Object)
MoreMountains.Tools.AIState:EnterState()

Path Completed : Computation Time 0.00 ms Searched Nodes 2 Path Length 2
Path Number 1 (unique id)
UnityEngine.Logger:Log(LogType, Object)
UnityEngine.Debug:Log(Object)
AstarPath:<InitializePathProcessor>b__122_1(Path)
Pathfinding.PathProcessor:CalculatePathsThreaded(PathHandler)
System.Threading.ExecutionContext:RunInternal(ExecutionContext, ContextCallback, Object, Boolean)
System.Threading.ExecutionContext:Run(ExecutionContext, ContextCallback, Object)

Path Completed : Computation Time 0.00 ms Searched Nodes 2 Path Length 2
Path Number 2 (unique id)
UnityEngine.Logger:Log(LogType, Object)
UnityEngine.Debug:Log(Object)
AstarPath:<InitializePathProcessor>b__122_1(Path)
Pathfinding.PathProcessor:CalculatePathsThreaded(PathHandler)
System.Threading.ExecutionContext:RunInternal(ExecutionContext, ContextCallback, Object, Boolean)
System.Threading.ExecutionContext:Run(ExecutionContext, ContextCallback, Object)

场景加载完成：MMAdditiveLoadingScreenTaffy
UnityEngine.Logger:Log(LogType, Object)
UnityEngine.Debug:Log(Object)
Luzhang.Manager.AudioSaveManager:OnSceneLoaded(Scene, LoadSceneMode)
UnityEngine.SceneManagement.SceneManager:Internal_SceneLoaded(Scene, LoadSceneMode)

场景加载完成：TheGame
UnityEngine.Logger:Log(LogType, Object)
UnityEngine.Debug:Log(Object)
Luzhang.Manager.AudioSaveManager:OnSceneLoaded(Scene, LoadSceneMode)
UnityEngine.SceneManagement.SceneManager:Internal_SceneLoaded(Scene, LoadSceneMode)

尝试设置工作信息，但是没有找到工作数据
UnityEngine.Logger:Log(LogType, Object)
UnityEngine.Debug:LogError(Object)
Luzhang.UI.InfoPadController:SetResInfo(ZoneData)
Luzhang.Manager.InfoPadManager:OnMMEvent(InfoPadEvent)
MoreMountains.Tools.MMEventManager:TriggerEvent(MMEvent)
Luzhang.Manager.InfoPadEvent:Trigger(Boolean, Vector3, String, ZoneData, Boolean, Boolean, Boolean, Boolean)
Luzhang.Game.WorkBase:OnCursorEnter()
CursorControl:GetInfoPadCollisionTarget()
CursorControl:Update()

场景加载完成：MMAdditiveLoadingScreenTaffy
UnityEngine.Logger:Log(LogType, Object)
UnityEngine.Debug:Log(Object)
Luzhang.Manager.AudioSaveManager:OnSceneLoaded(Scene, LoadSceneMode)
UnityEngine.SceneManagement.SceneManager:Internal_SceneLoaded(Scene, LoadSceneMode)

Scanning - Process took 0 ms to complete
UnityEngine.Logger:Log(LogType, Object)
UnityEngine.Debug:Log(Object)
<ScanAsync>d__140:MoveNext()
AstarPath:Scan(NavGraph[])

场景加载完成：StartMenu
UnityEngine.Logger:Log(LogType, Object)
UnityEngine.Debug:Log(Object)
Luzhang.Manager.AudioSaveManager:OnSceneLoaded(Scene, LoadSceneMode)
UnityEngine.SceneManagement.SceneManager:Internal_SceneLoaded(Scene, LoadSceneMode)

BeginAlign:195
UnityEngine.Logger:Log(LogType, Object)
UnityEngine.Debug:Log(Object)
Luzhang.ThirdParty.AIActionRotateToAngleTest:BeginAlign(Single)
Luzhang.ThirdParty.AIActionRotateToAngleTest:OnEnterState()
MoreMountains.Tools.AIState:EnterState()

进入状态Idle
UnityEngine.Logger:Log(LogType, Object)
UnityEngine.Debug:Log(Object)
MoreMountains.Tools.AIState:EnterState()

BeginAlign:195
UnityEngine.Logger:Log(LogType, Object)
UnityEngine.Debug:Log(Object)
Luzhang.ThirdParty.AIActionRotateToAngleTest:BeginAlign(Single)
Luzhang.ThirdParty.AIActionRotateToAngleTest:OnEnterState()
MoreMountains.Tools.AIState:EnterState()

进入状态Idle
UnityEngine.Logger:Log(LogType, Object)
UnityEngine.Debug:Log(Object)
MoreMountains.Tools.AIState:EnterState()

BeginAlign:195
UnityEngine.Logger:Log(LogType, Object)
UnityEngine.Debug:Log(Object)
Luzhang.ThirdParty.AIActionRotateToAngleTest:BeginAlign(Single)
Luzhang.ThirdParty.AIActionRotateToAngleTest:OnEnterState()
MoreMountains.Tools.AIState:EnterState()

进入状态Idle
UnityEngine.Logger:Log(LogType, Object)
UnityEngine.Debug:Log(Object)
MoreMountains.Tools.AIState:EnterState()

BeginAlign:195
UnityEngine.Logger:Log(LogType, Object)
UnityEngine.Debug:Log(Object)
Luzhang.ThirdParty.AIActionRotateToAngleTest:BeginAlign(Single)
Luzhang.ThirdParty.AIActionRotateToAngleTest:OnEnterState()
MoreMountains.Tools.AIState:EnterState()

进入状态Idle
UnityEngine.Logger:Log(LogType, Object)
UnityEngine.Debug:Log(Object)
MoreMountains.Tools.AIState:EnterState()

场景加载完成：MMAdditiveLoadingScreenTaffyUFO
UnityEngine.Logger:Log(LogType, Object)
UnityEngine.Debug:Log(Object)
Luzhang.Manager.AudioSaveManager:OnSceneLoaded(Scene, LoadSceneMode)
UnityEngine.SceneManagement.SceneManager:Internal_SceneLoaded(Scene, LoadSceneMode)

[UFO Achievement] SetAchievementUFOCustom key=achievement_custom unlocked=true
UnityEngine.Logger:Log(LogType, Object)
UnityEngine.Debug:Log(Object)
AchievementsManager:SetUFOAchievementWithLog(String, String)
Luzhang.Manager.UFOCustomizationManager:SetUpgradeCount(Int32)
Luzhang.Manager.UFOCustomizationManager:Init()

Saved successfully! SavePath = C:/Users/TUAN/AppData/LocalLow/LuzhangGames/GrabTaffy/SaveFile.es3
UnityEngine.Logger:Log(LogType, Object)
UnityEngine.Debug:Log(Object)
Luzhang.Manager.UFOCustomizationManager:ConvertAndSaveData()
Luzhang.Manager.UFOCustomizationManager:Init()

[UFO Achievement] SetAchievementUFOUpgrade key=achievement_upgrade unlocked=true
UnityEngine.Logger:Log(LogType, Object)
UnityEngine.Debug:Log(Object)
AchievementsManager:SetUFOAchievementWithLog(String, String)
Luzhang.Manager.UFOUpgradManager:LoadSaveData()

Scanning - Process took 58 ms to complete
UnityEngine.Logger:Log(LogType, Object)
UnityEngine.Debug:Log(Object)
<ScanAsync>d__140:MoveNext()
AstarPath:Scan(NavGraph[])

场景加载完成：XiaoFile_S
UnityEngine.Logger:Log(LogType, Object)
UnityEngine.Debug:Log(Object)
Luzhang.Manager.AudioSaveManager:OnSceneLoaded(Scene, LoadSceneMode)
UnityEngine.SceneManagement.SceneManager:Internal_SceneLoaded(Scene, LoadSceneMode)

[UFO Achievement] SetAchievementUFOStartGame key=achievement_launch unlocked=true
UnityEngine.Logger:Log(LogType, Object)
UnityEngine.Debug:Log(Object)
AchievementsManager:SetUFOAchievementWithLog(String, String)
Luzhang.Game.UFOController:Start()

(-65.50, -13.80, -74.50) (144.50, -13.80, -74.50) (-65.50, -13.80, 135.50) (144.50, -13.80, 135.50)
UnityEngine.Logger:Log(LogType, Object)
UnityEngine.Debug:Log(Object)
Luzhang.Manager.BorderManager:GetPathGraphBorder()

Path Completed : Computation Time 0.00 ms Searched Nodes 409 Path Length 50
Path Number 1 (unique id)
UnityEngine.Logger:Log(LogType, Object)
UnityEngine.Debug:Log(Object)
AstarPath:<InitializePathProcessor>b__122_1(Path)
Pathfinding.PathProcessor:CalculatePathsThreaded(PathHandler)
System.Threading.ExecutionContext:RunInternal(ExecutionContext, ContextCallback, Object, Boolean)
System.Threading.ExecutionContext:Run(ExecutionContext, ContextCallback, Object)

Scanning - Process took 44 ms to complete
UnityEngine.Logger:Log(LogType, Object)
UnityEngine.Debug:Log(Object)
<ScanAsync>d__140:MoveNext()
AstarPath:Scan(NavGraph[])
Luzhang.Game.UFOController:Update()

Path Completed : Computation Time 0.00 ms Searched Nodes 2337 Path Length 86
Path Number 2 (unique id)
UnityEngine.Logger:Log(LogType, Object)
UnityEngine.Debug:Log(Object)
AstarPath:<InitializePathProcessor>b__122_1(Path)
Pathfinding.PathProcessor:CalculatePathsThreaded(PathHandler)
System.Threading.ExecutionContext:RunInternal(ExecutionContext, ContextCallback, Object, Boolean)
System.Threading.ExecutionContext:Run(ExecutionContext, ContextCallback, Object)

Path Completed : Computation Time 0.00 ms Searched Nodes 358 Path Length 45
Path Number 3 (unique id)
UnityEngine.Logger:Log(LogType, Object)
UnityEngine.Debug:Log(Object)
AstarPath:<InitializePathProcessor>b__122_1(Path)
Pathfinding.PathProcessor:CalculatePathsThreaded(PathHandler)
System.Threading.ExecutionContext:RunInternal(ExecutionContext, ContextCallback, Object, Boolean)
System.Threading.ExecutionContext:Run(ExecutionContext, ContextCallback, Object)

Path Completed : Computation Time 0.00 ms Searched Nodes 683 Path Length 66
Path Number 4 (unique id)
UnityEngine.Logger:Log(LogType, Object)
UnityEngine.Debug:Log(Object)
AstarPath:<InitializePathProcessor>b__122_1(Path)
Pathfinding.PathProcessor:CalculatePathsThreaded(PathHandler)
System.Threading.ExecutionContext:RunInternal(ExecutionContext, ContextCallback, Object, Boolean)
System.Threading.ExecutionContext:Run(ExecutionContext, ContextCallback, Object)

Path Completed : Computation Time 1.19 ms Searched Nodes 1293 Path Length 74
Path Number 5 (unique id)
UnityEngine.Logger:Log(LogType, Object)
UnityEngine.Debug:Log(Object)
AstarPath:<InitializePathProcessor>b__122_1(Path)
Pathfinding.PathProcessor:CalculatePathsThreaded(PathHandler)
System.Threading.ExecutionContext:RunInternal(ExecutionContext, ContextCallback, Object, Boolean)
System.Threading.ExecutionContext:Run(ExecutionContext, ContextCallback, Object)

Path Completed : Computation Time 1.02 ms Searched Nodes 3836 Path Length 163
Path Number 6 (unique id)
UnityEngine.Logger:Log(LogType, Object)
UnityEngine.Debug:Log(Object)
AstarPath:<InitializePathProcessor>b__122_1(Path)
Pathfinding.PathProcessor:CalculatePathsThreaded(PathHandler)
System.Threading.ExecutionContext:RunInternal(ExecutionContext, ContextCallback, Object, Boolean)
System.Threading.ExecutionContext:Run(ExecutionContext, ContextCallback, Object)

Path Completed : Computation Time 1.04 ms Searched Nodes 4574 Path Length 109
Path Number 7 (unique id)
UnityEngine.Logger:Log(LogType, Object)
UnityEngine.Debug:Log(Object)
AstarPath:<InitializePathProcessor>b__122_1(Path)
Pathfinding.PathProcessor:CalculatePathsThreaded(PathHandler)
System.Threading.ExecutionContext:RunInternal(ExecutionContext, ContextCallback, Object, Boolean)
System.Threading.ExecutionContext:Run(ExecutionContext, ContextCallback, Object)

[UFO Achievement] SetAchievementUFOAbsorbTaffy key=achievement_absorb_taffy unlocked=true
UnityEngine.Logger:Log(LogType, Object)
UnityEngine.Debug:Log(Object)
AchievementsManager:SetUFOAchievementWithLog(String, String)
Luzhang.Game.AbsorbableItem:UnlockAchievement()
Luzhang.Game.AbsorbableTaffy:Absorb()
Luzhang.Game.AbsorbableItem:OnTriggerEnter(Collider)

成就achievement_absorb_taffy已获得
UnityEngine.Logger:Log(LogType, Object)
UnityEngine.Debug:Log(Object)
Luzhang.Game.AbsorbableItem:UnlockAchievement()
Luzhang.Game.AbsorbableTaffy:Absorb()
Luzhang.Game.AbsorbableItem:OnTriggerEnter(Collider)

Path Completed : Computation Time 1.01 ms Searched Nodes 5255 Path Length 195
Path Number 8 (unique id)
UnityEngine.Logger:Log(LogType, Object)
UnityEngine.Debug:Log(Object)
AstarPath:<InitializePathProcessor>b__122_1(Path)
Pathfinding.PathProcessor:CalculatePathsThreaded(PathHandler)
System.Threading.ExecutionContext:RunInternal(ExecutionContext, ContextCallback, Object, Boolean)
System.Threading.ExecutionContext:Run(ExecutionContext, ContextCallback, Object)

Path Completed : Computation Time 2.13 ms Searched Nodes 7569 Path Length 178
Path Number 9 (unique id)
UnityEngine.Logger:Log(LogType, Object)
UnityEngine.Debug:Log(Object)
AstarPath:<InitializePathProcessor>b__122_1(Path)
Pathfinding.PathProcessor:CalculatePathsThreaded(PathHandler)
System.Threading.ExecutionContext:RunInternal(ExecutionContext, ContextCallback, Object, Boolean)
System.Threading.ExecutionContext:Run(ExecutionContext, ContextCallback, Object)

Path Completed : Computation Time 0.00 ms Searched Nodes 186 Path Length 85
Path Number 10 (unique id)
UnityEngine.Logger:Log(LogType, Object)
UnityEngine.Debug:Log(Object)
AstarPath:<InitializePathProcessor>b__122_1(Path)
Pathfinding.PathProcessor:CalculatePathsThreaded(PathHandler)
System.Threading.ExecutionContext:RunInternal(ExecutionContext, ContextCallback, Object, Boolean)
System.Threading.ExecutionContext:Run(ExecutionContext, ContextCallback, Object)

Path Completed : Computation Time 1.00 ms Searched Nodes 279 Path Length 39
Path Number 11 (unique id)
UnityEngine.Logger:Log(LogType, Object)
UnityEngine.Debug:Log(Object)
AstarPath:<InitializePathProcessor>b__122_1(Path)
Pathfinding.PathProcessor:CalculatePathsThreaded(PathHandler)
System.Threading.ExecutionContext:RunInternal(ExecutionContext, ContextCallback, Object, Boolean)
System.Threading.ExecutionContext:Run(ExecutionContext, ContextCallback, Object)

Path Completed : Computation Time 0.00 ms Searched Nodes 543 Path Length 60
Path Number 12 (unique id)
UnityEngine.Logger:Log(LogType, Object)
UnityEngine.Debug:Log(Object)
AstarPath:<InitializePathProcessor>b__122_1(Path)
Pathfinding.PathProcessor:CalculatePathsThreaded(PathHandler)
System.Threading.ExecutionContext:RunInternal(ExecutionContext, ContextCallback, Object, Boolean)
System.Threading.ExecutionContext:Run(ExecutionContext, ContextCallback, Object)

Path Completed : Computation Time 2.00 ms Searched Nodes 7324 Path Length 179
Path Number 13 (unique id)
UnityEngine.Logger:Log(LogType, Object)
UnityEngine.Debug:Log(Object)
AstarPath:<InitializePathProcessor>b__122_1(Path)
Pathfinding.PathProcessor:CalculatePathsThreaded(PathHandler)
System.Threading.ExecutionContext:RunInternal(ExecutionContext, ContextCallback, Object, Boolean)
System.Threading.ExecutionContext:Run(ExecutionContext, ContextCallback, Object)

Path Completed : Computation Time 0.00 ms Searched Nodes 1146 Path Length 66
Path Number 14 (unique id)
UnityEngine.Logger:Log(LogType, Object)
UnityEngine.Debug:Log(Object)
AstarPath:<InitializePathProcessor>b__122_1(Path)
Pathfinding.PathProcessor:CalculatePathsThreaded(PathHandler)
System.Threading.ExecutionContext:RunInternal(ExecutionContext, ContextCallback, Object, Boolean)
System.Threading.ExecutionContext:Run(ExecutionContext, ContextCallback, Object)

Path Completed : Computation Time 3.04 ms Searched Nodes 9248 Path Length 212
Path Number 15 (unique id)
UnityEngine.Logger:Log(LogType, Object)
UnityEngine.Debug:Log(Object)
AstarPath:<InitializePathProcessor>b__122_1(Path)
Pathfinding.PathProcessor:CalculatePathsThreaded(PathHandler)
System.Threading.ExecutionContext:RunInternal(ExecutionContext, ContextCallback, Object, Boolean)
System.Threading.ExecutionContext:Run(ExecutionContext, ContextCallback, Object)

Path Completed : Computation Time 1.03 ms Searched Nodes 4475 Path Length 121
Path Number 16 (unique id)
UnityEngine.Logger:Log(LogType, Object)
UnityEngine.Debug:Log(Object)
AstarPath:<InitializePathProcessor>b__122_1(Path)
Pathfinding.PathProcessor:CalculatePathsThreaded(PathHandler)
System.Threading.ExecutionContext:RunInternal(ExecutionContext, ContextCallback, Object, Boolean)
System.Threading.ExecutionContext:Run(ExecutionContext, ContextCallback, Object)

Path Completed : Computation Time 0.00 ms Searched Nodes 114 Path Length 20
Path Number 17 (unique id)
UnityEngine.Logger:Log(LogType, Object)
UnityEngine.Debug:Log(Object)
AstarPath:<InitializePathProcessor>b__122_1(Path)
Pathfinding.PathProcessor:CalculatePathsThreaded(PathHandler)
System.Threading.ExecutionContext:RunInternal(ExecutionContext, ContextCallback, Object, Boolean)
System.Threading.ExecutionContext:Run(ExecutionContext, ContextCallback, Object)

Path Completed : Computation Time 1.00 ms Searched Nodes 3229 Path Length 156
Path Number 18 (unique id)
UnityEngine.Logger:Log(LogType, Object)
UnityEngine.Debug:Log(Object)
AstarPath:<InitializePathProcessor>b__122_1(Path)
Pathfinding.PathProcessor:CalculatePathsThreaded(PathHandler)
System.Threading.ExecutionContext:RunInternal(ExecutionContext, ContextCallback, Object, Boolean)
System.Threading.ExecutionContext:Run(ExecutionContext, ContextCallback, Object)

Path Completed : Computation Time 1.01 ms Searched Nodes 4150 Path Length 104
Path Number 19 (unique id)
UnityEngine.Logger:Log(LogType, Object)
UnityEngine.Debug:Log(Object)
AstarPath:<InitializePathProcessor>b__122_1(Path)
Pathfinding.PathProcessor:CalculatePathsThreaded(PathHandler)
System.Threading.ExecutionContext:RunInternal(ExecutionContext, ContextCallback, Object, Boolean)
System.Threading.ExecutionContext:Run(ExecutionContext, ContextCallback, Object)

Path Completed : Computation Time 1.00 ms Searched Nodes 5116 Path Length 189
Path Number 20 (unique id)
UnityEngine.Logger:Log(LogType, Object)
UnityEngine.Debug:Log(Object)
AstarPath:<InitializePathProcessor>b__122_1(Path)
Pathfinding.PathProcessor:CalculatePathsThreaded(PathHandler)
System.Threading.ExecutionContext:RunInternal(ExecutionContext, ContextCallback, Object, Boolean)
System.Threading.ExecutionContext:Run(ExecutionContext, ContextCallback, Object)

Path Completed : Computation Time 1.21 ms Searched Nodes 7372 Path Length 170
Path Number 21 (unique id)
UnityEngine.Logger:Log(LogType, Object)
UnityEngine.Debug:Log(Object)
AstarPath:<InitializePathProcessor>b__122_1(Path)
Pathfinding.PathProcessor:CalculatePathsThreaded(PathHandler)
System.Threading.ExecutionContext:RunInternal(ExecutionContext, ContextCallback, Object, Boolean)
System.Threading.ExecutionContext:Run(ExecutionContext, ContextCallback, Object)

Path Completed : Computation Time 0.00 ms Searched Nodes 164 Path Length 77
Path Number 22 (unique id)
UnityEngine.Logger:Log(LogType, Object)
UnityEngine.Debug:Log(Object)
AstarPath:<InitializePathProcessor>b__122_1(Path)
Pathfinding.PathProcessor:CalculatePathsThreaded(PathHandler)
System.Threading.ExecutionContext:RunInternal(ExecutionContext, ContextCallback, Object, Boolean)
System.Threading.ExecutionContext:Run(ExecutionContext, ContextCallback, Object)

Path Completed : Computation Time 0.00 ms Searched Nodes 226 Path Length 33
Path Number 23 (unique id)
UnityEngine.Logger:Log(LogType, Object)
UnityEngine.Debug:Log(Object)
AstarPath:<InitializePathProcessor>b__122_1(Path)
Pathfinding.PathProcessor:CalculatePathsThreaded(PathHandler)
System.Threading.ExecutionContext:RunInternal(ExecutionContext, ContextCallback, Object, Boolean)
System.Threading.ExecutionContext:Run(ExecutionContext, ContextCallback, Object)

Path Completed : Computation Time 0.00 ms Searched Nodes 411 Path Length 54
Path Number 24 (unique id)
UnityEngine.Logger:Log(LogType, Object)
UnityEngine.Debug:Log(Object)
AstarPath:<InitializePathProcessor>b__122_1(Path)
Pathfinding.PathProcessor:CalculatePathsThreaded(PathHandler)
System.Threading.ExecutionContext:RunInternal(ExecutionContext, ContextCallback, Object, Boolean)
System.Threading.ExecutionContext:Run(ExecutionContext, ContextCallback, Object)

Path Completed : Computation Time 1.02 ms Searched Nodes 6495 Path Length 172
Path Number 25 (unique id)
UnityEngine.Logger:Log(LogType, Object)
UnityEngine.Debug:Log(Object)
AstarPath:<InitializePathProcessor>b__122_1(Path)
Pathfinding.PathProcessor:CalculatePathsThreaded(PathHandler)
System.Threading.ExecutionContext:RunInternal(ExecutionContext, ContextCallback, Object, Boolean)
System.Threading.ExecutionContext:Run(ExecutionContext, ContextCallback, Object)

Path Completed : Computation Time 1.05 ms Searched Nodes 934 Path Length 58
Path Number 26 (unique id)
UnityEngine.Logger:Log(LogType, Object)
UnityEngine.Debug:Log(Object)
AstarPath:<InitializePathProcessor>b__122_1(Path)
Pathfinding.PathProcessor:CalculatePathsThreaded(PathHandler)
System.Threading.ExecutionContext:RunInternal(ExecutionContext, ContextCallback, Object, Boolean)
System.Threading.ExecutionContext:Run(ExecutionContext, ContextCallback, Object)

Path Completed : Computation Time 2.26 ms Searched Nodes 9137 Path Length 207
Path Number 27 (unique id)
UnityEngine.Logger:Log(LogType, Object)
UnityEngine.Debug:Log(Object)
AstarPath:<InitializePathProcessor>b__122_1(Path)
Pathfinding.PathProcessor:CalculatePathsThreaded(PathHandler)
System.Threading.ExecutionContext:RunInternal(ExecutionContext, ContextCallback, Object, Boolean)
System.Threading.ExecutionContext:Run(ExecutionContext, ContextCallback, Object)

Path Completed : Computation Time 0.60 ms Searched Nodes 4327 Path Length 115
Path Number 28 (unique id)
UnityEngine.Logger:Log(LogType, Object)
UnityEngine.Debug:Log(Object)
AstarPath:<InitializePathProcessor>b__122_1(Path)
Pathfinding.PathProcessor:CalculatePathsThreaded(PathHandler)
System.Threading.ExecutionContext:RunInternal(ExecutionContext, ContextCallback, Object, Boolean)
System.Threading.ExecutionContext:Run(ExecutionContext, ContextCallback, Object)

Path Completed : Computation Time 0.00 ms Searched Nodes 53 Path Length 13
Path Number 29 (unique id)
UnityEngine.Logger:Log(LogType, Object)
UnityEngine.Debug:Log(Object)
AstarPath:<InitializePathProcessor>b__122_1(Path)
Pathfinding.PathProcessor:CalculatePathsThreaded(PathHandler)
System.Threading.ExecutionContext:RunInternal(ExecutionContext, ContextCallback, Object, Boolean)
System.Threading.ExecutionContext:Run(ExecutionContext, ContextCallback, Object)

Scanning - Process took 43 ms to complete
UnityEngine.Logger:Log(LogType, Object)
UnityEngine.Debug:Log(Object)
<ScanAsync>d__140:MoveNext()
AstarPath:Scan(NavGraph[])
Luzhang.Game.UFOController:Update()

Path Completed : Computation Time 0.00 ms Searched Nodes 2841 Path Length 148
Path Number 30 (unique id)
UnityEngine.Logger:Log(LogType, Object)
UnityEngine.Debug:Log(Object)
AstarPath:<InitializePathProcessor>b__122_1(Path)
Pathfinding.PathProcessor:CalculatePathsThreaded(PathHandler)
System.Threading.ExecutionContext:RunInternal(ExecutionContext, ContextCallback, Object, Boolean)
System.Threading.ExecutionContext:Run(ExecutionContext, ContextCallback, Object)

Path Completed : Computation Time 1.01 ms Searched Nodes 3319 Path Length 96
Path Number 31 (unique id)
UnityEngine.Logger:Log(LogType, Object)
UnityEngine.Debug:Log(Object)
AstarPath:<InitializePathProcessor>b__122_1(Path)
Pathfinding.PathProcessor:CalculatePathsThreaded(PathHandler)
System.Threading.ExecutionContext:RunInternal(ExecutionContext, ContextCallback, Object, Boolean)
System.Threading.ExecutionContext:Run(ExecutionContext, ContextCallback, Object)

Path Completed : Computation Time 1.01 ms Searched Nodes 4653 Path Length 181
Path Number 32 (unique id)
UnityEngine.Logger:Log(LogType, Object)
UnityEngine.Debug:Log(Object)
AstarPath:<InitializePathProcessor>b__122_1(Path)
Pathfinding.PathProcessor:CalculatePathsThreaded(PathHandler)
System.Threading.ExecutionContext:RunInternal(ExecutionContext, ContextCallback, Object, Boolean)
System.Threading.ExecutionContext:Run(ExecutionContext, ContextCallback, Object)

Path Completed : Computation Time 2.01 ms Searched Nodes 6959 Path Length 162
Path Number 33 (unique id)
UnityEngine.Logger:Log(LogType, Object)
UnityEngine.Debug:Log(Object)
AstarPath:<InitializePathProcessor>b__122_1(Path)
Pathfinding.PathProcessor:CalculatePathsThreaded(PathHandler)
System.Threading.ExecutionContext:RunInternal(ExecutionContext, ContextCallback, Object, Boolean)
System.Threading.ExecutionContext:Run(ExecutionContext, ContextCallback, Object)

Path Completed : Computation Time 0.00 ms Searched Nodes 140 Path Length 69
Path Number 34 (unique id)
UnityEngine.Logger:Log(LogType, Object)
UnityEngine.Debug:Log(Object)
AstarPath:<InitializePathProcessor>b__122_1(Path)
Pathfinding.PathProcessor:CalculatePathsThreaded(PathHandler)
System.Threading.ExecutionContext:RunInternal(ExecutionContext, ContextCallback, Object, Boolean)
System.Threading.ExecutionContext:Run(ExecutionContext, ContextCallback, Object)

[UFO Achievement] SetAchievementUFOAbsorbTaffy key=achievement_absorb_taffy unlocked=true
UnityEngine.Logger:Log(LogType, Object)
UnityEngine.Debug:Log(Object)
AchievementsManager:SetUFOAchievementWithLog(String, String)
Luzhang.Game.AbsorbableItem:UnlockAchievement()
Luzhang.Game.AbsorbableTaffy:Absorb()
Luzhang.Game.AbsorbableItem:OnTriggerEnter(Collider)

成就achievement_absorb_taffy已获得
UnityEngine.Logger:Log(LogType, Object)
UnityEngine.Debug:Log(Object)
Luzhang.Game.AbsorbableItem:UnlockAchievement()
Luzhang.Game.AbsorbableTaffy:Absorb()
Luzhang.Game.AbsorbableItem:OnTriggerEnter(Collider)

Path Completed : Computation Time 0.00 ms Searched Nodes 168 Path Length 27
Path Number 35 (unique id)
UnityEngine.Logger:Log(LogType, Object)
UnityEngine.Debug:Log(Object)
AstarPath:<InitializePathProcessor>b__122_1(Path)
Pathfinding.PathProcessor:CalculatePathsThreaded(PathHandler)
System.Threading.ExecutionContext:RunInternal(ExecutionContext, ContextCallback, Object, Boolean)
System.Threading.ExecutionContext:Run(ExecutionContext, ContextCallback, Object)

Path Completed : Computation Time 0.00 ms Searched Nodes 301 Path Length 48
Path Number 36 (unique id)
UnityEngine.Logger:Log(LogType, Object)
UnityEngine.Debug:Log(Object)
AstarPath:<InitializePathProcessor>b__122_1(Path)
Pathfinding.PathProcessor:CalculatePathsThreaded(PathHandler)
System.Threading.ExecutionContext:RunInternal(ExecutionContext, ContextCallback, Object, Boolean)
System.Threading.ExecutionContext:Run(ExecutionContext, ContextCallback, Object)

Path Completed : Computation Time 1.15 ms Searched Nodes 4857 Path Length 157
Path Number 37 (unique id)
UnityEngine.Logger:Log(LogType, Object)
UnityEngine.Debug:Log(Object)
AstarPath:<InitializePathProcessor>b__122_1(Path)
Pathfinding.PathProcessor:CalculatePathsThreaded(PathHandler)
System.Threading.ExecutionContext:RunInternal(ExecutionContext, ContextCallback, Object, Boolean)
System.Threading.ExecutionContext:Run(ExecutionContext, ContextCallback, Object)

Path Completed : Computation Time 0.00 ms Searched Nodes 654 Path Length 50
Path Number 38 (unique id)
UnityEngine.Logger:Log(LogType, Object)
UnityEngine.Debug:Log(Object)
AstarPath:<InitializePathProcessor>b__122_1(Path)
Pathfinding.PathProcessor:CalculatePathsThreaded(PathHandler)
System.Threading.ExecutionContext:RunInternal(ExecutionContext, ContextCallback, Object, Boolean)
System.Threading.ExecutionContext:Run(ExecutionContext, ContextCallback, Object)

Path Completed : Computation Time 2.37 ms Searched Nodes 8875 Path Length 200
Path Number 39 (unique id)
UnityEngine.Logger:Log(LogType, Object)
UnityEngine.Debug:Log(Object)
AstarPath:<InitializePathProcessor>b__122_1(Path)
Pathfinding.PathProcessor:CalculatePathsThreaded(PathHandler)
System.Threading.ExecutionContext:RunInternal(ExecutionContext, ContextCallback, Object, Boolean)
System.Threading.ExecutionContext:Run(ExecutionContext, ContextCallback, Object)

Path Completed : Computation Time 0.00 ms Searched Nodes 11 Path Length 6
Path Number 40 (unique id)
UnityEngine.Logger:Log(LogType, Object)
UnityEngine.Debug:Log(Object)
AstarPath:<InitializePathProcessor>b__122_1(Path)
Pathfinding.PathProcessor:CalculatePathsThreaded(PathHandler)
System.Threading.ExecutionContext:RunInternal(ExecutionContext, ContextCallback, Object, Boolean)
System.Threading.ExecutionContext:Run(ExecutionContext, ContextCallback, Object)

Path Completed : Computation Time 0.00 ms Searched Nodes 2467 Path Length 140
Path Number 41 (unique id)
UnityEngine.Logger:Log(LogType, Object)
UnityEngine.Debug:Log(Object)
AstarPath:<InitializePathProcessor>b__122_1(Path)
Pathfinding.PathProcessor:CalculatePathsThreaded(PathHandler)
System.Threading.ExecutionContext:RunInternal(ExecutionContext, ContextCallback, Object, Boolean)
System.Threading.ExecutionContext:Run(ExecutionContext, ContextCallback, Object)

Path Completed : Computation Time 1.01 ms Searched Nodes 2944 Path Length 91
Path Number 42 (unique id)
UnityEngine.Logger:Log(LogType, Object)
UnityEngine.Debug:Log(Object)
AstarPath:<InitializePathProcessor>b__122_1(Path)
Pathfinding.PathProcessor:CalculatePathsThreaded(PathHandler)
System.Threading.ExecutionContext:RunInternal(ExecutionContext, ContextCallback, Object, Boolean)
System.Threading.ExecutionContext:Run(ExecutionContext, ContextCallback, Object)

Path Completed : Computation Time 1.03 ms Searched Nodes 4435 Path Length 175
Path Number 43 (unique id)
UnityEngine.Logger:Log(LogType, Object)
UnityEngine.Debug:Log(Object)
AstarPath:<InitializePathProcessor>b__122_1(Path)
Pathfinding.PathProcessor:CalculatePathsThreaded(PathHandler)
System.Threading.ExecutionContext:RunInternal(ExecutionContext, ContextCallback, Object, Boolean)
System.Threading.ExecutionContext:Run(ExecutionContext, ContextCallback, Object)

Path Completed : Computation Time 1.59 ms Searched Nodes 6367 Path Length 154
Path Number 44 (unique id)
UnityEngine.Logger:Log(LogType, Object)
UnityEngine.Debug:Log(Object)
AstarPath:<InitializePathProcessor>b__122_1(Path)
Pathfinding.PathProcessor:CalculatePathsThreaded(PathHandler)
System.Threading.ExecutionContext:RunInternal(ExecutionContext, ContextCallback, Object, Boolean)
System.Threading.ExecutionContext:Run(ExecutionContext, ContextCallback, Object)

Path Completed : Computation Time 0.00 ms Searched Nodes 116 Path Length 61
Path Number 45 (unique id)
UnityEngine.Logger:Log(LogType, Object)
UnityEngine.Debug:Log(Object)
AstarPath:<InitializePathProcessor>b__122_1(Path)
Pathfinding.PathProcessor:CalculatePathsThreaded(PathHandler)
System.Threading.ExecutionContext:RunInternal(ExecutionContext, ContextCallback, Object, Boolean)
System.Threading.ExecutionContext:Run(ExecutionContext, ContextCallback, Object)

Path Completed : Computation Time 0.00 ms Searched Nodes 126 Path Length 22
Path Number 46 (unique id)
UnityEngine.Logger:Log(LogType, Object)
UnityEngine.Debug:Log(Object)
AstarPath:<InitializePathProcessor>b__122_1(Path)
Pathfinding.PathProcessor:CalculatePathsThreaded(PathHandler)
System.Threading.ExecutionContext:RunInternal(ExecutionContext, ContextCallback, Object, Boolean)
System.Threading.ExecutionContext:Run(ExecutionContext, ContextCallback, Object)

Path Completed : Computation Time 0.00 ms Searched Nodes 998 Path Length 81
Path Number 47 (unique id)
UnityEngine.Logger:Log(LogType, Object)
UnityEngine.Debug:Log(Object)
AstarPath:<InitializePathProcessor>b__122_1(Path)
Pathfinding.PathProcessor:CalculatePathsThreaded(PathHandler)
System.Threading.ExecutionContext:RunInternal(ExecutionContext, ContextCallback, Object, Boolean)
System.Threading.ExecutionContext:Run(ExecutionContext, ContextCallback, Object)

Path Completed : Computation Time 0.00 ms Searched Nodes 239 Path Length 42
Path Number 48 (unique id)
UnityEngine.Logger:Log(LogType, Object)
UnityEngine.Debug:Log(Object)
AstarPath:<InitializePathProcessor>b__122_1(Path)
Pathfinding.PathProcessor:CalculatePathsThreaded(PathHandler)
System.Threading.ExecutionContext:RunInternal(ExecutionContext, ContextCallback, Object, Boolean)
System.Threading.ExecutionContext:Run(ExecutionContext, ContextCallback, Object)

Scanning - Process took 47 ms to complete
UnityEngine.Logger:Log(LogType, Object)
UnityEngine.Debug:Log(Object)
<ScanAsync>d__140:MoveNext()
AstarPath:Scan(NavGraph[])
Luzhang.Game.UFOController:Update()

Path Completed : Computation Time 1.00 ms Searched Nodes 4566 Path Length 150
Path Number 49 (unique id)
UnityEngine.Logger:Log(LogType, Object)
UnityEngine.Debug:Log(Object)
AstarPath:<InitializePathProcessor>b__122_1(Path)
Pathfinding.PathProcessor:CalculatePathsThreaded(PathHandler)
System.Threading.ExecutionContext:RunInternal(ExecutionContext, ContextCallback, Object, Boolean)
System.Threading.ExecutionContext:Run(ExecutionContext, ContextCallback, Object)

Path Completed : Computation Time 0.00 ms Searched Nodes 465 Path Length 43
Path Number 50 (unique id)
UnityEngine.Logger:Log(LogType, Object)
UnityEngine.Debug:Log(Object)
AstarPath:<InitializePathProcessor>b__122_1(Path)
Pathfinding.PathProcessor:CalculatePathsThreaded(PathHandler)
System.Threading.ExecutionContext:RunInternal(ExecutionContext, ContextCallback, Object, Boolean)
System.Threading.ExecutionContext:Run(ExecutionContext, ContextCallback, Object)

Path Completed : Computation Time 2.01 ms Searched Nodes 8551 Path Length 193
Path Number 51 (unique id)
UnityEngine.Logger:Log(LogType, Object)
UnityEngine.Debug:Log(Object)
AstarPath:<InitializePathProcessor>b__122_1(Path)
Pathfinding.PathProcessor:CalculatePathsThreaded(PathHandler)
System.Threading.ExecutionContext:RunInternal(ExecutionContext, ContextCallback, Object, Boolean)
System.Threading.ExecutionContext:Run(ExecutionContext, ContextCallback, Object)

[UFO Achievement] SetAchievementUFOAbsorbTaffy key=achievement_absorb_taffy unlocked=true
UnityEngine.Logger:Log(LogType, Object)
UnityEngine.Debug:Log(Object)
AchievementsManager:SetUFOAchievementWithLog(String, String)
Luzhang.Game.AbsorbableItem:UnlockAchievement()
Luzhang.Game.AbsorbableTaffy:Absorb()
Luzhang.Game.AbsorbableItem:OnTriggerEnter(Collider)

成就achievement_absorb_taffy已获得
UnityEngine.Logger:Log(LogType, Object)
UnityEngine.Debug:Log(Object)
Luzhang.Game.AbsorbableItem:UnlockAchievement()
Luzhang.Game.AbsorbableTaffy:Absorb()
Luzhang.Game.AbsorbableItem:OnTriggerEnter(Collider)

Path Completed : Computation Time 1.00 ms Searched Nodes 1949 Path Length 133
Path Number 52 (unique id)
UnityEngine.Logger:Log(LogType, Object)
UnityEngine.Debug:Log(Object)
AstarPath:<InitializePathProcessor>b__122_1(Path)
Pathfinding.PathProcessor:CalculatePathsThreaded(PathHandler)
System.Threading.ExecutionContext:RunInternal(ExecutionContext, ContextCallback, Object, Boolean)
System.Threading.ExecutionContext:Run(ExecutionContext, ContextCallback, Object)

Path Completed : Computation Time 1.00 ms Searched Nodes 2521 Path Length 85
Path Number 53 (unique id)
UnityEngine.Logger:Log(LogType, Object)
UnityEngine.Debug:Log(Object)
AstarPath:<InitializePathProcessor>b__122_1(Path)
Pathfinding.PathProcessor:CalculatePathsThreaded(PathHandler)
System.Threading.ExecutionContext:RunInternal(ExecutionContext, ContextCallback, Object, Boolean)
System.Threading.ExecutionContext:Run(ExecutionContext, ContextCallback, Object)

Path Completed : Computation Time 1.03 ms Searched Nodes 3989 Path Length 168
Path Number 54 (unique id)
UnityEngine.Logger:Log(LogType, Object)
UnityEngine.Debug:Log(Object)
AstarPath:<InitializePathProcessor>b__122_1(Path)
Pathfinding.PathProcessor:CalculatePathsThreaded(PathHandler)
System.Threading.ExecutionContext:RunInternal(ExecutionContext, ContextCallback, Object, Boolean)
System.Threading.ExecutionContext:Run(ExecutionContext, ContextCallback, Object)

Path Completed : Computation Time 1.01 ms Searched Nodes 5701 Path Length 146
Path Number 55 (unique id)
UnityEngine.Logger:Log(LogType, Object)
UnityEngine.Debug:Log(Object)
AstarPath:<InitializePathProcessor>b__122_1(Path)
Pathfinding.PathProcessor:CalculatePathsThreaded(PathHandler)
System.Threading.ExecutionContext:RunInternal(ExecutionContext, ContextCallback, Object, Boolean)
System.Threading.ExecutionContext:Run(ExecutionContext, ContextCallback, Object)

Path Completed : Computation Time 0.00 ms Searched Nodes 92 Path Length 53
Path Number 56 (unique id)
UnityEngine.Logger:Log(LogType, Object)
UnityEngine.Debug:Log(Object)
AstarPath:<InitializePathProcessor>b__122_1(Path)
Pathfinding.PathProcessor:CalculatePathsThreaded(PathHandler)
System.Threading.ExecutionContext:RunInternal(ExecutionContext, ContextCallback, Object, Boolean)
System.Threading.ExecutionContext:Run(ExecutionContext, ContextCallback, Object)

Path Completed : Computation Time 0.00 ms Searched Nodes 74 Path Length 16
Path Number 57 (unique id)
UnityEngine.Logger:Log(LogType, Object)
UnityEngine.Debug:Log(Object)
AstarPath:<InitializePathProcessor>b__122_1(Path)
Pathfinding.PathProcessor:CalculatePathsThreaded(PathHandler)
System.Threading.ExecutionContext:RunInternal(ExecutionContext, ContextCallback, Object, Boolean)
System.Threading.ExecutionContext:Run(ExecutionContext, ContextCallback, Object)

Path Completed : Computation Time 0.00 ms Searched Nodes 199 Path Length 34
Path Number 58 (unique id)
UnityEngine.Logger:Log(LogType, Object)
UnityEngine.Debug:Log(Object)
AstarPath:<InitializePathProcessor>b__122_1(Path)
Pathfinding.PathProcessor:CalculatePathsThreaded(PathHandler)
System.Threading.ExecutionContext:RunInternal(ExecutionContext, ContextCallback, Object, Boolean)
System.Threading.ExecutionContext:Run(ExecutionContext, ContextCallback, Object)

Path Completed : Computation Time 1.05 ms Searched Nodes 4089 Path Length 143
Path Number 59 (unique id)
UnityEngine.Logger:Log(LogType, Object)
UnityEngine.Debug:Log(Object)
AstarPath:<InitializePathProcessor>b__122_1(Path)
Pathfinding.PathProcessor:CalculatePathsThreaded(PathHandler)
System.Threading.ExecutionContext:RunInternal(ExecutionContext, ContextCallback, Object, Boolean)
System.Threading.ExecutionContext:Run(ExecutionContext, ContextCallback, Object)

Path Completed : Computation Time 0.00 ms Searched Nodes 331 Path Length 37
Path Number 60 (unique id)
UnityEngine.Logger:Log(LogType, Object)
UnityEngine.Debug:Log(Object)
AstarPath:<InitializePathProcessor>b__122_1(Path)
Pathfinding.PathProcessor:CalculatePathsThreaded(PathHandler)
System.Threading.ExecutionContext:RunInternal(ExecutionContext, ContextCallback, Object, Boolean)
System.Threading.ExecutionContext:Run(ExecutionContext, ContextCallback, Object)

Scanning - Process took 48 ms to complete
UnityEngine.Logger:Log(LogType, Object)
UnityEngine.Debug:Log(Object)
<ScanAsync>d__140:MoveNext()
AstarPath:Scan(NavGraph[])
Luzhang.Game.UFOController:Update()

Path Completed : Computation Time 2.03 ms Searched Nodes 7880 Path Length 187
Path Number 61 (unique id)
UnityEngine.Logger:Log(LogType, Object)
UnityEngine.Debug:Log(Object)
AstarPath:<InitializePathProcessor>b__122_1(Path)
Pathfinding.PathProcessor:CalculatePathsThreaded(PathHandler)
System.Threading.ExecutionContext:RunInternal(ExecutionContext, ContextCallback, Object, Boolean)
System.Threading.ExecutionContext:Run(ExecutionContext, ContextCallback, Object)

Path Completed : Computation Time 0.00 ms Searched Nodes 1717 Path Length 125
Path Number 62 (unique id)
UnityEngine.Logger:Log(LogType, Object)
UnityEngine.Debug:Log(Object)
AstarPath:<InitializePathProcessor>b__122_1(Path)
Pathfinding.PathProcessor:CalculatePathsThreaded(PathHandler)
System.Threading.ExecutionContext:RunInternal(ExecutionContext, ContextCallback, Object, Boolean)
System.Threading.ExecutionContext:Run(ExecutionContext, ContextCallback, Object)

Path Completed : Computation Time 0.00 ms Searched Nodes 2131 Path Length 79
Path Number 63 (unique id)
UnityEngine.Logger:Log(LogType, Object)
UnityEngine.Debug:Log(Object)
AstarPath:<InitializePathProcessor>b__122_1(Path)
Pathfinding.PathProcessor:CalculatePathsThreaded(PathHandler)
System.Threading.ExecutionContext:RunInternal(ExecutionContext, ContextCallback, Object, Boolean)
System.Threading.ExecutionContext:Run(ExecutionContext, ContextCallback, Object)

Path Completed : Computation Time 1.06 ms Searched Nodes 3692 Path Length 163
Path Number 64 (unique id)
UnityEngine.Logger:Log(LogType, Object)
UnityEngine.Debug:Log(Object)
AstarPath:<InitializePathProcessor>b__122_1(Path)
Pathfinding.PathProcessor:CalculatePathsThreaded(PathHandler)
System.Threading.ExecutionContext:RunInternal(ExecutionContext, ContextCallback, Object, Boolean)
System.Threading.ExecutionContext:Run(ExecutionContext, ContextCallback, Object)

[UFO Achievement] SetAchievementUFOAbsorbTaffy key=achievement_absorb_taffy unlocked=true
UnityEngine.Logger:Log(LogType, Object)
UnityEngine.Debug:Log(Object)
AchievementsManager:SetUFOAchievementWithLog(String, String)
Luzhang.Game.AbsorbableItem:UnlockAchievement()
Luzhang.Game.AbsorbableTaffy:Absorb()
Luzhang.Game.AbsorbableItem:OnTriggerEnter(Collider)

成就achievement_absorb_taffy已获得
UnityEngine.Logger:Log(LogType, Object)
UnityEngine.Debug:Log(Object)
Luzhang.Game.AbsorbableItem:UnlockAchievement()
Luzhang.Game.AbsorbableTaffy:Absorb()
Luzhang.Game.AbsorbableItem:OnTriggerEnter(Collider)

Path Completed : Computation Time 0.00 ms Searched Nodes 5064 Path Length 138
Path Number 65 (unique id)
UnityEngine.Logger:Log(LogType, Object)
UnityEngine.Debug:Log(Object)
AstarPath:<InitializePathProcessor>b__122_1(Path)
Pathfinding.PathProcessor:CalculatePathsThreaded(PathHandler)
System.Threading.ExecutionContext:RunInternal(ExecutionContext, ContextCallback, Object, Boolean)
System.Threading.ExecutionContext:Run(ExecutionContext, ContextCallback, Object)

Path Completed : Computation Time 0.00 ms Searched Nodes 69 Path Length 45
Path Number 66 (unique id)
UnityEngine.Logger:Log(LogType, Object)
UnityEngine.Debug:Log(Object)
AstarPath:<InitializePathProcessor>b__122_1(Path)
Pathfinding.PathProcessor:CalculatePathsThreaded(PathHandler)
System.Threading.ExecutionContext:RunInternal(ExecutionContext, ContextCallback, Object, Boolean)
System.Threading.ExecutionContext:Run(ExecutionContext, ContextCallback, Object)

Path Completed : Computation Time 0.00 ms Searched Nodes 36 Path Length 10
Path Number 67 (unique id)
UnityEngine.Logger:Log(LogType, Object)
UnityEngine.Debug:Log(Object)
AstarPath:<InitializePathProcessor>b__122_1(Path)
Pathfinding.PathProcessor:CalculatePathsThreaded(PathHandler)
System.Threading.ExecutionContext:RunInternal(ExecutionContext, ContextCallback, Object, Boolean)
System.Threading.ExecutionContext:Run(ExecutionContext, ContextCallback, Object)

Path Completed : Computation Time 1.03 ms Searched Nodes 2227 Path Length 77
Path Number 68 (unique id)
UnityEngine.Logger:Log(LogType, Object)
UnityEngine.Debug:Log(Object)
AstarPath:<InitializePathProcessor>b__122_1(Path)
Pathfinding.PathProcessor:CalculatePathsThreaded(PathHandler)
System.Threading.ExecutionContext:RunInternal(ExecutionContext, ContextCallback, Object, Boolean)
System.Threading.ExecutionContext:Run(ExecutionContext, ContextCallback, Object)

Path Completed : Computation Time 0.00 ms Searched Nodes 3602 Path Length 137
Path Number 69 (unique id)
UnityEngine.Logger:Log(LogType, Object)
UnityEngine.Debug:Log(Object)
AstarPath:<InitializePathProcessor>b__122_1(Path)
Pathfinding.PathProcessor:CalculatePathsThreaded(PathHandler)
System.Threading.ExecutionContext:RunInternal(ExecutionContext, ContextCallback, Object, Boolean)
System.Threading.ExecutionContext:Run(ExecutionContext, ContextCallback, Object)

Path Completed : Computation Time 0.00 ms Searched Nodes 220 Path Length 31
Path Number 70 (unique id)
UnityEngine.Logger:Log(LogType, Object)
UnityEngine.Debug:Log(Object)
AstarPath:<InitializePathProcessor>b__122_1(Path)
Pathfinding.PathProcessor:CalculatePathsThreaded(PathHandler)
System.Threading.ExecutionContext:RunInternal(ExecutionContext, ContextCallback, Object, Boolean)
System.Threading.ExecutionContext:Run(ExecutionContext, ContextCallback, Object)

Path Completed : Computation Time 1.01 ms Searched Nodes 7194 Path Length 181
Path Number 71 (unique id)
UnityEngine.Logger:Log(LogType, Object)
UnityEngine.Debug:Log(Object)
AstarPath:<InitializePathProcessor>b__122_1(Path)
Pathfinding.PathProcessor:CalculatePathsThreaded(PathHandler)
System.Threading.ExecutionContext:RunInternal(ExecutionContext, ContextCallback, Object, Boolean)
System.Threading.ExecutionContext:Run(ExecutionContext, ContextCallback, Object)

Scanning - Process took 44 ms to complete
UnityEngine.Logger:Log(LogType, Object)
UnityEngine.Debug:Log(Object)
<ScanAsync>d__140:MoveNext()
AstarPath:Scan(NavGraph[])
Luzhang.Game.UFOController:Update()

Path Completed : Computation Time 0.00 ms Searched Nodes 1400 Path Length 117
Path Number 72 (unique id)
UnityEngine.Logger:Log(LogType, Object)
UnityEngine.Debug:Log(Object)
AstarPath:<InitializePathProcessor>b__122_1(Path)
Pathfinding.PathProcessor:CalculatePathsThreaded(PathHandler)
System.Threading.ExecutionContext:RunInternal(ExecutionContext, ContextCallback, Object, Boolean)
System.Threading.ExecutionContext:Run(ExecutionContext, ContextCallback, Object)

Path Completed : Computation Time 1.01 ms Searched Nodes 1824 Path Length 74
Path Number 73 (unique id)
UnityEngine.Logger:Log(LogType, Object)
UnityEngine.Debug:Log(Object)
AstarPath:<InitializePathProcessor>b__122_1(Path)
Pathfinding.PathProcessor:CalculatePathsThreaded(PathHandler)
System.Threading.ExecutionContext:RunInternal(ExecutionContext, ContextCallback, Object, Boolean)
System.Threading.ExecutionContext:Run(ExecutionContext, ContextCallback, Object)

Path Completed : Computation Time 1.01 ms Searched Nodes 3402 Path Length 157
Path Number 74 (unique id)
UnityEngine.Logger:Log(LogType, Object)
UnityEngine.Debug:Log(Object)
AstarPath:<InitializePathProcessor>b__122_1(Path)
Pathfinding.PathProcessor:CalculatePathsThreaded(PathHandler)
System.Threading.ExecutionContext:RunInternal(ExecutionContext, ContextCallback, Object, Boolean)
System.Threading.ExecutionContext:Run(ExecutionContext, ContextCallback, Object)

Path Completed : Computation Time 1.00 ms Searched Nodes 4359 Path Length 132
Path Number 75 (unique id)
UnityEngine.Logger:Log(LogType, Object)
UnityEngine.Debug:Log(Object)
AstarPath:<InitializePathProcessor>b__122_1(Path)
Pathfinding.PathProcessor:CalculatePathsThreaded(PathHandler)
System.Threading.ExecutionContext:RunInternal(ExecutionContext, ContextCallback, Object, Boolean)
System.Threading.ExecutionContext:Run(ExecutionContext, ContextCallback, Object)

Path Completed : Computation Time 0.00 ms Searched Nodes 53 Path Length 37
Path Number 76 (unique id)
UnityEngine.Logger:Log(LogType, Object)
UnityEngine.Debug:Log(Object)
AstarPath:<InitializePathProcessor>b__122_1(Path)
Pathfinding.PathProcessor:CalculatePathsThreaded(PathHandler)
System.Threading.ExecutionContext:RunInternal(ExecutionContext, ContextCallback, Object, Boolean)
System.Threading.ExecutionContext:Run(ExecutionContext, ContextCallback, Object)

Path Completed : Computation Time 0.00 ms Searched Nodes 1920 Path Length 71
Path Number 77 (unique id)
UnityEngine.Logger:Log(LogType, Object)
UnityEngine.Debug:Log(Object)
AstarPath:<InitializePathProcessor>b__122_1(Path)
Pathfinding.PathProcessor:CalculatePathsThreaded(PathHandler)
System.Threading.ExecutionContext:RunInternal(ExecutionContext, ContextCallback, Object, Boolean)
System.Threading.ExecutionContext:Run(ExecutionContext, ContextCallback, Object)

Path Completed : Computation Time 1.04 ms Searched Nodes 3250 Path Length 132
Path Number 78 (unique id)
UnityEngine.Logger:Log(LogType, Object)
UnityEngine.Debug:Log(Object)
AstarPath:<InitializePathProcessor>b__122_1(Path)
Pathfinding.PathProcessor:CalculatePathsThreaded(PathHandler)
System.Threading.ExecutionContext:RunInternal(ExecutionContext, ContextCallback, Object, Boolean)
System.Threading.ExecutionContext:Run(ExecutionContext, ContextCallback, Object)

Path Completed : Computation Time 0.00 ms Searched Nodes 109 Path Length 25
Path Number 79 (unique id)
UnityEngine.Logger:Log(LogType, Object)
UnityEngine.Debug:Log(Object)
AstarPath:<InitializePathProcessor>b__122_1(Path)
Pathfinding.PathProcessor:CalculatePathsThreaded(PathHandler)
System.Threading.ExecutionContext:RunInternal(ExecutionContext, ContextCallback, Object, Boolean)
System.Threading.ExecutionContext:Run(ExecutionContext, ContextCallback, Object)

Path Completed : Computation Time 1.00 ms Searched Nodes 6550 Path Length 176
Path Number 80 (unique id)
UnityEngine.Logger:Log(LogType, Object)
UnityEngine.Debug:Log(Object)
AstarPath:<InitializePathProcessor>b__122_1(Path)
Pathfinding.PathProcessor:CalculatePathsThreaded(PathHandler)
System.Threading.ExecutionContext:RunInternal(ExecutionContext, ContextCallback, Object, Boolean)
System.Threading.ExecutionContext:Run(ExecutionContext, ContextCallback, Object)

Path Completed : Computation Time 0.00 ms Searched Nodes 1292 Path Length 109
Path Number 81 (unique id)
UnityEngine.Logger:Log(LogType, Object)
UnityEngine.Debug:Log(Object)
AstarPath:<InitializePathProcessor>b__122_1(Path)
Pathfinding.PathProcessor:CalculatePathsThreaded(PathHandler)
System.Threading.ExecutionContext:RunInternal(ExecutionContext, ContextCallback, Object, Boolean)
System.Threading.ExecutionContext:Run(ExecutionContext, ContextCallback, Object)

Path Completed : Computation Time 0.00 ms Searched Nodes 1371 Path Length 68
Path Number 82 (unique id)
UnityEngine.Logger:Log(LogType, Object)
UnityEngine.Debug:Log(Object)
AstarPath:<InitializePathProcessor>b__122_1(Path)
Pathfinding.PathProcessor:CalculatePathsThreaded(PathHandler)
System.Threading.ExecutionContext:RunInternal(ExecutionContext, ContextCallback, Object, Boolean)
System.Threading.ExecutionContext:Run(ExecutionContext, ContextCallback, Object)

Path Completed : Computation Time 0.00 ms Searched Nodes 3154 Path Length 151
Path Number 83 (unique id)
UnityEngine.Logger:Log(LogType, Object)
UnityEngine.Debug:Log(Object)
AstarPath:<InitializePathProcessor>b__122_1(Path)
Pathfinding.PathProcessor:CalculatePathsThreaded(PathHandler)
System.Threading.ExecutionContext:RunInternal(ExecutionContext, ContextCallback, Object, Boolean)
System.Threading.ExecutionContext:Run(ExecutionContext, ContextCallback, Object)

Path Completed : Computation Time 0.00 ms Searched Nodes 3770 Path Length 127
Path Number 84 (unique id)
UnityEngine.Logger:Log(LogType, Object)
UnityEngine.Debug:Log(Object)
AstarPath:<InitializePathProcessor>b__122_1(Path)
Pathfinding.PathProcessor:CalculatePathsThreaded(PathHandler)
System.Threading.ExecutionContext:RunInternal(ExecutionContext, ContextCallback, Object, Boolean)
System.Threading.ExecutionContext:Run(ExecutionContext, ContextCallback, Object)

Path Completed : Computation Time 0.00 ms Searched Nodes 37 Path Length 29
Path Number 85 (unique id)
UnityEngine.Logger:Log(LogType, Object)
UnityEngine.Debug:Log(Object)
AstarPath:<InitializePathProcessor>b__122_1(Path)
Pathfinding.PathProcessor:CalculatePathsThreaded(PathHandler)
System.Threading.ExecutionContext:RunInternal(ExecutionContext, ContextCallback, Object, Boolean)
System.Threading.ExecutionContext:Run(ExecutionContext, ContextCallback, Object)

Path Completed : Computation Time 1.00 ms Searched Nodes 1588 Path Length 64
Path Number 86 (unique id)
UnityEngine.Logger:Log(LogType, Object)
UnityEngine.Debug:Log(Object)
AstarPath:<InitializePathProcessor>b__122_1(Path)
Pathfinding.PathProcessor:CalculatePathsThreaded(PathHandler)
System.Threading.ExecutionContext:RunInternal(ExecutionContext, ContextCallback, Object, Boolean)
System.Threading.ExecutionContext:Run(ExecutionContext, ContextCallback, Object)

Path Completed : Computation Time 1.21 ms Searched Nodes 2804 Path Length 125
Path Number 87 (unique id)
UnityEngine.Logger:Log(LogType, Object)
UnityEngine.Debug:Log(Object)
AstarPath:<InitializePathProcessor>b__122_1(Path)
Pathfinding.PathProcessor:CalculatePathsThreaded(PathHandler)
System.Threading.ExecutionContext:RunInternal(ExecutionContext, ContextCallback, Object, Boolean)
System.Threading.ExecutionContext:Run(ExecutionContext, ContextCallback, Object)

Path Completed : Computation Time 0.00 ms Searched Nodes 55 Path Length 18
Path Number 88 (unique id)
UnityEngine.Logger:Log(LogType, Object)
UnityEngine.Debug:Log(Object)
AstarPath:<InitializePathProcessor>b__122_1(Path)
Pathfinding.PathProcessor:CalculatePathsThreaded(PathHandler)
System.Threading.ExecutionContext:RunInternal(ExecutionContext, ContextCallback, Object, Boolean)
System.Threading.ExecutionContext:Run(ExecutionContext, ContextCallback, Object)

Path Completed : Computation Time 1.01 ms Searched Nodes 5763 Path Length 170
Path Number 89 (unique id)
UnityEngine.Logger:Log(LogType, Object)
UnityEngine.Debug:Log(Object)
AstarPath:<InitializePathProcessor>b__122_1(Path)
Pathfinding.PathProcessor:CalculatePathsThreaded(PathHandler)
System.Threading.ExecutionContext:RunInternal(ExecutionContext, ContextCallback, Object, Boolean)
System.Threading.ExecutionContext:Run(ExecutionContext, ContextCallback, Object)

Path Completed : Computation Time 0.00 ms Searched Nodes 2351 Path Length 99
Path Number 90 (unique id)
UnityEngine.Logger:Log(LogType, Object)
UnityEngine.Debug:Log(Object)
AstarPath:<InitializePathProcessor>b__122_1(Path)
Pathfinding.PathProcessor:CalculatePathsThreaded(PathHandler)
System.Threading.ExecutionContext:RunInternal(ExecutionContext, ContextCallback, Object, Boolean)
System.Threading.ExecutionContext:Run(ExecutionContext, ContextCallback, Object)

Path Completed : Computation Time 0.00 ms Searched Nodes 1192 Path Length 101
Path Number 91 (unique id)
UnityEngine.Logger:Log(LogType, Object)
UnityEngine.Debug:Log(Object)
AstarPath:<InitializePathProcessor>b__122_1(Path)
Pathfinding.PathProcessor:CalculatePathsThreaded(PathHandler)
System.Threading.ExecutionContext:RunInternal(ExecutionContext, ContextCallback, Object, Boolean)
System.Threading.ExecutionContext:Run(ExecutionContext, ContextCallback, Object)

Path Completed : Computation Time 0.00 ms Searched Nodes 1129 Path Length 60
Path Number 92 (unique id)
UnityEngine.Logger:Log(LogType, Object)
UnityEngine.Debug:Log(Object)
AstarPath:<InitializePathProcessor>b__122_1(Path)
Pathfinding.PathProcessor:CalculatePathsThreaded(PathHandler)
System.Threading.ExecutionContext:RunInternal(ExecutionContext, ContextCallback, Object, Boolean)
System.Threading.ExecutionContext:Run(ExecutionContext, ContextCallback, Object)

Path Completed : Computation Time 1.50 ms Searched Nodes 2926 Path Length 144
Path Number 93 (unique id)
UnityEngine.Logger:Log(LogType, Object)
UnityEngine.Debug:Log(Object)
AstarPath:<InitializePathProcessor>b__122_1(Path)
Pathfinding.PathProcessor:CalculatePathsThreaded(PathHandler)
System.Threading.ExecutionContext:RunInternal(ExecutionContext, ContextCallback, Object, Boolean)
System.Threading.ExecutionContext:Run(ExecutionContext, ContextCallback, Object)

Path Completed : Computation Time 0.00 ms Searched Nodes 3453 Path Length 121
Path Number 94 (unique id)
UnityEngine.Logger:Log(LogType, Object)
UnityEngine.Debug:Log(Object)
AstarPath:<InitializePathProcessor>b__122_1(Path)
Pathfinding.PathProcessor:CalculatePathsThreaded(PathHandler)
System.Threading.ExecutionContext:RunInternal(ExecutionContext, ContextCallback, Object, Boolean)
System.Threading.ExecutionContext:Run(ExecutionContext, ContextCallback, Object)

Path Completed : Computation Time 0.00 ms Searched Nodes 22 Path Length 21
Path Number 95 (unique id)
UnityEngine.Logger:Log(LogType, Object)
UnityEngine.Debug:Log(Object)
AstarPath:<InitializePathProcessor>b__122_1(Path)
Pathfinding.PathProcessor:CalculatePathsThreaded(PathHandler)
System.Threading.ExecutionContext:RunInternal(ExecutionContext, ContextCallback, Object, Boolean)
System.Threading.ExecutionContext:Run(ExecutionContext, ContextCallback, Object)

Path Completed : Computation Time 0.00 ms Searched Nodes 1259 Path Length 56
Path Number 96 (unique id)
UnityEngine.Logger:Log(LogType, Object)
UnityEngine.Debug:Log(Object)
AstarPath:<InitializePathProcessor>b__122_1(Path)
Pathfinding.PathProcessor:CalculatePathsThreaded(PathHandler)
System.Threading.ExecutionContext:RunInternal(ExecutionContext, ContextCallback, Object, Boolean)
System.Threading.ExecutionContext:Run(ExecutionContext, ContextCallback, Object)

Path Completed : Computation Time 1.00 ms Searched Nodes 2515 Path Length 119
Path Number 97 (unique id)
UnityEngine.Logger:Log(LogType, Object)
UnityEngine.Debug:Log(Object)
AstarPath:<InitializePathProcessor>b__122_1(Path)
Pathfinding.PathProcessor:CalculatePathsThreaded(PathHandler)
System.Threading.ExecutionContext:RunInternal(ExecutionContext, ContextCallback, Object, Boolean)
System.Threading.ExecutionContext:Run(ExecutionContext, ContextCallback, Object)

Path Completed : Computation Time 0.00 ms Searched Nodes 29 Path Length 10
Path Number 98 (unique id)
UnityEngine.Logger:Log(LogType, Object)
UnityEngine.Debug:Log(Object)
AstarPath:<InitializePathProcessor>b__122_1(Path)
Pathfinding.PathProcessor:CalculatePathsThreaded(PathHandler)
System.Threading.ExecutionContext:RunInternal(ExecutionContext, ContextCallback, Object, Boolean)
System.Threading.ExecutionContext:Run(ExecutionContext, ContextCallback, Object)

Scanning - Process took 57 ms to complete
UnityEngine.Logger:Log(LogType, Object)
UnityEngine.Debug:Log(Object)
<ScanAsync>d__140:MoveNext()
AstarPath:Scan(NavGraph[])
Luzhang.Game.UFOController:Update()

Path Completed : Computation Time 1.01 ms Searched Nodes 4009 Path Length 162
Path Number 99 (unique id)
UnityEngine.Logger:Log(LogType, Object)
UnityEngine.Debug:Log(Object)
AstarPath:<InitializePathProcessor>b__122_1(Path)
Pathfinding.PathProcessor:CalculatePathsThreaded(PathHandler)
System.Threading.ExecutionContext:RunInternal(ExecutionContext, ContextCallback, Object, Boolean)
System.Threading.ExecutionContext:Run(ExecutionContext, ContextCallback, Object)

Path Completed : Computation Time 0.00 ms Searched Nodes 2183 Path Length 94
Path Number 100 (unique id)
UnityEngine.Logger:Log(LogType, Object)
UnityEngine.Debug:Log(Object)
AstarPath:<InitializePathProcessor>b__122_1(Path)
Pathfinding.PathProcessor:CalculatePathsThreaded(PathHandler)
System.Threading.ExecutionContext:RunInternal(ExecutionContext, ContextCallback, Object, Boolean)
System.Threading.ExecutionContext:Run(ExecutionContext, ContextCallback, Object)

Path Completed : Computation Time 0.00 ms Searched Nodes 1063 Path Length 93
Path Number 101 (unique id)
UnityEngine.Logger:Log(LogType, Object)
UnityEngine.Debug:Log(Object)
AstarPath:<InitializePathProcessor>b__122_1(Path)
Pathfinding.PathProcessor:CalculatePathsThreaded(PathHandler)
System.Threading.ExecutionContext:RunInternal(ExecutionContext, ContextCallback, Object, Boolean)
System.Threading.ExecutionContext:Run(ExecutionContext, ContextCallback, Object)

Path Completed : Computation Time 1.00 ms Searched Nodes 854 Path Length 54
Path Number 102 (unique id)
UnityEngine.Logger:Log(LogType, Object)
UnityEngine.Debug:Log(Object)
AstarPath:<InitializePathProcessor>b__122_1(Path)
Pathfinding.PathProcessor:CalculatePathsThreaded(PathHandler)
System.Threading.ExecutionContext:RunInternal(ExecutionContext, ContextCallback, Object, Boolean)
System.Threading.ExecutionContext:Run(ExecutionContext, ContextCallback, Object)

Path Completed : Computation Time 1.01 ms Searched Nodes 2664 Path Length 136
Path Number 103 (unique id)
UnityEngine.Logger:Log(LogType, Object)
UnityEngine.Debug:Log(Object)
AstarPath:<InitializePathProcessor>b__122_1(Path)
Pathfinding.PathProcessor:CalculatePathsThreaded(PathHandler)
System.Threading.ExecutionContext:RunInternal(ExecutionContext, ContextCallback, Object, Boolean)
System.Threading.ExecutionContext:Run(ExecutionContext, ContextCallback, Object)

Path Completed : Computation Time 0.00 ms Searched Nodes 3148 Path Length 115
Path Number 104 (unique id)
UnityEngine.Logger:Log(LogType, Object)
UnityEngine.Debug:Log(Object)
AstarPath:<InitializePathProcessor>b__122_1(Path)
Pathfinding.PathProcessor:CalculatePathsThreaded(PathHandler)
System.Threading.ExecutionContext:RunInternal(ExecutionContext, ContextCallback, Object, Boolean)
System.Threading.ExecutionContext:Run(ExecutionContext, ContextCallback, Object)

[UFO Achievement] SetAchievementUFOAbsorbTaffy key=achievement_absorb_taffy unlocked=true
UnityEngine.Logger:Log(LogType, Object)
UnityEngine.Debug:Log(Object)
AchievementsManager:SetUFOAchievementWithLog(String, String)
Luzhang.Game.AbsorbableItem:UnlockAchievement()
Luzhang.Game.AbsorbableTaffy:Absorb()
Luzhang.Game.AbsorbableItem:OnTriggerEnter(Collider)

成就achievement_absorb_taffy已获得
UnityEngine.Logger:Log(LogType, Object)
UnityEngine.Debug:Log(Object)
Luzhang.Game.AbsorbableItem:UnlockAchievement()
Luzhang.Game.AbsorbableTaffy:Absorb()
Luzhang.Game.AbsorbableItem:OnTriggerEnter(Collider)

Path Completed : Computation Time 0.00 ms Searched Nodes 13 Path Length 13
Path Number 105 (unique id)
UnityEngine.Logger:Log(LogType, Object)
UnityEngine.Debug:Log(Object)
AstarPath:<InitializePathProcessor>b__122_1(Path)
Pathfinding.PathProcessor:CalculatePathsThreaded(PathHandler)
System.Threading.ExecutionContext:RunInternal(ExecutionContext, ContextCallback, Object, Boolean)
System.Threading.ExecutionContext:Run(ExecutionContext, ContextCallback, Object)

Path Completed : Computation Time 0.00 ms Searched Nodes 992 Path Length 49
Path Number 106 (unique id)
UnityEngine.Logger:Log(LogType, Object)
UnityEngine.Debug:Log(Object)
AstarPath:<InitializePathProcessor>b__122_1(Path)
Pathfinding.PathProcessor:CalculatePathsThreaded(PathHandler)
System.Threading.ExecutionContext:RunInternal(ExecutionContext, ContextCallback, Object, Boolean)
System.Threading.ExecutionContext:Run(ExecutionContext, ContextCallback, Object)

Path Completed : Computation Time 0.00 ms Searched Nodes 2178 Path Length 113
Path Number 107 (unique id)
UnityEngine.Logger:Log(LogType, Object)
UnityEngine.Debug:Log(Object)
AstarPath:<InitializePathProcessor>b__122_1(Path)
Pathfinding.PathProcessor:CalculatePathsThreaded(PathHandler)
System.Threading.ExecutionContext:RunInternal(ExecutionContext, ContextCallback, Object, Boolean)
System.Threading.ExecutionContext:Run(ExecutionContext, ContextCallback, Object)

Path Completed : Computation Time 0.00 ms Searched Nodes 2781 Path Length 158
Path Number 108 (unique id)
UnityEngine.Logger:Log(LogType, Object)
UnityEngine.Debug:Log(Object)
AstarPath:<InitializePathProcessor>b__122_1(Path)
Pathfinding.PathProcessor:CalculatePathsThreaded(PathHandler)
System.Threading.ExecutionContext:RunInternal(ExecutionContext, ContextCallback, Object, Boolean)
System.Threading.ExecutionContext:Run(ExecutionContext, ContextCallback, Object)

Path Completed : Computation Time 1.00 ms Searched Nodes 2556 Path Length 154
Path Number 109 (unique id)
UnityEngine.Logger:Log(LogType, Object)
UnityEngine.Debug:Log(Object)
AstarPath:<InitializePathProcessor>b__122_1(Path)
Pathfinding.PathProcessor:CalculatePathsThreaded(PathHandler)
System.Threading.ExecutionContext:RunInternal(ExecutionContext, ContextCallback, Object, Boolean)
System.Threading.ExecutionContext:Run(ExecutionContext, ContextCallback, Object)

Path Completed : Computation Time 0.00 ms Searched Nodes 1760 Path Length 86
Path Number 110 (unique id)
UnityEngine.Logger:Log(LogType, Object)
UnityEngine.Debug:Log(Object)
AstarPath:<InitializePathProcessor>b__122_1(Path)
Pathfinding.PathProcessor:CalculatePathsThreaded(PathHandler)
System.Threading.ExecutionContext:RunInternal(ExecutionContext, ContextCallback, Object, Boolean)
System.Threading.ExecutionContext:Run(ExecutionContext, ContextCallback, Object)

Path Completed : Computation Time 0.00 ms Searched Nodes 936 Path Length 85
Path Number 111 (unique id)
UnityEngine.Logger:Log(LogType, Object)
UnityEngine.Debug:Log(Object)
AstarPath:<InitializePathProcessor>b__122_1(Path)
Pathfinding.PathProcessor:CalculatePathsThreaded(PathHandler)
System.Threading.ExecutionContext:RunInternal(ExecutionContext, ContextCallback, Object, Boolean)
System.Threading.ExecutionContext:Run(ExecutionContext, ContextCallback, Object)

Path Completed : Computation Time 0.00 ms Searched Nodes 582 Path Length 48
Path Number 112 (unique id)
UnityEngine.Logger:Log(LogType, Object)
UnityEngine.Debug:Log(Object)
AstarPath:<InitializePathProcessor>b__122_1(Path)
Pathfinding.PathProcessor:CalculatePathsThreaded(PathHandler)
System.Threading.ExecutionContext:RunInternal(ExecutionContext, ContextCallback, Object, Boolean)
System.Threading.ExecutionContext:Run(ExecutionContext, ContextCallback, Object)

Path Completed : Computation Time 0.00 ms Searched Nodes 2433 Path Length 128
Path Number 113 (unique id)
UnityEngine.Logger:Log(LogType, Object)
UnityEngine.Debug:Log(Object)
AstarPath:<InitializePathProcessor>b__122_1(Path)
Pathfinding.PathProcessor:CalculatePathsThreaded(PathHandler)
System.Threading.ExecutionContext:RunInternal(ExecutionContext, ContextCallback, Object, Boolean)
System.Threading.ExecutionContext:Run(ExecutionContext, ContextCallback, Object)

Path Completed : Computation Time 0.00 ms Searched Nodes 2822 Path Length 108
Path Number 114 (unique id)
UnityEngine.Logger:Log(LogType, Object)
UnityEngine.Debug:Log(Object)
AstarPath:<InitializePathProcessor>b__122_1(Path)
Pathfinding.PathProcessor:CalculatePathsThreaded(PathHandler)
System.Threading.ExecutionContext:RunInternal(ExecutionContext, ContextCallback, Object, Boolean)
System.Threading.ExecutionContext:Run(ExecutionContext, ContextCallback, Object)

Scanning - Process took 46 ms to complete
UnityEngine.Logger:Log(LogType, Object)
UnityEngine.Debug:Log(Object)
<ScanAsync>d__140:MoveNext()
AstarPath:Scan(NavGraph[])
Luzhang.Game.UFOController:Update()

Path Completed : Computation Time 0.00 ms Searched Nodes 5 Path Length 5
Path Number 115 (unique id)
UnityEngine.Logger:Log(LogType, Object)
UnityEngine.Debug:Log(Object)
AstarPath:<InitializePathProcessor>b__122_1(Path)
Pathfinding.PathProcessor:CalculatePathsThreaded(PathHandler)
System.Threading.ExecutionContext:RunInternal(ExecutionContext, ContextCallback, Object, Boolean)
System.Threading.ExecutionContext:Run(ExecutionContext, ContextCallback, Object)

Path Completed : Computation Time 0.58 ms Searched Nodes 753 Path Length 42
Path Number 116 (unique id)
UnityEngine.Logger:Log(LogType, Object)
UnityEngine.Debug:Log(Object)
AstarPath:<InitializePathProcessor>b__122_1(Path)
Pathfinding.PathProcessor:CalculatePathsThreaded(PathHandler)
System.Threading.ExecutionContext:RunInternal(ExecutionContext, ContextCallback, Object, Boolean)
System.Threading.ExecutionContext:Run(ExecutionContext, ContextCallback, Object)

Path Completed : Computation Time 0.00 ms Searched Nodes 1866 Path Length 107
Path Number 117 (unique id)
UnityEngine.Logger:Log(LogType, Object)
UnityEngine.Debug:Log(Object)
AstarPath:<InitializePathProcessor>b__122_1(Path)
Pathfinding.PathProcessor:CalculatePathsThreaded(PathHandler)
System.Threading.ExecutionContext:RunInternal(ExecutionContext, ContextCallback, Object, Boolean)
System.Threading.ExecutionContext:Run(ExecutionContext, ContextCallback, Object)

Path Completed : Computation Time 0.00 ms Searched Nodes 2624 Path Length 151
Path Number 118 (unique id)
UnityEngine.Logger:Log(LogType, Object)
UnityEngine.Debug:Log(Object)
AstarPath:<InitializePathProcessor>b__122_1(Path)
Pathfinding.PathProcessor:CalculatePathsThreaded(PathHandler)
System.Threading.ExecutionContext:RunInternal(ExecutionContext, ContextCallback, Object, Boolean)
System.Threading.ExecutionContext:Run(ExecutionContext, ContextCallback, Object)

[UFO Achievement] SetAchievementUFOAbsorbTaffy key=achievement_absorb_taffy unlocked=true
UnityEngine.Logger:Log(LogType, Object)
UnityEngine.Debug:Log(Object)
AchievementsManager:SetUFOAchievementWithLog(String, String)
Luzhang.Game.AbsorbableItem:UnlockAchievement()
Luzhang.Game.AbsorbableTaffy:Absorb()
Luzhang.Game.AbsorbableItem:OnTriggerEnter(Collider)

成就achievement_absorb_taffy已获得
UnityEngine.Logger:Log(LogType, Object)
UnityEngine.Debug:Log(Object)
Luzhang.Game.AbsorbableItem:UnlockAchievement()
Luzhang.Game.AbsorbableTaffy:Absorb()
Luzhang.Game.AbsorbableItem:OnTriggerEnter(Collider)

Path Completed : Computation Time 0.00 ms Searched Nodes 1575 Path Length 78
Path Number 119 (unique id)
UnityEngine.Logger:Log(LogType, Object)
UnityEngine.Debug:Log(Object)
AstarPath:<InitializePathProcessor>b__122_1(Path)
Pathfinding.PathProcessor:CalculatePathsThreaded(PathHandler)
System.Threading.ExecutionContext:RunInternal(ExecutionContext, ContextCallback, Object, Boolean)
System.Threading.ExecutionContext:Run(ExecutionContext, ContextCallback, Object)

Path Completed : Computation Time 0.00 ms Searched Nodes 865 Path Length 77
Path Number 120 (unique id)
UnityEngine.Logger:Log(LogType, Object)
UnityEngine.Debug:Log(Object)
AstarPath:<InitializePathProcessor>b__122_1(Path)
Pathfinding.PathProcessor:CalculatePathsThreaded(PathHandler)
System.Threading.ExecutionContext:RunInternal(ExecutionContext, ContextCallback, Object, Boolean)
System.Threading.ExecutionContext:Run(ExecutionContext, ContextCallback, Object)

Path Completed : Computation Time 1.00 ms Searched Nodes 224 Path Length 42
Path Number 121 (unique id)
UnityEngine.Logger:Log(LogType, Object)
UnityEngine.Debug:Log(Object)
AstarPath:<InitializePathProcessor>b__122_1(Path)
Pathfinding.PathProcessor:CalculatePathsThreaded(PathHandler)
System.Threading.ExecutionContext:RunInternal(ExecutionContext, ContextCallback, Object, Boolean)
System.Threading.ExecutionContext:Run(ExecutionContext, ContextCallback, Object)

Path Completed : Computation Time 0.00 ms Searched Nodes 2139 Path Length 120
Path Number 122 (unique id)
UnityEngine.Logger:Log(LogType, Object)
UnityEngine.Debug:Log(Object)
AstarPath:<InitializePathProcessor>b__122_1(Path)
Pathfinding.PathProcessor:CalculatePathsThreaded(PathHandler)
System.Threading.ExecutionContext:RunInternal(ExecutionContext, ContextCallback, Object, Boolean)
System.Threading.ExecutionContext:Run(ExecutionContext, ContextCallback, Object)

Path Completed : Computation Time 0.00 ms Searched Nodes 2452 Path Length 102
Path Number 123 (unique id)
UnityEngine.Logger:Log(LogType, Object)
UnityEngine.Debug:Log(Object)
AstarPath:<InitializePathProcessor>b__122_1(Path)
Pathfinding.PathProcessor:CalculatePathsThreaded(PathHandler)
System.Threading.ExecutionContext:RunInternal(ExecutionContext, ContextCallback, Object, Boolean)
System.Threading.ExecutionContext:Run(ExecutionContext, ContextCallback, Object)

Path Completed : Computation Time 1.50 ms Searched Nodes 564 Path Length 35
Path Number 124 (unique id)
UnityEngine.Logger:Log(LogType, Object)
UnityEngine.Debug:Log(Object)
AstarPath:<InitializePathProcessor>b__122_1(Path)
Pathfinding.PathProcessor:CalculatePathsThreaded(PathHandler)
System.Threading.ExecutionContext:RunInternal(ExecutionContext, ContextCallback, Object, Boolean)
System.Threading.ExecutionContext:Run(ExecutionContext, ContextCallback, Object)

Path Completed : Computation Time 0.00 ms Searched Nodes 1627 Path Length 102
Path Number 125 (unique id)
UnityEngine.Logger:Log(LogType, Object)
UnityEngine.Debug:Log(Object)
AstarPath:<InitializePathProcessor>b__122_1(Path)
Pathfinding.PathProcessor:CalculatePathsThreaded(PathHandler)
System.Threading.ExecutionContext:RunInternal(ExecutionContext, ContextCallback, Object, Boolean)
System.Threading.ExecutionContext:Run(ExecutionContext, ContextCallback, Object)

Path Completed : Computation Time 1.00 ms Searched Nodes 2479 Path Length 143
Path Number 126 (unique id)
UnityEngine.Logger:Log(LogType, Object)
UnityEngine.Debug:Log(Object)
AstarPath:<InitializePathProcessor>b__122_1(Path)
Pathfinding.PathProcessor:CalculatePathsThreaded(PathHandler)
System.Threading.ExecutionContext:RunInternal(ExecutionContext, ContextCallback, Object, Boolean)
System.Threading.ExecutionContext:Run(ExecutionContext, ContextCallback, Object)

Path Completed : Computation Time 0.00 ms Searched Nodes 1367 Path Length 70
Path Number 127 (unique id)
UnityEngine.Logger:Log(LogType, Object)
UnityEngine.Debug:Log(Object)
AstarPath:<InitializePathProcessor>b__122_1(Path)
Pathfinding.PathProcessor:CalculatePathsThreaded(PathHandler)
System.Threading.ExecutionContext:RunInternal(ExecutionContext, ContextCallback, Object, Boolean)
System.Threading.ExecutionContext:Run(ExecutionContext, ContextCallback, Object)

Path Completed : Computation Time 1.42 ms Searched Nodes 6112 Path Length 114
Path Number 128 (unique id)
UnityEngine.Logger:Log(LogType, Object)
UnityEngine.Debug:Log(Object)
AstarPath:<InitializePathProcessor>b__122_1(Path)
Pathfinding.PathProcessor:CalculatePathsThreaded(PathHandler)
System.Threading.ExecutionContext:RunInternal(ExecutionContext, ContextCallback, Object, Boolean)
System.Threading.ExecutionContext:Run(ExecutionContext, ContextCallback, Object)

Path Completed : Computation Time 0.00 ms Searched Nodes 799 Path Length 69
Path Number 129 (unique id)
UnityEngine.Logger:Log(LogType, Object)
UnityEngine.Debug:Log(Object)
AstarPath:<InitializePathProcessor>b__122_1(Path)
Pathfinding.PathProcessor:CalculatePathsThreaded(PathHandler)
System.Threading.ExecutionContext:RunInternal(ExecutionContext, ContextCallback, Object, Boolean)
System.Threading.ExecutionContext:Run(ExecutionContext, ContextCallback, Object)

Path Completed : Computation Time 1.01 ms Searched Nodes 1818 Path Length 112
Path Number 130 (unique id)
UnityEngine.Logger:Log(LogType, Object)
UnityEngine.Debug:Log(Object)
AstarPath:<InitializePathProcessor>b__122_1(Path)
Pathfinding.PathProcessor:CalculatePathsThreaded(PathHandler)
System.Threading.ExecutionContext:RunInternal(ExecutionContext, ContextCallback, Object, Boolean)
System.Threading.ExecutionContext:Run(ExecutionContext, ContextCallback, Object)

Path Completed : Computation Time 0.00 ms Searched Nodes 1897 Path Length 96
Path Number 131 (unique id)
UnityEngine.Logger:Log(LogType, Object)
UnityEngine.Debug:Log(Object)
AstarPath:<InitializePathProcessor>b__122_1(Path)
Pathfinding.PathProcessor:CalculatePathsThreaded(PathHandler)
System.Threading.ExecutionContext:RunInternal(ExecutionContext, ContextCallback, Object, Boolean)
System.Threading.ExecutionContext:Run(ExecutionContext, ContextCallback, Object)

Scanning - Process took 44 ms to complete
UnityEngine.Logger:Log(LogType, Object)
UnityEngine.Debug:Log(Object)
<ScanAsync>d__140:MoveNext()
AstarPath:Scan(NavGraph[])
Luzhang.Game.UFOController:Update()

Path Completed : Computation Time 0.00 ms Searched Nodes 368 Path Length 27
Path Number 132 (unique id)
UnityEngine.Logger:Log(LogType, Object)
UnityEngine.Debug:Log(Object)
AstarPath:<InitializePathProcessor>b__122_1(Path)
Pathfinding.PathProcessor:CalculatePathsThreaded(PathHandler)
System.Threading.ExecutionContext:RunInternal(ExecutionContext, ContextCallback, Object, Boolean)
System.Threading.ExecutionContext:Run(ExecutionContext, ContextCallback, Object)

Path Completed : Computation Time 0.00 ms Searched Nodes 1475 Path Length 94
Path Number 133 (unique id)
UnityEngine.Logger:Log(LogType, Object)
UnityEngine.Debug:Log(Object)
AstarPath:<InitializePathProcessor>b__122_1(Path)
Pathfinding.PathProcessor:CalculatePathsThreaded(PathHandler)
System.Threading.ExecutionContext:RunInternal(ExecutionContext, ContextCallback, Object, Boolean)
System.Threading.ExecutionContext:Run(ExecutionContext, ContextCallback, Object)

Path Completed : Computation Time 0.00 ms Searched Nodes 2329 Path Length 135
Path Number 134 (unique id)
UnityEngine.Logger:Log(LogType, Object)
UnityEngine.Debug:Log(Object)
AstarPath:<InitializePathProcessor>b__122_1(Path)
Pathfinding.PathProcessor:CalculatePathsThreaded(PathHandler)
System.Threading.ExecutionContext:RunInternal(ExecutionContext, ContextCallback, Object, Boolean)
System.Threading.ExecutionContext:Run(ExecutionContext, ContextCallback, Object)

[UFO Achievement] SetAchievementUFOAbsorbTaffy key=achievement_absorb_taffy unlocked=true
UnityEngine.Logger:Log(LogType, Object)
UnityEngine.Debug:Log(Object)
AchievementsManager:SetUFOAchievementWithLog(String, String)
Luzhang.Game.AbsorbableItem:UnlockAchievement()
Luzhang.Game.AbsorbableTaffy:Absorb()
Luzhang.Game.AbsorbableItem:OnTriggerEnter(Collider)

成就achievement_absorb_taffy已获得
UnityEngine.Logger:Log(LogType, Object)
UnityEngine.Debug:Log(Object)
Luzhang.Game.AbsorbableItem:UnlockAchievement()
Luzhang.Game.AbsorbableTaffy:Absorb()
Luzhang.Game.AbsorbableItem:OnTriggerEnter(Collider)

Path Completed : Computation Time 0.00 ms Searched Nodes 1133 Path Length 62
Path Number 135 (unique id)
UnityEngine.Logger:Log(LogType, Object)
UnityEngine.Debug:Log(Object)
AstarPath:<InitializePathProcessor>b__122_1(Path)
Pathfinding.PathProcessor:CalculatePathsThreaded(PathHandler)
System.Threading.ExecutionContext:RunInternal(ExecutionContext, ContextCallback, Object, Boolean)
System.Threading.ExecutionContext:Run(ExecutionContext, ContextCallback, Object)

Path Completed : Computation Time 1.08 ms Searched Nodes 5578 Path Length 107
Path Number 136 (unique id)
UnityEngine.Logger:Log(LogType, Object)
UnityEngine.Debug:Log(Object)
AstarPath:<InitializePathProcessor>b__122_1(Path)
Pathfinding.PathProcessor:CalculatePathsThreaded(PathHandler)
System.Threading.ExecutionContext:RunInternal(ExecutionContext, ContextCallback, Object, Boolean)
System.Threading.ExecutionContext:Run(ExecutionContext, ContextCallback, Object)

Path Completed : Computation Time 0.00 ms Searched Nodes 1548 Path Length 104
Path Number 137 (unique id)
UnityEngine.Logger:Log(LogType, Object)
UnityEngine.Debug:Log(Object)
AstarPath:<InitializePathProcessor>b__122_1(Path)
Pathfinding.PathProcessor:CalculatePathsThreaded(PathHandler)
System.Threading.ExecutionContext:RunInternal(ExecutionContext, ContextCallback, Object, Boolean)
System.Threading.ExecutionContext:Run(ExecutionContext, ContextCallback, Object)

Path Completed : Computation Time 0.00 ms Searched Nodes 1157 Path Length 91
Path Number 138 (unique id)
UnityEngine.Logger:Log(LogType, Object)
UnityEngine.Debug:Log(Object)
AstarPath:<InitializePathProcessor>b__122_1(Path)
Pathfinding.PathProcessor:CalculatePathsThreaded(PathHandler)
System.Threading.ExecutionContext:RunInternal(ExecutionContext, ContextCallback, Object, Boolean)
System.Threading.ExecutionContext:Run(ExecutionContext, ContextCallback, Object)

Path Completed : Computation Time 0.00 ms Searched Nodes 214 Path Length 20
Path Number 139 (unique id)
UnityEngine.Logger:Log(LogType, Object)
UnityEngine.Debug:Log(Object)
AstarPath:<InitializePathProcessor>b__122_1(Path)
Pathfinding.PathProcessor:CalculatePathsThreaded(PathHandler)
System.Threading.ExecutionContext:RunInternal(ExecutionContext, ContextCallback, Object, Boolean)
System.Threading.ExecutionContext:Run(ExecutionContext, ContextCallback, Object)

Path Completed : Computation Time 0.00 ms Searched Nodes 1392 Path Length 86
Path Number 140 (unique id)
UnityEngine.Logger:Log(LogType, Object)
UnityEngine.Debug:Log(Object)
AstarPath:<InitializePathProcessor>b__122_1(Path)
Pathfinding.PathProcessor:CalculatePathsThreaded(PathHandler)
System.Threading.ExecutionContext:RunInternal(ExecutionContext, ContextCallback, Object, Boolean)
System.Threading.ExecutionContext:Run(ExecutionContext, ContextCallback, Object)

Path Completed : Computation Time 0.00 ms Searched Nodes 2144 Path Length 127
Path Number 141 (unique id)
UnityEngine.Logger:Log(LogType, Object)
UnityEngine.Debug:Log(Object)
AstarPath:<InitializePathProcessor>b__122_1(Path)
Pathfinding.PathProcessor:CalculatePathsThreaded(PathHandler)
System.Threading.ExecutionContext:RunInternal(ExecutionContext, ContextCallback, Object, Boolean)
System.Threading.ExecutionContext:Run(ExecutionContext, ContextCallback, Object)

Path Completed : Computation Time 1.00 ms Searched Nodes 964 Path Length 54
Path Number 142 (unique id)
UnityEngine.Logger:Log(LogType, Object)
UnityEngine.Debug:Log(Object)
AstarPath:<InitializePathProcessor>b__122_1(Path)
Pathfinding.PathProcessor:CalculatePathsThreaded(PathHandler)
System.Threading.ExecutionContext:RunInternal(ExecutionContext, ContextCallback, Object, Boolean)
System.Threading.ExecutionContext:Run(ExecutionContext, ContextCallback, Object)

Path Completed : Computation Time 0.00 ms Searched Nodes 86 Path Length 29
Path Number 143 (unique id)
UnityEngine.Logger:Log(LogType, Object)
UnityEngine.Debug:Log(Object)
AstarPath:<InitializePathProcessor>b__122_1(Path)
Pathfinding.PathProcessor:CalculatePathsThreaded(PathHandler)
System.Threading.ExecutionContext:RunInternal(ExecutionContext, ContextCallback, Object, Boolean)
System.Threading.ExecutionContext:Run(ExecutionContext, ContextCallback, Object)

Path Completed : Computation Time 1.10 ms Searched Nodes 4871 Path Length 99
Path Number 144 (unique id)
UnityEngine.Logger:Log(LogType, Object)
UnityEngine.Debug:Log(Object)
AstarPath:<InitializePathProcessor>b__122_1(Path)
Pathfinding.PathProcessor:CalculatePathsThreaded(PathHandler)
System.Threading.ExecutionContext:RunInternal(ExecutionContext, ContextCallback, Object, Boolean)
System.Threading.ExecutionContext:Run(ExecutionContext, ContextCallback, Object)

Path Completed : Computation Time 0.00 ms Searched Nodes 1416 Path Length 98
Path Number 145 (unique id)
UnityEngine.Logger:Log(LogType, Object)
UnityEngine.Debug:Log(Object)
AstarPath:<InitializePathProcessor>b__122_1(Path)
Pathfinding.PathProcessor:CalculatePathsThreaded(PathHandler)
System.Threading.ExecutionContext:RunInternal(ExecutionContext, ContextCallback, Object, Boolean)
System.Threading.ExecutionContext:Run(ExecutionContext, ContextCallback, Object)

Path Completed : Computation Time 0.00 ms Searched Nodes 981 Path Length 85
Path Number 146 (unique id)
UnityEngine.Logger:Log(LogType, Object)
UnityEngine.Debug:Log(Object)
AstarPath:<InitializePathProcessor>b__122_1(Path)
Pathfinding.PathProcessor:CalculatePathsThreaded(PathHandler)
System.Threading.ExecutionContext:RunInternal(ExecutionContext, ContextCallback, Object, Boolean)
System.Threading.ExecutionContext:Run(ExecutionContext, ContextCallback, Object)

Path Completed : Computation Time 1.50 ms Searched Nodes 6068 Path Length 171
Path Number 147 (unique id)
UnityEngine.Logger:Log(LogType, Object)
UnityEngine.Debug:Log(Object)
AstarPath:<InitializePathProcessor>b__122_1(Path)
Pathfinding.PathProcessor:CalculatePathsThreaded(PathHandler)
System.Threading.ExecutionContext:RunInternal(ExecutionContext, ContextCallback, Object, Boolean)
System.Threading.ExecutionContext:Run(ExecutionContext, ContextCallback, Object)

Path Completed : Computation Time 0.00 ms Searched Nodes 101 Path Length 14
Path Number 148 (unique id)
UnityEngine.Logger:Log(LogType, Object)
UnityEngine.Debug:Log(Object)
AstarPath:<InitializePathProcessor>b__122_1(Path)
Pathfinding.PathProcessor:CalculatePathsThreaded(PathHandler)
System.Threading.ExecutionContext:RunInternal(ExecutionContext, ContextCallback, Object, Boolean)
System.Threading.ExecutionContext:Run(ExecutionContext, ContextCallback, Object)

Path Completed : Computation Time 0.00 ms Searched Nodes 1237 Path Length 80
Path Number 149 (unique id)
UnityEngine.Logger:Log(LogType, Object)
UnityEngine.Debug:Log(Object)
AstarPath:<InitializePathProcessor>b__122_1(Path)
Pathfinding.PathProcessor:CalculatePathsThreaded(PathHandler)
System.Threading.ExecutionContext:RunInternal(ExecutionContext, ContextCallback, Object, Boolean)
System.Threading.ExecutionContext:Run(ExecutionContext, ContextCallback, Object)

Path Completed : Computation Time 0.00 ms Searched Nodes 1962 Path Length 119
Path Number 150 (unique id)
UnityEngine.Logger:Log(LogType, Object)
UnityEngine.Debug:Log(Object)
AstarPath:<InitializePathProcessor>b__122_1(Path)
Pathfinding.PathProcessor:CalculatePathsThreaded(PathHandler)
System.Threading.ExecutionContext:RunInternal(ExecutionContext, ContextCallback, Object, Boolean)
System.Threading.ExecutionContext:Run(ExecutionContext, ContextCallback, Object)

Path Completed : Computation Time 0.00 ms Searched Nodes 774 Path Length 47
Path Number 151 (unique id)
UnityEngine.Logger:Log(LogType, Object)
UnityEngine.Debug:Log(Object)
AstarPath:<InitializePathProcessor>b__122_1(Path)
Pathfinding.PathProcessor:CalculatePathsThreaded(PathHandler)
System.Threading.ExecutionContext:RunInternal(ExecutionContext, ContextCallback, Object, Boolean)
System.Threading.ExecutionContext:Run(ExecutionContext, ContextCallback, Object)

Path Completed : Computation Time 0.00 ms Searched Nodes 36 Path Length 21
Path Number 152 (unique id)
UnityEngine.Logger:Log(LogType, Object)
UnityEngine.Debug:Log(Object)
AstarPath:<InitializePathProcessor>b__122_1(Path)
Pathfinding.PathProcessor:CalculatePathsThreaded(PathHandler)
System.Threading.ExecutionContext:RunInternal(ExecutionContext, ContextCallback, Object, Boolean)
System.Threading.ExecutionContext:Run(ExecutionContext, ContextCallback, Object)

Path Completed : Computation Time 1.01 ms Searched Nodes 4390 Path Length 91
Path Number 153 (unique id)
UnityEngine.Logger:Log(LogType, Object)
UnityEngine.Debug:Log(Object)
AstarPath:<InitializePathProcessor>b__122_1(Path)
Pathfinding.PathProcessor:CalculatePathsThreaded(PathHandler)
System.Threading.ExecutionContext:RunInternal(ExecutionContext, ContextCallback, Object, Boolean)
System.Threading.ExecutionContext:Run(ExecutionContext, ContextCallback, Object)

Scanning - Process took 45 ms to complete
UnityEngine.Logger:Log(LogType, Object)
UnityEngine.Debug:Log(Object)
<ScanAsync>d__140:MoveNext()
AstarPath:Scan(NavGraph[])
Luzhang.Game.UFOController:Update()

Path Completed : Computation Time 0.00 ms Searched Nodes 1186 Path Length 90
Path Number 154 (unique id)
UnityEngine.Logger:Log(LogType, Object)
UnityEngine.Debug:Log(Object)
AstarPath:<InitializePathProcessor>b__122_1(Path)
Pathfinding.PathProcessor:CalculatePathsThreaded(PathHandler)
System.Threading.ExecutionContext:RunInternal(ExecutionContext, ContextCallback, Object, Boolean)
System.Threading.ExecutionContext:Run(ExecutionContext, ContextCallback, Object)

Path Completed : Computation Time 0.00 ms Searched Nodes 900 Path Length 79
Path Number 155 (unique id)
UnityEngine.Logger:Log(LogType, Object)
UnityEngine.Debug:Log(Object)
AstarPath:<InitializePathProcessor>b__122_1(Path)
Pathfinding.PathProcessor:CalculatePathsThreaded(PathHandler)
System.Threading.ExecutionContext:RunInternal(ExecutionContext, ContextCallback, Object, Boolean)
System.Threading.ExecutionContext:Run(ExecutionContext, ContextCallback, Object)

Path Completed : Computation Time 1.00 ms Searched Nodes 5683 Path Length 164
Path Number 156 (unique id)
UnityEngine.Logger:Log(LogType, Object)
UnityEngine.Debug:Log(Object)
AstarPath:<InitializePathProcessor>b__122_1(Path)
Pathfinding.PathProcessor:CalculatePathsThreaded(PathHandler)
System.Threading.ExecutionContext:RunInternal(ExecutionContext, ContextCallback, Object, Boolean)
System.Threading.ExecutionContext:Run(ExecutionContext, ContextCallback, Object)

[UFO Achievement] SetAchievementUFOAbsorbTaffy key=achievement_absorb_taffy unlocked=true
UnityEngine.Logger:Log(LogType, Object)
UnityEngine.Debug:Log(Object)
AchievementsManager:SetUFOAchievementWithLog(String, String)
Luzhang.Game.AbsorbableItem:UnlockAchievement()
Luzhang.Game.AbsorbableTaffy:Absorb()
Luzhang.Game.AbsorbableItem:OnTriggerEnter(Collider)

成就achievement_absorb_taffy已获得
UnityEngine.Logger:Log(LogType, Object)
UnityEngine.Debug:Log(Object)
Luzhang.Game.AbsorbableItem:UnlockAchievement()
Luzhang.Game.AbsorbableTaffy:Absorb()
Luzhang.Game.AbsorbableItem:OnTriggerEnter(Collider)

Path Completed : Computation Time 0.00 ms Searched Nodes 1166 Path Length 72
Path Number 157 (unique id)
UnityEngine.Logger:Log(LogType, Object)
UnityEngine.Debug:Log(Object)
AstarPath:<InitializePathProcessor>b__122_1(Path)
Pathfinding.PathProcessor:CalculatePathsThreaded(PathHandler)
System.Threading.ExecutionContext:RunInternal(ExecutionContext, ContextCallback, Object, Boolean)
System.Threading.ExecutionContext:Run(ExecutionContext, ContextCallback, Object)

Path Completed : Computation Time 0.00 ms Searched Nodes 1780 Path Length 111
Path Number 158 (unique id)
UnityEngine.Logger:Log(LogType, Object)
UnityEngine.Debug:Log(Object)
AstarPath:<InitializePathProcessor>b__122_1(Path)
Pathfinding.PathProcessor:CalculatePathsThreaded(PathHandler)
System.Threading.ExecutionContext:RunInternal(ExecutionContext, ContextCallback, Object, Boolean)
System.Threading.ExecutionContext:Run(ExecutionContext, ContextCallback, Object)

Path Completed : Computation Time 0.00 ms Searched Nodes 544 Path Length 40
Path Number 159 (unique id)
UnityEngine.Logger:Log(LogType, Object)
UnityEngine.Debug:Log(Object)
AstarPath:<InitializePathProcessor>b__122_1(Path)
Pathfinding.PathProcessor:CalculatePathsThreaded(PathHandler)
System.Threading.ExecutionContext:RunInternal(ExecutionContext, ContextCallback, Object, Boolean)
System.Threading.ExecutionContext:Run(ExecutionContext, ContextCallback, Object)

Path Completed : Computation Time 0.00 ms Searched Nodes 3665 Path Length 84
Path Number 160 (unique id)
UnityEngine.Logger:Log(LogType, Object)
UnityEngine.Debug:Log(Object)
AstarPath:<InitializePathProcessor>b__122_1(Path)
Pathfinding.PathProcessor:CalculatePathsThreaded(PathHandler)
System.Threading.ExecutionContext:RunInternal(ExecutionContext, ContextCallback, Object, Boolean)
System.Threading.ExecutionContext:Run(ExecutionContext, ContextCallback, Object)

Scanning - Process took 48 ms to complete
UnityEngine.Logger:Log(LogType, Object)
UnityEngine.Debug:Log(Object)
<ScanAsync>d__140:MoveNext()
AstarPath:Scan(NavGraph[])
Luzhang.Game.UFOController:Update()

Path Completed : Computation Time 0.00 ms Searched Nodes 992 Path Length 83
Path Number 161 (unique id)
UnityEngine.Logger:Log(LogType, Object)
UnityEngine.Debug:Log(Object)
AstarPath:<InitializePathProcessor>b__122_1(Path)
Pathfinding.PathProcessor:CalculatePathsThreaded(PathHandler)
System.Threading.ExecutionContext:RunInternal(ExecutionContext, ContextCallback, Object, Boolean)
System.Threading.ExecutionContext:Run(ExecutionContext, ContextCallback, Object)

Path Completed : Computation Time 0.00 ms Searched Nodes 804 Path Length 71
Path Number 162 (unique id)
UnityEngine.Logger:Log(LogType, Object)
UnityEngine.Debug:Log(Object)
AstarPath:<InitializePathProcessor>b__122_1(Path)
Pathfinding.PathProcessor:CalculatePathsThreaded(PathHandler)
System.Threading.ExecutionContext:RunInternal(ExecutionContext, ContextCallback, Object, Boolean)
System.Threading.ExecutionContext:Run(ExecutionContext, ContextCallback, Object)

Path Completed : Computation Time 1.00 ms Searched Nodes 5173 Path Length 156
Path Number 163 (unique id)
UnityEngine.Logger:Log(LogType, Object)
UnityEngine.Debug:Log(Object)
AstarPath:<InitializePathProcessor>b__122_1(Path)
Pathfinding.PathProcessor:CalculatePathsThreaded(PathHandler)
System.Threading.ExecutionContext:RunInternal(ExecutionContext, ContextCallback, Object, Boolean)
System.Threading.ExecutionContext:Run(ExecutionContext, ContextCallback, Object)

Path Completed : Computation Time 0.00 ms Searched Nodes 1047 Path Length 66
Path Number 164 (unique id)
UnityEngine.Logger:Log(LogType, Object)
UnityEngine.Debug:Log(Object)
AstarPath:<InitializePathProcessor>b__122_1(Path)
Pathfinding.PathProcessor:CalculatePathsThreaded(PathHandler)
System.Threading.ExecutionContext:RunInternal(ExecutionContext, ContextCallback, Object, Boolean)
System.Threading.ExecutionContext:Run(ExecutionContext, ContextCallback, Object)

Path Completed : Computation Time 0.00 ms Searched Nodes 1601 Path Length 103
Path Number 165 (unique id)
UnityEngine.Logger:Log(LogType, Object)
UnityEngine.Debug:Log(Object)
AstarPath:<InitializePathProcessor>b__122_1(Path)
Pathfinding.PathProcessor:CalculatePathsThreaded(PathHandler)
System.Threading.ExecutionContext:RunInternal(ExecutionContext, ContextCallback, Object, Boolean)
System.Threading.ExecutionContext:Run(ExecutionContext, ContextCallback, Object)

Path Completed : Computation Time 1.00 ms Searched Nodes 4193 Path Length 124
Path Number 166 (unique id)
UnityEngine.Logger:Log(LogType, Object)
UnityEngine.Debug:Log(Object)
AstarPath:<InitializePathProcessor>b__122_1(Path)
Pathfinding.PathProcessor:CalculatePathsThreaded(PathHandler)
System.Threading.ExecutionContext:RunInternal(ExecutionContext, ContextCallback, Object, Boolean)
System.Threading.ExecutionContext:Run(ExecutionContext, ContextCallback, Object)

Path Completed : Computation Time 0.00 ms Searched Nodes 393 Path Length 34
Path Number 167 (unique id)
UnityEngine.Logger:Log(LogType, Object)
UnityEngine.Debug:Log(Object)
AstarPath:<InitializePathProcessor>b__122_1(Path)
Pathfinding.PathProcessor:CalculatePathsThreaded(PathHandler)
System.Threading.ExecutionContext:RunInternal(ExecutionContext, ContextCallback, Object, Boolean)
System.Threading.ExecutionContext:Run(ExecutionContext, ContextCallback, Object)

Scanning - Process took 45 ms to complete
UnityEngine.Logger:Log(LogType, Object)
UnityEngine.Debug:Log(Object)
<ScanAsync>d__140:MoveNext()
AstarPath:Scan(NavGraph[])
Luzhang.Game.UFOController:Update()

Path Completed : Computation Time 0.00 ms Searched Nodes 3134 Path Length 79
Path Number 168 (unique id)
UnityEngine.Logger:Log(LogType, Object)
UnityEngine.Debug:Log(Object)
AstarPath:<InitializePathProcessor>b__122_1(Path)
Pathfinding.PathProcessor:CalculatePathsThreaded(PathHandler)
System.Threading.ExecutionContext:RunInternal(ExecutionContext, ContextCallback, Object, Boolean)
System.Threading.ExecutionContext:Run(ExecutionContext, ContextCallback, Object)

Path Completed : Computation Time 1.03 ms Searched Nodes 781 Path Length 77
Path Number 169 (unique id)
UnityEngine.Logger:Log(LogType, Object)
UnityEngine.Debug:Log(Object)
AstarPath:<InitializePathProcessor>b__122_1(Path)
Pathfinding.PathProcessor:CalculatePathsThreaded(PathHandler)
System.Threading.ExecutionContext:RunInternal(ExecutionContext, ContextCallback, Object, Boolean)
System.Threading.ExecutionContext:Run(ExecutionContext, ContextCallback, Object)

Path Completed : Computation Time 0.00 ms Searched Nodes 706 Path Length 63
Path Number 170 (unique id)
UnityEngine.Logger:Log(LogType, Object)
UnityEngine.Debug:Log(Object)
AstarPath:<InitializePathProcessor>b__122_1(Path)
Pathfinding.PathProcessor:CalculatePathsThreaded(PathHandler)
System.Threading.ExecutionContext:RunInternal(ExecutionContext, ContextCallback, Object, Boolean)
System.Threading.ExecutionContext:Run(ExecutionContext, ContextCallback, Object)

Path Completed : Computation Time 1.01 ms Searched Nodes 4750 Path Length 148
Path Number 171 (unique id)
UnityEngine.Logger:Log(LogType, Object)
UnityEngine.Debug:Log(Object)
AstarPath:<InitializePathProcessor>b__122_1(Path)
Pathfinding.PathProcessor:CalculatePathsThreaded(PathHandler)
System.Threading.ExecutionContext:RunInternal(ExecutionContext, ContextCallback, Object, Boolean)
System.Threading.ExecutionContext:Run(ExecutionContext, ContextCallback, Object)

Path Completed : Computation Time 0.00 ms Searched Nodes 861 Path Length 58
Path Number 172 (unique id)
UnityEngine.Logger:Log(LogType, Object)
UnityEngine.Debug:Log(Object)
AstarPath:<InitializePathProcessor>b__122_1(Path)
Pathfinding.PathProcessor:CalculatePathsThreaded(PathHandler)
System.Threading.ExecutionContext:RunInternal(ExecutionContext, ContextCallback, Object, Boolean)
System.Threading.ExecutionContext:Run(ExecutionContext, ContextCallback, Object)

Path Completed : Computation Time 0.00 ms Searched Nodes 1424 Path Length 95
Path Number 173 (unique id)
UnityEngine.Logger:Log(LogType, Object)
UnityEngine.Debug:Log(Object)
AstarPath:<InitializePathProcessor>b__122_1(Path)
Pathfinding.PathProcessor:CalculatePathsThreaded(PathHandler)
System.Threading.ExecutionContext:RunInternal(ExecutionContext, ContextCallback, Object, Boolean)
System.Threading.ExecutionContext:Run(ExecutionContext, ContextCallback, Object)

Path Completed : Computation Time 1.00 ms Searched Nodes 3650 Path Length 117
Path Number 174 (unique id)
UnityEngine.Logger:Log(LogType, Object)
UnityEngine.Debug:Log(Object)
AstarPath:<InitializePathProcessor>b__122_1(Path)
Pathfinding.PathProcessor:CalculatePathsThreaded(PathHandler)
System.Threading.ExecutionContext:RunInternal(ExecutionContext, ContextCallback, Object, Boolean)
System.Threading.ExecutionContext:Run(ExecutionContext, ContextCallback, Object)

Path Completed : Computation Time 0.00 ms Searched Nodes 267 Path Length 29
Path Number 175 (unique id)
UnityEngine.Logger:Log(LogType, Object)
UnityEngine.Debug:Log(Object)
AstarPath:<InitializePathProcessor>b__122_1(Path)
Pathfinding.PathProcessor:CalculatePathsThreaded(PathHandler)
System.Threading.ExecutionContext:RunInternal(ExecutionContext, ContextCallback, Object, Boolean)
System.Threading.ExecutionContext:Run(ExecutionContext, ContextCallback, Object)

Path Completed : Computation Time 1.00 ms Searched Nodes 2693 Path Length 73
Path Number 176 (unique id)
UnityEngine.Logger:Log(LogType, Object)
UnityEngine.Debug:Log(Object)
AstarPath:<InitializePathProcessor>b__122_1(Path)
Pathfinding.PathProcessor:CalculatePathsThreaded(PathHandler)
System.Threading.ExecutionContext:RunInternal(ExecutionContext, ContextCallback, Object, Boolean)
System.Threading.ExecutionContext:Run(ExecutionContext, ContextCallback, Object)

Path Completed : Computation Time 0.00 ms Searched Nodes 614 Path Length 72
Path Number 177 (unique id)
UnityEngine.Logger:Log(LogType, Object)
UnityEngine.Debug:Log(Object)
AstarPath:<InitializePathProcessor>b__122_1(Path)
Pathfinding.PathProcessor:CalculatePathsThreaded(PathHandler)
System.Threading.ExecutionContext:RunInternal(ExecutionContext, ContextCallback, Object, Boolean)
System.Threading.ExecutionContext:Run(ExecutionContext, ContextCallback, Object)

Path Completed : Computation Time 1.00 ms Searched Nodes 586 Path Length 55
Path Number 178 (unique id)
UnityEngine.Logger:Log(LogType, Object)
UnityEngine.Debug:Log(Object)
AstarPath:<InitializePathProcessor>b__122_1(Path)
Pathfinding.PathProcessor:CalculatePathsThreaded(PathHandler)
System.Threading.ExecutionContext:RunInternal(ExecutionContext, ContextCallback, Object, Boolean)
System.Threading.ExecutionContext:Run(ExecutionContext, ContextCallback, Object)

Path Completed : Computation Time 1.19 ms Searched Nodes 4281 Path Length 140
Path Number 179 (unique id)
UnityEngine.Logger:Log(LogType, Object)
UnityEngine.Debug:Log(Object)
AstarPath:<InitializePathProcessor>b__122_1(Path)
Pathfinding.PathProcessor:CalculatePathsThreaded(PathHandler)
System.Threading.ExecutionContext:RunInternal(ExecutionContext, ContextCallback, Object, Boolean)
System.Threading.ExecutionContext:Run(ExecutionContext, ContextCallback, Object)

Path Completed : Computation Time 0.00 ms Searched Nodes 765 Path Length 51
Path Number 180 (unique id)
UnityEngine.Logger:Log(LogType, Object)
UnityEngine.Debug:Log(Object)
AstarPath:<InitializePathProcessor>b__122_1(Path)
Pathfinding.PathProcessor:CalculatePathsThreaded(PathHandler)
System.Threading.ExecutionContext:RunInternal(ExecutionContext, ContextCallback, Object, Boolean)
System.Threading.ExecutionContext:Run(ExecutionContext, ContextCallback, Object)

Path Completed : Computation Time 1.01 ms Searched Nodes 1253 Path Length 87
Path Number 181 (unique id)
UnityEngine.Logger:Log(LogType, Object)
UnityEngine.Debug:Log(Object)
AstarPath:<InitializePathProcessor>b__122_1(Path)
Pathfinding.PathProcessor:CalculatePathsThreaded(PathHandler)
System.Threading.ExecutionContext:RunInternal(ExecutionContext, ContextCallback, Object, Boolean)
System.Threading.ExecutionContext:Run(ExecutionContext, ContextCallback, Object)

Path Completed : Computation Time 0.00 ms Searched Nodes 3485 Path Length 109
Path Number 182 (unique id)
UnityEngine.Logger:Log(LogType, Object)
UnityEngine.Debug:Log(Object)
AstarPath:<InitializePathProcessor>b__122_1(Path)
Pathfinding.PathProcessor:CalculatePathsThreaded(PathHandler)
System.Threading.ExecutionContext:RunInternal(ExecutionContext, ContextCallback, Object, Boolean)
System.Threading.ExecutionContext:Run(ExecutionContext, ContextCallback, Object)

Path Completed : Computation Time 0.00 ms Searched Nodes 118 Path Length 23
Path Number 183 (unique id)
UnityEngine.Logger:Log(LogType, Object)
UnityEngine.Debug:Log(Object)
AstarPath:<InitializePathProcessor>b__122_1(Path)
Pathfinding.PathProcessor:CalculatePathsThreaded(PathHandler)
System.Threading.ExecutionContext:RunInternal(ExecutionContext, ContextCallback, Object, Boolean)
System.Threading.ExecutionContext:Run(ExecutionContext, ContextCallback, Object)

Path Completed : Computation Time 0.00 ms Searched Nodes 2312 Path Length 67
Path Number 184 (unique id)
UnityEngine.Logger:Log(LogType, Object)
UnityEngine.Debug:Log(Object)
AstarPath:<InitializePathProcessor>b__122_1(Path)
Pathfinding.PathProcessor:CalculatePathsThreaded(PathHandler)
System.Threading.ExecutionContext:RunInternal(ExecutionContext, ContextCallback, Object, Boolean)
System.Threading.ExecutionContext:Run(ExecutionContext, ContextCallback, Object)

Path Completed : Computation Time 0.00 ms Searched Nodes 471 Path Length 66
Path Number 185 (unique id)
UnityEngine.Logger:Log(LogType, Object)
UnityEngine.Debug:Log(Object)
AstarPath:<InitializePathProcessor>b__122_1(Path)
Pathfinding.PathProcessor:CalculatePathsThreaded(PathHandler)
System.Threading.ExecutionContext:RunInternal(ExecutionContext, ContextCallback, Object, Boolean)
System.Threading.ExecutionContext:Run(ExecutionContext, ContextCallback, Object)

Path Completed : Computation Time 0.00 ms Searched Nodes 471 Path Length 47
Path Number 186 (unique id)
UnityEngine.Logger:Log(LogType, Object)
UnityEngine.Debug:Log(Object)
AstarPath:<InitializePathProcessor>b__122_1(Path)
Pathfinding.PathProcessor:CalculatePathsThreaded(PathHandler)
System.Threading.ExecutionContext:RunInternal(ExecutionContext, ContextCallback, Object, Boolean)
System.Threading.ExecutionContext:Run(ExecutionContext, ContextCallback, Object)

Path Completed : Computation Time 0.00 ms Searched Nodes 3808 Path Length 132
Path Number 187 (unique id)
UnityEngine.Logger:Log(LogType, Object)
UnityEngine.Debug:Log(Object)
AstarPath:<InitializePathProcessor>b__122_1(Path)
Pathfinding.PathProcessor:CalculatePathsThreaded(PathHandler)
System.Threading.ExecutionContext:RunInternal(ExecutionContext, ContextCallback, Object, Boolean)
System.Threading.ExecutionContext:Run(ExecutionContext, ContextCallback, Object)

Path Completed : Computation Time 0.00 ms Searched Nodes 630 Path Length 45
Path Number 188 (unique id)
UnityEngine.Logger:Log(LogType, Object)
UnityEngine.Debug:Log(Object)
AstarPath:<InitializePathProcessor>b__122_1(Path)
Pathfinding.PathProcessor:CalculatePathsThreaded(PathHandler)
System.Threading.ExecutionContext:RunInternal(ExecutionContext, ContextCallback, Object, Boolean)
System.Threading.ExecutionContext:Run(ExecutionContext, ContextCallback, Object)

Path Completed : Computation Time 0.00 ms Searched Nodes 1081 Path Length 79
Path Number 189 (unique id)
UnityEngine.Logger:Log(LogType, Object)
UnityEngine.Debug:Log(Object)
AstarPath:<InitializePathProcessor>b__122_1(Path)
Pathfinding.PathProcessor:CalculatePathsThreaded(PathHandler)
System.Threading.ExecutionContext:RunInternal(ExecutionContext, ContextCallback, Object, Boolean)
System.Threading.ExecutionContext:Run(ExecutionContext, ContextCallback, Object)

Path Completed : Computation Time 0.00 ms Searched Nodes 1000 Path Length 59
Path Number 190 (unique id)
UnityEngine.Logger:Log(LogType, Object)
UnityEngine.Debug:Log(Object)
AstarPath:<InitializePathProcessor>b__122_1(Path)
Pathfinding.PathProcessor:CalculatePathsThreaded(PathHandler)
System.Threading.ExecutionContext:RunInternal(ExecutionContext, ContextCallback, Object, Boolean)
System.Threading.ExecutionContext:Run(ExecutionContext, ContextCallback, Object)

Path Completed : Computation Time 0.00 ms Searched Nodes 3256 Path Length 102
Path Number 191 (unique id)
UnityEngine.Logger:Log(LogType, Object)
UnityEngine.Debug:Log(Object)
AstarPath:<InitializePathProcessor>b__122_1(Path)
Pathfinding.PathProcessor:CalculatePathsThreaded(PathHandler)
System.Threading.ExecutionContext:RunInternal(ExecutionContext, ContextCallback, Object, Boolean)
System.Threading.ExecutionContext:Run(ExecutionContext, ContextCallback, Object)

Path Completed : Computation Time 0.00 ms Searched Nodes 60 Path Length 15
Path Number 192 (unique id)
UnityEngine.Logger:Log(LogType, Object)
UnityEngine.Debug:Log(Object)
AstarPath:<InitializePathProcessor>b__122_1(Path)
Pathfinding.PathProcessor:CalculatePathsThreaded(PathHandler)
System.Threading.ExecutionContext:RunInternal(ExecutionContext, ContextCallback, Object, Boolean)
System.Threading.ExecutionContext:Run(ExecutionContext, ContextCallback, Object)

Path Completed : Computation Time 0.00 ms Searched Nodes 1883 Path Length 60
Path Number 193 (unique id)
UnityEngine.Logger:Log(LogType, Object)
UnityEngine.Debug:Log(Object)
AstarPath:<InitializePathProcessor>b__122_1(Path)
Pathfinding.PathProcessor:CalculatePathsThreaded(PathHandler)
System.Threading.ExecutionContext:RunInternal(ExecutionContext, ContextCallback, Object, Boolean)
System.Threading.ExecutionContext:Run(ExecutionContext, ContextCallback, Object)

Path Completed : Computation Time 0.00 ms Searched Nodes 388 Path Length 60
Path Number 194 (unique id)
UnityEngine.Logger:Log(LogType, Object)
UnityEngine.Debug:Log(Object)
AstarPath:<InitializePathProcessor>b__122_1(Path)
Pathfinding.PathProcessor:CalculatePathsThreaded(PathHandler)
System.Threading.ExecutionContext:RunInternal(ExecutionContext, ContextCallback, Object, Boolean)
System.Threading.ExecutionContext:Run(ExecutionContext, ContextCallback, Object)

Path Completed : Computation Time 0.00 ms Searched Nodes 375 Path Length 39
Path Number 195 (unique id)
UnityEngine.Logger:Log(LogType, Object)
UnityEngine.Debug:Log(Object)
AstarPath:<InitializePathProcessor>b__122_1(Path)
Pathfinding.PathProcessor:CalculatePathsThreaded(PathHandler)
System.Threading.ExecutionContext:RunInternal(ExecutionContext, ContextCallback, Object, Boolean)
System.Threading.ExecutionContext:Run(ExecutionContext, ContextCallback, Object)

Path Completed : Computation Time 0.00 ms Searched Nodes 3338 Path Length 124
Path Number 196 (unique id)
UnityEngine.Logger:Log(LogType, Object)
UnityEngine.Debug:Log(Object)
AstarPath:<InitializePathProcessor>b__122_1(Path)
Pathfinding.PathProcessor:CalculatePathsThreaded(PathHandler)
System.Threading.ExecutionContext:RunInternal(ExecutionContext, ContextCallback, Object, Boolean)
System.Threading.ExecutionContext:Run(ExecutionContext, ContextCallback, Object)

Path Completed : Computation Time 0.00 ms Searched Nodes 516 Path Length 39
Path Number 197 (unique id)
UnityEngine.Logger:Log(LogType, Object)
UnityEngine.Debug:Log(Object)
AstarPath:<InitializePathProcessor>b__122_1(Path)
Pathfinding.PathProcessor:CalculatePathsThreaded(PathHandler)
System.Threading.ExecutionContext:RunInternal(ExecutionContext, ContextCallback, Object, Boolean)
System.Threading.ExecutionContext:Run(ExecutionContext, ContextCallback, Object)

Path Completed : Computation Time 0.00 ms Searched Nodes 920 Path Length 71
Path Number 198 (unique id)
UnityEngine.Logger:Log(LogType, Object)
UnityEngine.Debug:Log(Object)
AstarPath:<InitializePathProcessor>b__122_1(Path)
Pathfinding.PathProcessor:CalculatePathsThreaded(PathHandler)
System.Threading.ExecutionContext:RunInternal(ExecutionContext, ContextCallback, Object, Boolean)
System.Threading.ExecutionContext:Run(ExecutionContext, ContextCallback, Object)

Path Completed : Computation Time 0.00 ms Searched Nodes 827 Path Length 54
Path Number 199 (unique id)
UnityEngine.Logger:Log(LogType, Object)
UnityEngine.Debug:Log(Object)
AstarPath:<InitializePathProcessor>b__122_1(Path)
Pathfinding.PathProcessor:CalculatePathsThreaded(PathHandler)
System.Threading.ExecutionContext:RunInternal(ExecutionContext, ContextCallback, Object, Boolean)
System.Threading.ExecutionContext:Run(ExecutionContext, ContextCallback, Object)

Path Completed : Computation Time 0.00 ms Searched Nodes 2893 Path Length 96
Path Number 200 (unique id)
UnityEngine.Logger:Log(LogType, Object)
UnityEngine.Debug:Log(Object)
AstarPath:<InitializePathProcessor>b__122_1(Path)
Pathfinding.PathProcessor:CalculatePathsThreaded(PathHandler)
System.Threading.ExecutionContext:RunInternal(ExecutionContext, ContextCallback, Object, Boolean)
System.Threading.ExecutionContext:Run(ExecutionContext, ContextCallback, Object)

Path Completed : Computation Time 0.00 ms Searched Nodes 11 Path Length 8
Path Number 201 (unique id)
UnityEngine.Logger:Log(LogType, Object)
UnityEngine.Debug:Log(Object)
AstarPath:<InitializePathProcessor>b__122_1(Path)
Pathfinding.PathProcessor:CalculatePathsThreaded(PathHandler)
System.Threading.ExecutionContext:RunInternal(ExecutionContext, ContextCallback, Object, Boolean)
System.Threading.ExecutionContext:Run(ExecutionContext, ContextCallback, Object)

Scanning - Process took 46 ms to complete
UnityEngine.Logger:Log(LogType, Object)
UnityEngine.Debug:Log(Object)
<ScanAsync>d__140:MoveNext()
AstarPath:Scan(NavGraph[])
Luzhang.Game.UFOController:Update()

Path Completed : Computation Time 1.00 ms Searched Nodes 1441 Path Length 53
Path Number 202 (unique id)
UnityEngine.Logger:Log(LogType, Object)
UnityEngine.Debug:Log(Object)
AstarPath:<InitializePathProcessor>b__122_1(Path)
Pathfinding.PathProcessor:CalculatePathsThreaded(PathHandler)
System.Threading.ExecutionContext:RunInternal(ExecutionContext, ContextCallback, Object, Boolean)
System.Threading.ExecutionContext:Run(ExecutionContext, ContextCallback, Object)

Path Completed : Computation Time 0.00 ms Searched Nodes 280 Path Length 31
Path Number 203 (unique id)
UnityEngine.Logger:Log(LogType, Object)
UnityEngine.Debug:Log(Object)
AstarPath:<InitializePathProcessor>b__122_1(Path)
Pathfinding.PathProcessor:CalculatePathsThreaded(PathHandler)
System.Threading.ExecutionContext:RunInternal(ExecutionContext, ContextCallback, Object, Boolean)
System.Threading.ExecutionContext:Run(ExecutionContext, ContextCallback, Object)

[UFO Achievement] SetAchievementUFOAbsorbTaffy key=achievement_absorb_taffy unlocked=true
UnityEngine.Logger:Log(LogType, Object)
UnityEngine.Debug:Log(Object)
AchievementsManager:SetUFOAchievementWithLog(String, String)
Luzhang.Game.AbsorbableItem:UnlockAchievement()
Luzhang.Game.AbsorbableTaffy:Absorb()
Luzhang.Game.AbsorbableItem:OnTriggerEnter(Collider)

成就achievement_absorb_taffy已获得
UnityEngine.Logger:Log(LogType, Object)
UnityEngine.Debug:Log(Object)
Luzhang.Game.AbsorbableItem:UnlockAchievement()
Luzhang.Game.AbsorbableTaffy:Absorb()
Luzhang.Game.AbsorbableItem:OnTriggerEnter(Collider)

Path Completed : Computation Time 1.06 ms Searched Nodes 2894 Path Length 116
Path Number 204 (unique id)
UnityEngine.Logger:Log(LogType, Object)
UnityEngine.Debug:Log(Object)
AstarPath:<InitializePathProcessor>b__122_1(Path)
Pathfinding.PathProcessor:CalculatePathsThreaded(PathHandler)
System.Threading.ExecutionContext:RunInternal(ExecutionContext, ContextCallback, Object, Boolean)
System.Threading.ExecutionContext:Run(ExecutionContext, ContextCallback, Object)

Path Completed : Computation Time 0.00 ms Searched Nodes 319 Path Length 33
Path Number 205 (unique id)
UnityEngine.Logger:Log(LogType, Object)
UnityEngine.Debug:Log(Object)
AstarPath:<InitializePathProcessor>b__122_1(Path)
Pathfinding.PathProcessor:CalculatePathsThreaded(PathHandler)
System.Threading.ExecutionContext:RunInternal(ExecutionContext, ContextCallback, Object, Boolean)
System.Threading.ExecutionContext:Run(ExecutionContext, ContextCallback, Object)

Path Completed : Computation Time 0.00 ms Searched Nodes 716 Path Length 63
Path Number 206 (unique id)
UnityEngine.Logger:Log(LogType, Object)
UnityEngine.Debug:Log(Object)
AstarPath:<InitializePathProcessor>b__122_1(Path)
Pathfinding.PathProcessor:CalculatePathsThreaded(PathHandler)
System.Threading.ExecutionContext:RunInternal(ExecutionContext, ContextCallback, Object, Boolean)
System.Threading.ExecutionContext:Run(ExecutionContext, ContextCallback, Object)

Path Completed : Computation Time 0.00 ms Searched Nodes 616 Path Length 48
Path Number 207 (unique id)
UnityEngine.Logger:Log(LogType, Object)
UnityEngine.Debug:Log(Object)
AstarPath:<InitializePathProcessor>b__122_1(Path)
Pathfinding.PathProcessor:CalculatePathsThreaded(PathHandler)
System.Threading.ExecutionContext:RunInternal(ExecutionContext, ContextCallback, Object, Boolean)
System.Threading.ExecutionContext:Run(ExecutionContext, ContextCallback, Object)

Path Completed : Computation Time 0.00 ms Searched Nodes 2231 Path Length 90
Path Number 208 (unique id)
UnityEngine.Logger:Log(LogType, Object)
UnityEngine.Debug:Log(Object)
AstarPath:<InitializePathProcessor>b__122_1(Path)
Pathfinding.PathProcessor:CalculatePathsThreaded(PathHandler)
System.Threading.ExecutionContext:RunInternal(ExecutionContext, ContextCallback, Object, Boolean)
System.Threading.ExecutionContext:Run(ExecutionContext, ContextCallback, Object)

Path Completed : Computation Time 0.00 ms Searched Nodes 1084 Path Length 47
Path Number 209 (unique id)
UnityEngine.Logger:Log(LogType, Object)
UnityEngine.Debug:Log(Object)
AstarPath:<InitializePathProcessor>b__122_1(Path)
Pathfinding.PathProcessor:CalculatePathsThreaded(PathHandler)
System.Threading.ExecutionContext:RunInternal(ExecutionContext, ContextCallback, Object, Boolean)
System.Threading.ExecutionContext:Run(ExecutionContext, ContextCallback, Object)

Path Completed : Computation Time 0.00 ms Searched Nodes 183 Path Length 24
Path Number 210 (unique id)
UnityEngine.Logger:Log(LogType, Object)
UnityEngine.Debug:Log(Object)
AstarPath:<InitializePathProcessor>b__122_1(Path)
Pathfinding.PathProcessor:CalculatePathsThreaded(PathHandler)
System.Threading.ExecutionContext:RunInternal(ExecutionContext, ContextCallback, Object, Boolean)
System.Threading.ExecutionContext:Run(ExecutionContext, ContextCallback, Object)

Scanning - Process took 44 ms to complete
UnityEngine.Logger:Log(LogType, Object)
UnityEngine.Debug:Log(Object)
<ScanAsync>d__140:MoveNext()
AstarPath:Scan(NavGraph[])
Luzhang.Game.UFOController:Update()

Path Completed : Computation Time 0.00 ms Searched Nodes 2543 Path Length 108
Path Number 211 (unique id)
UnityEngine.Logger:Log(LogType, Object)
UnityEngine.Debug:Log(Object)
AstarPath:<InitializePathProcessor>b__122_1(Path)
Pathfinding.PathProcessor:CalculatePathsThreaded(PathHandler)
System.Threading.ExecutionContext:RunInternal(ExecutionContext, ContextCallback, Object, Boolean)
System.Threading.ExecutionContext:Run(ExecutionContext, ContextCallback, Object)

Path Completed : Computation Time 0.00 ms Searched Nodes 239 Path Length 27
Path Number 212 (unique id)
UnityEngine.Logger:Log(LogType, Object)
UnityEngine.Debug:Log(Object)
AstarPath:<InitializePathProcessor>b__122_1(Path)
Pathfinding.PathProcessor:CalculatePathsThreaded(PathHandler)
System.Threading.ExecutionContext:RunInternal(ExecutionContext, ContextCallback, Object, Boolean)
System.Threading.ExecutionContext:Run(ExecutionContext, ContextCallback, Object)

[UFO Achievement] SetAchievementUFOAbsorbTaffy key=achievement_absorb_taffy unlocked=true
UnityEngine.Logger:Log(LogType, Object)
UnityEngine.Debug:Log(Object)
AchievementsManager:SetUFOAchievementWithLog(String, String)
Luzhang.Game.AbsorbableItem:UnlockAchievement()
Luzhang.Game.AbsorbableTaffy:Absorb()
Luzhang.Game.AbsorbableItem:OnTriggerEnter(Collider)

成就achievement_absorb_taffy已获得
UnityEngine.Logger:Log(LogType, Object)
UnityEngine.Debug:Log(Object)
Luzhang.Game.AbsorbableItem:UnlockAchievement()
Luzhang.Game.AbsorbableTaffy:Absorb()
Luzhang.Game.AbsorbableItem:OnTriggerEnter(Collider)

Path Completed : Computation Time 0.00 ms Searched Nodes 565 Path Length 55
Path Number 213 (unique id)
UnityEngine.Logger:Log(LogType, Object)
UnityEngine.Debug:Log(Object)
AstarPath:<InitializePathProcessor>b__122_1(Path)
Pathfinding.PathProcessor:CalculatePathsThreaded(PathHandler)
System.Threading.ExecutionContext:RunInternal(ExecutionContext, ContextCallback, Object, Boolean)
System.Threading.ExecutionContext:Run(ExecutionContext, ContextCallback, Object)

Path Completed : Computation Time 1.01 ms Searched Nodes 503 Path Length 41
Path Number 214 (unique id)
UnityEngine.Logger:Log(LogType, Object)
UnityEngine.Debug:Log(Object)
AstarPath:<InitializePathProcessor>b__122_1(Path)
Pathfinding.PathProcessor:CalculatePathsThreaded(PathHandler)
System.Threading.ExecutionContext:RunInternal(ExecutionContext, ContextCallback, Object, Boolean)
System.Threading.ExecutionContext:Run(ExecutionContext, ContextCallback, Object)

Path Completed : Computation Time 1.00 ms Searched Nodes 1725 Path Length 84
Path Number 215 (unique id)
UnityEngine.Logger:Log(LogType, Object)
UnityEngine.Debug:Log(Object)
AstarPath:<InitializePathProcessor>b__122_1(Path)
Pathfinding.PathProcessor:CalculatePathsThreaded(PathHandler)
System.Threading.ExecutionContext:RunInternal(ExecutionContext, ContextCallback, Object, Boolean)
System.Threading.ExecutionContext:Run(ExecutionContext, ContextCallback, Object)

Path Completed : Computation Time 0.00 ms Searched Nodes 800 Path Length 41
Path Number 216 (unique id)
UnityEngine.Logger:Log(LogType, Object)
UnityEngine.Debug:Log(Object)
AstarPath:<InitializePathProcessor>b__122_1(Path)
Pathfinding.PathProcessor:CalculatePathsThreaded(PathHandler)
System.Threading.ExecutionContext:RunInternal(ExecutionContext, ContextCallback, Object, Boolean)
System.Threading.ExecutionContext:Run(ExecutionContext, ContextCallback, Object)

Path Completed : Computation Time 1.01 ms Searched Nodes 2172 Path Length 101
Path Number 217 (unique id)
UnityEngine.Logger:Log(LogType, Object)
UnityEngine.Debug:Log(Object)
AstarPath:<InitializePathProcessor>b__122_1(Path)
Pathfinding.PathProcessor:CalculatePathsThreaded(PathHandler)
System.Threading.ExecutionContext:RunInternal(ExecutionContext, ContextCallback, Object, Boolean)
System.Threading.ExecutionContext:Run(ExecutionContext, ContextCallback, Object)

Path Completed : Computation Time 0.00 ms Searched Nodes 150 Path Length 21
Path Number 218 (unique id)
UnityEngine.Logger:Log(LogType, Object)
UnityEngine.Debug:Log(Object)
AstarPath:<InitializePathProcessor>b__122_1(Path)
Pathfinding.PathProcessor:CalculatePathsThreaded(PathHandler)
System.Threading.ExecutionContext:RunInternal(ExecutionContext, ContextCallback, Object, Boolean)
System.Threading.ExecutionContext:Run(ExecutionContext, ContextCallback, Object)

Path Completed : Computation Time 0.00 ms Searched Nodes 370 Path Length 48
Path Number 219 (unique id)
UnityEngine.Logger:Log(LogType, Object)
UnityEngine.Debug:Log(Object)
AstarPath:<InitializePathProcessor>b__122_1(Path)
Pathfinding.PathProcessor:CalculatePathsThreaded(PathHandler)
System.Threading.ExecutionContext:RunInternal(ExecutionContext, ContextCallback, Object, Boolean)
System.Threading.ExecutionContext:Run(ExecutionContext, ContextCallback, Object)

Path Completed : Computation Time 0.00 ms Searched Nodes 356 Path Length 34
Path Number 220 (unique id)
UnityEngine.Logger:Log(LogType, Object)
UnityEngine.Debug:Log(Object)
AstarPath:<InitializePathProcessor>b__122_1(Path)
Pathfinding.PathProcessor:CalculatePathsThreaded(PathHandler)
System.Threading.ExecutionContext:RunInternal(ExecutionContext, ContextCallback, Object, Boolean)
System.Threading.ExecutionContext:Run(ExecutionContext, ContextCallback, Object)

Path Completed : Computation Time 1.01 ms Searched Nodes 1597 Path Length 76
Path Number 221 (unique id)
UnityEngine.Logger:Log(LogType, Object)
UnityEngine.Debug:Log(Object)
AstarPath:<InitializePathProcessor>b__122_1(Path)
Pathfinding.PathProcessor:CalculatePathsThreaded(PathHandler)
System.Threading.ExecutionContext:RunInternal(ExecutionContext, ContextCallback, Object, Boolean)
System.Threading.ExecutionContext:Run(ExecutionContext, ContextCallback, Object)

Path Completed : Computation Time 0.00 ms Searched Nodes 493 Path Length 35
Path Number 222 (unique id)
UnityEngine.Logger:Log(LogType, Object)
UnityEngine.Debug:Log(Object)
AstarPath:<InitializePathProcessor>b__122_1(Path)
Pathfinding.PathProcessor:CalculatePathsThreaded(PathHandler)
System.Threading.ExecutionContext:RunInternal(ExecutionContext, ContextCallback, Object, Boolean)
System.Threading.ExecutionContext:Run(ExecutionContext, ContextCallback, Object)

Path Completed : Computation Time 0.00 ms Searched Nodes 1493 Path Length 72
Path Number 223 (unique id)
UnityEngine.Logger:Log(LogType, Object)
UnityEngine.Debug:Log(Object)
AstarPath:<InitializePathProcessor>b__122_1(Path)
Pathfinding.PathProcessor:CalculatePathsThreaded(PathHandler)
System.Threading.ExecutionContext:RunInternal(ExecutionContext, ContextCallback, Object, Boolean)
System.Threading.ExecutionContext:Run(ExecutionContext, ContextCallback, Object)

Path Completed : Computation Time 0.00 ms Searched Nodes 1569 Path Length 95
Path Number 224 (unique id)
UnityEngine.Logger:Log(LogType, Object)
UnityEngine.Debug:Log(Object)
AstarPath:<InitializePathProcessor>b__122_1(Path)
Pathfinding.PathProcessor:CalculatePathsThreaded(PathHandler)
System.Threading.ExecutionContext:RunInternal(ExecutionContext, ContextCallback, Object, Boolean)
System.Threading.ExecutionContext:Run(ExecutionContext, ContextCallback, Object)

Scanning - Process took 45 ms to complete
UnityEngine.Logger:Log(LogType, Object)
UnityEngine.Debug:Log(Object)
<ScanAsync>d__140:MoveNext()
AstarPath:Scan(NavGraph[])
Luzhang.Game.UFOController:Update()

Path Completed : Computation Time 0.00 ms Searched Nodes 83 Path Length 15
Path Number 225 (unique id)
UnityEngine.Logger:Log(LogType, Object)
UnityEngine.Debug:Log(Object)
AstarPath:<InitializePathProcessor>b__122_1(Path)
Pathfinding.PathProcessor:CalculatePathsThreaded(PathHandler)
System.Threading.ExecutionContext:RunInternal(ExecutionContext, ContextCallback, Object, Boolean)
System.Threading.ExecutionContext:Run(ExecutionContext, ContextCallback, Object)

Path Completed : Computation Time 0.00 ms Searched Nodes 313 Path Length 40
Path Number 226 (unique id)
UnityEngine.Logger:Log(LogType, Object)
UnityEngine.Debug:Log(Object)
AstarPath:<InitializePathProcessor>b__122_1(Path)
Pathfinding.PathProcessor:CalculatePathsThreaded(PathHandler)
System.Threading.ExecutionContext:RunInternal(ExecutionContext, ContextCallback, Object, Boolean)
System.Threading.ExecutionContext:Run(ExecutionContext, ContextCallback, Object)

Path Completed : Computation Time 0.00 ms Searched Nodes 208 Path Length 26
Path Number 227 (unique id)
UnityEngine.Logger:Log(LogType, Object)
UnityEngine.Debug:Log(Object)
AstarPath:<InitializePathProcessor>b__122_1(Path)
Pathfinding.PathProcessor:CalculatePathsThreaded(PathHandler)
System.Threading.ExecutionContext:RunInternal(ExecutionContext, ContextCallback, Object, Boolean)
System.Threading.ExecutionContext:Run(ExecutionContext, ContextCallback, Object)

Path Completed : Computation Time 0.00 ms Searched Nodes 1368 Path Length 70
Path Number 228 (unique id)
UnityEngine.Logger:Log(LogType, Object)
UnityEngine.Debug:Log(Object)
AstarPath:<InitializePathProcessor>b__122_1(Path)
Pathfinding.PathProcessor:CalculatePathsThreaded(PathHandler)
System.Threading.ExecutionContext:RunInternal(ExecutionContext, ContextCallback, Object, Boolean)
System.Threading.ExecutionContext:Run(ExecutionContext, ContextCallback, Object)

Path Completed : Computation Time 0.00 ms Searched Nodes 183 Path Length 28
Path Number 229 (unique id)
UnityEngine.Logger:Log(LogType, Object)
UnityEngine.Debug:Log(Object)
AstarPath:<InitializePathProcessor>b__122_1(Path)
Pathfinding.PathProcessor:CalculatePathsThreaded(PathHandler)
System.Threading.ExecutionContext:RunInternal(ExecutionContext, ContextCallback, Object, Boolean)
System.Threading.ExecutionContext:Run(ExecutionContext, ContextCallback, Object)

Path Completed : Computation Time 0.00 ms Searched Nodes 802 Path Length 66
Path Number 230 (unique id)
UnityEngine.Logger:Log(LogType, Object)
UnityEngine.Debug:Log(Object)
AstarPath:<InitializePathProcessor>b__122_1(Path)
Pathfinding.PathProcessor:CalculatePathsThreaded(PathHandler)
System.Threading.ExecutionContext:RunInternal(ExecutionContext, ContextCallback, Object, Boolean)
System.Threading.ExecutionContext:Run(ExecutionContext, ContextCallback, Object)

Path Completed : Computation Time 0.00 ms Searched Nodes 1276 Path Length 89
Path Number 231 (unique id)
UnityEngine.Logger:Log(LogType, Object)
UnityEngine.Debug:Log(Object)
AstarPath:<InitializePathProcessor>b__122_1(Path)
Pathfinding.PathProcessor:CalculatePathsThreaded(PathHandler)
System.Threading.ExecutionContext:RunInternal(ExecutionContext, ContextCallback, Object, Boolean)
System.Threading.ExecutionContext:Run(ExecutionContext, ContextCallback, Object)

Path Completed : Computation Time 1.02 ms Searched Nodes 2822 Path Length 97
Path Number 232 (unique id)
UnityEngine.Logger:Log(LogType, Object)
UnityEngine.Debug:Log(Object)
AstarPath:<InitializePathProcessor>b__122_1(Path)
Pathfinding.PathProcessor:CalculatePathsThreaded(PathHandler)
System.Threading.ExecutionContext:RunInternal(ExecutionContext, ContextCallback, Object, Boolean)
System.Threading.ExecutionContext:Run(ExecutionContext, ContextCallback, Object)

Path Completed : Computation Time 0.00 ms Searched Nodes 26 Path Length 8
Path Number 233 (unique id)
UnityEngine.Logger:Log(LogType, Object)
UnityEngine.Debug:Log(Object)
AstarPath:<InitializePathProcessor>b__122_1(Path)
Pathfinding.PathProcessor:CalculatePathsThreaded(PathHandler)
System.Threading.ExecutionContext:RunInternal(ExecutionContext, ContextCallback, Object, Boolean)
System.Threading.ExecutionContext:Run(ExecutionContext, ContextCallback, Object)

Path Completed : Computation Time 0.00 ms Searched Nodes 254 Path Length 32
Path Number 234 (unique id)
UnityEngine.Logger:Log(LogType, Object)
UnityEngine.Debug:Log(Object)
AstarPath:<InitializePathProcessor>b__122_1(Path)
Pathfinding.PathProcessor:CalculatePathsThreaded(PathHandler)
System.Threading.ExecutionContext:RunInternal(ExecutionContext, ContextCallback, Object, Boolean)
System.Threading.ExecutionContext:Run(ExecutionContext, ContextCallback, Object)

Path Completed : Computation Time 0.00 ms Searched Nodes 107 Path Length 19
Path Number 235 (unique id)
UnityEngine.Logger:Log(LogType, Object)
UnityEngine.Debug:Log(Object)
AstarPath:<InitializePathProcessor>b__122_1(Path)
Pathfinding.PathProcessor:CalculatePathsThreaded(PathHandler)
System.Threading.ExecutionContext:RunInternal(ExecutionContext, ContextCallback, Object, Boolean)
System.Threading.ExecutionContext:Run(ExecutionContext, ContextCallback, Object)

Path Completed : Computation Time 0.00 ms Searched Nodes 1059 Path Length 64
Path Number 236 (unique id)
UnityEngine.Logger:Log(LogType, Object)
UnityEngine.Debug:Log(Object)
AstarPath:<InitializePathProcessor>b__122_1(Path)
Pathfinding.PathProcessor:CalculatePathsThreaded(PathHandler)
System.Threading.ExecutionContext:RunInternal(ExecutionContext, ContextCallback, Object, Boolean)
System.Threading.ExecutionContext:Run(ExecutionContext, ContextCallback, Object)

Path Completed : Computation Time 0.00 ms Searched Nodes 505 Path Length 58
Path Number 237 (unique id)
UnityEngine.Logger:Log(LogType, Object)
UnityEngine.Debug:Log(Object)
AstarPath:<InitializePathProcessor>b__122_1(Path)
Pathfinding.PathProcessor:CalculatePathsThreaded(PathHandler)
System.Threading.ExecutionContext:RunInternal(ExecutionContext, ContextCallback, Object, Boolean)
System.Threading.ExecutionContext:Run(ExecutionContext, ContextCallback, Object)

Path Completed : Computation Time 0.00 ms Searched Nodes 1136 Path Length 84
Path Number 238 (unique id)
UnityEngine.Logger:Log(LogType, Object)
UnityEngine.Debug:Log(Object)
AstarPath:<InitializePathProcessor>b__122_1(Path)
Pathfinding.PathProcessor:CalculatePathsThreaded(PathHandler)
System.Threading.ExecutionContext:RunInternal(ExecutionContext, ContextCallback, Object, Boolean)
System.Threading.ExecutionContext:Run(ExecutionContext, ContextCallback, Object)

Path Completed : Computation Time 1.14 ms Searched Nodes 2585 Path Length 92
Path Number 239 (unique id)
UnityEngine.Logger:Log(LogType, Object)
UnityEngine.Debug:Log(Object)
AstarPath:<InitializePathProcessor>b__122_1(Path)
Pathfinding.PathProcessor:CalculatePathsThreaded(PathHandler)
System.Threading.ExecutionContext:RunInternal(ExecutionContext, ContextCallback, Object, Boolean)
System.Threading.ExecutionContext:Run(ExecutionContext, ContextCallback, Object)

Path Completed : Computation Time 0.00 ms Searched Nodes 176 Path Length 24
Path Number 240 (unique id)
UnityEngine.Logger:Log(LogType, Object)
UnityEngine.Debug:Log(Object)
AstarPath:<InitializePathProcessor>b__122_1(Path)
Pathfinding.PathProcessor:CalculatePathsThreaded(PathHandler)
System.Threading.ExecutionContext:RunInternal(ExecutionContext, ContextCallback, Object, Boolean)
System.Threading.ExecutionContext:Run(ExecutionContext, ContextCallback, Object)

Path Completed : Computation Time 0.00 ms Searched Nodes 381 Path Length 40
Path Number 241 (unique id)
UnityEngine.Logger:Log(LogType, Object)
UnityEngine.Debug:Log(Object)
AstarPath:<InitializePathProcessor>b__122_1(Path)
Pathfinding.PathProcessor:CalculatePathsThreaded(PathHandler)
System.Threading.ExecutionContext:RunInternal(ExecutionContext, ContextCallback, Object, Boolean)
System.Threading.ExecutionContext:Run(ExecutionContext, ContextCallback, Object)

Path Completed : Computation Time 0.00 ms Searched Nodes 46 Path Length 12
Path Number 242 (unique id)
UnityEngine.Logger:Log(LogType, Object)
UnityEngine.Debug:Log(Object)
AstarPath:<InitializePathProcessor>b__122_1(Path)
Pathfinding.PathProcessor:CalculatePathsThreaded(PathHandler)
System.Threading.ExecutionContext:RunInternal(ExecutionContext, ContextCallback, Object, Boolean)
System.Threading.ExecutionContext:Run(ExecutionContext, ContextCallback, Object)

Path Completed : Computation Time 0.00 ms Searched Nodes 660 Path Length 56
Path Number 243 (unique id)
UnityEngine.Logger:Log(LogType, Object)
UnityEngine.Debug:Log(Object)
AstarPath:<InitializePathProcessor>b__122_1(Path)
Pathfinding.PathProcessor:CalculatePathsThreaded(PathHandler)
System.Threading.ExecutionContext:RunInternal(ExecutionContext, ContextCallback, Object, Boolean)
System.Threading.ExecutionContext:Run(ExecutionContext, ContextCallback, Object)

Scanning - Process took 44 ms to complete
UnityEngine.Logger:Log(LogType, Object)
UnityEngine.Debug:Log(Object)
<ScanAsync>d__140:MoveNext()
AstarPath:Scan(NavGraph[])
Luzhang.Game.<UpdatePath>d__52:MoveNext()
UnityEngine.SetupCoroutine:InvokeMoveNext(IEnumerator, IntPtr)

Path Completed : Computation Time 0.00 ms Searched Nodes 1730 Path Length 89
Path Number 244 (unique id)
UnityEngine.Logger:Log(LogType, Object)
UnityEngine.Debug:Log(Object)
AstarPath:<InitializePathProcessor>b__122_1(Path)
Pathfinding.PathProcessor:CalculatePathsThreaded(PathHandler)
System.Threading.ExecutionContext:RunInternal(ExecutionContext, ContextCallback, Object, Boolean)
System.Threading.ExecutionContext:Run(ExecutionContext, ContextCallback, Object)

Path Completed : Computation Time 0.00 ms Searched Nodes 417 Path Length 51
Path Number 245 (unique id)
UnityEngine.Logger:Log(LogType, Object)
UnityEngine.Debug:Log(Object)
AstarPath:<InitializePathProcessor>b__122_1(Path)
Pathfinding.PathProcessor:CalculatePathsThreaded(PathHandler)
System.Threading.ExecutionContext:RunInternal(ExecutionContext, ContextCallback, Object, Boolean)
System.Threading.ExecutionContext:Run(ExecutionContext, ContextCallback, Object)

[UFO Achievement] SetAchievementUFOAbsorbTaffy key=achievement_absorb_taffy unlocked=true
UnityEngine.Logger:Log(LogType, Object)
UnityEngine.Debug:Log(Object)
AchievementsManager:SetUFOAchievementWithLog(String, String)
Luzhang.Game.AbsorbableItem:UnlockAchievement()
Luzhang.Game.AbsorbableTaffy:Absorb()
Luzhang.Game.AbsorbableItem:OnTriggerEnter(Collider)

成就achievement_absorb_taffy已获得
UnityEngine.Logger:Log(LogType, Object)
UnityEngine.Debug:Log(Object)
Luzhang.Game.AbsorbableItem:UnlockAchievement()
Luzhang.Game.AbsorbableTaffy:Absorb()
Luzhang.Game.AbsorbableItem:OnTriggerEnter(Collider)

[UFO Achievement] SetAchievementUFOAbsorbTaffy key=achievement_absorb_taffy unlocked=true
UnityEngine.Logger:Log(LogType, Object)
UnityEngine.Debug:Log(Object)
AchievementsManager:SetUFOAchievementWithLog(String, String)
Luzhang.Game.AbsorbableItem:UnlockAchievement()
Luzhang.Game.AbsorbableTaffy:Absorb()
Luzhang.Game.AbsorbableItem:OnTriggerEnter(Collider)

成就achievement_absorb_taffy已获得
UnityEngine.Logger:Log(LogType, Object)
UnityEngine.Debug:Log(Object)
Luzhang.Game.AbsorbableItem:UnlockAchievement()
Luzhang.Game.AbsorbableTaffy:Absorb()
Luzhang.Game.AbsorbableItem:OnTriggerEnter(Collider)

Path Completed : Computation Time 0.00 ms Searched Nodes 1029 Path Length 78
Path Number 246 (unique id)
UnityEngine.Logger:Log(LogType, Object)
UnityEngine.Debug:Log(Object)
AstarPath:<InitializePathProcessor>b__122_1(Path)
Pathfinding.PathProcessor:CalculatePathsThreaded(PathHandler)
System.Threading.ExecutionContext:RunInternal(ExecutionContext, ContextCallback, Object, Boolean)
System.Threading.ExecutionContext:Run(ExecutionContext, ContextCallback, Object)

Path Completed : Computation Time 0.00 ms Searched Nodes 2271 Path Length 86
Path Number 247 (unique id)
UnityEngine.Logger:Log(LogType, Object)
UnityEngine.Debug:Log(Object)
AstarPath:<InitializePathProcessor>b__122_1(Path)
Pathfinding.PathProcessor:CalculatePathsThreaded(PathHandler)
System.Threading.ExecutionContext:RunInternal(ExecutionContext, ContextCallback, Object, Boolean)
System.Threading.ExecutionContext:Run(ExecutionContext, ContextCallback, Object)

Path Completed : Computation Time 0.00 ms Searched Nodes 75 Path Length 16
Path Number 248 (unique id)
UnityEngine.Logger:Log(LogType, Object)
UnityEngine.Debug:Log(Object)
AstarPath:<InitializePathProcessor>b__122_1(Path)
Pathfinding.PathProcessor:CalculatePathsThreaded(PathHandler)
System.Threading.ExecutionContext:RunInternal(ExecutionContext, ContextCallback, Object, Boolean)
System.Threading.ExecutionContext:Run(ExecutionContext, ContextCallback, Object)

Path Completed : Computation Time 0.00 ms Searched Nodes 9 Path Length 5
Path Number 249 (unique id)
UnityEngine.Logger:Log(LogType, Object)
UnityEngine.Debug:Log(Object)
AstarPath:<InitializePathProcessor>b__122_1(Path)
Pathfinding.PathProcessor:CalculatePathsThreaded(PathHandler)
System.Threading.ExecutionContext:RunInternal(ExecutionContext, ContextCallback, Object, Boolean)
System.Threading.ExecutionContext:Run(ExecutionContext, ContextCallback, Object)

Path Completed : Computation Time 0.00 ms Searched Nodes 1217 Path Length 81
Path Number 250 (unique id)
UnityEngine.Logger:Log(LogType, Object)
UnityEngine.Debug:Log(Object)
AstarPath:<InitializePathProcessor>b__122_1(Path)
Pathfinding.PathProcessor:CalculatePathsThreaded(PathHandler)
System.Threading.ExecutionContext:RunInternal(ExecutionContext, ContextCallback, Object, Boolean)
System.Threading.ExecutionContext:Run(ExecutionContext, ContextCallback, Object)

Path Completed : Computation Time 0.00 ms Searched Nodes 337 Path Length 46
Path Number 251 (unique id)
UnityEngine.Logger:Log(LogType, Object)
UnityEngine.Debug:Log(Object)
AstarPath:<InitializePathProcessor>b__122_1(Path)
Pathfinding.PathProcessor:CalculatePathsThreaded(PathHandler)
System.Threading.ExecutionContext:RunInternal(ExecutionContext, ContextCallback, Object, Boolean)
System.Threading.ExecutionContext:Run(ExecutionContext, ContextCallback, Object)

Path Completed : Computation Time 0.00 ms Searched Nodes 936 Path Length 70
Path Number 252 (unique id)
UnityEngine.Logger:Log(LogType, Object)
UnityEngine.Debug:Log(Object)
AstarPath:<InitializePathProcessor>b__122_1(Path)
Pathfinding.PathProcessor:CalculatePathsThreaded(PathHandler)
System.Threading.ExecutionContext:RunInternal(ExecutionContext, ContextCallback, Object, Boolean)
System.Threading.ExecutionContext:Run(ExecutionContext, ContextCallback, Object)

Path Completed : Computation Time 1.01 ms Searched Nodes 1953 Path Length 79
Path Number 253 (unique id)
UnityEngine.Logger:Log(LogType, Object)
UnityEngine.Debug:Log(Object)
AstarPath:<InitializePathProcessor>b__122_1(Path)
Pathfinding.PathProcessor:CalculatePathsThreaded(PathHandler)
System.Threading.ExecutionContext:RunInternal(ExecutionContext, ContextCallback, Object, Boolean)
System.Threading.ExecutionContext:Run(ExecutionContext, ContextCallback, Object)

Path Completed : Computation Time 0.00 ms Searched Nodes 23 Path Length 10
Path Number 254 (unique id)
UnityEngine.Logger:Log(LogType, Object)
UnityEngine.Debug:Log(Object)
AstarPath:<InitializePathProcessor>b__122_1(Path)
Pathfinding.PathProcessor:CalculatePathsThreaded(PathHandler)
System.Threading.ExecutionContext:RunInternal(ExecutionContext, ContextCallback, Object, Boolean)
System.Threading.ExecutionContext:Run(ExecutionContext, ContextCallback, Object)

Path Completed : Computation Time 0.00 ms Searched Nodes 963 Path Length 75
Path Number 255 (unique id)
UnityEngine.Logger:Log(LogType, Object)
UnityEngine.Debug:Log(Object)
AstarPath:<InitializePathProcessor>b__122_1(Path)
Pathfinding.PathProcessor:CalculatePathsThreaded(PathHandler)
System.Threading.ExecutionContext:RunInternal(ExecutionContext, ContextCallback, Object, Boolean)
System.Threading.ExecutionContext:Run(ExecutionContext, ContextCallback, Object)

Path Completed : Computation Time 0.00 ms Searched Nodes 251 Path Length 40
Path Number 256 (unique id)
UnityEngine.Logger:Log(LogType, Object)
UnityEngine.Debug:Log(Object)
AstarPath:<InitializePathProcessor>b__122_1(Path)
Pathfinding.PathProcessor:CalculatePathsThreaded(PathHandler)
System.Threading.ExecutionContext:RunInternal(ExecutionContext, ContextCallback, Object, Boolean)
System.Threading.ExecutionContext:Run(ExecutionContext, ContextCallback, Object)

[UFO Achievement] SetAchievementUFOAbsorbFries key=achievement_absorb_fries unlocked=true
UnityEngine.Logger:Log(LogType, Object)
UnityEngine.Debug:Log(Object)
AchievementsManager:SetUFOAchievementWithLog(String, String)
Luzhang.Game.AbsorbableItem:UnlockAchievement()
Luzhang.Game.AbsorbableItem:Absorb()
Luzhang.Game.AbsorbableItem:OnTriggerEnter(Collider)

成就achievement_absorb_fries已获得
UnityEngine.Logger:Log(LogType, Object)
UnityEngine.Debug:Log(Object)
Luzhang.Game.AbsorbableItem:UnlockAchievement()
Luzhang.Game.AbsorbableItem:Absorb()
Luzhang.Game.AbsorbableItem:OnTriggerEnter(Collider)

Path Completed : Computation Time 0.00 ms Searched Nodes 774 Path Length 62
Path Number 257 (unique id)
UnityEngine.Logger:Log(LogType, Object)
UnityEngine.Debug:Log(Object)
AstarPath:<InitializePathProcessor>b__122_1(Path)
Pathfinding.PathProcessor:CalculatePathsThreaded(PathHandler)
System.Threading.ExecutionContext:RunInternal(ExecutionContext, ContextCallback, Object, Boolean)
System.Threading.ExecutionContext:Run(ExecutionContext, ContextCallback, Object)

Path Completed : Computation Time 0.00 ms Searched Nodes 321 Path Length 37
Path Number 258 (unique id)
UnityEngine.Logger:Log(LogType, Object)
UnityEngine.Debug:Log(Object)
AstarPath:<InitializePathProcessor>b__122_1(Path)
Pathfinding.PathProcessor:CalculatePathsThreaded(PathHandler)
System.Threading.ExecutionContext:RunInternal(ExecutionContext, ContextCallback, Object, Boolean)
System.Threading.ExecutionContext:Run(ExecutionContext, ContextCallback, Object)

Path Completed : Computation Time 0.00 ms Searched Nodes 1705 Path Length 73
Path Number 259 (unique id)
UnityEngine.Logger:Log(LogType, Object)
UnityEngine.Debug:Log(Object)
AstarPath:<InitializePathProcessor>b__122_1(Path)
Pathfinding.PathProcessor:CalculatePathsThreaded(PathHandler)
System.Threading.ExecutionContext:RunInternal(ExecutionContext, ContextCallback, Object, Boolean)
System.Threading.ExecutionContext:Run(ExecutionContext, ContextCallback, Object)

Path Completed : Computation Time 1.03 ms Searched Nodes 6925 Path Length 177
Path Number 260 (unique id)
UnityEngine.Logger:Log(LogType, Object)
UnityEngine.Debug:Log(Object)
AstarPath:<InitializePathProcessor>b__122_1(Path)
Pathfinding.PathProcessor:CalculatePathsThreaded(PathHandler)
System.Threading.ExecutionContext:RunInternal(ExecutionContext, ContextCallback, Object, Boolean)
System.Threading.ExecutionContext:Run(ExecutionContext, ContextCallback, Object)

Path Completed : Computation Time 0.00 ms Searched Nodes 4 Path Length 2
Path Number 261 (unique id)
UnityEngine.Logger:Log(LogType, Object)
UnityEngine.Debug:Log(Object)
AstarPath:<InitializePathProcessor>b__122_1(Path)
Pathfinding.PathProcessor:CalculatePathsThreaded(PathHandler)
System.Threading.ExecutionContext:RunInternal(ExecutionContext, ContextCallback, Object, Boolean)
System.Threading.ExecutionContext:Run(ExecutionContext, ContextCallback, Object)

Path Completed : Computation Time 0.00 ms Searched Nodes 695 Path Length 67
Path Number 262 (unique id)
UnityEngine.Logger:Log(LogType, Object)
UnityEngine.Debug:Log(Object)
AstarPath:<InitializePathProcessor>b__122_1(Path)
Pathfinding.PathProcessor:CalculatePathsThreaded(PathHandler)
System.Threading.ExecutionContext:RunInternal(ExecutionContext, ContextCallback, Object, Boolean)
System.Threading.ExecutionContext:Run(ExecutionContext, ContextCallback, Object)

Path Completed : Computation Time 0.00 ms Searched Nodes 129 Path Length 33
Path Number 263 (unique id)
UnityEngine.Logger:Log(LogType, Object)
UnityEngine.Debug:Log(Object)
AstarPath:<InitializePathProcessor>b__122_1(Path)
Pathfinding.PathProcessor:CalculatePathsThreaded(PathHandler)
System.Threading.ExecutionContext:RunInternal(ExecutionContext, ContextCallback, Object, Boolean)
System.Threading.ExecutionContext:Run(ExecutionContext, ContextCallback, Object)

Path Completed : Computation Time 0.00 ms Searched Nodes 572 Path Length 54
Path Number 264 (unique id)
UnityEngine.Logger:Log(LogType, Object)
UnityEngine.Debug:Log(Object)
AstarPath:<InitializePathProcessor>b__122_1(Path)
Pathfinding.PathProcessor:CalculatePathsThreaded(PathHandler)
System.Threading.ExecutionContext:RunInternal(ExecutionContext, ContextCallback, Object, Boolean)
System.Threading.ExecutionContext:Run(ExecutionContext, ContextCallback, Object)

Path Completed : Computation Time 0.00 ms Searched Nodes 257 Path Length 32
Path Number 265 (unique id)
UnityEngine.Logger:Log(LogType, Object)
UnityEngine.Debug:Log(Object)
AstarPath:<InitializePathProcessor>b__122_1(Path)
Pathfinding.PathProcessor:CalculatePathsThreaded(PathHandler)
System.Threading.ExecutionContext:RunInternal(ExecutionContext, ContextCallback, Object, Boolean)
System.Threading.ExecutionContext:Run(ExecutionContext, ContextCallback, Object)

Path Completed : Computation Time 0.00 ms Searched Nodes 1495 Path Length 68
Path Number 266 (unique id)
UnityEngine.Logger:Log(LogType, Object)
UnityEngine.Debug:Log(Object)
AstarPath:<InitializePathProcessor>b__122_1(Path)
Pathfinding.PathProcessor:CalculatePathsThreaded(PathHandler)
System.Threading.ExecutionContext:RunInternal(ExecutionContext, ContextCallback, Object, Boolean)
System.Threading.ExecutionContext:Run(ExecutionContext, ContextCallback, Object)

Path Completed : Computation Time 1.50 ms Searched Nodes 6561 Path Length 170
Path Number 267 (unique id)
UnityEngine.Logger:Log(LogType, Object)
UnityEngine.Debug:Log(Object)
AstarPath:<InitializePathProcessor>b__122_1(Path)
Pathfinding.PathProcessor:CalculatePathsThreaded(PathHandler)
System.Threading.ExecutionContext:RunInternal(ExecutionContext, ContextCallback, Object, Boolean)
System.Threading.ExecutionContext:Run(ExecutionContext, ContextCallback, Object)

Path Completed : Computation Time 0.00 ms Searched Nodes 0 Path Length 1
Path Number 268 (unique id)
UnityEngine.Logger:Log(LogType, Object)
UnityEngine.Debug:Log(Object)
AstarPath:<InitializePathProcessor>b__122_1(Path)
Pathfinding.PathProcessor:CalculatePathsThreaded(PathHandler)
System.Threading.ExecutionContext:RunInternal(ExecutionContext, ContextCallback, Object, Boolean)
System.Threading.ExecutionContext:Run(ExecutionContext, ContextCallback, Object)

Scanning - Process took 44 ms to complete
UnityEngine.Logger:Log(LogType, Object)
UnityEngine.Debug:Log(Object)
<ScanAsync>d__140:MoveNext()
AstarPath:Scan(NavGraph[])
Luzhang.Game.UFOController:Update()

Path Completed : Computation Time 0.00 ms Searched Nodes 473 Path Length 59
Path Number 269 (unique id)
UnityEngine.Logger:Log(LogType, Object)
UnityEngine.Debug:Log(Object)
AstarPath:<InitializePathProcessor>b__122_1(Path)
Pathfinding.PathProcessor:CalculatePathsThreaded(PathHandler)
System.Threading.ExecutionContext:RunInternal(ExecutionContext, ContextCallback, Object, Boolean)
System.Threading.ExecutionContext:Run(ExecutionContext, ContextCallback, Object)

Path Completed : Computation Time 0.00 ms Searched Nodes 109 Path Length 27
Path Number 270 (unique id)
UnityEngine.Logger:Log(LogType, Object)
UnityEngine.Debug:Log(Object)
AstarPath:<InitializePathProcessor>b__122_1(Path)
Pathfinding.PathProcessor:CalculatePathsThreaded(PathHandler)
System.Threading.ExecutionContext:RunInternal(ExecutionContext, ContextCallback, Object, Boolean)
System.Threading.ExecutionContext:Run(ExecutionContext, ContextCallback, Object)

Path Completed : Computation Time 0.00 ms Searched Nodes 424 Path Length 46
Path Number 271 (unique id)
UnityEngine.Logger:Log(LogType, Object)
UnityEngine.Debug:Log(Object)
AstarPath:<InitializePathProcessor>b__122_1(Path)
Pathfinding.PathProcessor:CalculatePathsThreaded(PathHandler)
System.Threading.ExecutionContext:RunInternal(ExecutionContext, ContextCallback, Object, Boolean)
System.Threading.ExecutionContext:Run(ExecutionContext, ContextCallback, Object)

Path Completed : Computation Time 0.00 ms Searched Nodes 188 Path Length 26
Path Number 272 (unique id)
UnityEngine.Logger:Log(LogType, Object)
UnityEngine.Debug:Log(Object)
AstarPath:<InitializePathProcessor>b__122_1(Path)
Pathfinding.PathProcessor:CalculatePathsThreaded(PathHandler)
System.Threading.ExecutionContext:RunInternal(ExecutionContext, ContextCallback, Object, Boolean)
System.Threading.ExecutionContext:Run(ExecutionContext, ContextCallback, Object)

Path Completed : Computation Time 0.00 ms Searched Nodes 1244 Path Length 62
Path Number 273 (unique id)
UnityEngine.Logger:Log(LogType, Object)
UnityEngine.Debug:Log(Object)
AstarPath:<InitializePathProcessor>b__122_1(Path)
Pathfinding.PathProcessor:CalculatePathsThreaded(PathHandler)
System.Threading.ExecutionContext:RunInternal(ExecutionContext, ContextCallback, Object, Boolean)
System.Threading.ExecutionContext:Run(ExecutionContext, ContextCallback, Object)

Path Completed : Computation Time 2.00 ms Searched Nodes 6592 Path Length 162
Path Number 274 (unique id)
UnityEngine.Logger:Log(LogType, Object)
UnityEngine.Debug:Log(Object)
AstarPath:<InitializePathProcessor>b__122_1(Path)
Pathfinding.PathProcessor:CalculatePathsThreaded(PathHandler)
System.Threading.ExecutionContext:RunInternal(ExecutionContext, ContextCallback, Object, Boolean)
System.Threading.ExecutionContext:Run(ExecutionContext, ContextCallback, Object)

Path Completed : Computation Time 0.00 ms Searched Nodes 0 Path Length 1
Path Number 275 (unique id)
UnityEngine.Logger:Log(LogType, Object)
UnityEngine.Debug:Log(Object)
AstarPath:<InitializePathProcessor>b__122_1(Path)
Pathfinding.PathProcessor:CalculatePathsThreaded(PathHandler)
System.Threading.ExecutionContext:RunInternal(ExecutionContext, ContextCallback, Object, Boolean)
System.Threading.ExecutionContext:Run(ExecutionContext, ContextCallback, Object)

Path Completed : Computation Time 1.02 ms Searched Nodes 316 Path Length 51
Path Number 276 (unique id)
UnityEngine.Logger:Log(LogType, Object)
UnityEngine.Debug:Log(Object)
AstarPath:<InitializePathProcessor>b__122_1(Path)
Pathfinding.PathProcessor:CalculatePathsThreaded(PathHandler)
System.Threading.ExecutionContext:RunInternal(ExecutionContext, ContextCallback, Object, Boolean)
System.Threading.ExecutionContext:Run(ExecutionContext, ContextCallback, Object)

Path Completed : Computation Time 0.00 ms Searched Nodes 73 Path Length 21
Path Number 277 (unique id)
UnityEngine.Logger:Log(LogType, Object)
UnityEngine.Debug:Log(Object)
AstarPath:<InitializePathProcessor>b__122_1(Path)
Pathfinding.PathProcessor:CalculatePathsThreaded(PathHandler)
System.Threading.ExecutionContext:RunInternal(ExecutionContext, ContextCallback, Object, Boolean)
System.Threading.ExecutionContext:Run(ExecutionContext, ContextCallback, Object)

Path Completed : Computation Time 0.00 ms Searched Nodes 311 Path Length 40
Path Number 278 (unique id)
UnityEngine.Logger:Log(LogType, Object)
UnityEngine.Debug:Log(Object)
AstarPath:<InitializePathProcessor>b__122_1(Path)
Pathfinding.PathProcessor:CalculatePathsThreaded(PathHandler)
System.Threading.ExecutionContext:RunInternal(ExecutionContext, ContextCallback, Object, Boolean)
System.Threading.ExecutionContext:Run(ExecutionContext, ContextCallback, Object)

Path Completed : Computation Time 0.00 ms Searched Nodes 119 Path Length 20
Path Number 279 (unique id)
UnityEngine.Logger:Log(LogType, Object)
UnityEngine.Debug:Log(Object)
AstarPath:<InitializePathProcessor>b__122_1(Path)
Pathfinding.PathProcessor:CalculatePathsThreaded(PathHandler)
System.Threading.ExecutionContext:RunInternal(ExecutionContext, ContextCallback, Object, Boolean)
System.Threading.ExecutionContext:Run(ExecutionContext, ContextCallback, Object)

Path Completed : Computation Time 0.00 ms Searched Nodes 992 Path Length 56
Path Number 280 (unique id)
UnityEngine.Logger:Log(LogType, Object)
UnityEngine.Debug:Log(Object)
AstarPath:<InitializePathProcessor>b__122_1(Path)
Pathfinding.PathProcessor:CalculatePathsThreaded(PathHandler)
System.Threading.ExecutionContext:RunInternal(ExecutionContext, ContextCallback, Object, Boolean)
System.Threading.ExecutionContext:Run(ExecutionContext, ContextCallback, Object)

Path Completed : Computation Time 1.19 ms Searched Nodes 6230 Path Length 154
Path Number 281 (unique id)
UnityEngine.Logger:Log(LogType, Object)
UnityEngine.Debug:Log(Object)
AstarPath:<InitializePathProcessor>b__122_1(Path)
Pathfinding.PathProcessor:CalculatePathsThreaded(PathHandler)
System.Threading.ExecutionContext:RunInternal(ExecutionContext, ContextCallback, Object, Boolean)
System.Threading.ExecutionContext:Run(ExecutionContext, ContextCallback, Object)

Path Completed : Computation Time 0.00 ms Searched Nodes 0 Path Length 1
Path Number 282 (unique id)
UnityEngine.Logger:Log(LogType, Object)
UnityEngine.Debug:Log(Object)
AstarPath:<InitializePathProcessor>b__122_1(Path)
Pathfinding.PathProcessor:CalculatePathsThreaded(PathHandler)
System.Threading.ExecutionContext:RunInternal(ExecutionContext, ContextCallback, Object, Boolean)
System.Threading.ExecutionContext:Run(ExecutionContext, ContextCallback, Object)

Path Completed : Computation Time 0.00 ms Searched Nodes 271 Path Length 43
Path Number 283 (unique id)
UnityEngine.Logger:Log(LogType, Object)
UnityEngine.Debug:Log(Object)
AstarPath:<InitializePathProcessor>b__122_1(Path)
Pathfinding.PathProcessor:CalculatePathsThreaded(PathHandler)
System.Threading.ExecutionContext:RunInternal(ExecutionContext, ContextCallback, Object, Boolean)
System.Threading.ExecutionContext:Run(ExecutionContext, ContextCallback, Object)

Path Completed : Computation Time 0.00 ms Searched Nodes 37 Path Length 15
Path Number 284 (unique id)
UnityEngine.Logger:Log(LogType, Object)
UnityEngine.Debug:Log(Object)
AstarPath:<InitializePathProcessor>b__122_1(Path)
Pathfinding.PathProcessor:CalculatePathsThreaded(PathHandler)
System.Threading.ExecutionContext:RunInternal(ExecutionContext, ContextCallback, Object, Boolean)
System.Threading.ExecutionContext:Run(ExecutionContext, ContextCallback, Object)

Path Completed : Computation Time 0.00 ms Searched Nodes 238 Path Length 32
Path Number 285 (unique id)
UnityEngine.Logger:Log(LogType, Object)
UnityEngine.Debug:Log(Object)
AstarPath:<InitializePathProcessor>b__122_1(Path)
Pathfinding.PathProcessor:CalculatePathsThreaded(PathHandler)
System.Threading.ExecutionContext:RunInternal(ExecutionContext, ContextCallback, Object, Boolean)
System.Threading.ExecutionContext:Run(ExecutionContext, ContextCallback, Object)

Path Completed : Computation Time 0.00 ms Searched Nodes 61 Path Length 14
Path Number 286 (unique id)
UnityEngine.Logger:Log(LogType, Object)
UnityEngine.Debug:Log(Object)
AstarPath:<InitializePathProcessor>b__122_1(Path)
Pathfinding.PathProcessor:CalculatePathsThreaded(PathHandler)
System.Threading.ExecutionContext:RunInternal(ExecutionContext, ContextCallback, Object, Boolean)
System.Threading.ExecutionContext:Run(ExecutionContext, ContextCallback, Object)

Path Completed : Computation Time 1.00 ms Searched Nodes 736 Path Length 49
Path Number 287 (unique id)
UnityEngine.Logger:Log(LogType, Object)
UnityEngine.Debug:Log(Object)
AstarPath:<InitializePathProcessor>b__122_1(Path)
Pathfinding.PathProcessor:CalculatePathsThreaded(PathHandler)
System.Threading.ExecutionContext:RunInternal(ExecutionContext, ContextCallback, Object, Boolean)
System.Threading.ExecutionContext:Run(ExecutionContext, ContextCallback, Object)

Path Completed : Computation Time 1.01 ms Searched Nodes 5762 Path Length 146
Path Number 288 (unique id)
UnityEngine.Logger:Log(LogType, Object)
UnityEngine.Debug:Log(Object)
AstarPath:<InitializePathProcessor>b__122_1(Path)
Pathfinding.PathProcessor:CalculatePathsThreaded(PathHandler)
System.Threading.ExecutionContext:RunInternal(ExecutionContext, ContextCallback, Object, Boolean)
System.Threading.ExecutionContext:Run(ExecutionContext, ContextCallback, Object)

Path Completed : Computation Time 0.00 ms Searched Nodes 0 Path Length 1
Path Number 289 (unique id)
UnityEngine.Logger:Log(LogType, Object)
UnityEngine.Debug:Log(Object)
AstarPath:<InitializePathProcessor>b__122_1(Path)
Pathfinding.PathProcessor:CalculatePathsThreaded(PathHandler)
System.Threading.ExecutionContext:RunInternal(ExecutionContext, ContextCallback, Object, Boolean)
System.Threading.ExecutionContext:Run(ExecutionContext, ContextCallback, Object)

Path Completed : Computation Time 0.00 ms Searched Nodes 239 Path Length 36
Path Number 290 (unique id)
UnityEngine.Logger:Log(LogType, Object)
UnityEngine.Debug:Log(Object)
AstarPath:<InitializePathProcessor>b__122_1(Path)
Pathfinding.PathProcessor:CalculatePathsThreaded(PathHandler)
System.Threading.ExecutionContext:RunInternal(ExecutionContext, ContextCallback, Object, Boolean)
System.Threading.ExecutionContext:Run(ExecutionContext, ContextCallback, Object)

Path Completed : Computation Time 0.00 ms Searched Nodes 19 Path Length 9
Path Number 291 (unique id)
UnityEngine.Logger:Log(LogType, Object)
UnityEngine.Debug:Log(Object)
AstarPath:<InitializePathProcessor>b__122_1(Path)
Pathfinding.PathProcessor:CalculatePathsThreaded(PathHandler)
System.Threading.ExecutionContext:RunInternal(ExecutionContext, ContextCallback, Object, Boolean)
System.Threading.ExecutionContext:Run(ExecutionContext, ContextCallback, Object)

Scanning - Process took 47 ms to complete
UnityEngine.Logger:Log(LogType, Object)
UnityEngine.Debug:Log(Object)
<ScanAsync>d__140:MoveNext()
AstarPath:Scan(NavGraph[])
Luzhang.Game.UFOController:Update()

Path Completed : Computation Time 0.00 ms Searched Nodes 181 Path Length 25
Path Number 292 (unique id)
UnityEngine.Logger:Log(LogType, Object)
UnityEngine.Debug:Log(Object)
AstarPath:<InitializePathProcessor>b__122_1(Path)
Pathfinding.PathProcessor:CalculatePathsThreaded(PathHandler)
System.Threading.ExecutionContext:RunInternal(ExecutionContext, ContextCallback, Object, Boolean)
System.Threading.ExecutionContext:Run(ExecutionContext, ContextCallback, Object)

Path Completed : Computation Time 0.00 ms Searched Nodes 13 Path Length 7
Path Number 293 (unique id)
UnityEngine.Logger:Log(LogType, Object)
UnityEngine.Debug:Log(Object)
AstarPath:<InitializePathProcessor>b__122_1(Path)
Pathfinding.PathProcessor:CalculatePathsThreaded(PathHandler)
System.Threading.ExecutionContext:RunInternal(ExecutionContext, ContextCallback, Object, Boolean)
System.Threading.ExecutionContext:Run(ExecutionContext, ContextCallback, Object)

Path Completed : Computation Time 0.00 ms Searched Nodes 565 Path Length 42
Path Number 294 (unique id)
UnityEngine.Logger:Log(LogType, Object)
UnityEngine.Debug:Log(Object)
AstarPath:<InitializePathProcessor>b__122_1(Path)
Pathfinding.PathProcessor:CalculatePathsThreaded(PathHandler)
System.Threading.ExecutionContext:RunInternal(ExecutionContext, ContextCallback, Object, Boolean)
System.Threading.ExecutionContext:Run(ExecutionContext, ContextCallback, Object)

[UFO Achievement] SetAchievementUFOAbsorbTaffy key=achievement_absorb_taffy unlocked=true
UnityEngine.Logger:Log(LogType, Object)
UnityEngine.Debug:Log(Object)
AchievementsManager:SetUFOAchievementWithLog(String, String)
Luzhang.Game.AbsorbableItem:UnlockAchievement()
Luzhang.Game.AbsorbableTaffy:Absorb()
Luzhang.Game.AbsorbableItem:OnTriggerEnter(Collider)

成就achievement_absorb_taffy已获得
UnityEngine.Logger:Log(LogType, Object)
UnityEngine.Debug:Log(Object)
Luzhang.Game.AbsorbableItem:UnlockAchievement()
Luzhang.Game.AbsorbableTaffy:Absorb()
Luzhang.Game.AbsorbableItem:OnTriggerEnter(Collider)

Path Completed : Computation Time 0.00 ms Searched Nodes 0 Path Length 1
Path Number 295 (unique id)
UnityEngine.Logger:Log(LogType, Object)
UnityEngine.Debug:Log(Object)
AstarPath:<InitializePathProcessor>b__122_1(Path)
Pathfinding.PathProcessor:CalculatePathsThreaded(PathHandler)
System.Threading.ExecutionContext:RunInternal(ExecutionContext, ContextCallback, Object, Boolean)
System.Threading.ExecutionContext:Run(ExecutionContext, ContextCallback, Object)

Path Completed : Computation Time 1.01 ms Searched Nodes 2594 Path Length 156
Path Number 296 (unique id)
UnityEngine.Logger:Log(LogType, Object)
UnityEngine.Debug:Log(Object)
AstarPath:<InitializePathProcessor>b__122_1(Path)
Pathfinding.PathProcessor:CalculatePathsThreaded(PathHandler)
System.Threading.ExecutionContext:RunInternal(ExecutionContext, ContextCallback, Object, Boolean)
System.Threading.ExecutionContext:Run(ExecutionContext, ContextCallback, Object)

Path Completed : Computation Time 0.00 ms Searched Nodes 178 Path Length 29
Path Number 297 (unique id)
UnityEngine.Logger:Log(LogType, Object)
UnityEngine.Debug:Log(Object)
AstarPath:<InitializePathProcessor>b__122_1(Path)
Pathfinding.PathProcessor:CalculatePathsThreaded(PathHandler)
System.Threading.ExecutionContext:RunInternal(ExecutionContext, ContextCallback, Object, Boolean)
System.Threading.ExecutionContext:Run(ExecutionContext, ContextCallback, Object)

Path Completed : Computation Time 0.00 ms Searched Nodes 73 Path Length 17
Path Number 298 (unique id)
UnityEngine.Logger:Log(LogType, Object)
UnityEngine.Debug:Log(Object)
AstarPath:<InitializePathProcessor>b__122_1(Path)
Pathfinding.PathProcessor:CalculatePathsThreaded(PathHandler)
System.Threading.ExecutionContext:RunInternal(ExecutionContext, ContextCallback, Object, Boolean)
System.Threading.ExecutionContext:Run(ExecutionContext, ContextCallback, Object)

Path Completed : Computation Time 0.00 ms Searched Nodes 392 Path Length 34
Path Number 299 (unique id)
UnityEngine.Logger:Log(LogType, Object)
UnityEngine.Debug:Log(Object)
AstarPath:<InitializePathProcessor>b__122_1(Path)
Pathfinding.PathProcessor:CalculatePathsThreaded(PathHandler)
System.Threading.ExecutionContext:RunInternal(ExecutionContext, ContextCallback, Object, Boolean)
System.Threading.ExecutionContext:Run(ExecutionContext, ContextCallback, Object)

Path Completed : Computation Time 0.00 ms Searched Nodes 0 Path Length 1
Path Number 300 (unique id)
UnityEngine.Logger:Log(LogType, Object)
UnityEngine.Debug:Log(Object)
AstarPath:<InitializePathProcessor>b__122_1(Path)
Pathfinding.PathProcessor:CalculatePathsThreaded(PathHandler)
System.Threading.ExecutionContext:RunInternal(ExecutionContext, ContextCallback, Object, Boolean)
System.Threading.ExecutionContext:Run(ExecutionContext, ContextCallback, Object)

Scanning - Process took 45 ms to complete
UnityEngine.Logger:Log(LogType, Object)
UnityEngine.Debug:Log(Object)
<ScanAsync>d__140:MoveNext()
AstarPath:Scan(NavGraph[])
Luzhang.Game.UFOController:Update()

Path Completed : Computation Time 0.00 ms Searched Nodes 368 Path Length 32
Path Number 301 (unique id)
UnityEngine.Logger:Log(LogType, Object)
UnityEngine.Debug:Log(Object)
AstarPath:<InitializePathProcessor>b__122_1(Path)
Pathfinding.PathProcessor:CalculatePathsThreaded(PathHandler)
System.Threading.ExecutionContext:RunInternal(ExecutionContext, ContextCallback, Object, Boolean)
System.Threading.ExecutionContext:Run(ExecutionContext, ContextCallback, Object)

Path Completed : Computation Time 0.00 ms Searched Nodes 130 Path Length 23
Path Number 302 (unique id)
UnityEngine.Logger:Log(LogType, Object)
UnityEngine.Debug:Log(Object)
AstarPath:<InitializePathProcessor>b__122_1(Path)
Pathfinding.PathProcessor:CalculatePathsThreaded(PathHandler)
System.Threading.ExecutionContext:RunInternal(ExecutionContext, ContextCallback, Object, Boolean)
System.Threading.ExecutionContext:Run(ExecutionContext, ContextCallback, Object)

[UFO Achievement] SetAchievementUFOAbsorbTaffy key=achievement_absorb_taffy unlocked=true
UnityEngine.Logger:Log(LogType, Object)
UnityEngine.Debug:Log(Object)
AchievementsManager:SetUFOAchievementWithLog(String, String)
Luzhang.Game.AbsorbableItem:UnlockAchievement()
Luzhang.Game.AbsorbableTaffy:Absorb()
Luzhang.Game.AbsorbableItem:OnTriggerEnter(Collider)

成就achievement_absorb_taffy已获得
UnityEngine.Logger:Log(LogType, Object)
UnityEngine.Debug:Log(Object)
Luzhang.Game.AbsorbableItem:UnlockAchievement()
Luzhang.Game.AbsorbableTaffy:Absorb()
Luzhang.Game.AbsorbableItem:OnTriggerEnter(Collider)

Path Completed : Computation Time 0.00 ms Searched Nodes 40 Path Length 11
Path Number 303 (unique id)
UnityEngine.Logger:Log(LogType, Object)
UnityEngine.Debug:Log(Object)
AstarPath:<InitializePathProcessor>b__122_1(Path)
Pathfinding.PathProcessor:CalculatePathsThreaded(PathHandler)
System.Threading.ExecutionContext:RunInternal(ExecutionContext, ContextCallback, Object, Boolean)
System.Threading.ExecutionContext:Run(ExecutionContext, ContextCallback, Object)

Path Completed : Computation Time 0.00 ms Searched Nodes 248 Path Length 27
Path Number 304 (unique id)
UnityEngine.Logger:Log(LogType, Object)
UnityEngine.Debug:Log(Object)
AstarPath:<InitializePathProcessor>b__122_1(Path)
Pathfinding.PathProcessor:CalculatePathsThreaded(PathHandler)
System.Threading.ExecutionContext:RunInternal(ExecutionContext, ContextCallback, Object, Boolean)
System.Threading.ExecutionContext:Run(ExecutionContext, ContextCallback, Object)

Path Completed : Computation Time 0.00 ms Searched Nodes 0 Path Length 1
Path Number 305 (unique id)
UnityEngine.Logger:Log(LogType, Object)
UnityEngine.Debug:Log(Object)
AstarPath:<InitializePathProcessor>b__122_1(Path)
Pathfinding.PathProcessor:CalculatePathsThreaded(PathHandler)
System.Threading.ExecutionContext:RunInternal(ExecutionContext, ContextCallback, Object, Boolean)
System.Threading.ExecutionContext:Run(ExecutionContext, ContextCallback, Object)

Path Completed : Computation Time 0.00 ms Searched Nodes 262 Path Length 27
Path Number 306 (unique id)
UnityEngine.Logger:Log(LogType, Object)
UnityEngine.Debug:Log(Object)
AstarPath:<InitializePathProcessor>b__122_1(Path)
Pathfinding.PathProcessor:CalculatePathsThreaded(PathHandler)
System.Threading.ExecutionContext:RunInternal(ExecutionContext, ContextCallback, Object, Boolean)
System.Threading.ExecutionContext:Run(ExecutionContext, ContextCallback, Object)

Path Completed : Computation Time 0.00 ms Searched Nodes 1592 Path Length 112
Path Number 307 (unique id)
UnityEngine.Logger:Log(LogType, Object)
UnityEngine.Debug:Log(Object)
AstarPath:<InitializePathProcessor>b__122_1(Path)
Pathfinding.PathProcessor:CalculatePathsThreaded(PathHandler)
System.Threading.ExecutionContext:RunInternal(ExecutionContext, ContextCallback, Object, Boolean)
System.Threading.ExecutionContext:Run(ExecutionContext, ContextCallback, Object)

Path Completed : Computation Time 0.00 ms Searched Nodes 89 Path Length 17
Path Number 308 (unique id)
UnityEngine.Logger:Log(LogType, Object)
UnityEngine.Debug:Log(Object)
AstarPath:<InitializePathProcessor>b__122_1(Path)
Pathfinding.PathProcessor:CalculatePathsThreaded(PathHandler)
System.Threading.ExecutionContext:RunInternal(ExecutionContext, ContextCallback, Object, Boolean)
System.Threading.ExecutionContext:Run(ExecutionContext, ContextCallback, Object)

Path Completed : Computation Time 0.00 ms Searched Nodes 4 Path Length 3
Path Number 309 (unique id)
UnityEngine.Logger:Log(LogType, Object)
UnityEngine.Debug:Log(Object)
AstarPath:<InitializePathProcessor>b__122_1(Path)
Pathfinding.PathProcessor:CalculatePathsThreaded(PathHandler)
System.Threading.ExecutionContext:RunInternal(ExecutionContext, ContextCallback, Object, Boolean)
System.Threading.ExecutionContext:Run(ExecutionContext, ContextCallback, Object)

Path Completed : Computation Time 0.00 ms Searched Nodes 138 Path Length 20
Path Number 310 (unique id)
UnityEngine.Logger:Log(LogType, Object)
UnityEngine.Debug:Log(Object)
AstarPath:<InitializePathProcessor>b__122_1(Path)
Pathfinding.PathProcessor:CalculatePathsThreaded(PathHandler)
System.Threading.ExecutionContext:RunInternal(ExecutionContext, ContextCallback, Object, Boolean)
System.Threading.ExecutionContext:Run(ExecutionContext, ContextCallback, Object)

Path Completed : Computation Time 0.00 ms Searched Nodes 0 Path Length 1
Path Number 311 (unique id)
UnityEngine.Logger:Log(LogType, Object)
UnityEngine.Debug:Log(Object)
AstarPath:<InitializePathProcessor>b__122_1(Path)
Pathfinding.PathProcessor:CalculatePathsThreaded(PathHandler)
System.Threading.ExecutionContext:RunInternal(ExecutionContext, ContextCallback, Object, Boolean)
System.Threading.ExecutionContext:Run(ExecutionContext, ContextCallback, Object)

Path Completed : Computation Time 0.00 ms Searched Nodes 144 Path Length 20
Path Number 312 (unique id)
UnityEngine.Logger:Log(LogType, Object)
UnityEngine.Debug:Log(Object)
AstarPath:<InitializePathProcessor>b__122_1(Path)
Pathfinding.PathProcessor:CalculatePathsThreaded(PathHandler)
System.Threading.ExecutionContext:RunInternal(ExecutionContext, ContextCallback, Object, Boolean)
System.Threading.ExecutionContext:Run(ExecutionContext, ContextCallback, Object)

Path Completed : Computation Time 0.00 ms Searched Nodes 1429 Path Length 104
Path Number 313 (unique id)
UnityEngine.Logger:Log(LogType, Object)
UnityEngine.Debug:Log(Object)
AstarPath:<InitializePathProcessor>b__122_1(Path)
Pathfinding.PathProcessor:CalculatePathsThreaded(PathHandler)
System.Threading.ExecutionContext:RunInternal(ExecutionContext, ContextCallback, Object, Boolean)
System.Threading.ExecutionContext:Run(ExecutionContext, ContextCallback, Object)

Path Completed : Computation Time 0.00 ms Searched Nodes 39 Path Length 11
Path Number 314 (unique id)
UnityEngine.Logger:Log(LogType, Object)
UnityEngine.Debug:Log(Object)
AstarPath:<InitializePathProcessor>b__122_1(Path)
Pathfinding.PathProcessor:CalculatePathsThreaded(PathHandler)
System.Threading.ExecutionContext:RunInternal(ExecutionContext, ContextCallback, Object, Boolean)
System.Threading.ExecutionContext:Run(ExecutionContext, ContextCallback, Object)

Path Completed : Computation Time 0.00 ms Searched Nodes 0 Path Length 1
Path Number 315 (unique id)
UnityEngine.Logger:Log(LogType, Object)
UnityEngine.Debug:Log(Object)
AstarPath:<InitializePathProcessor>b__122_1(Path)
Pathfinding.PathProcessor:CalculatePathsThreaded(PathHandler)
System.Threading.ExecutionContext:RunInternal(ExecutionContext, ContextCallback, Object, Boolean)
System.Threading.ExecutionContext:Run(ExecutionContext, ContextCallback, Object)

Path Completed : Computation Time 0.00 ms Searched Nodes 60 Path Length 13
Path Number 316 (unique id)
UnityEngine.Logger:Log(LogType, Object)
UnityEngine.Debug:Log(Object)
AstarPath:<InitializePathProcessor>b__122_1(Path)
Pathfinding.PathProcessor:CalculatePathsThreaded(PathHandler)
System.Threading.ExecutionContext:RunInternal(ExecutionContext, ContextCallback, Object, Boolean)
System.Threading.ExecutionContext:Run(ExecutionContext, ContextCallback, Object)

Path Completed : Computation Time 0.00 ms Searched Nodes 0 Path Length 1
Path Number 317 (unique id)
UnityEngine.Logger:Log(LogType, Object)
UnityEngine.Debug:Log(Object)
AstarPath:<InitializePathProcessor>b__122_1(Path)
Pathfinding.PathProcessor:CalculatePathsThreaded(PathHandler)
System.Threading.ExecutionContext:RunInternal(ExecutionContext, ContextCallback, Object, Boolean)
System.Threading.ExecutionContext:Run(ExecutionContext, ContextCallback, Object)

Path Completed : Computation Time 0.00 ms Searched Nodes 62 Path Length 13
Path Number 318 (unique id)
UnityEngine.Logger:Log(LogType, Object)
UnityEngine.Debug:Log(Object)
AstarPath:<InitializePathProcessor>b__122_1(Path)
Pathfinding.PathProcessor:CalculatePathsThreaded(PathHandler)
System.Threading.ExecutionContext:RunInternal(ExecutionContext, ContextCallback, Object, Boolean)
System.Threading.ExecutionContext:Run(ExecutionContext, ContextCallback, Object)

Path Completed : Computation Time 0.00 ms Searched Nodes 1277 Path Length 96
Path Number 319 (unique id)
UnityEngine.Logger:Log(LogType, Object)
UnityEngine.Debug:Log(Object)
AstarPath:<InitializePathProcessor>b__122_1(Path)
Pathfinding.PathProcessor:CalculatePathsThreaded(PathHandler)
System.Threading.ExecutionContext:RunInternal(ExecutionContext, ContextCallback, Object, Boolean)
System.Threading.ExecutionContext:Run(ExecutionContext, ContextCallback, Object)

Path Completed : Computation Time 0.00 ms Searched Nodes 6 Path Length 4
Path Number 320 (unique id)
UnityEngine.Logger:Log(LogType, Object)
UnityEngine.Debug:Log(Object)
AstarPath:<InitializePathProcessor>b__122_1(Path)
Pathfinding.PathProcessor:CalculatePathsThreaded(PathHandler)
System.Threading.ExecutionContext:RunInternal(ExecutionContext, ContextCallback, Object, Boolean)
System.Threading.ExecutionContext:Run(ExecutionContext, ContextCallback, Object)

Scanning - Process took 44 ms to complete
UnityEngine.Logger:Log(LogType, Object)
UnityEngine.Debug:Log(Object)
<ScanAsync>d__140:MoveNext()
AstarPath:Scan(NavGraph[])
Luzhang.Game.UFOController:Update()

Path Completed : Computation Time 0.00 ms Searched Nodes 0 Path Length 1
Path Number 321 (unique id)
UnityEngine.Logger:Log(LogType, Object)
UnityEngine.Debug:Log(Object)
AstarPath:<InitializePathProcessor>b__122_1(Path)
Pathfinding.PathProcessor:CalculatePathsThreaded(PathHandler)
System.Threading.ExecutionContext:RunInternal(ExecutionContext, ContextCallback, Object, Boolean)
System.Threading.ExecutionContext:Run(ExecutionContext, ContextCallback, Object)

Path Completed : Computation Time 0.00 ms Searched Nodes 10 Path Length 6
Path Number 322 (unique id)
UnityEngine.Logger:Log(LogType, Object)
UnityEngine.Debug:Log(Object)
AstarPath:<InitializePathProcessor>b__122_1(Path)
Pathfinding.PathProcessor:CalculatePathsThreaded(PathHandler)
System.Threading.ExecutionContext:RunInternal(ExecutionContext, ContextCallback, Object, Boolean)
System.Threading.ExecutionContext:Run(ExecutionContext, ContextCallback, Object)

Path Completed : Computation Time 0.00 ms Searched Nodes 2 Path Length 2
Path Number 323 (unique id)
UnityEngine.Logger:Log(LogType, Object)
UnityEngine.Debug:Log(Object)
AstarPath:<InitializePathProcessor>b__122_1(Path)
Pathfinding.PathProcessor:CalculatePathsThreaded(PathHandler)
System.Threading.ExecutionContext:RunInternal(ExecutionContext, ContextCallback, Object, Boolean)
System.Threading.ExecutionContext:Run(ExecutionContext, ContextCallback, Object)

Path Completed : Computation Time 0.00 ms Searched Nodes 12 Path Length 5
Path Number 324 (unique id)
UnityEngine.Logger:Log(LogType, Object)
UnityEngine.Debug:Log(Object)
AstarPath:<InitializePathProcessor>b__122_1(Path)
Pathfinding.PathProcessor:CalculatePathsThreaded(PathHandler)
System.Threading.ExecutionContext:RunInternal(ExecutionContext, ContextCallback, Object, Boolean)
System.Threading.ExecutionContext:Run(ExecutionContext, ContextCallback, Object)

Path Completed : Computation Time 0.00 ms Searched Nodes 1107 Path Length 88
Path Number 325 (unique id)
UnityEngine.Logger:Log(LogType, Object)
UnityEngine.Debug:Log(Object)
AstarPath:<InitializePathProcessor>b__122_1(Path)
Pathfinding.PathProcessor:CalculatePathsThreaded(PathHandler)
System.Threading.ExecutionContext:RunInternal(ExecutionContext, ContextCallback, Object, Boolean)
System.Threading.ExecutionContext:Run(ExecutionContext, ContextCallback, Object)

Path Completed : Computation Time 0.00 ms Searched Nodes 0 Path Length 1
Path Number 326 (unique id)
UnityEngine.Logger:Log(LogType, Object)
UnityEngine.Debug:Log(Object)
AstarPath:<InitializePathProcessor>b__122_1(Path)
Pathfinding.PathProcessor:CalculatePathsThreaded(PathHandler)
System.Threading.ExecutionContext:RunInternal(ExecutionContext, ContextCallback, Object, Boolean)
System.Threading.ExecutionContext:Run(ExecutionContext, ContextCallback, Object)

Path Completed : Computation Time 3.55 ms Searched Nodes 1488 Path Length 79
Path Number 327 (unique id)
UnityEngine.Logger:Log(LogType, Object)
UnityEngine.Debug:Log(Object)
AstarPath:<InitializePathProcessor>b__122_1(Path)
Pathfinding.PathProcessor:CalculatePathsThreaded(PathHandler)
System.Threading.ExecutionContext:RunInternal(ExecutionContext, ContextCallback, Object, Boolean)
System.Threading.ExecutionContext:Run(ExecutionContext, ContextCallback, Object)

Path Completed : Computation Time 0.00 ms Searched Nodes 939 Path Length 73
Path Number 328 (unique id)
UnityEngine.Logger:Log(LogType, Object)
UnityEngine.Debug:Log(Object)
AstarPath:<InitializePathProcessor>b__122_1(Path)
Pathfinding.PathProcessor:CalculatePathsThreaded(PathHandler)
System.Threading.ExecutionContext:RunInternal(ExecutionContext, ContextCallback, Object, Boolean)
System.Threading.ExecutionContext:Run(ExecutionContext, ContextCallback, Object)

Path Completed : Computation Time 0.00 ms Searched Nodes 0 Path Length 1
Path Number 329 (unique id)
UnityEngine.Logger:Log(LogType, Object)
UnityEngine.Debug:Log(Object)
AstarPath:<InitializePathProcessor>b__122_1(Path)
Pathfinding.PathProcessor:CalculatePathsThreaded(PathHandler)
System.Threading.ExecutionContext:RunInternal(ExecutionContext, ContextCallback, Object, Boolean)
System.Threading.ExecutionContext:Run(ExecutionContext, ContextCallback, Object)

Path Completed : Computation Time 0.00 ms Searched Nodes 970 Path Length 80
Path Number 330 (unique id)
UnityEngine.Logger:Log(LogType, Object)
UnityEngine.Debug:Log(Object)
AstarPath:<InitializePathProcessor>b__122_1(Path)
Pathfinding.PathProcessor:CalculatePathsThreaded(PathHandler)
System.Threading.ExecutionContext:RunInternal(ExecutionContext, ContextCallback, Object, Boolean)
System.Threading.ExecutionContext:Run(ExecutionContext, ContextCallback, Object)

Path Completed : Computation Time 0.00 ms Searched Nodes 0 Path Length 1
Path Number 331 (unique id)
UnityEngine.Logger:Log(LogType, Object)
UnityEngine.Debug:Log(Object)
AstarPath:<InitializePathProcessor>b__122_1(Path)
Pathfinding.PathProcessor:CalculatePathsThreaded(PathHandler)
System.Threading.ExecutionContext:RunInternal(ExecutionContext, ContextCallback, Object, Boolean)
System.Threading.ExecutionContext:Run(ExecutionContext, ContextCallback, Object)

Path Completed : Computation Time 0.00 ms Searched Nodes 1255 Path Length 71
Path Number 332 (unique id)
UnityEngine.Logger:Log(LogType, Object)
UnityEngine.Debug:Log(Object)
AstarPath:<InitializePathProcessor>b__122_1(Path)
Pathfinding.PathProcessor:CalculatePathsThreaded(PathHandler)
System.Threading.ExecutionContext:RunInternal(ExecutionContext, ContextCallback, Object, Boolean)
System.Threading.ExecutionContext:Run(ExecutionContext, ContextCallback, Object)

Path Completed : Computation Time 1.03 ms Searched Nodes 854 Path Length 68
Path Number 333 (unique id)
UnityEngine.Logger:Log(LogType, Object)
UnityEngine.Debug:Log(Object)
AstarPath:<InitializePathProcessor>b__122_1(Path)
Pathfinding.PathProcessor:CalculatePathsThreaded(PathHandler)
System.Threading.ExecutionContext:RunInternal(ExecutionContext, ContextCallback, Object, Boolean)
System.Threading.ExecutionContext:Run(ExecutionContext, ContextCallback, Object)

Scanning - Process took 44 ms to complete
UnityEngine.Logger:Log(LogType, Object)
UnityEngine.Debug:Log(Object)
<ScanAsync>d__140:MoveNext()
AstarPath:Scan(NavGraph[])
Luzhang.Game.UFOController:Update()

Path Completed : Computation Time 0.00 ms Searched Nodes 2 Path Length 2
Path Number 334 (unique id)
UnityEngine.Logger:Log(LogType, Object)
UnityEngine.Debug:Log(Object)
AstarPath:<InitializePathProcessor>b__122_1(Path)
Pathfinding.PathProcessor:CalculatePathsThreaded(PathHandler)
System.Threading.ExecutionContext:RunInternal(ExecutionContext, ContextCallback, Object, Boolean)
System.Threading.ExecutionContext:Run(ExecutionContext, ContextCallback, Object)

Path Completed : Computation Time 0.00 ms Searched Nodes 14 Path Length 8
Path Number 335 (unique id)
UnityEngine.Logger:Log(LogType, Object)
UnityEngine.Debug:Log(Object)
AstarPath:<InitializePathProcessor>b__122_1(Path)
Pathfinding.PathProcessor:CalculatePathsThreaded(PathHandler)
System.Threading.ExecutionContext:RunInternal(ExecutionContext, ContextCallback, Object, Boolean)
System.Threading.ExecutionContext:Run(ExecutionContext, ContextCallback, Object)

Path Completed : Computation Time 0.00 ms Searched Nodes 881 Path Length 72
Path Number 336 (unique id)
UnityEngine.Logger:Log(LogType, Object)
UnityEngine.Debug:Log(Object)
AstarPath:<InitializePathProcessor>b__122_1(Path)
Pathfinding.PathProcessor:CalculatePathsThreaded(PathHandler)
System.Threading.ExecutionContext:RunInternal(ExecutionContext, ContextCallback, Object, Boolean)
System.Threading.ExecutionContext:Run(ExecutionContext, ContextCallback, Object)

Path Completed : Computation Time 0.00 ms Searched Nodes 201 Path Length 65
Path Number 337 (unique id)
UnityEngine.Logger:Log(LogType, Object)
UnityEngine.Debug:Log(Object)
AstarPath:<InitializePathProcessor>b__122_1(Path)
Pathfinding.PathProcessor:CalculatePathsThreaded(PathHandler)
System.Threading.ExecutionContext:RunInternal(ExecutionContext, ContextCallback, Object, Boolean)
System.Threading.ExecutionContext:Run(ExecutionContext, ContextCallback, Object)

Path Completed : Computation Time 0.00 ms Searched Nodes 0 Path Length 1
Path Number 338 (unique id)
UnityEngine.Logger:Log(LogType, Object)
UnityEngine.Debug:Log(Object)
AstarPath:<InitializePathProcessor>b__122_1(Path)
Pathfinding.PathProcessor:CalculatePathsThreaded(PathHandler)
System.Threading.ExecutionContext:RunInternal(ExecutionContext, ContextCallback, Object, Boolean)
System.Threading.ExecutionContext:Run(ExecutionContext, ContextCallback, Object)

Path Completed : Computation Time 0.00 ms Searched Nodes 1006 Path Length 63
Path Number 339 (unique id)
UnityEngine.Logger:Log(LogType, Object)
UnityEngine.Debug:Log(Object)
AstarPath:<InitializePathProcessor>b__122_1(Path)
Pathfinding.PathProcessor:CalculatePathsThreaded(PathHandler)
System.Threading.ExecutionContext:RunInternal(ExecutionContext, ContextCallback, Object, Boolean)
System.Threading.ExecutionContext:Run(ExecutionContext, ContextCallback, Object)

[UFO Achievement] SetAchievementUFOAbsorbPyramid key=achievement_absorb_pyramid unlocked=true
UnityEngine.Logger:Log(LogType, Object)
UnityEngine.Debug:Log(Object)
AchievementsManager:SetUFOAchievementWithLog(String, String)
Luzhang.Game.AbsorbableItem:UnlockAchievement()
Luzhang.Game.AbsorbableItem:Absorb()
Luzhang.Game.AbsorbableItem:OnTriggerEnter(Collider)

成就achievement_absorb_pyramid已获得
UnityEngine.Logger:Log(LogType, Object)
UnityEngine.Debug:Log(Object)
Luzhang.Game.AbsorbableItem:UnlockAchievement()
Luzhang.Game.AbsorbableItem:Absorb()
Luzhang.Game.AbsorbableItem:OnTriggerEnter(Collider)

Path Completed : Computation Time 0.00 ms Searched Nodes 752 Path Length 62
Path Number 340 (unique id)
UnityEngine.Logger:Log(LogType, Object)
UnityEngine.Debug:Log(Object)
AstarPath:<InitializePathProcessor>b__122_1(Path)
Pathfinding.PathProcessor:CalculatePathsThreaded(PathHandler)
System.Threading.ExecutionContext:RunInternal(ExecutionContext, ContextCallback, Object, Boolean)
System.Threading.ExecutionContext:Run(ExecutionContext, ContextCallback, Object)

Path Completed : Computation Time 0.00 ms Searched Nodes 0 Path Length 1
Path Number 341 (unique id)
UnityEngine.Logger:Log(LogType, Object)
UnityEngine.Debug:Log(Object)
AstarPath:<InitializePathProcessor>b__122_1(Path)
Pathfinding.PathProcessor:CalculatePathsThreaded(PathHandler)
System.Threading.ExecutionContext:RunInternal(ExecutionContext, ContextCallback, Object, Boolean)
System.Threading.ExecutionContext:Run(ExecutionContext, ContextCallback, Object)

[UFO Achievement] SetAchievementUFOAbsorbObelisk key=achievement_absorb_obelisk unlocked=true
UnityEngine.Logger:Log(LogType, Object)
UnityEngine.Debug:Log(Object)
AchievementsManager:SetUFOAchievementWithLog(String, String)
Luzhang.Game.AbsorbableItem:UnlockAchievement()
Luzhang.Game.AbsorbableItem:Absorb()
Luzhang.Game.AbsorbableItem:OnTriggerEnter(Collider)

成就achievement_absorb_obelisk已获得
UnityEngine.Logger:Log(LogType, Object)
UnityEngine.Debug:Log(Object)
Luzhang.Game.AbsorbableItem:UnlockAchievement()
Luzhang.Game.AbsorbableItem:Absorb()
Luzhang.Game.AbsorbableItem:OnTriggerEnter(Collider)

Path Completed : Computation Time 0.00 ms Searched Nodes 759 Path Length 64
Path Number 342 (unique id)
UnityEngine.Logger:Log(LogType, Object)
UnityEngine.Debug:Log(Object)
AstarPath:<InitializePathProcessor>b__122_1(Path)
Pathfinding.PathProcessor:CalculatePathsThreaded(PathHandler)
System.Threading.ExecutionContext:RunInternal(ExecutionContext, ContextCallback, Object, Boolean)
System.Threading.ExecutionContext:Run(ExecutionContext, ContextCallback, Object)

Path Completed : Computation Time 0.00 ms Searched Nodes 0 Path Length 1
Path Number 343 (unique id)
UnityEngine.Logger:Log(LogType, Object)
UnityEngine.Debug:Log(Object)
AstarPath:<InitializePathProcessor>b__122_1(Path)
Pathfinding.PathProcessor:CalculatePathsThreaded(PathHandler)
System.Threading.ExecutionContext:RunInternal(ExecutionContext, ContextCallback, Object, Boolean)
System.Threading.ExecutionContext:Run(ExecutionContext, ContextCallback, Object)

Path Completed : Computation Time 0.00 ms Searched Nodes 763 Path Length 56
Path Number 344 (unique id)
UnityEngine.Logger:Log(LogType, Object)
UnityEngine.Debug:Log(Object)
AstarPath:<InitializePathProcessor>b__122_1(Path)
Pathfinding.PathProcessor:CalculatePathsThreaded(PathHandler)
System.Threading.ExecutionContext:RunInternal(ExecutionContext, ContextCallback, Object, Boolean)
System.Threading.ExecutionContext:Run(ExecutionContext, ContextCallback, Object)

Scanning - Process took 45 ms to complete
UnityEngine.Logger:Log(LogType, Object)
UnityEngine.Debug:Log(Object)
<ScanAsync>d__140:MoveNext()
AstarPath:Scan(NavGraph[])
Luzhang.Game.UFOController:Update()

Path Completed : Computation Time 1.08 ms Searched Nodes 484 Path Length 55
Path Number 345 (unique id)
UnityEngine.Logger:Log(LogType, Object)
UnityEngine.Debug:Log(Object)
AstarPath:<InitializePathProcessor>b__122_1(Path)
Pathfinding.PathProcessor:CalculatePathsThreaded(PathHandler)
System.Threading.ExecutionContext:RunInternal(ExecutionContext, ContextCallback, Object, Boolean)
System.Threading.ExecutionContext:Run(ExecutionContext, ContextCallback, Object)

Path Completed : Computation Time 0.00 ms Searched Nodes 0 Path Length 1
Path Number 346 (unique id)
UnityEngine.Logger:Log(LogType, Object)
UnityEngine.Debug:Log(Object)
AstarPath:<InitializePathProcessor>b__122_1(Path)
Pathfinding.PathProcessor:CalculatePathsThreaded(PathHandler)
System.Threading.ExecutionContext:RunInternal(ExecutionContext, ContextCallback, Object, Boolean)
System.Threading.ExecutionContext:Run(ExecutionContext, ContextCallback, Object)

Path Completed : Computation Time 0.00 ms Searched Nodes 617 Path Length 57
Path Number 347 (unique id)
UnityEngine.Logger:Log(LogType, Object)
UnityEngine.Debug:Log(Object)
AstarPath:<InitializePathProcessor>b__122_1(Path)
Pathfinding.PathProcessor:CalculatePathsThreaded(PathHandler)
System.Threading.ExecutionContext:RunInternal(ExecutionContext, ContextCallback, Object, Boolean)
System.Threading.ExecutionContext:Run(ExecutionContext, ContextCallback, Object)

Path Completed : Computation Time 1.01 ms Searched Nodes 4991 Path Length 99
Path Number 348 (unique id)
UnityEngine.Logger:Log(LogType, Object)
UnityEngine.Debug:Log(Object)
AstarPath:<InitializePathProcessor>b__122_1(Path)
Pathfinding.PathProcessor:CalculatePathsThreaded(PathHandler)
System.Threading.ExecutionContext:RunInternal(ExecutionContext, ContextCallback, Object, Boolean)
System.Threading.ExecutionContext:Run(ExecutionContext, ContextCallback, Object)

Path Completed : Computation Time 1.02 ms Searched Nodes 1781 Path Length 78
Path Number 349 (unique id)
UnityEngine.Logger:Log(LogType, Object)
UnityEngine.Debug:Log(Object)
AstarPath:<InitializePathProcessor>b__122_1(Path)
Pathfinding.PathProcessor:CalculatePathsThreaded(PathHandler)
System.Threading.ExecutionContext:RunInternal(ExecutionContext, ContextCallback, Object, Boolean)
System.Threading.ExecutionContext:Run(ExecutionContext, ContextCallback, Object)

Path Completed : Computation Time 0.00 ms Searched Nodes 0 Path Length 1
Path Number 350 (unique id)
UnityEngine.Logger:Log(LogType, Object)
UnityEngine.Debug:Log(Object)
AstarPath:<InitializePathProcessor>b__122_1(Path)
Pathfinding.PathProcessor:CalculatePathsThreaded(PathHandler)
System.Threading.ExecutionContext:RunInternal(ExecutionContext, ContextCallback, Object, Boolean)
System.Threading.ExecutionContext:Run(ExecutionContext, ContextCallback, Object)

Path Completed : Computation Time 1.38 ms Searched Nodes 604 Path Length 48
Path Number 351 (unique id)
UnityEngine.Logger:Log(LogType, Object)
UnityEngine.Debug:Log(Object)
AstarPath:<InitializePathProcessor>b__122_1(Path)
Pathfinding.PathProcessor:CalculatePathsThreaded(PathHandler)
System.Threading.ExecutionContext:RunInternal(ExecutionContext, ContextCallback, Object, Boolean)
System.Threading.ExecutionContext:Run(ExecutionContext, ContextCallback, Object)

Scanning - Process took 44 ms to complete
UnityEngine.Logger:Log(LogType, Object)
UnityEngine.Debug:Log(Object)
<ScanAsync>d__140:MoveNext()
AstarPath:Scan(NavGraph[])
Luzhang.Game.UFOController:Update()

Path Completed : Computation Time 0.00 ms Searched Nodes 400 Path Length 49
Path Number 352 (unique id)
UnityEngine.Logger:Log(LogType, Object)
UnityEngine.Debug:Log(Object)
AstarPath:<InitializePathProcessor>b__122_1(Path)
Pathfinding.PathProcessor:CalculatePathsThreaded(PathHandler)
System.Threading.ExecutionContext:RunInternal(ExecutionContext, ContextCallback, Object, Boolean)
System.Threading.ExecutionContext:Run(ExecutionContext, ContextCallback, Object)

Path Completed : Computation Time 0.00 ms Searched Nodes 0 Path Length 1
Path Number 353 (unique id)
UnityEngine.Logger:Log(LogType, Object)
UnityEngine.Debug:Log(Object)
AstarPath:<InitializePathProcessor>b__122_1(Path)
Pathfinding.PathProcessor:CalculatePathsThreaded(PathHandler)
System.Threading.ExecutionContext:RunInternal(ExecutionContext, ContextCallback, Object, Boolean)
System.Threading.ExecutionContext:Run(ExecutionContext, ContextCallback, Object)

Path Completed : Computation Time 0.00 ms Searched Nodes 503 Path Length 49
Path Number 354 (unique id)
UnityEngine.Logger:Log(LogType, Object)
UnityEngine.Debug:Log(Object)
AstarPath:<InitializePathProcessor>b__122_1(Path)
Pathfinding.PathProcessor:CalculatePathsThreaded(PathHandler)
System.Threading.ExecutionContext:RunInternal(ExecutionContext, ContextCallback, Object, Boolean)
System.Threading.ExecutionContext:Run(ExecutionContext, ContextCallback, Object)

Path Completed : Computation Time 0.00 ms Searched Nodes 4411 Path Length 93
Path Number 355 (unique id)
UnityEngine.Logger:Log(LogType, Object)
UnityEngine.Debug:Log(Object)
AstarPath:<InitializePathProcessor>b__122_1(Path)
Pathfinding.PathProcessor:CalculatePathsThreaded(PathHandler)
System.Threading.ExecutionContext:RunInternal(ExecutionContext, ContextCallback, Object, Boolean)
System.Threading.ExecutionContext:Run(ExecutionContext, ContextCallback, Object)

Path Completed : Computation Time 0.00 ms Searched Nodes 1792 Path Length 80
Path Number 356 (unique id)
UnityEngine.Logger:Log(LogType, Object)
UnityEngine.Debug:Log(Object)
AstarPath:<InitializePathProcessor>b__122_1(Path)
Pathfinding.PathProcessor:CalculatePathsThreaded(PathHandler)
System.Threading.ExecutionContext:RunInternal(ExecutionContext, ContextCallback, Object, Boolean)
System.Threading.ExecutionContext:Run(ExecutionContext, ContextCallback, Object)

Path Completed : Computation Time 0.00 ms Searched Nodes 1526 Path Length 71
Path Number 357 (unique id)
UnityEngine.Logger:Log(LogType, Object)
UnityEngine.Debug:Log(Object)
AstarPath:<InitializePathProcessor>b__122_1(Path)
Pathfinding.PathProcessor:CalculatePathsThreaded(PathHandler)
System.Threading.ExecutionContext:RunInternal(ExecutionContext, ContextCallback, Object, Boolean)
System.Threading.ExecutionContext:Run(ExecutionContext, ContextCallback, Object)

Path Completed : Computation Time 0.00 ms Searched Nodes 0 Path Length 1
Path Number 358 (unique id)
UnityEngine.Logger:Log(LogType, Object)
UnityEngine.Debug:Log(Object)
AstarPath:<InitializePathProcessor>b__122_1(Path)
Pathfinding.PathProcessor:CalculatePathsThreaded(PathHandler)
System.Threading.ExecutionContext:RunInternal(ExecutionContext, ContextCallback, Object, Boolean)
System.Threading.ExecutionContext:Run(ExecutionContext, ContextCallback, Object)

Path Completed : Computation Time 0.00 ms Searched Nodes 491 Path Length 41
Path Number 359 (unique id)
UnityEngine.Logger:Log(LogType, Object)
UnityEngine.Debug:Log(Object)
AstarPath:<InitializePathProcessor>b__122_1(Path)
Pathfinding.PathProcessor:CalculatePathsThreaded(PathHandler)
System.Threading.ExecutionContext:RunInternal(ExecutionContext, ContextCallback, Object, Boolean)
System.Threading.ExecutionContext:Run(ExecutionContext, ContextCallback, Object)

Path Completed : Computation Time 0.00 ms Searched Nodes 350 Path Length 44
Path Number 360 (unique id)
UnityEngine.Logger:Log(LogType, Object)
UnityEngine.Debug:Log(Object)
AstarPath:<InitializePathProcessor>b__122_1(Path)
Pathfinding.PathProcessor:CalculatePathsThreaded(PathHandler)
System.Threading.ExecutionContext:RunInternal(ExecutionContext, ContextCallback, Object, Boolean)
System.Threading.ExecutionContext:Run(ExecutionContext, ContextCallback, Object)

Path Completed : Computation Time 0.00 ms Searched Nodes 0 Path Length 1
Path Number 361 (unique id)
UnityEngine.Logger:Log(LogType, Object)
UnityEngine.Debug:Log(Object)
AstarPath:<InitializePathProcessor>b__122_1(Path)
Pathfinding.PathProcessor:CalculatePathsThreaded(PathHandler)
System.Threading.ExecutionContext:RunInternal(ExecutionContext, ContextCallback, Object, Boolean)
System.Threading.ExecutionContext:Run(ExecutionContext, ContextCallback, Object)

Path Completed : Computation Time 1.00 ms Searched Nodes 376 Path Length 41
Path Number 362 (unique id)
UnityEngine.Logger:Log(LogType, Object)
UnityEngine.Debug:Log(Object)
AstarPath:<InitializePathProcessor>b__122_1(Path)
Pathfinding.PathProcessor:CalculatePathsThreaded(PathHandler)
System.Threading.ExecutionContext:RunInternal(ExecutionContext, ContextCallback, Object, Boolean)
System.Threading.ExecutionContext:Run(ExecutionContext, ContextCallback, Object)

Path Completed : Computation Time 1.00 ms Searched Nodes 3880 Path Length 88
Path Number 363 (unique id)
UnityEngine.Logger:Log(LogType, Object)
UnityEngine.Debug:Log(Object)
AstarPath:<InitializePathProcessor>b__122_1(Path)
Pathfinding.PathProcessor:CalculatePathsThreaded(PathHandler)
System.Threading.ExecutionContext:RunInternal(ExecutionContext, ContextCallback, Object, Boolean)
System.Threading.ExecutionContext:Run(ExecutionContext, ContextCallback, Object)

Path Completed : Computation Time 0.00 ms Searched Nodes 1598 Path Length 75
Path Number 364 (unique id)
UnityEngine.Logger:Log(LogType, Object)
UnityEngine.Debug:Log(Object)
AstarPath:<InitializePathProcessor>b__122_1(Path)
Pathfinding.PathProcessor:CalculatePathsThreaded(PathHandler)
System.Threading.ExecutionContext:RunInternal(ExecutionContext, ContextCallback, Object, Boolean)
System.Threading.ExecutionContext:Run(ExecutionContext, ContextCallback, Object)

Path Completed : Computation Time 0.00 ms Searched Nodes 1250 Path Length 63
Path Number 365 (unique id)
UnityEngine.Logger:Log(LogType, Object)
UnityEngine.Debug:Log(Object)
AstarPath:<InitializePathProcessor>b__122_1(Path)
Pathfinding.PathProcessor:CalculatePathsThreaded(PathHandler)
System.Threading.ExecutionContext:RunInternal(ExecutionContext, ContextCallback, Object, Boolean)
System.Threading.ExecutionContext:Run(ExecutionContext, ContextCallback, Object)

Path Completed : Computation Time 0.00 ms Searched Nodes 0 Path Length 1
Path Number 366 (unique id)
UnityEngine.Logger:Log(LogType, Object)
UnityEngine.Debug:Log(Object)
AstarPath:<InitializePathProcessor>b__122_1(Path)
Pathfinding.PathProcessor:CalculatePathsThreaded(PathHandler)
System.Threading.ExecutionContext:RunInternal(ExecutionContext, ContextCallback, Object, Boolean)
System.Threading.ExecutionContext:Run(ExecutionContext, ContextCallback, Object)

Path Completed : Computation Time 0.00 ms Searched Nodes 346 Path Length 33
Path Number 367 (unique id)
UnityEngine.Logger:Log(LogType, Object)
UnityEngine.Debug:Log(Object)
AstarPath:<InitializePathProcessor>b__122_1(Path)
Pathfinding.PathProcessor:CalculatePathsThreaded(PathHandler)
System.Threading.ExecutionContext:RunInternal(ExecutionContext, ContextCallback, Object, Boolean)
System.Threading.ExecutionContext:Run(ExecutionContext, ContextCallback, Object)

Path Completed : Computation Time 0.00 ms Searched Nodes 290 Path Length 38
Path Number 368 (unique id)
UnityEngine.Logger:Log(LogType, Object)
UnityEngine.Debug:Log(Object)
AstarPath:<InitializePathProcessor>b__122_1(Path)
Pathfinding.PathProcessor:CalculatePathsThreaded(PathHandler)
System.Threading.ExecutionContext:RunInternal(ExecutionContext, ContextCallback, Object, Boolean)
System.Threading.ExecutionContext:Run(ExecutionContext, ContextCallback, Object)

Path Completed : Computation Time 0.00 ms Searched Nodes 0 Path Length 1
Path Number 369 (unique id)
UnityEngine.Logger:Log(LogType, Object)
UnityEngine.Debug:Log(Object)
AstarPath:<InitializePathProcessor>b__122_1(Path)
Pathfinding.PathProcessor:CalculatePathsThreaded(PathHandler)
System.Threading.ExecutionContext:RunInternal(ExecutionContext, ContextCallback, Object, Boolean)
System.Threading.ExecutionContext:Run(ExecutionContext, ContextCallback, Object)

Scanning - Process took 41 ms to complete
UnityEngine.Logger:Log(LogType, Object)
UnityEngine.Debug:Log(Object)
<ScanAsync>d__140:MoveNext()
AstarPath:Scan(NavGraph[])
Luzhang.Game.<UpdatePath>d__52:MoveNext()
UnityEngine.SetupCoroutine:InvokeMoveNext(IEnumerator, IntPtr)

Path Completed : Computation Time 0.00 ms Searched Nodes 248 Path Length 33
Path Number 370 (unique id)
UnityEngine.Logger:Log(LogType, Object)
UnityEngine.Debug:Log(Object)
AstarPath:<InitializePathProcessor>b__122_1(Path)
Pathfinding.PathProcessor:CalculatePathsThreaded(PathHandler)
System.Threading.ExecutionContext:RunInternal(ExecutionContext, ContextCallback, Object, Boolean)
System.Threading.ExecutionContext:Run(ExecutionContext, ContextCallback, Object)

Path Completed : Computation Time 1.05 ms Searched Nodes 3173 Path Length 81
Path Number 371 (unique id)
UnityEngine.Logger:Log(LogType, Object)
UnityEngine.Debug:Log(Object)
AstarPath:<InitializePathProcessor>b__122_1(Path)
Pathfinding.PathProcessor:CalculatePathsThreaded(PathHandler)
System.Threading.ExecutionContext:RunInternal(ExecutionContext, ContextCallback, Object, Boolean)
System.Threading.ExecutionContext:Run(ExecutionContext, ContextCallback, Object)

Path Completed : Computation Time 1.01 ms Searched Nodes 1249 Path Length 68
Path Number 372 (unique id)
UnityEngine.Logger:Log(LogType, Object)
UnityEngine.Debug:Log(Object)
AstarPath:<InitializePathProcessor>b__122_1(Path)
Pathfinding.PathProcessor:CalculatePathsThreaded(PathHandler)
System.Threading.ExecutionContext:RunInternal(ExecutionContext, ContextCallback, Object, Boolean)
System.Threading.ExecutionContext:Run(ExecutionContext, ContextCallback, Object)

Path Completed : Computation Time 1.00 ms Searched Nodes 976 Path Length 56
Path Number 373 (unique id)
UnityEngine.Logger:Log(LogType, Object)
UnityEngine.Debug:Log(Object)
AstarPath:<InitializePathProcessor>b__122_1(Path)
Pathfinding.PathProcessor:CalculatePathsThreaded(PathHandler)
System.Threading.ExecutionContext:RunInternal(ExecutionContext, ContextCallback, Object, Boolean)
System.Threading.ExecutionContext:Run(ExecutionContext, ContextCallback, Object)

Path Completed : Computation Time 0.00 ms Searched Nodes 0 Path Length 1
Path Number 374 (unique id)
UnityEngine.Logger:Log(LogType, Object)
UnityEngine.Debug:Log(Object)
AstarPath:<InitializePathProcessor>b__122_1(Path)
Pathfinding.PathProcessor:CalculatePathsThreaded(PathHandler)
System.Threading.ExecutionContext:RunInternal(ExecutionContext, ContextCallback, Object, Boolean)
System.Threading.ExecutionContext:Run(ExecutionContext, ContextCallback, Object)

Path Completed : Computation Time 0.00 ms Searched Nodes 192 Path Length 26
Path Number 375 (unique id)
UnityEngine.Logger:Log(LogType, Object)
UnityEngine.Debug:Log(Object)
AstarPath:<InitializePathProcessor>b__122_1(Path)
Pathfinding.PathProcessor:CalculatePathsThreaded(PathHandler)
System.Threading.ExecutionContext:RunInternal(ExecutionContext, ContextCallback, Object, Boolean)
System.Threading.ExecutionContext:Run(ExecutionContext, ContextCallback, Object)

Path Completed : Computation Time 0.00 ms Searched Nodes 230 Path Length 32
Path Number 376 (unique id)
UnityEngine.Logger:Log(LogType, Object)
UnityEngine.Debug:Log(Object)
AstarPath:<InitializePathProcessor>b__122_1(Path)
Pathfinding.PathProcessor:CalculatePathsThreaded(PathHandler)
System.Threading.ExecutionContext:RunInternal(ExecutionContext, ContextCallback, Object, Boolean)
System.Threading.ExecutionContext:Run(ExecutionContext, ContextCallback, Object)

Path Completed : Computation Time 0.00 ms Searched Nodes 0 Path Length 1
Path Number 377 (unique id)
UnityEngine.Logger:Log(LogType, Object)
UnityEngine.Debug:Log(Object)
AstarPath:<InitializePathProcessor>b__122_1(Path)
Pathfinding.PathProcessor:CalculatePathsThreaded(PathHandler)
System.Threading.ExecutionContext:RunInternal(ExecutionContext, ContextCallback, Object, Boolean)
System.Threading.ExecutionContext:Run(ExecutionContext, ContextCallback, Object)

Scanning - Process took 45 ms to complete
UnityEngine.Logger:Log(LogType, Object)
UnityEngine.Debug:Log(Object)
<ScanAsync>d__140:MoveNext()
AstarPath:Scan(NavGraph[])
Luzhang.Game.UFOController:Update()

Path Completed : Computation Time 0.00 ms Searched Nodes 175 Path Length 25
Path Number 378 (unique id)
UnityEngine.Logger:Log(LogType, Object)
UnityEngine.Debug:Log(Object)
AstarPath:<InitializePathProcessor>b__122_1(Path)
Pathfinding.PathProcessor:CalculatePathsThreaded(PathHandler)
System.Threading.ExecutionContext:RunInternal(ExecutionContext, ContextCallback, Object, Boolean)
System.Threading.ExecutionContext:Run(ExecutionContext, ContextCallback, Object)

Path Completed : Computation Time 0.00 ms Searched Nodes 2628 Path Length 75
Path Number 379 (unique id)
UnityEngine.Logger:Log(LogType, Object)
UnityEngine.Debug:Log(Object)
AstarPath:<InitializePathProcessor>b__122_1(Path)
Pathfinding.PathProcessor:CalculatePathsThreaded(PathHandler)
System.Threading.ExecutionContext:RunInternal(ExecutionContext, ContextCallback, Object, Boolean)
System.Threading.ExecutionContext:Run(ExecutionContext, ContextCallback, Object)

Path Completed : Computation Time 0.00 ms Searched Nodes 1100 Path Length 62
Path Number 380 (unique id)
UnityEngine.Logger:Log(LogType, Object)
UnityEngine.Debug:Log(Object)
AstarPath:<InitializePathProcessor>b__122_1(Path)
Pathfinding.PathProcessor:CalculatePathsThreaded(PathHandler)
System.Threading.ExecutionContext:RunInternal(ExecutionContext, ContextCallback, Object, Boolean)
System.Threading.ExecutionContext:Run(ExecutionContext, ContextCallback, Object)

Path Completed : Computation Time 0.00 ms Searched Nodes 713 Path Length 48
Path Number 381 (unique id)
UnityEngine.Logger:Log(LogType, Object)
UnityEngine.Debug:Log(Object)
AstarPath:<InitializePathProcessor>b__122_1(Path)
Pathfinding.PathProcessor:CalculatePathsThreaded(PathHandler)
System.Threading.ExecutionContext:RunInternal(ExecutionContext, ContextCallback, Object, Boolean)
System.Threading.ExecutionContext:Run(ExecutionContext, ContextCallback, Object)

Path Completed : Computation Time 0.00 ms Searched Nodes 0 Path Length 1
Path Number 382 (unique id)
UnityEngine.Logger:Log(LogType, Object)
UnityEngine.Debug:Log(Object)
AstarPath:<InitializePathProcessor>b__122_1(Path)
Pathfinding.PathProcessor:CalculatePathsThreaded(PathHandler)
System.Threading.ExecutionContext:RunInternal(ExecutionContext, ContextCallback, Object, Boolean)
System.Threading.ExecutionContext:Run(ExecutionContext, ContextCallback, Object)

Path Completed : Computation Time 0.00 ms Searched Nodes 68 Path Length 20
Path Number 383 (unique id)
UnityEngine.Logger:Log(LogType, Object)
UnityEngine.Debug:Log(Object)
AstarPath:<InitializePathProcessor>b__122_1(Path)
Pathfinding.PathProcessor:CalculatePathsThreaded(PathHandler)
System.Threading.ExecutionContext:RunInternal(ExecutionContext, ContextCallback, Object, Boolean)
System.Threading.ExecutionContext:Run(ExecutionContext, ContextCallback, Object)

Path Completed : Computation Time 0.00 ms Searched Nodes 181 Path Length 27
Path Number 384 (unique id)
UnityEngine.Logger:Log(LogType, Object)
UnityEngine.Debug:Log(Object)
AstarPath:<InitializePathProcessor>b__122_1(Path)
Pathfinding.PathProcessor:CalculatePathsThreaded(PathHandler)
System.Threading.ExecutionContext:RunInternal(ExecutionContext, ContextCallback, Object, Boolean)
System.Threading.ExecutionContext:Run(ExecutionContext, ContextCallback, Object)

Path Completed : Computation Time 0.00 ms Searched Nodes 0 Path Length 1
Path Number 385 (unique id)
UnityEngine.Logger:Log(LogType, Object)
UnityEngine.Debug:Log(Object)
AstarPath:<InitializePathProcessor>b__122_1(Path)
Pathfinding.PathProcessor:CalculatePathsThreaded(PathHandler)
System.Threading.ExecutionContext:RunInternal(ExecutionContext, ContextCallback, Object, Boolean)
System.Threading.ExecutionContext:Run(ExecutionContext, ContextCallback, Object)

Path Completed : Computation Time 0.00 ms Searched Nodes 79 Path Length 17
Path Number 386 (unique id)
UnityEngine.Logger:Log(LogType, Object)
UnityEngine.Debug:Log(Object)
AstarPath:<InitializePathProcessor>b__122_1(Path)
Pathfinding.PathProcessor:CalculatePathsThreaded(PathHandler)
System.Threading.ExecutionContext:RunInternal(ExecutionContext, ContextCallback, Object, Boolean)
System.Threading.ExecutionContext:Run(ExecutionContext, ContextCallback, Object)

Path Completed : Computation Time 0.00 ms Searched Nodes 1903 Path Length 69
Path Number 387 (unique id)
UnityEngine.Logger:Log(LogType, Object)
UnityEngine.Debug:Log(Object)
AstarPath:<InitializePathProcessor>b__122_1(Path)
Pathfinding.PathProcessor:CalculatePathsThreaded(PathHandler)
System.Threading.ExecutionContext:RunInternal(ExecutionContext, ContextCallback, Object, Boolean)
System.Threading.ExecutionContext:Run(ExecutionContext, ContextCallback, Object)

Path Completed : Computation Time 1.09 ms Searched Nodes 925 Path Length 56
Path Number 388 (unique id)
UnityEngine.Logger:Log(LogType, Object)
UnityEngine.Debug:Log(Object)
AstarPath:<InitializePathProcessor>b__122_1(Path)
Pathfinding.PathProcessor:CalculatePathsThreaded(PathHandler)
System.Threading.ExecutionContext:RunInternal(ExecutionContext, ContextCallback, Object, Boolean)
System.Threading.ExecutionContext:Run(ExecutionContext, ContextCallback, Object)

Path Completed : Computation Time 0.00 ms Searched Nodes 539 Path Length 42
Path Number 389 (unique id)
UnityEngine.Logger:Log(LogType, Object)
UnityEngine.Debug:Log(Object)
AstarPath:<InitializePathProcessor>b__122_1(Path)
Pathfinding.PathProcessor:CalculatePathsThreaded(PathHandler)
System.Threading.ExecutionContext:RunInternal(ExecutionContext, ContextCallback, Object, Boolean)
System.Threading.ExecutionContext:Run(ExecutionContext, ContextCallback, Object)

Path Completed : Computation Time 1.50 ms Searched Nodes 2404 Path Length 167
Path Number 390 (unique id)
UnityEngine.Logger:Log(LogType, Object)
UnityEngine.Debug:Log(Object)
AstarPath:<InitializePathProcessor>b__122_1(Path)
Pathfinding.PathProcessor:CalculatePathsThreaded(PathHandler)
System.Threading.ExecutionContext:RunInternal(ExecutionContext, ContextCallback, Object, Boolean)
System.Threading.ExecutionContext:Run(ExecutionContext, ContextCallback, Object)

Scanning - Process took 47 ms to complete
UnityEngine.Logger:Log(LogType, Object)
UnityEngine.Debug:Log(Object)
<ScanAsync>d__140:MoveNext()
AstarPath:Scan(NavGraph[])
Luzhang.Game.UFOController:Update()

Path Completed : Computation Time 0.00 ms Searched Nodes 2 Path Length 2
Path Number 391 (unique id)
UnityEngine.Logger:Log(LogType, Object)
UnityEngine.Debug:Log(Object)
AstarPath:<InitializePathProcessor>b__122_1(Path)
Pathfinding.PathProcessor:CalculatePathsThreaded(PathHandler)
System.Threading.ExecutionContext:RunInternal(ExecutionContext, ContextCallback, Object, Boolean)
System.Threading.ExecutionContext:Run(ExecutionContext, ContextCallback, Object)

Path Completed : Computation Time 0.00 ms Searched Nodes 23 Path Length 15
Path Number 392 (unique id)
UnityEngine.Logger:Log(LogType, Object)
UnityEngine.Debug:Log(Object)
AstarPath:<InitializePathProcessor>b__122_1(Path)
Pathfinding.PathProcessor:CalculatePathsThreaded(PathHandler)
System.Threading.ExecutionContext:RunInternal(ExecutionContext, ContextCallback, Object, Boolean)
System.Threading.ExecutionContext:Run(ExecutionContext, ContextCallback, Object)

Path Completed : Computation Time 0.00 ms Searched Nodes 128 Path Length 21
Path Number 393 (unique id)
UnityEngine.Logger:Log(LogType, Object)
UnityEngine.Debug:Log(Object)
AstarPath:<InitializePathProcessor>b__122_1(Path)
Pathfinding.PathProcessor:CalculatePathsThreaded(PathHandler)
System.Threading.ExecutionContext:RunInternal(ExecutionContext, ContextCallback, Object, Boolean)
System.Threading.ExecutionContext:Run(ExecutionContext, ContextCallback, Object)

Path Completed : Computation Time 0.00 ms Searched Nodes 0 Path Length 1
Path Number 394 (unique id)
UnityEngine.Logger:Log(LogType, Object)
UnityEngine.Debug:Log(Object)
AstarPath:<InitializePathProcessor>b__122_1(Path)
Pathfinding.PathProcessor:CalculatePathsThreaded(PathHandler)
System.Threading.ExecutionContext:RunInternal(ExecutionContext, ContextCallback, Object, Boolean)
System.Threading.ExecutionContext:Run(ExecutionContext, ContextCallback, Object)

Scanning - Process took 42 ms to complete
UnityEngine.Logger:Log(LogType, Object)
UnityEngine.Debug:Log(Object)
<ScanAsync>d__140:MoveNext()
AstarPath:Scan(NavGraph[])
Luzhang.Game.UFOController:Update()

Path Completed : Computation Time 0.00 ms Searched Nodes 774 Path Length 51
Path Number 395 (unique id)
UnityEngine.Logger:Log(LogType, Object)
UnityEngine.Debug:Log(Object)
AstarPath:<InitializePathProcessor>b__122_1(Path)
Pathfinding.PathProcessor:CalculatePathsThreaded(PathHandler)
System.Threading.ExecutionContext:RunInternal(ExecutionContext, ContextCallback, Object, Boolean)
System.Threading.ExecutionContext:Run(ExecutionContext, ContextCallback, Object)

Path Completed : Computation Time 0.00 ms Searched Nodes 436 Path Length 36
Path Number 396 (unique id)
UnityEngine.Logger:Log(LogType, Object)
UnityEngine.Debug:Log(Object)
AstarPath:<InitializePathProcessor>b__122_1(Path)
Pathfinding.PathProcessor:CalculatePathsThreaded(PathHandler)
System.Threading.ExecutionContext:RunInternal(ExecutionContext, ContextCallback, Object, Boolean)
System.Threading.ExecutionContext:Run(ExecutionContext, ContextCallback, Object)

Path Completed : Computation Time 0.00 ms Searched Nodes 2262 Path Length 160
Path Number 397 (unique id)
UnityEngine.Logger:Log(LogType, Object)
UnityEngine.Debug:Log(Object)
AstarPath:<InitializePathProcessor>b__122_1(Path)
Pathfinding.PathProcessor:CalculatePathsThreaded(PathHandler)
System.Threading.ExecutionContext:RunInternal(ExecutionContext, ContextCallback, Object, Boolean)
System.Threading.ExecutionContext:Run(ExecutionContext, ContextCallback, Object)

Path Completed : Computation Time 0.00 ms Searched Nodes 0 Path Length 1
Path Number 398 (unique id)
UnityEngine.Logger:Log(LogType, Object)
UnityEngine.Debug:Log(Object)
AstarPath:<InitializePathProcessor>b__122_1(Path)
Pathfinding.PathProcessor:CalculatePathsThreaded(PathHandler)
System.Threading.ExecutionContext:RunInternal(ExecutionContext, ContextCallback, Object, Boolean)
System.Threading.ExecutionContext:Run(ExecutionContext, ContextCallback, Object)

Path Completed : Computation Time 0.00 ms Searched Nodes 7 Path Length 7
Path Number 399 (unique id)
UnityEngine.Logger:Log(LogType, Object)
UnityEngine.Debug:Log(Object)
AstarPath:<InitializePathProcessor>b__122_1(Path)
Pathfinding.PathProcessor:CalculatePathsThreaded(PathHandler)
System.Threading.ExecutionContext:RunInternal(ExecutionContext, ContextCallback, Object, Boolean)
System.Threading.ExecutionContext:Run(ExecutionContext, ContextCallback, Object)

Path Completed : Computation Time 0.00 ms Searched Nodes 80 Path Length 15
Path Number 400 (unique id)
UnityEngine.Logger:Log(LogType, Object)
UnityEngine.Debug:Log(Object)
AstarPath:<InitializePathProcessor>b__122_1(Path)
Pathfinding.PathProcessor:CalculatePathsThreaded(PathHandler)
System.Threading.ExecutionContext:RunInternal(ExecutionContext, ContextCallback, Object, Boolean)
System.Threading.ExecutionContext:Run(ExecutionContext, ContextCallback, Object)

Path Completed : Computation Time 0.00 ms Searched Nodes 0 Path Length 1
Path Number 401 (unique id)
UnityEngine.Logger:Log(LogType, Object)
UnityEngine.Debug:Log(Object)
AstarPath:<InitializePathProcessor>b__122_1(Path)
Pathfinding.PathProcessor:CalculatePathsThreaded(PathHandler)
System.Threading.ExecutionContext:RunInternal(ExecutionContext, ContextCallback, Object, Boolean)
System.Threading.ExecutionContext:Run(ExecutionContext, ContextCallback, Object)

Path Completed : Computation Time 0.00 ms Searched Nodes 578 Path Length 45
Path Number 402 (unique id)
UnityEngine.Logger:Log(LogType, Object)
UnityEngine.Debug:Log(Object)
AstarPath:<InitializePathProcessor>b__122_1(Path)
Pathfinding.PathProcessor:CalculatePathsThreaded(PathHandler)
System.Threading.ExecutionContext:RunInternal(ExecutionContext, ContextCallback, Object, Boolean)
System.Threading.ExecutionContext:Run(ExecutionContext, ContextCallback, Object)

Path Completed : Computation Time 0.00 ms Searched Nodes 327 Path Length 28
Path Number 403 (unique id)
UnityEngine.Logger:Log(LogType, Object)
UnityEngine.Debug:Log(Object)
AstarPath:<InitializePathProcessor>b__122_1(Path)
Pathfinding.PathProcessor:CalculatePathsThreaded(PathHandler)
System.Threading.ExecutionContext:RunInternal(ExecutionContext, ContextCallback, Object, Boolean)
System.Threading.ExecutionContext:Run(ExecutionContext, ContextCallback, Object)

Path Completed : Computation Time 1.00 ms Searched Nodes 2095 Path Length 152
Path Number 404 (unique id)
UnityEngine.Logger:Log(LogType, Object)
UnityEngine.Debug:Log(Object)
AstarPath:<InitializePathProcessor>b__122_1(Path)
Pathfinding.PathProcessor:CalculatePathsThreaded(PathHandler)
System.Threading.ExecutionContext:RunInternal(ExecutionContext, ContextCallback, Object, Boolean)
System.Threading.ExecutionContext:Run(ExecutionContext, ContextCallback, Object)

Path Completed : Computation Time 0.00 ms Searched Nodes 0 Path Length 1
Path Number 405 (unique id)
UnityEngine.Logger:Log(LogType, Object)
UnityEngine.Debug:Log(Object)
AstarPath:<InitializePathProcessor>b__122_1(Path)
Pathfinding.PathProcessor:CalculatePathsThreaded(PathHandler)
System.Threading.ExecutionContext:RunInternal(ExecutionContext, ContextCallback, Object, Boolean)
System.Threading.ExecutionContext:Run(ExecutionContext, ContextCallback, Object)

Path Completed : Computation Time 0.00 ms Searched Nodes 40 Path Length 10
Path Number 406 (unique id)
UnityEngine.Logger:Log(LogType, Object)
UnityEngine.Debug:Log(Object)
AstarPath:<InitializePathProcessor>b__122_1(Path)
Pathfinding.PathProcessor:CalculatePathsThreaded(PathHandler)
System.Threading.ExecutionContext:RunInternal(ExecutionContext, ContextCallback, Object, Boolean)
System.Threading.ExecutionContext:Run(ExecutionContext, ContextCallback, Object)

Path Completed : Computation Time 0.00 ms Searched Nodes 3572 Path Length 112
Path Number 407 (unique id)
UnityEngine.Logger:Log(LogType, Object)
UnityEngine.Debug:Log(Object)
AstarPath:<InitializePathProcessor>b__122_1(Path)
Pathfinding.PathProcessor:CalculatePathsThreaded(PathHandler)
System.Threading.ExecutionContext:RunInternal(ExecutionContext, ContextCallback, Object, Boolean)
System.Threading.ExecutionContext:Run(ExecutionContext, ContextCallback, Object)

Path Completed : Computation Time 0.00 ms Searched Nodes 544 Path Length 40
Path Number 408 (unique id)
UnityEngine.Logger:Log(LogType, Object)
UnityEngine.Debug:Log(Object)
AstarPath:<InitializePathProcessor>b__122_1(Path)
Pathfinding.PathProcessor:CalculatePathsThreaded(PathHandler)
System.Threading.ExecutionContext:RunInternal(ExecutionContext, ContextCallback, Object, Boolean)
System.Threading.ExecutionContext:Run(ExecutionContext, ContextCallback, Object)

Path Completed : Computation Time 0.00 ms Searched Nodes 0 Path Length 1
Path Number 409 (unique id)
UnityEngine.Logger:Log(LogType, Object)
UnityEngine.Debug:Log(Object)
AstarPath:<InitializePathProcessor>b__122_1(Path)
Pathfinding.PathProcessor:CalculatePathsThreaded(PathHandler)
System.Threading.ExecutionContext:RunInternal(ExecutionContext, ContextCallback, Object, Boolean)
System.Threading.ExecutionContext:Run(ExecutionContext, ContextCallback, Object)

Path Completed : Computation Time 0.00 ms Searched Nodes 462 Path Length 64
Path Number 410 (unique id)
UnityEngine.Logger:Log(LogType, Object)
UnityEngine.Debug:Log(Object)
AstarPath:<InitializePathProcessor>b__122_1(Path)
Pathfinding.PathProcessor:CalculatePathsThreaded(PathHandler)
System.Threading.ExecutionContext:RunInternal(ExecutionContext, ContextCallback, Object, Boolean)
System.Threading.ExecutionContext:Run(ExecutionContext, ContextCallback, Object)

Path Completed : Computation Time 0.00 ms Searched Nodes 420 Path Length 39
Path Number 411 (unique id)
UnityEngine.Logger:Log(LogType, Object)
UnityEngine.Debug:Log(Object)
AstarPath:<InitializePathProcessor>b__122_1(Path)
Pathfinding.PathProcessor:CalculatePathsThreaded(PathHandler)
System.Threading.ExecutionContext:RunInternal(ExecutionContext, ContextCallback, Object, Boolean)
System.Threading.ExecutionContext:Run(ExecutionContext, ContextCallback, Object)

Path Completed : Computation Time 0.00 ms Searched Nodes 165 Path Length 21
Path Number 412 (unique id)
UnityEngine.Logger:Log(LogType, Object)
UnityEngine.Debug:Log(Object)
AstarPath:<InitializePathProcessor>b__122_1(Path)
Pathfinding.PathProcessor:CalculatePathsThreaded(PathHandler)
System.Threading.ExecutionContext:RunInternal(ExecutionContext, ContextCallback, Object, Boolean)
System.Threading.ExecutionContext:Run(ExecutionContext, ContextCallback, Object)

Path Completed : Computation Time 1.01 ms Searched Nodes 1932 Path Length 144
Path Number 413 (unique id)
UnityEngine.Logger:Log(LogType, Object)
UnityEngine.Debug:Log(Object)
AstarPath:<InitializePathProcessor>b__122_1(Path)
Pathfinding.PathProcessor:CalculatePathsThreaded(PathHandler)
System.Threading.ExecutionContext:RunInternal(ExecutionContext, ContextCallback, Object, Boolean)
System.Threading.ExecutionContext:Run(ExecutionContext, ContextCallback, Object)

Path Completed : Computation Time 0.00 ms Searched Nodes 0 Path Length 1
Path Number 414 (unique id)
UnityEngine.Logger:Log(LogType, Object)
UnityEngine.Debug:Log(Object)
AstarPath:<InitializePathProcessor>b__122_1(Path)
Pathfinding.PathProcessor:CalculatePathsThreaded(PathHandler)
System.Threading.ExecutionContext:RunInternal(ExecutionContext, ContextCallback, Object, Boolean)
System.Threading.ExecutionContext:Run(ExecutionContext, ContextCallback, Object)

Scanning - Process took 41 ms to complete
UnityEngine.Logger:Log(LogType, Object)
UnityEngine.Debug:Log(Object)
<ScanAsync>d__140:MoveNext()
AstarPath:Scan(NavGraph[])
Luzhang.Game.<UpdatePath>d__52:MoveNext()
UnityEngine.SetupCoroutine:InvokeMoveNext(IEnumerator, IntPtr)

Path Completed : Computation Time 1.02 ms Searched Nodes 2454 Path Length 106
Path Number 415 (unique id)
UnityEngine.Logger:Log(LogType, Object)
UnityEngine.Debug:Log(Object)
AstarPath:<InitializePathProcessor>b__122_1(Path)
Pathfinding.PathProcessor:CalculatePathsThreaded(PathHandler)
System.Threading.ExecutionContext:RunInternal(ExecutionContext, ContextCallback, Object, Boolean)
System.Threading.ExecutionContext:Run(ExecutionContext, ContextCallback, Object)

Path Completed : Computation Time 0.00 ms Searched Nodes 368 Path Length 35
Path Number 416 (unique id)
UnityEngine.Logger:Log(LogType, Object)
UnityEngine.Debug:Log(Object)
AstarPath:<InitializePathProcessor>b__122_1(Path)
Pathfinding.PathProcessor:CalculatePathsThreaded(PathHandler)
System.Threading.ExecutionContext:RunInternal(ExecutionContext, ContextCallback, Object, Boolean)
System.Threading.ExecutionContext:Run(ExecutionContext, ContextCallback, Object)

Path Completed : Computation Time 0.00 ms Searched Nodes 0 Path Length 1
Path Number 417 (unique id)
UnityEngine.Logger:Log(LogType, Object)
UnityEngine.Debug:Log(Object)
AstarPath:<InitializePathProcessor>b__122_1(Path)
Pathfinding.PathProcessor:CalculatePathsThreaded(PathHandler)
System.Threading.ExecutionContext:RunInternal(ExecutionContext, ContextCallback, Object, Boolean)
System.Threading.ExecutionContext:Run(ExecutionContext, ContextCallback, Object)

Path Completed : Computation Time 1.00 ms Searched Nodes 462 Path Length 57
Path Number 418 (unique id)
UnityEngine.Logger:Log(LogType, Object)
UnityEngine.Debug:Log(Object)
AstarPath:<InitializePathProcessor>b__122_1(Path)
Pathfinding.PathProcessor:CalculatePathsThreaded(PathHandler)
System.Threading.ExecutionContext:RunInternal(ExecutionContext, ContextCallback, Object, Boolean)
System.Threading.ExecutionContext:Run(ExecutionContext, ContextCallback, Object)

Path Completed : Computation Time 0.00 ms Searched Nodes 299 Path Length 31
Path Number 419 (unique id)
UnityEngine.Logger:Log(LogType, Object)
UnityEngine.Debug:Log(Object)
AstarPath:<InitializePathProcessor>b__122_1(Path)
Pathfinding.PathProcessor:CalculatePathsThreaded(PathHandler)
System.Threading.ExecutionContext:RunInternal(ExecutionContext, ContextCallback, Object, Boolean)
System.Threading.ExecutionContext:Run(ExecutionContext, ContextCallback, Object)

Path Completed : Computation Time 0.00 ms Searched Nodes 90 Path Length 13
Path Number 420 (unique id)
UnityEngine.Logger:Log(LogType, Object)
UnityEngine.Debug:Log(Object)
AstarPath:<InitializePathProcessor>b__122_1(Path)
Pathfinding.PathProcessor:CalculatePathsThreaded(PathHandler)
System.Threading.ExecutionContext:RunInternal(ExecutionContext, ContextCallback, Object, Boolean)
System.Threading.ExecutionContext:Run(ExecutionContext, ContextCallback, Object)

Path Completed : Computation Time 0.00 ms Searched Nodes 1765 Path Length 136
Path Number 421 (unique id)
UnityEngine.Logger:Log(LogType, Object)
UnityEngine.Debug:Log(Object)
AstarPath:<InitializePathProcessor>b__122_1(Path)
Pathfinding.PathProcessor:CalculatePathsThreaded(PathHandler)
System.Threading.ExecutionContext:RunInternal(ExecutionContext, ContextCallback, Object, Boolean)
System.Threading.ExecutionContext:Run(ExecutionContext, ContextCallback, Object)

Path Completed : Computation Time 0.00 ms Searched Nodes 0 Path Length 1
Path Number 422 (unique id)
UnityEngine.Logger:Log(LogType, Object)
UnityEngine.Debug:Log(Object)
AstarPath:<InitializePathProcessor>b__122_1(Path)
Pathfinding.PathProcessor:CalculatePathsThreaded(PathHandler)
System.Threading.ExecutionContext:RunInternal(ExecutionContext, ContextCallback, Object, Boolean)
System.Threading.ExecutionContext:Run(ExecutionContext, ContextCallback, Object)

Path Completed : Computation Time 0.00 ms Searched Nodes 2146 Path Length 99
Path Number 423 (unique id)
UnityEngine.Logger:Log(LogType, Object)
UnityEngine.Debug:Log(Object)
AstarPath:<InitializePathProcessor>b__122_1(Path)
Pathfinding.PathProcessor:CalculatePathsThreaded(PathHandler)
System.Threading.ExecutionContext:RunInternal(ExecutionContext, ContextCallback, Object, Boolean)
System.Threading.ExecutionContext:Run(ExecutionContext, ContextCallback, Object)

Path Completed : Computation Time 0.00 ms Searched Nodes 235 Path Length 28
Path Number 424 (unique id)
UnityEngine.Logger:Log(LogType, Object)
UnityEngine.Debug:Log(Object)
AstarPath:<InitializePathProcessor>b__122_1(Path)
Pathfinding.PathProcessor:CalculatePathsThreaded(PathHandler)
System.Threading.ExecutionContext:RunInternal(ExecutionContext, ContextCallback, Object, Boolean)
System.Threading.ExecutionContext:Run(ExecutionContext, ContextCallback, Object)

Path Completed : Computation Time 0.00 ms Searched Nodes 0 Path Length 1
Path Number 425 (unique id)
UnityEngine.Logger:Log(LogType, Object)
UnityEngine.Debug:Log(Object)
AstarPath:<InitializePathProcessor>b__122_1(Path)
Pathfinding.PathProcessor:CalculatePathsThreaded(PathHandler)
System.Threading.ExecutionContext:RunInternal(ExecutionContext, ContextCallback, Object, Boolean)
System.Threading.ExecutionContext:Run(ExecutionContext, ContextCallback, Object)

Path Completed : Computation Time 0.00 ms Searched Nodes 2096 Path Length 91
Path Number 426 (unique id)
UnityEngine.Logger:Log(LogType, Object)
UnityEngine.Debug:Log(Object)
AstarPath:<InitializePathProcessor>b__122_1(Path)
Pathfinding.PathProcessor:CalculatePathsThreaded(PathHandler)
System.Threading.ExecutionContext:RunInternal(ExecutionContext, ContextCallback, Object, Boolean)
System.Threading.ExecutionContext:Run(ExecutionContext, ContextCallback, Object)

Path Completed : Computation Time 0.00 ms Searched Nodes 341 Path Length 48
Path Number 427 (unique id)
UnityEngine.Logger:Log(LogType, Object)
UnityEngine.Debug:Log(Object)
AstarPath:<InitializePathProcessor>b__122_1(Path)
Pathfinding.PathProcessor:CalculatePathsThreaded(PathHandler)
System.Threading.ExecutionContext:RunInternal(ExecutionContext, ContextCallback, Object, Boolean)
System.Threading.ExecutionContext:Run(ExecutionContext, ContextCallback, Object)

Path Completed : Computation Time 0.00 ms Searched Nodes 180 Path Length 24
Path Number 428 (unique id)
UnityEngine.Logger:Log(LogType, Object)
UnityEngine.Debug:Log(Object)
AstarPath:<InitializePathProcessor>b__122_1(Path)
Pathfinding.PathProcessor:CalculatePathsThreaded(PathHandler)
System.Threading.ExecutionContext:RunInternal(ExecutionContext, ContextCallback, Object, Boolean)
System.Threading.ExecutionContext:Run(ExecutionContext, ContextCallback, Object)

Path Completed : Computation Time 0.00 ms Searched Nodes 22 Path Length 7
Path Number 429 (unique id)
UnityEngine.Logger:Log(LogType, Object)
UnityEngine.Debug:Log(Object)
AstarPath:<InitializePathProcessor>b__122_1(Path)
Pathfinding.PathProcessor:CalculatePathsThreaded(PathHandler)
System.Threading.ExecutionContext:RunInternal(ExecutionContext, ContextCallback, Object, Boolean)
System.Threading.ExecutionContext:Run(ExecutionContext, ContextCallback, Object)

Path Completed : Computation Time 0.00 ms Searched Nodes 1600 Path Length 128
Path Number 430 (unique id)
UnityEngine.Logger:Log(LogType, Object)
UnityEngine.Debug:Log(Object)
AstarPath:<InitializePathProcessor>b__122_1(Path)
Pathfinding.PathProcessor:CalculatePathsThreaded(PathHandler)
System.Threading.ExecutionContext:RunInternal(ExecutionContext, ContextCallback, Object, Boolean)
System.Threading.ExecutionContext:Run(ExecutionContext, ContextCallback, Object)

Path Completed : Computation Time 0.00 ms Searched Nodes 0 Path Length 1
Path Number 431 (unique id)
UnityEngine.Logger:Log(LogType, Object)
UnityEngine.Debug:Log(Object)
AstarPath:<InitializePathProcessor>b__122_1(Path)
Pathfinding.PathProcessor:CalculatePathsThreaded(PathHandler)
System.Threading.ExecutionContext:RunInternal(ExecutionContext, ContextCallback, Object, Boolean)
System.Threading.ExecutionContext:Run(ExecutionContext, ContextCallback, Object)

Path Completed : Computation Time 0.00 ms Searched Nodes 1944 Path Length 91
Path Number 432 (unique id)
UnityEngine.Logger:Log(LogType, Object)
UnityEngine.Debug:Log(Object)
AstarPath:<InitializePathProcessor>b__122_1(Path)
Pathfinding.PathProcessor:CalculatePathsThreaded(PathHandler)
System.Threading.ExecutionContext:RunInternal(ExecutionContext, ContextCallback, Object, Boolean)
System.Threading.ExecutionContext:Run(ExecutionContext, ContextCallback, Object)

Path Completed : Computation Time 0.00 ms Searched Nodes 121 Path Length 20
Path Number 433 (unique id)
UnityEngine.Logger:Log(LogType, Object)
UnityEngine.Debug:Log(Object)
AstarPath:<InitializePathProcessor>b__122_1(Path)
Pathfinding.PathProcessor:CalculatePathsThreaded(PathHandler)
System.Threading.ExecutionContext:RunInternal(ExecutionContext, ContextCallback, Object, Boolean)
System.Threading.ExecutionContext:Run(ExecutionContext, ContextCallback, Object)

Path Completed : Computation Time 0.00 ms Searched Nodes 0 Path Length 1
Path Number 434 (unique id)
UnityEngine.Logger:Log(LogType, Object)
UnityEngine.Debug:Log(Object)
AstarPath:<InitializePathProcessor>b__122_1(Path)
Pathfinding.PathProcessor:CalculatePathsThreaded(PathHandler)
System.Threading.ExecutionContext:RunInternal(ExecutionContext, ContextCallback, Object, Boolean)
System.Threading.ExecutionContext:Run(ExecutionContext, ContextCallback, Object)

Path Completed : Computation Time 0.00 ms Searched Nodes 1801 Path Length 85
Path Number 435 (unique id)
UnityEngine.Logger:Log(LogType, Object)
UnityEngine.Debug:Log(Object)
AstarPath:<InitializePathProcessor>b__122_1(Path)
Pathfinding.PathProcessor:CalculatePathsThreaded(PathHandler)
System.Threading.ExecutionContext:RunInternal(ExecutionContext, ContextCallback, Object, Boolean)
System.Threading.ExecutionContext:Run(ExecutionContext, ContextCallback, Object)

Path Completed : Computation Time 0.00 ms Searched Nodes 290 Path Length 40
Path Number 436 (unique id)
UnityEngine.Logger:Log(LogType, Object)
UnityEngine.Debug:Log(Object)
AstarPath:<InitializePathProcessor>b__122_1(Path)
Pathfinding.PathProcessor:CalculatePathsThreaded(PathHandler)
System.Threading.ExecutionContext:RunInternal(ExecutionContext, ContextCallback, Object, Boolean)
System.Threading.ExecutionContext:Run(ExecutionContext, ContextCallback, Object)

Path Completed : Computation Time 0.00 ms Searched Nodes 91 Path Length 17
Path Number 437 (unique id)
UnityEngine.Logger:Log(LogType, Object)
UnityEngine.Debug:Log(Object)
AstarPath:<InitializePathProcessor>b__122_1(Path)
Pathfinding.PathProcessor:CalculatePathsThreaded(PathHandler)
System.Threading.ExecutionContext:RunInternal(ExecutionContext, ContextCallback, Object, Boolean)
System.Threading.ExecutionContext:Run(ExecutionContext, ContextCallback, Object)

Path Completed : Computation Time 0.00 ms Searched Nodes 1441 Path Length 120
Path Number 438 (unique id)
UnityEngine.Logger:Log(LogType, Object)
UnityEngine.Debug:Log(Object)
AstarPath:<InitializePathProcessor>b__122_1(Path)
Pathfinding.PathProcessor:CalculatePathsThreaded(PathHandler)
System.Threading.ExecutionContext:RunInternal(ExecutionContext, ContextCallback, Object, Boolean)
System.Threading.ExecutionContext:Run(ExecutionContext, ContextCallback, Object)

Path Completed : Computation Time 0.00 ms Searched Nodes 0 Path Length 1
Path Number 439 (unique id)
UnityEngine.Logger:Log(LogType, Object)
UnityEngine.Debug:Log(Object)
AstarPath:<InitializePathProcessor>b__122_1(Path)
Pathfinding.PathProcessor:CalculatePathsThreaded(PathHandler)
System.Threading.ExecutionContext:RunInternal(ExecutionContext, ContextCallback, Object, Boolean)
System.Threading.ExecutionContext:Run(ExecutionContext, ContextCallback, Object)

Path Completed : Computation Time 0.00 ms Searched Nodes 5341 Path Length 124
Path Number 440 (unique id)
UnityEngine.Logger:Log(LogType, Object)
UnityEngine.Debug:Log(Object)
AstarPath:<InitializePathProcessor>b__122_1(Path)
Pathfinding.PathProcessor:CalculatePathsThreaded(PathHandler)
System.Threading.ExecutionContext:RunInternal(ExecutionContext, ContextCallback, Object, Boolean)
System.Threading.ExecutionContext:Run(ExecutionContext, ContextCallback, Object)

Path Completed : Computation Time 1.06 ms Searched Nodes 1783 Path Length 85
Path Number 441 (unique id)
UnityEngine.Logger:Log(LogType, Object)
UnityEngine.Debug:Log(Object)
AstarPath:<InitializePathProcessor>b__122_1(Path)
Pathfinding.PathProcessor:CalculatePathsThreaded(PathHandler)
System.Threading.ExecutionContext:RunInternal(ExecutionContext, ContextCallback, Object, Boolean)
System.Threading.ExecutionContext:Run(ExecutionContext, ContextCallback, Object)

Path Completed : Computation Time 0.00 ms Searched Nodes 37 Path Length 12
Path Number 442 (unique id)
UnityEngine.Logger:Log(LogType, Object)
UnityEngine.Debug:Log(Object)
AstarPath:<InitializePathProcessor>b__122_1(Path)
Pathfinding.PathProcessor:CalculatePathsThreaded(PathHandler)
System.Threading.ExecutionContext:RunInternal(ExecutionContext, ContextCallback, Object, Boolean)
System.Threading.ExecutionContext:Run(ExecutionContext, ContextCallback, Object)

Path Completed : Computation Time 0.00 ms Searched Nodes 0 Path Length 1
Path Number 443 (unique id)
UnityEngine.Logger:Log(LogType, Object)
UnityEngine.Debug:Log(Object)
AstarPath:<InitializePathProcessor>b__122_1(Path)
Pathfinding.PathProcessor:CalculatePathsThreaded(PathHandler)
System.Threading.ExecutionContext:RunInternal(ExecutionContext, ContextCallback, Object, Boolean)
System.Threading.ExecutionContext:Run(ExecutionContext, ContextCallback, Object)

Path Completed : Computation Time 0.00 ms Searched Nodes 1556 Path Length 80
Path Number 444 (unique id)
UnityEngine.Logger:Log(LogType, Object)
UnityEngine.Debug:Log(Object)
AstarPath:<InitializePathProcessor>b__122_1(Path)
Pathfinding.PathProcessor:CalculatePathsThreaded(PathHandler)
System.Threading.ExecutionContext:RunInternal(ExecutionContext, ContextCallback, Object, Boolean)
System.Threading.ExecutionContext:Run(ExecutionContext, ContextCallback, Object)

Scanning - Process took 44 ms to complete
UnityEngine.Logger:Log(LogType, Object)
UnityEngine.Debug:Log(Object)
<ScanAsync>d__140:MoveNext()
AstarPath:Scan(NavGraph[])
Luzhang.Game.UFOController:Update()

Path Completed : Computation Time 0.00 ms Searched Nodes 261 Path Length 32
Path Number 445 (unique id)
UnityEngine.Logger:Log(LogType, Object)
UnityEngine.Debug:Log(Object)
AstarPath:<InitializePathProcessor>b__122_1(Path)
Pathfinding.PathProcessor:CalculatePathsThreaded(PathHandler)
System.Threading.ExecutionContext:RunInternal(ExecutionContext, ContextCallback, Object, Boolean)
System.Threading.ExecutionContext:Run(ExecutionContext, ContextCallback, Object)

Path Completed : Computation Time 0.00 ms Searched Nodes 31 Path Length 10
Path Number 446 (unique id)
UnityEngine.Logger:Log(LogType, Object)
UnityEngine.Debug:Log(Object)
AstarPath:<InitializePathProcessor>b__122_1(Path)
Pathfinding.PathProcessor:CalculatePathsThreaded(PathHandler)
System.Threading.ExecutionContext:RunInternal(ExecutionContext, ContextCallback, Object, Boolean)
System.Threading.ExecutionContext:Run(ExecutionContext, ContextCallback, Object)

Path Completed : Computation Time 0.00 ms Searched Nodes 0 Path Length 1
Path Number 447 (unique id)
UnityEngine.Logger:Log(LogType, Object)
UnityEngine.Debug:Log(Object)
AstarPath:<InitializePathProcessor>b__122_1(Path)
Pathfinding.PathProcessor:CalculatePathsThreaded(PathHandler)
System.Threading.ExecutionContext:RunInternal(ExecutionContext, ContextCallback, Object, Boolean)
System.Threading.ExecutionContext:Run(ExecutionContext, ContextCallback, Object)

[UFO Achievement] SetAchievementUFOAbsorbTaffy key=achievement_absorb_taffy unlocked=true
UnityEngine.Logger:Log(LogType, Object)
UnityEngine.Debug:Log(Object)
AchievementsManager:SetUFOAchievementWithLog(String, String)
Luzhang.Game.AbsorbableItem:UnlockAchievement()
Luzhang.Game.AbsorbableTaffy:Absorb()
Luzhang.Game.AbsorbableItem:OnTriggerEnter(Collider)

成就achievement_absorb_taffy已获得
UnityEngine.Logger:Log(LogType, Object)
UnityEngine.Debug:Log(Object)
Luzhang.Game.AbsorbableItem:UnlockAchievement()
Luzhang.Game.AbsorbableTaffy:Absorb()
Luzhang.Game.AbsorbableItem:OnTriggerEnter(Collider)

Path Completed : Computation Time 0.00 ms Searched Nodes 4830 Path Length 117
Path Number 448 (unique id)
UnityEngine.Logger:Log(LogType, Object)
UnityEngine.Debug:Log(Object)
AstarPath:<InitializePathProcessor>b__122_1(Path)
Pathfinding.PathProcessor:CalculatePathsThreaded(PathHandler)
System.Threading.ExecutionContext:RunInternal(ExecutionContext, ContextCallback, Object, Boolean)
System.Threading.ExecutionContext:Run(ExecutionContext, ContextCallback, Object)

Path Completed : Computation Time 1.03 ms Searched Nodes 1635 Path Length 79
Path Number 449 (unique id)
UnityEngine.Logger:Log(LogType, Object)
UnityEngine.Debug:Log(Object)
AstarPath:<InitializePathProcessor>b__122_1(Path)
Pathfinding.PathProcessor:CalculatePathsThreaded(PathHandler)
System.Threading.ExecutionContext:RunInternal(ExecutionContext, ContextCallback, Object, Boolean)
System.Threading.ExecutionContext:Run(ExecutionContext, ContextCallback, Object)

Path Completed : Computation Time 0.00 ms Searched Nodes 10 Path Length 6
Path Number 450 (unique id)
UnityEngine.Logger:Log(LogType, Object)
UnityEngine.Debug:Log(Object)
AstarPath:<InitializePathProcessor>b__122_1(Path)
Pathfinding.PathProcessor:CalculatePathsThreaded(PathHandler)
System.Threading.ExecutionContext:RunInternal(ExecutionContext, ContextCallback, Object, Boolean)
System.Threading.ExecutionContext:Run(ExecutionContext, ContextCallback, Object)

Path Completed : Computation Time 0.00 ms Searched Nodes 2 Path Length 2
Path Number 451 (unique id)
UnityEngine.Logger:Log(LogType, Object)
UnityEngine.Debug:Log(Object)
AstarPath:<InitializePathProcessor>b__122_1(Path)
Pathfinding.PathProcessor:CalculatePathsThreaded(PathHandler)
System.Threading.ExecutionContext:RunInternal(ExecutionContext, ContextCallback, Object, Boolean)
System.Threading.ExecutionContext:Run(ExecutionContext, ContextCallback, Object)

Path Completed : Computation Time 0.00 ms Searched Nodes 1209 Path Length 74
Path Number 452 (unique id)
UnityEngine.Logger:Log(LogType, Object)
UnityEngine.Debug:Log(Object)
AstarPath:<InitializePathProcessor>b__122_1(Path)
Pathfinding.PathProcessor:CalculatePathsThreaded(PathHandler)
System.Threading.ExecutionContext:RunInternal(ExecutionContext, ContextCallback, Object, Boolean)
System.Threading.ExecutionContext:Run(ExecutionContext, ContextCallback, Object)

Path Completed : Computation Time 1.01 ms Searched Nodes 2073 Path Length 94
Path Number 453 (unique id)
UnityEngine.Logger:Log(LogType, Object)
UnityEngine.Debug:Log(Object)
AstarPath:<InitializePathProcessor>b__122_1(Path)
Pathfinding.PathProcessor:CalculatePathsThreaded(PathHandler)
System.Threading.ExecutionContext:RunInternal(ExecutionContext, ContextCallback, Object, Boolean)
System.Threading.ExecutionContext:Run(ExecutionContext, ContextCallback, Object)

Path Completed : Computation Time 0.00 ms Searched Nodes 182 Path Length 26
Path Number 454 (unique id)
UnityEngine.Logger:Log(LogType, Object)
UnityEngine.Debug:Log(Object)
AstarPath:<InitializePathProcessor>b__122_1(Path)
Pathfinding.PathProcessor:CalculatePathsThreaded(PathHandler)
System.Threading.ExecutionContext:RunInternal(ExecutionContext, ContextCallback, Object, Boolean)
System.Threading.ExecutionContext:Run(ExecutionContext, ContextCallback, Object)

Path Completed : Computation Time 0.00 ms Searched Nodes 4 Path Length 3
Path Number 455 (unique id)
UnityEngine.Logger:Log(LogType, Object)
UnityEngine.Debug:Log(Object)
AstarPath:<InitializePathProcessor>b__122_1(Path)
Pathfinding.PathProcessor:CalculatePathsThreaded(PathHandler)
System.Threading.ExecutionContext:RunInternal(ExecutionContext, ContextCallback, Object, Boolean)
System.Threading.ExecutionContext:Run(ExecutionContext, ContextCallback, Object)

Path Completed : Computation Time 0.00 ms Searched Nodes 0 Path Length 1
Path Number 456 (unique id)
UnityEngine.Logger:Log(LogType, Object)
UnityEngine.Debug:Log(Object)
AstarPath:<InitializePathProcessor>b__122_1(Path)
Pathfinding.PathProcessor:CalculatePathsThreaded(PathHandler)
System.Threading.ExecutionContext:RunInternal(ExecutionContext, ContextCallback, Object, Boolean)
System.Threading.ExecutionContext:Run(ExecutionContext, ContextCallback, Object)

Path Completed : Computation Time 1.02 ms Searched Nodes 4271 Path Length 110
Path Number 457 (unique id)
UnityEngine.Logger:Log(LogType, Object)
UnityEngine.Debug:Log(Object)
AstarPath:<InitializePathProcessor>b__122_1(Path)
Pathfinding.PathProcessor:CalculatePathsThreaded(PathHandler)
System.Threading.ExecutionContext:RunInternal(ExecutionContext, ContextCallback, Object, Boolean)
System.Threading.ExecutionContext:Run(ExecutionContext, ContextCallback, Object)

Path Completed : Computation Time 0.00 ms Searched Nodes 1487 Path Length 73
Path Number 458 (unique id)
UnityEngine.Logger:Log(LogType, Object)
UnityEngine.Debug:Log(Object)
AstarPath:<InitializePathProcessor>b__122_1(Path)
Pathfinding.PathProcessor:CalculatePathsThreaded(PathHandler)
System.Threading.ExecutionContext:RunInternal(ExecutionContext, ContextCallback, Object, Boolean)
System.Threading.ExecutionContext:Run(ExecutionContext, ContextCallback, Object)

Path Completed : Computation Time 0.00 ms Searched Nodes 2 Path Length 2
Path Number 459 (unique id)
UnityEngine.Logger:Log(LogType, Object)
UnityEngine.Debug:Log(Object)
AstarPath:<InitializePathProcessor>b__122_1(Path)
Pathfinding.PathProcessor:CalculatePathsThreaded(PathHandler)
System.Threading.ExecutionContext:RunInternal(ExecutionContext, ContextCallback, Object, Boolean)
System.Threading.ExecutionContext:Run(ExecutionContext, ContextCallback, Object)

Path Completed : Computation Time 0.00 ms Searched Nodes 1021 Path Length 68
Path Number 460 (unique id)
UnityEngine.Logger:Log(LogType, Object)
UnityEngine.Debug:Log(Object)
AstarPath:<InitializePathProcessor>b__122_1(Path)
Pathfinding.PathProcessor:CalculatePathsThreaded(PathHandler)
System.Threading.ExecutionContext:RunInternal(ExecutionContext, ContextCallback, Object, Boolean)
System.Threading.ExecutionContext:Run(ExecutionContext, ContextCallback, Object)

Path Completed : Computation Time 0.00 ms Searched Nodes 1814 Path Length 87
Path Number 461 (unique id)
UnityEngine.Logger:Log(LogType, Object)
UnityEngine.Debug:Log(Object)
AstarPath:<InitializePathProcessor>b__122_1(Path)
Pathfinding.PathProcessor:CalculatePathsThreaded(PathHandler)
System.Threading.ExecutionContext:RunInternal(ExecutionContext, ContextCallback, Object, Boolean)
System.Threading.ExecutionContext:Run(ExecutionContext, ContextCallback, Object)

Path Completed : Computation Time 0.00 ms Searched Nodes 90 Path Length 19
Path Number 462 (unique id)
UnityEngine.Logger:Log(LogType, Object)
UnityEngine.Debug:Log(Object)
AstarPath:<InitializePathProcessor>b__122_1(Path)
Pathfinding.PathProcessor:CalculatePathsThreaded(PathHandler)
System.Threading.ExecutionContext:RunInternal(ExecutionContext, ContextCallback, Object, Boolean)
System.Threading.ExecutionContext:Run(ExecutionContext, ContextCallback, Object)

Path Completed : Computation Time 0.00 ms Searched Nodes 0 Path Length 1
Path Number 463 (unique id)
UnityEngine.Logger:Log(LogType, Object)
UnityEngine.Debug:Log(Object)
AstarPath:<InitializePathProcessor>b__122_1(Path)
Pathfinding.PathProcessor:CalculatePathsThreaded(PathHandler)
System.Threading.ExecutionContext:RunInternal(ExecutionContext, ContextCallback, Object, Boolean)
System.Threading.ExecutionContext:Run(ExecutionContext, ContextCallback, Object)

Path Completed : Computation Time 0.00 ms Searched Nodes 0 Path Length 1
Path Number 464 (unique id)
UnityEngine.Logger:Log(LogType, Object)
UnityEngine.Debug:Log(Object)
AstarPath:<InitializePathProcessor>b__122_1(Path)
Pathfinding.PathProcessor:CalculatePathsThreaded(PathHandler)
System.Threading.ExecutionContext:RunInternal(ExecutionContext, ContextCallback, Object, Boolean)
System.Threading.ExecutionContext:Run(ExecutionContext, ContextCallback, Object)

Path Completed : Computation Time 1.02 ms Searched Nodes 3712 Path Length 103
Path Number 465 (unique id)
UnityEngine.Logger:Log(LogType, Object)
UnityEngine.Debug:Log(Object)
AstarPath:<InitializePathProcessor>b__122_1(Path)
Pathfinding.PathProcessor:CalculatePathsThreaded(PathHandler)
System.Threading.ExecutionContext:RunInternal(ExecutionContext, ContextCallback, Object, Boolean)
System.Threading.ExecutionContext:Run(ExecutionContext, ContextCallback, Object)

Path Completed : Computation Time 0.00 ms Searched Nodes 1207 Path Length 66
Path Number 466 (unique id)
UnityEngine.Logger:Log(LogType, Object)
UnityEngine.Debug:Log(Object)
AstarPath:<InitializePathProcessor>b__122_1(Path)
Pathfinding.PathProcessor:CalculatePathsThreaded(PathHandler)
System.Threading.ExecutionContext:RunInternal(ExecutionContext, ContextCallback, Object, Boolean)
System.Threading.ExecutionContext:Run(ExecutionContext, ContextCallback, Object)

Path Completed : Computation Time 0.00 ms Searched Nodes 0 Path Length 1
Path Number 467 (unique id)
UnityEngine.Logger:Log(LogType, Object)
UnityEngine.Debug:Log(Object)
AstarPath:<InitializePathProcessor>b__122_1(Path)
Pathfinding.PathProcessor:CalculatePathsThreaded(PathHandler)
System.Threading.ExecutionContext:RunInternal(ExecutionContext, ContextCallback, Object, Boolean)
System.Threading.ExecutionContext:Run(ExecutionContext, ContextCallback, Object)

Path Completed : Computation Time 0.00 ms Searched Nodes 845 Path Length 63
Path Number 468 (unique id)
UnityEngine.Logger:Log(LogType, Object)
UnityEngine.Debug:Log(Object)
AstarPath:<InitializePathProcessor>b__122_1(Path)
Pathfinding.PathProcessor:CalculatePathsThreaded(PathHandler)
System.Threading.ExecutionContext:RunInternal(ExecutionContext, ContextCallback, Object, Boolean)
System.Threading.ExecutionContext:Run(ExecutionContext, ContextCallback, Object)

Path Completed : Computation Time 0.00 ms Searched Nodes 1571 Path Length 79
Path Number 469 (unique id)
UnityEngine.Logger:Log(LogType, Object)
UnityEngine.Debug:Log(Object)
AstarPath:<InitializePathProcessor>b__122_1(Path)
Pathfinding.PathProcessor:CalculatePathsThreaded(PathHandler)
System.Threading.ExecutionContext:RunInternal(ExecutionContext, ContextCallback, Object, Boolean)
System.Threading.ExecutionContext:Run(ExecutionContext, ContextCallback, Object)

Saved successfully! SavePath = C:/Users/TUAN/AppData/LocalLow/LuzhangGames/GrabTaffy/SaveFile.es3
UnityEngine.Logger:Log(LogType, Object)
UnityEngine.Debug:Log(Object)
UnityEngine.Events.UnityEvent:Invoke()
UnityEngine.EventSystems.ExecuteEvents:Execute(GameObject, BaseEventData, EventFunction`1)
UnityEngine.EventSystems.StandaloneInputModule:ReleaseMouse(PointerEventData, GameObject)
UnityEngine.EventSystems.StandaloneInputModule:ProcessMousePress(MouseButtonEventData)
UnityEngine.EventSystems.StandaloneInputModule:ProcessMouseEvent(Int32)
UnityEngine.EventSystems.StandaloneInputModule:Process()
UnityEngine.EventSystems.EventSystem:Update()

场景加载完成：MMAdditiveLoadingScreenTaffyUFO
UnityEngine.Logger:Log(LogType, Object)
UnityEngine.Debug:Log(Object)
Luzhang.Manager.AudioSaveManager:OnSceneLoaded(Scene, LoadSceneMode)
UnityEngine.SceneManagement.SceneManager:Internal_SceneLoaded(Scene, LoadSceneMode)

Path Completed : Computation Time 0.00 ms Searched Nodes 46 Path Length 12
Path Number 470 (unique id)
UnityEngine.Logger:Log(LogType, Object)
UnityEngine.Debug:Log(Object)
AstarPath:<InitializePathProcessor>b__122_1(Path)
Pathfinding.PathProcessor:CalculatePathsThreaded(PathHandler)
System.Threading.ExecutionContext:RunInternal(ExecutionContext, ContextCallback, Object, Boolean)
System.Threading.ExecutionContext:Run(ExecutionContext, ContextCallback, Object)

Path Completed : Computation Time 0.00 ms Searched Nodes 0 Path Length 1
Path Number 471 (unique id)
UnityEngine.Logger:Log(LogType, Object)
UnityEngine.Debug:Log(Object)
AstarPath:<InitializePathProcessor>b__122_1(Path)
Pathfinding.PathProcessor:CalculatePathsThreaded(PathHandler)
System.Threading.ExecutionContext:RunInternal(ExecutionContext, ContextCallback, Object, Boolean)
System.Threading.ExecutionContext:Run(ExecutionContext, ContextCallback, Object)

Saved successfully! SavePath = C:/Users/TUAN/AppData/LocalLow/LuzhangGames/GrabTaffy/SaveFile.es3
UnityEngine.Logger:Log(LogType, Object)
UnityEngine.Debug:Log(Object)
Luzhang.Manager.UFOCustomizationManager:ConvertAndSaveData()
Luzhang.Game.UFOColorCustomizationController:OnMMEvent(MMGameEvent)
MoreMountains.Tools.MMEventManager:TriggerEvent(MMEvent)
Luzhang.UI.UFOCustomUIManager:ConfirmButton()
UnityEngine.Events.UnityEvent:Invoke()
UnityEngine.EventSystems.ExecuteEvents:Execute(GameObject, BaseEventData, EventFunction`1)
UnityEngine.EventSystems.StandaloneInputModule:ReleaseMouse(PointerEventData, GameObject)
UnityEngine.EventSystems.StandaloneInputModule:ProcessMousePress(MouseButtonEventData)
UnityEngine.EventSystems.StandaloneInputModule:ProcessMouseEvent(Int32)
UnityEngine.EventSystems.StandaloneInputModule:Process()
UnityEngine.EventSystems.EventSystem:Update()

[UFO Achievement] SetAchievementUFOCustom key=achievement_custom unlocked=true
UnityEngine.Logger:Log(LogType, Object)
UnityEngine.Debug:Log(Object)
AchievementsManager:SetUFOAchievementWithLog(String, String)
Luzhang.Manager.UFOCustomizationManager:SetUpgradeCount(Int32)
Luzhang.Game.UFOColorCustomizationController:OnMMEvent(MMGameEvent)
MoreMountains.Tools.MMEventManager:TriggerEvent(MMEvent)
Luzhang.UI.UFOCustomUIManager:ConfirmButton()
UnityEngine.Events.UnityEvent:Invoke()
UnityEngine.EventSystems.ExecuteEvents:Execute(GameObject, BaseEventData, EventFunction`1)
UnityEngine.EventSystems.StandaloneInputModule:ReleaseMouse(PointerEventData, GameObject)
UnityEngine.EventSystems.StandaloneInputModule:ProcessMousePress(MouseButtonEventData)
UnityEngine.EventSystems.StandaloneInputModule:ProcessMouseEvent(Int32)
UnityEngine.EventSystems.StandaloneInputModule:Process()
UnityEngine.EventSystems.EventSystem:Update()

[UFO Achievement] SetAchievementUFOCustomThird key=achievement_custom_third unlocked=True
UnityEngine.Logger:Log(LogType, Object)
UnityEngine.Debug:Log(Object)
AchievementsManager:SetUFOAchievementWithLog(String, String)
Luzhang.Manager.UFOCustomizationManager:SetUpgradeCount(Int32)
Luzhang.Game.UFOColorCustomizationController:OnMMEvent(MMGameEvent)
MoreMountains.Tools.MMEventManager:TriggerEvent(MMEvent)
Luzhang.UI.UFOCustomUIManager:ConfirmButton()
UnityEngine.Events.UnityEvent:Invoke()
UnityEngine.EventSystems.ExecuteEvents:Execute(GameObject, BaseEventData, EventFunction`1)
UnityEngine.EventSystems.StandaloneInputModule:ReleaseMouse(PointerEventData, GameObject)
UnityEngine.EventSystems.StandaloneInputModule:ProcessMousePress(MouseButtonEventData)
UnityEngine.EventSystems.StandaloneInputModule:ProcessMouseEvent(Int32)
UnityEngine.EventSystems.StandaloneInputModule:Process()
UnityEngine.EventSystems.EventSystem:Update()

成就解锁：UFO自定义升级3次
UnityEngine.Logger:Log(LogType, Object)
UnityEngine.Debug:Log(Object)
Luzhang.Manager.UFOCustomizationManager:SetUpgradeCount(Int32)
Luzhang.Game.UFOColorCustomizationController:OnMMEvent(MMGameEvent)
MoreMountains.Tools.MMEventManager:TriggerEvent(MMEvent)
Luzhang.UI.UFOCustomUIManager:ConfirmButton()
UnityEngine.Events.UnityEvent:Invoke()
UnityEngine.EventSystems.ExecuteEvents:Execute(GameObject, BaseEventData, EventFunction`1)
UnityEngine.EventSystems.StandaloneInputModule:ReleaseMouse(PointerEventData, GameObject)
UnityEngine.EventSystems.StandaloneInputModule:ProcessMousePress(MouseButtonEventData)
UnityEngine.EventSystems.StandaloneInputModule:ProcessMouseEvent(Int32)
UnityEngine.EventSystems.StandaloneInputModule:Process()
UnityEngine.EventSystems.EventSystem:Update()

Saved successfully! SavePath = C:/Users/TUAN/AppData/LocalLow/LuzhangGames/GrabTaffy/SaveFile.es3
UnityEngine.Logger:Log(LogType, Object)
UnityEngine.Debug:Log(Object)
Luzhang.Manager.UFOCustomizationManager:ConvertAndSaveData()
Luzhang.Game.UFOColorCustomizationController:OnMMEvent(MMGameEvent)
MoreMountains.Tools.MMEventManager:TriggerEvent(MMEvent)
Luzhang.UI.UFOCustomUIManager:ConfirmButton()
UnityEngine.Events.UnityEvent:Invoke()
UnityEngine.EventSystems.ExecuteEvents:Execute(GameObject, BaseEventData, EventFunction`1)
UnityEngine.EventSystems.StandaloneInputModule:ReleaseMouse(PointerEventData, GameObject)
UnityEngine.EventSystems.StandaloneInputModule:ProcessMousePress(MouseButtonEventData)
UnityEngine.EventSystems.StandaloneInputModule:ProcessMouseEvent(Int32)
UnityEngine.EventSystems.StandaloneInputModule:Process()
UnityEngine.EventSystems.EventSystem:Update()

确认按钮被点击
UnityEngine.Logger:Log(LogType, Object)
UnityEngine.Debug:Log(Object)
UnityEngine.Events.UnityEvent:Invoke()
UnityEngine.EventSystems.ExecuteEvents:Execute(GameObject, BaseEventData, EventFunction`1)
UnityEngine.EventSystems.StandaloneInputModule:ReleaseMouse(PointerEventData, GameObject)
UnityEngine.EventSystems.StandaloneInputModule:ProcessMousePress(MouseButtonEventData)
UnityEngine.EventSystems.StandaloneInputModule:ProcessMouseEvent(Int32)
UnityEngine.EventSystems.StandaloneInputModule:Process()
UnityEngine.EventSystems.EventSystem:Update()

Scanning - Process took 0 ms to complete
UnityEngine.Logger:Log(LogType, Object)
UnityEngine.Debug:Log(Object)
<ScanAsync>d__140:MoveNext()
AstarPath:Scan(NavGraph[])

场景加载完成：StartMenu
UnityEngine.Logger:Log(LogType, Object)
UnityEngine.Debug:Log(Object)
Luzhang.Manager.AudioSaveManager:OnSceneLoaded(Scene, LoadSceneMode)
UnityEngine.SceneManagement.SceneManager:Internal_SceneLoaded(Scene, LoadSceneMode)

BeginAlign:195
UnityEngine.Logger:Log(LogType, Object)
UnityEngine.Debug:Log(Object)
Luzhang.ThirdParty.AIActionRotateToAngleTest:BeginAlign(Single)
Luzhang.ThirdParty.AIActionRotateToAngleTest:OnEnterState()
MoreMountains.Tools.AIState:EnterState()

进入状态Idle
UnityEngine.Logger:Log(LogType, Object)
UnityEngine.Debug:Log(Object)
MoreMountains.Tools.AIState:EnterState()

BeginAlign:195
UnityEngine.Logger:Log(LogType, Object)
UnityEngine.Debug:Log(Object)
Luzhang.ThirdParty.AIActionRotateToAngleTest:BeginAlign(Single)
Luzhang.ThirdParty.AIActionRotateToAngleTest:OnEnterState()
MoreMountains.Tools.AIState:EnterState()

进入状态Idle
UnityEngine.Logger:Log(LogType, Object)
UnityEngine.Debug:Log(Object)
MoreMountains.Tools.AIState:EnterState()

BeginAlign:195
UnityEngine.Logger:Log(LogType, Object)
UnityEngine.Debug:Log(Object)
Luzhang.ThirdParty.AIActionRotateToAngleTest:BeginAlign(Single)
Luzhang.ThirdParty.AIActionRotateToAngleTest:OnEnterState()
MoreMountains.Tools.AIState:EnterState()

进入状态Idle
UnityEngine.Logger:Log(LogType, Object)
UnityEngine.Debug:Log(Object)
MoreMountains.Tools.AIState:EnterState()

BeginAlign:195
UnityEngine.Logger:Log(LogType, Object)
UnityEngine.Debug:Log(Object)
Luzhang.ThirdParty.AIActionRotateToAngleTest:BeginAlign(Single)
Luzhang.ThirdParty.AIActionRotateToAngleTest:OnEnterState()
MoreMountains.Tools.AIState:EnterState()

进入状态Idle
UnityEngine.Logger:Log(LogType, Object)
UnityEngine.Debug:Log(Object)
MoreMountains.Tools.AIState:EnterState()

Saved successfully! SavePath = C:/Users/TUAN/AppData/LocalLow/LuzhangGames/GrabTaffy/SaveFile.es3
UnityEngine.Logger:Log(LogType, Object)
UnityEngine.Debug:Log(Object)

Memory Statistics:
[ALLOC_TEMP_TLS] TLS Allocator
  StackAllocators : 
    [ALLOC_TEMP_MAIN]
      Peak usage frame count: [2.0 KB-4.0 KB]: 1157 frames, [8.0 KB-16.0 KB]: 7283 frames, [16.0 KB-32.0 KB]: 3270 frames, [32.0 KB-64.0 KB]: 983 frames, [64.0 KB-128.0 KB]: 4523 frames, [128.0 KB-256.0 KB]: 70313 frames, [256.0 KB-0.5 MB]: 51231 frames, [0.5 MB-1.0 MB]: 14066 frames, [1.0 MB-2.0 MB]: 9037 frames, [2.0 MB-4.0 MB]: 354 frames, [4.0 MB-8.0 MB]: 7 frames
      Initial Block Size 4.0 MB
      Current Block Size 7.6 MB
      Peak Allocated Bytes 7.6 MB
      Overflow Count 15
    [ALLOC_TEMP_Job.Worker 18]
      Initial Block Size 256.0 KB
      Current Block Size 256.0 KB
      Peak Allocated Bytes 55.4 KB
      Overflow Count 33832
    [ALLOC_TEMP_Loading.PreloadManager]
      Initial Block Size 256.0 KB
      Current Block Size 0.5 MB
      Peak Allocated Bytes 504.5 KB
      Overflow Count 95
    [ALLOC_TEMP_Background Job.Worker 8]
      Initial Block Size 32.0 KB
      Current Block Size 32.0 KB
      Peak Allocated Bytes 54 B
      Overflow Count 0
    [ALLOC_TEMP_Background Job.Worker 10]
      Initial Block Size 32.0 KB
      Current Block Size 32.0 KB
      Peak Allocated Bytes 54 B
      Overflow Count 0
    [ALLOC_TEMP_Job.Worker 16]
      Initial Block Size 256.0 KB
      Current Block Size 256.0 KB
      Peak Allocated Bytes 55.3 KB
      Overflow Count 32678
    [ALLOC_TEMP_Background Job.Worker 6]
      Initial Block Size 32.0 KB
      Current Block Size 32.0 KB
      Peak Allocated Bytes 54 B
      Overflow Count 0
    [ALLOC_TEMP_Job.Worker 4]
      Initial Block Size 256.0 KB
      Current Block Size 256.0 KB
      Peak Allocated Bytes 55.3 KB
      Overflow Count 31669
    [ALLOC_TEMP_Job.Worker 17]
      Initial Block Size 256.0 KB
      Current Block Size 256.0 KB
      Peak Allocated Bytes 55.3 KB
      Overflow Count 32875
    [ALLOC_TEMP_Job.Worker 14]
      Initial Block Size 256.0 KB
      Current Block Size 256.0 KB
      Peak Allocated Bytes 55.3 KB
      Overflow Count 31366
    [ALLOC_TEMP_Job.Worker 3]
      Initial Block Size 256.0 KB
      Current Block Size 256.0 KB
      Peak Allocated Bytes 55.0 KB
      Overflow Count 31849
    [ALLOC_TEMP_Background Job.Worker 12]
      Initial Block Size 32.0 KB
      Current Block Size 32.0 KB
      Peak Allocated Bytes 54 B
      Overflow Count 0
    [ALLOC_TEMP_Background Job.Worker 1]
      Initial Block Size 32.0 KB
      Current Block Size 32.0 KB
      Peak Allocated Bytes 54 B
      Overflow Count 0
    [ALLOC_TEMP_AssetGarbageCollectorHelper] x 27
      Initial Block Size 64.0 KB
      Current Block Size 64.0 KB
      Peak Allocated Bytes 0 B
      Overflow Count 0
    [ALLOC_TEMP_Background Job.Worker 5]
      Initial Block Size 32.0 KB
      Current Block Size 32.0 KB
      Peak Allocated Bytes 54 B
      Overflow Count 0
    [ALLOC_TEMP_Background Job.Worker 13]
      Initial Block Size 32.0 KB
      Current Block Size 32.0 KB
      Peak Allocated Bytes 54 B
      Overflow Count 0
    [ALLOC_TEMP_Background Job.Worker 11]
      Initial Block Size 32.0 KB
      Current Block Size 32.0 KB
      Peak Allocated Bytes 54 B
      Overflow Count 0
    [ALLOC_TEMP_Job.Worker 2]
      Initial Block Size 256.0 KB
      Current Block Size 256.0 KB
      Peak Allocated Bytes 55.4 KB
      Overflow Count 33310
    [ALLOC_TEMP_Background Job.Worker 3]
      Initial Block Size 32.0 KB
      Current Block Size 32.0 KB
      Peak Allocated Bytes 54 B
      Overflow Count 0
    [ALLOC_TEMP_Background Job.Worker 0]
      Initial Block Size 32.0 KB
      Current Block Size 32.0 KB
      Peak Allocated Bytes 54 B
      Overflow Count 0
    [ALLOC_TEMP_Job.Worker 20]
      Initial Block Size 256.0 KB
      Current Block Size 256.0 KB
      Peak Allocated Bytes 55.4 KB
      Overflow Count 33488
    [ALLOC_TEMP_HIDInput]
      Initial Block Size 64.0 KB
      Current Block Size 64.0 KB
      Peak Allocated Bytes 10.8 KB
      Overflow Count 0
    [ALLOC_TEMP_Job.Worker 11]
      Initial Block Size 256.0 KB
      Current Block Size 256.0 KB
      Peak Allocated Bytes 55.3 KB
      Overflow Count 31724
    [ALLOC_TEMP_Background Job.Worker 4]
      Initial Block Size 32.0 KB
      Current Block Size 32.0 KB
      Peak Allocated Bytes 54 B
      Overflow Count 0
    [ALLOC_TEMP_BatchDeleteObjects]
      Initial Block Size 64.0 KB
      Current Block Size 64.0 KB
      Peak Allocated Bytes 54 B
      Overflow Count 0
    [ALLOC_TEMP_Job.Worker 6]
      Initial Block Size 256.0 KB
      Current Block Size 256.0 KB
      Peak Allocated Bytes 55.3 KB
      Overflow Count 31960
    [ALLOC_TEMP_Job.Worker 0]
      Initial Block Size 256.0 KB
      Current Block Size 256.0 KB
      Peak Allocated Bytes 56.0 KB
      Overflow Count 33603
    [ALLOC_TEMP_Job.Worker 21]
      Initial Block Size 256.0 KB
      Current Block Size 256.0 KB
      Peak Allocated Bytes 55.3 KB
      Overflow Count 33404
    [ALLOC_TEMP_Job.Worker 26]
      Initial Block Size 256.0 KB
      Current Block Size 256.0 KB
      Peak Allocated Bytes 55.4 KB
      Overflow Count 32967
    [ALLOC_TEMP_Job.Worker 5]
      Initial Block Size 256.0 KB
      Current Block Size 256.0 KB
      Peak Allocated Bytes 54.3 KB
      Overflow Count 31768
    [ALLOC_TEMP_Background Job.Worker 9]
      Initial Block Size 32.0 KB
      Current Block Size 32.0 KB
      Peak Allocated Bytes 54 B
      Overflow Count 0
    [ALLOC_TEMP_Job.Worker 25]
      Initial Block Size 256.0 KB
      Current Block Size 256.0 KB
      Peak Allocated Bytes 55.3 KB
      Overflow Count 32981
    [ALLOC_TEMP_Background Job.Worker 14]
      Initial Block Size 32.0 KB
      Current Block Size 32.0 KB
      Peak Allocated Bytes 54 B
      Overflow Count 0
    [ALLOC_TEMP_Job.Worker 13]
      Initial Block Size 256.0 KB
      Current Block Size 256.0 KB
      Peak Allocated Bytes 55.1 KB
      Overflow Count 31684
    [ALLOC_TEMP_EnlightenWorker] x 28
      Initial Block Size 64.0 KB
      Current Block Size 64.0 KB
      Peak Allocated Bytes 54 B
      Overflow Count 0
    [ALLOC_TEMP_Background Job.Worker 15]
      Initial Block Size 32.0 KB
      Current Block Size 32.0 KB
      Peak Allocated Bytes 54 B
      Overflow Count 0
    [ALLOC_TEMP_Background Job.Worker 2]
      Initial Block Size 32.0 KB
      Current Block Size 32.0 KB
      Peak Allocated Bytes 54 B
      Overflow Count 0
    [ALLOC_TEMP_Background Job.Worker 7]
      Initial Block Size 32.0 KB
      Current Block Size 32.0 KB
      Peak Allocated Bytes 54 B
      Overflow Count 0
    [ALLOC_TEMP_Job.Worker 22]
      Initial Block Size 256.0 KB
      Current Block Size 256.0 KB
      Peak Allocated Bytes 56.1 KB
      Overflow Count 32953
    [ALLOC_TEMP_UnityGfxDeviceWorker]
      Initial Block Size 256.0 KB
      Current Block Size 256.0 KB
      Peak Allocated Bytes 33.3 KB
      Overflow Count 79
    [ALLOC_TEMP_Job.Worker 9]
      Initial Block Size 256.0 KB
      Current Block Size 256.0 KB
      Peak Allocated Bytes 55.3 KB
      Overflow Count 31404
    [ALLOC_TEMP_Job.Worker 8]
      Initial Block Size 256.0 KB
      Current Block Size 256.0 KB
      Peak Allocated Bytes 55.4 KB
      Overflow Count 31477
    [ALLOC_TEMP_Job.Worker 7]
      Initial Block Size 256.0 KB
      Current Block Size 256.0 KB
      Peak Allocated Bytes 55.3 KB
      Overflow Count 31875
    [ALLOC_TEMP_Job.Worker 23]
      Initial Block Size 256.0 KB
      Current Block Size 256.0 KB
      Peak Allocated Bytes 55.3 KB
      Overflow Count 33111
    [ALLOC_TEMP_Job.Worker 1]
      Initial Block Size 256.0 KB
      Current Block Size 256.0 KB
      Peak Allocated Bytes 55.3 KB
      Overflow Count 33655
    [ALLOC_TEMP_Job.Worker 10]
      Initial Block Size 256.0 KB
      Current Block Size 256.0 KB
      Peak Allocated Bytes 55.3 KB
      Overflow Count 31808
    [ALLOC_TEMP_Job.Worker 15]
      Initial Block Size 256.0 KB
      Current Block Size 256.0 KB
      Peak Allocated Bytes 55.3 KB
      Overflow Count 33115
    [ALLOC_TEMP_Job.Worker 24]
      Initial Block Size 256.0 KB
      Current Block Size 256.0 KB
      Peak Allocated Bytes 55.1 KB
      Overflow Count 33008
    [ALLOC_TEMP_Job.Worker 19]
      Initial Block Size 256.0 KB
      Current Block Size 256.0 KB
      Peak Allocated Bytes 55.4 KB
      Overflow Count 33366
    [ALLOC_TEMP_Job.Worker 12]
      Initial Block Size 256.0 KB
      Current Block Size 256.0 KB
      Peak Allocated Bytes 55.3 KB
      Overflow Count 31820
    [ALLOC_TEMP_Loading.AsyncRead]
      Initial Block Size 64.0 KB
      Current Block Size 64.0 KB
      Peak Allocated Bytes 306 B
      Overflow Count 0
[ALLOC_DEFAULT] Dual Thread Allocator
  Peak main deferred allocation count 37766
    [ALLOC_BUCKET]
      Large Block size 4.0 MB
      Used Block count 1
      Peak Allocated bytes 4.0 MB
      Failed Allocations. Bucket layout:
        16B: 26 Subsections = 26624 buckets. Failed count: 29012520
        32B: 21 Subsections = 10752 buckets. Failed count: 13488090
        48B: 22 Subsections = 7509 buckets. Failed count: 156914902
        64B: 104 Subsections = 26624 buckets. Failed count: 2525633
        80B: 31 Subsections = 6348 buckets. Failed count: 1161895
        96B: 18 Subsections = 3072 buckets. Failed count: 874870
        112B: 25 Subsections = 3657 buckets. Failed count: 665565
        128B: 9 Subsections = 1152 buckets. Failed count: 895933
    [ALLOC_DEFAULT_MAIN]
      Peak usage frame count: [32.0 MB-64.0 MB]: 776 frames, [64.0 MB-128.0 MB]: 97477 frames, [128.0 MB-256.0 MB]: 63971 frames
      Requested Block Size 16.0 MB
      Peak Block count 14
      Peak Allocated memory 199.6 MB
      Peak Large allocation bytes 67.2 MB
    [ALLOC_DEFAULT_THREAD]
      Peak usage frame count: [32.0 MB-64.0 MB]: 610 frames, [128.0 MB-256.0 MB]: 27 frames, [256.0 MB-0.50 GB]: 161587 frames
      Requested Block Size 16.0 MB
      Peak Block count 6
      Peak Allocated memory 425.2 MB
      Peak Large allocation bytes 344.3 MB
[ALLOC_TEMP_JOB_1_FRAME]
  Initial Block Size 2.0 MB
  Used Block Count 1
  Overflow Count (too large) 0
  Overflow Count (full) 0
[ALLOC_TEMP_JOB_2_FRAMES]
  Initial Block Size 2.0 MB
  Used Block Count 1
  Overflow Count (too large) 0
  Overflow Count (full) 0
[ALLOC_TEMP_JOB_4_FRAMES (JobTemp)]
  Initial Block Size 2.0 MB
  Used Block Count 7
  Overflow Count (too large) 6
  Overflow Count (full) 0
[ALLOC_TEMP_JOB_ASYNC (Background)]
  Initial Block Size 1.0 MB
  Used Block Count 29
  Overflow Count (too large) 6
  Overflow Count (full) 0
[ALLOC_GFX] Dual Thread Allocator
  Peak main deferred allocation count 75
    [ALLOC_BUCKET]
      Large Block size 4.0 MB
      Used Block count 1
      Peak Allocated bytes 4.0 MB
      Failed Allocations. Bucket layout:
        16B: 26 Subsections = 26624 buckets. Failed count: 29012520
        32B: 21 Subsections = 10752 buckets. Failed count: 13488090
        48B: 22 Subsections = 7509 buckets. Failed count: 156914902
        64B: 104 Subsections = 26624 buckets. Failed count: 2525633
        80B: 31 Subsections = 6348 buckets. Failed count: 1161895
        96B: 18 Subsections = 3072 buckets. Failed count: 874870
        112B: 25 Subsections = 3657 buckets. Failed count: 665565
        128B: 9 Subsections = 1152 buckets. Failed count: 895933
    [ALLOC_GFX_MAIN]
      Peak usage frame count: [16.0 MB-32.0 MB]: 776 frames, [32.0 MB-64.0 MB]: 12086 frames, [64.0 MB-128.0 MB]: 84753 frames, [128.0 MB-256.0 MB]: 64609 frames
      Requested Block Size 16.0 MB
      Peak Block count 12
      Peak Allocated memory 189.2 MB
      Peak Large allocation bytes 16.0 MB
    [ALLOC_GFX_THREAD]
      Peak usage frame count: [32.0 MB-64.0 MB]: 638 frames, [64.0 MB-128.0 MB]: 161586 frames
      Requested Block Size 16.0 MB
      Peak Block count 4
      Peak Allocated memory 113.8 MB
      Peak Large allocation bytes 54.1 MB
[ALLOC_CACHEOBJECTS] Dual Thread Allocator
  Peak main deferred allocation count 116
    [ALLOC_BUCKET]
      Large Block size 4.0 MB
      Used Block count 1
      Peak Allocated bytes 4.0 MB
      Failed Allocations. Bucket layout:
        16B: 26 Subsections = 26624 buckets. Failed count: 29012520
        32B: 21 Subsections = 10752 buckets. Failed count: 13488090
        48B: 22 Subsections = 7509 buckets. Failed count: 156914902
        64B: 104 Subsections = 26624 buckets. Failed count: 2525633
        80B: 31 Subsections = 6348 buckets. Failed count: 1161895
        96B: 18 Subsections = 3072 buckets. Failed count: 874870
        112B: 25 Subsections = 3657 buckets. Failed count: 665565
        128B: 9 Subsections = 1152 buckets. Failed count: 895933
    [ALLOC_CACHEOBJECTS_MAIN]
      Peak usage frame count: [64.0 MB-128.0 MB]: 162224 frames
      Requested Block Size 4.0 MB
      Peak Block count 18
      Peak Allocated memory 68.8 MB
      Peak Large allocation bytes 13.9 MB
    [ALLOC_CACHEOBJECTS_THREAD]
      Peak usage frame count: [0.50 GB-1.00 GB]: 162224 frames
      Requested Block Size 4.0 MB
      Peak Block count 50
      Peak Allocated memory 0.77 GB
      Peak Large allocation bytes 0.61 GB
[ALLOC_TYPETREE] Dual Thread Allocator
  Peak main deferred allocation count 0
    [ALLOC_BUCKET]
      Large Block size 4.0 MB
      Used Block count 1
      Peak Allocated bytes 4.0 MB
      Failed Allocations. Bucket layout:
        16B: 26 Subsections = 26624 buckets. Failed count: 29012520
        32B: 21 Subsections = 10752 buckets. Failed count: 13488090
        48B: 22 Subsections = 7509 buckets. Failed count: 156914902
        64B: 104 Subsections = 26624 buckets. Failed count: 2525633
        80B: 31 Subsections = 6348 buckets. Failed count: 1161895
        96B: 18 Subsections = 3072 buckets. Failed count: 874870
        112B: 25 Subsections = 3657 buckets. Failed count: 665565
        128B: 9 Subsections = 1152 buckets. Failed count: 895933
    [ALLOC_TYPETREE_MAIN]
      Peak usage frame count: [16.0 KB-32.0 KB]: 776 frames, [32.0 KB-64.0 KB]: 161448 frames
      Requested Block Size 2.0 MB
      Peak Block count 1
      Peak Allocated memory 33.0 KB
      Peak Large allocation bytes 0 B
    [ALLOC_TYPETREE_THREAD]
      Peak usage frame count: [64.0 KB-128.0 KB]: 162224 frames
      Requested Block Size 2.0 MB
      Peak Block count 1
      Peak Allocated memory 116.8 KB
      Peak Large allocation bytes 0 B
