date       time     [thread name/id ]                   file:line    v |
2022-12-19 21:01:19 [MainThread     ]                log.cpp:279   INFO| Opened log file Hades.log
2022-12-19 21:01:19 [MainThread     ]            program.cpp:1461   DBG| Previous stack guard size was 0 bytes
2022-12-19 21:01:19 [MainThread     ]    platformservice.cpp:387    DBG| Processor Count : 8
2022-12-19 21:01:19 [MainThread     ]            program.cpp:1701   DBG| TotalRam: 17002713088
2022-12-19 21:01:19 [MainThread     ]            program.cpp:1702   DBG| Running Hades in 64-bit
2022-12-19 21:01:19 [MainThread     ]       pcsavedevice.cpp:249   INFO| Opening save file for reading: activeProfile
2022-12-19 21:01:19 [MainThread     ]     binaryloaddata.cpp:12    INFO| Reading 16 bytes
2022-12-19 21:01:19 [MainThread     ]     profilemanager.cpp:40    INFO| Loading default profile C:\Users\Admin\Documents\Saved Games\Hades Profile1
2022-12-19 21:01:19 [MainThread     ]     profilemanager.cpp:187   INFO| ProfileManager::Load(): Profile1.sjson 
2022-12-19 21:01:19 [MainThread     ]       pcsavedevice.cpp:249   INFO| Opening save file for reading: Profile1.sjson
2022-12-19 21:01:19 [MainThread     ]      configoptions.cpp:1567  INFO| ConfigOption: WindowHeight = 1080
2022-12-19 21:01:19 [MainThread     ]      configoptions.cpp:1560  INFO| ConfigOption: UseMouse = true
2022-12-19 21:01:19 [MainThread     ]      configoptions.cpp:1567  INFO| ConfigOption: NewUpdateSoundRevisionViewed = 38290
2022-12-19 21:01:19 [MainThread     ]      configoptions.cpp:1567  INFO| ConfigOption: BackupSaveCount = 6
2022-12-19 21:01:19 [MainThread     ]      configoptions.cpp:1567  INFO| ConfigOption: LastRoadmapRevisionViewed = 38290
2022-12-19 21:01:19 [MainThread     ]      configoptions.cpp:1567  INFO| ConfigOption: DisplayIndex = 0
2022-12-19 21:01:19 [MainThread     ]      configoptions.cpp:1560  INFO| ConfigOption: ValidCheckpoint = false
2022-12-19 21:01:19 [MainThread     ]      configoptions.cpp:1567  INFO| ConfigOption: LastPatchNoteRevisionViewed = 38290
2022-12-19 21:01:19 [MainThread     ]      configoptions.cpp:1567  INFO| ConfigOption: ControlsResetRevisionViewed = 38290
2022-12-19 21:01:19 [MainThread     ]      configoptions.cpp:1567  INFO| ConfigOption: Y = 1080
2022-12-19 21:01:19 [MainThread     ]      configoptions.cpp:1567  INFO| ConfigOption: X = 1920
2022-12-19 21:01:19 [MainThread     ]      configoptions.cpp:1560  INFO| ConfigOption: DefaultControlsChosen = true
2022-12-19 21:01:19 [MainThread     ]      configoptions.cpp:1567  INFO| ConfigOption: WindowWidth = 1920
2022-12-19 21:01:19 [MainThread     ]      configoptions.cpp:1560  INFO| ConfigOption: UseAltCursor = true
2022-12-19 21:01:19 [MainThread     ]     profilemanager.cpp:216   INFO| Load profile successful
2022-12-19 21:01:19 [MainThread     ]  windowsfilesystem.cpp:209    ERR| Error opening file: C:\Users\Admin\Documents\Saved Games\Hades\LAPTOP-3RD0QUAL.sjson -- rb (error: No such file or directory)
2022-12-19 21:01:19 [MainThread     ]  windowsfilesystem.cpp:209    ERR| Error opening file: E:\Entertainments\Hades.v1.38290-P2P\Hades\Content\ConfigOptions\LAPTOP-3RD0QUAL.sjson -- rb (error: No such file or directory)
2022-12-19 21:01:19 [MainThread     ]      configoptions.cpp:1588  INFO| ConfigOption: NextUpdateDate = NextUpdateCountdownCustom
2022-12-19 21:01:19 [MainThread     ]      configoptions.cpp:1588  INFO| ConfigOption: LastUpdateDate = 07-03-2020
2022-12-19 21:01:19 [MainThread     ]      configoptions.cpp:1588  INFO| ConfigOption: UpdateWarningDate = 11-01-2020
2022-12-19 21:01:19 [MainThread     ]      configoptions.cpp:1588  INFO| ConfigOption: SaveCollectionBeginDate = 10-05-2020
2022-12-19 21:01:19 [MainThread     ]      configoptions.cpp:1588  INFO| ConfigOption: SaveCollectionEndDate = 10-09-2020
2022-12-19 21:01:19 [MainThread     ]     binarysavedata.cpp:17    INFO| Writing 16 bytes
2022-12-19 21:01:19 [MainThread     ]            program.cpp:1837   DBG| Initial startup in 0.7 msec
2022-12-19 21:01:19 [MainThread     ]            program.cpp:1838   DBG| Profile load in 0.0 msec
2022-12-19 21:01:19 [MainThread     ]        windowsbase.cpp:358   INFO| ----Begin printing all displays available on the system----
2022-12-19 21:01:19 [MainThread     ]        windowsbase.cpp:362   INFO| Number of detected displays: 1
2022-12-19 21:01:19 [MainThread     ]        windowsbase.cpp:507   INFO| Display[0]: Generic PnP Monitor
2022-12-19 21:01:19 [MainThread     ]        windowsbase.cpp:515   INFO| (320 x 200) (320 x 240) (400 x 300) (512 x 384) (640 x 400) (640 x 480) (800 x 600) 
2022-12-19 21:01:19 [MainThread     ]        windowsbase.cpp:515   INFO| (1280 x 600) (1280 x 720) (1024 x 768) (1280 x 768) (1360 x 768) (1366 x 768) (1280 x 800) 
2022-12-19 21:01:19 [MainThread     ]        windowsbase.cpp:515   INFO| (1152 x 864) (1440 x 900) (1600 x 900) (1280 x 960) (1280 x 1024) (1400 x 1050) (1680 x 1050) 
2022-12-19 21:01:19 [MainThread     ]        windowsbase.cpp:519   INFO| (1920 x 1080) 
2022-12-19 21:01:19 [MainThread     ]        windowsbase.cpp:523   INFO| ----Finish printing all displays available on the system----
2022-12-19 21:01:19 [MainThread     ]        windowsbase.cpp:682   INFO| Created window app Hades
2022-12-19 21:01:19 [MainThread     ]          sdlwindow.cpp:54     DBG| SDL Initialized with UseNativeGaInputNoControllers
2022-12-19 21:01:19 [MainThread     ]         resolution.cpp:163    DBG| Monitor modes:
2022-12-19 21:01:19 [MainThread     ]            program.cpp:2095  INFO| DisplayModes Configured
2022-12-19 21:01:20 [MainThread     ]            program.cpp:2106  INFO| PlatformService Initialized
2022-12-19 21:01:20 [MainThread     ]     inputsystemsdl.cpp:740    DBG| InputSystemSDL Initialized with UseNativeGaInputNoControllers
2022-12-19 21:01:20 [MainThread     ]  windowsfilesystem.cpp:209    ERR| Error opening file: E:\Entertainments\Hades.v1.38290-P2P\Hades\Content\gamecontrollerdb.txt -- rb (error: No such file or directory)
2022-12-19 21:01:20 [MainThread     ]            program.cpp:2113  INFO| InputSystem Initialized
2022-12-19 21:01:20 [MainThread     ]         direct3d11.cpp:833   INFO| Created DXGI1.2 factory.
2022-12-19 21:01:21 [MainThread     ]         filesystem.cpp:307    ERR| Trying to get an unset resource directory '8', make sure the resourceDirectory is set on start of the application
2022-12-19 21:01:21 [MainThread     ]         direct3d11.cpp:1012  INFO| gpuCount = 1
2022-12-19 21:01:21 [MainThread     ]         direct3d11.cpp:1088  INFO| GPU[0] detected. Vendor ID: 10de, Model ID: 1f95, Revision ID: a1, Preset: high, GPU Name: NVIDIA GeForce GTX 1650 Ti
2022-12-19 21:01:21 [MainThread     ]      gpudetecthelper.h:187   INFO| ----Begin printing all graphics adapters available on the system----
2022-12-19 21:01:21 [MainThread     ]      gpudetecthelper.h:124   INFO| Number of GPUs detected: 5
2022-12-19 21:01:21 [MainThread     ]      gpudetecthelper.h:150   INFO| Adapter Name: Intel(R) UHD Graphics
2022-12-19 21:01:21 [MainThread     ]      gpudetecthelper.h:160   INFO| Driver Version: 27.20.100.8280
2022-12-19 21:01:21 [MainThread     ]      gpudetecthelper.h:170   INFO| Driver Date: 5-19-2020
2022-12-19 21:01:21 [MainThread     ]      gpudetecthelper.h:150   INFO| Adapter Name: NVIDIA GeForce GTX 1650 Ti
2022-12-19 21:01:21 [MainThread     ]      gpudetecthelper.h:160   INFO| Driver Version: 31.0.15.2698
2022-12-19 21:01:21 [MainThread     ]      gpudetecthelper.h:170   INFO| Driver Date: 11-13-2022
2022-12-19 21:01:21 [MainThread     ]      gpudetecthelper.h:189   INFO| ----Finish printing all graphics adapters available on the system----
2022-12-19 21:01:21 [MainThread     ]         direct3d11.cpp:1122  INFO| GPU[0] is selected as default GPU
2022-12-19 21:01:21 [MainThread     ]         direct3d11.cpp:1123  INFO| Name of selected gpu: NVIDIA GeForce GTX 1650 Ti
2022-12-19 21:01:21 [MainThread     ]         direct3d11.cpp:1124  INFO| Vendor id of selected gpu: 0x10de
2022-12-19 21:01:21 [MainThread     ]         direct3d11.cpp:1125  INFO| Model id of selected gpu: 0x1f95
2022-12-19 21:01:21 [MainThread     ]         direct3d11.cpp:1126  INFO| Revision id of selected gpu: 0xa1
2022-12-19 21:01:21 [MainThread     ]         direct3d11.cpp:1127  INFO| Preset of selected gpu: high
2022-12-19 21:01:21 [MainThread     ]         direct3d11.cpp:1128  INFO| Available VRAM of selected GPU 4140826624
2022-12-19 21:01:21 [MainThread     ]      gpudetecthelper.h:124   INFO| Number of GPUs detected: 5
2022-12-19 21:01:21 [MainThread     ]      gpudetecthelper.h:150   INFO| Adapter Name: NVIDIA GeForce GTX 1650 Ti
2022-12-19 21:01:21 [MainThread     ]      gpudetecthelper.h:160   INFO| Driver Version: 31.0.15.2698
2022-12-19 21:01:21 [MainThread     ]      gpudetecthelper.h:170   INFO| Driver Date: 11-13-2022
2022-12-19 21:01:21 [MainThread     ]            program.cpp:2122  INFO| Renderer Initialized
2022-12-19 21:01:21 [MainThread     ]         direct3d11.cpp:1626  INFO| Swapchain creation SUCCEEDED with SwapEffect 0
2022-12-19 21:01:21 [MainThread     ]            program.cpp:2125  INFO| Renderer Loaded
2022-12-19 21:01:21 [MainThread     ]                app.cpp:151   INFO| Starting app: Release 38290
2022-12-19 21:01:21 [MainThread     ]                app.cpp:169    DBG| Pool logging: 1
2022-12-19 21:01:21 [MainThread     ]         resolution.cpp:43     DBG| ____________________________________CalculateViewportForAspectRatio __________________
2022-12-19 21:01:21 [MainThread     ]         resolution.cpp:44     DBG| Target Aspect Ratio :1.777778
2022-12-19 21:01:21 [MainThread     ]         resolution.cpp:45     DBG| Screen width: 1920 height: 1080
2022-12-19 21:01:21 [MainThread     ]         resolution.cpp:46     DBG| keepAspectRatio: 1
2022-12-19 21:01:21 [MainThread     ]         resolution.cpp:50     DBG| actualAspectRatio :1.777778
2022-12-19 21:01:21 [MainThread     ]         resolution.cpp:54     DBG| height for letterBoxing  :1080
2022-12-19 21:01:21 [MainThread     ]         resolution.cpp:57     DBG| LetterBoxing  :0
2022-12-19 21:01:21 [MainThread     ]         resolution.cpp:77     DBG| ____________________________________CalculateViewportForAspectRatio __________________
2022-12-19 21:01:21 [MainThread     ]         resolution.cpp:95     DBG| ____________________________________Resolution::Resize __________________
2022-12-19 21:01:21 [MainThread     ]         resolution.cpp:96     DBG| VIEWPORT: X: 0  Y: 0 W: 1920 H: 1080
2022-12-19 21:01:21 [MainThread     ]         resolution.cpp:97     DBG| SCALE: X: 1.000000 Y: 1.000000
2022-12-19 21:01:21 [MainThread     ]         resolution.cpp:98     DBG| FULL_VIEWPORT: X: 0  Y: 0 W: 1920 H: 1080
2022-12-19 21:01:21 [MainThread     ]         resolution.cpp:99     DBG| ____________________________________Resolution::Resize__________________
2022-12-19 21:01:21 [MainThread     ]                app.cpp:176    DBG| Initializing graphics device: 1920x1080
2022-12-19 21:01:21 [MainThread     ]                app.cpp:183    DBG| Setting fullscreen: true
2022-12-19 21:01:21 [MainThread     ]                app.cpp:213    DBG| Create components
2022-12-19 21:01:21 [MainThread     ]                app.cpp:234    DBG| Full screen bloom
2022-12-19 21:01:21 [MainThread     ]                app.cpp:238    DBG| Frame rate counter
2022-12-19 21:01:21 [MainThread     ]                app.cpp:244    DBG| Done with constructor
2022-12-19 21:01:21 [MainThread     ]                app.cpp:247    DBG| Setting RandomSeed: 7189082
2022-12-19 21:01:21 [MainThread     ]                app.cpp:414    DBG| App Initialize
2022-12-19 21:01:21 [MainThread     ]                app.cpp:425    DBG| numWorkers = 6
2022-12-19 21:01:21 [MainThread     ]         direct3d11.cpp:2985  INFO| Descriptor (Sampler) : User specified Static Sampler
2022-12-19 21:01:21 [MainThread     ]         direct3d11.cpp:2985  INFO| Descriptor (Sampler) : User specified Static Sampler
2022-12-19 21:01:21 [MainThread     ]         direct3d11.cpp:2985  INFO| Descriptor (Sampler) : User specified Static Sampler
2022-12-19 21:01:21 [MainThread     ]         direct3d11.cpp:2985  INFO| Descriptor (Sampler) : User specified Static Sampler
2022-12-19 21:01:21 [MainThread     ]         direct3d11.cpp:2985  INFO| Descriptor (Sampler) : User specified Static Sampler
2022-12-19 21:01:21 [MainThread     ]         direct3d11.cpp:2985  INFO| Descriptor (Sampler) : User specified Static Sampler
2022-12-19 21:01:21 [MainThread     ]         direct3d11.cpp:2985  INFO| Descriptor (Sampler) : User specified Static Sampler
2022-12-19 21:01:21 [MainThread     ]         direct3d11.cpp:2985  INFO| Descriptor (Sampler) : User specified Static Sampler
2022-12-19 21:01:21 [MainThread     ]         direct3d11.cpp:2985  INFO| Descriptor (Sampler) : User specified Static Sampler
2022-12-19 21:01:21 [MainThread     ]         direct3d11.cpp:2985  INFO| Descriptor (Sampler) : User specified Static Sampler
2022-12-19 21:01:21 [MainThread     ]         direct3d11.cpp:2985  INFO| Descriptor (Sampler) : User specified Static Sampler
2022-12-19 21:01:21 [MainThread     ]         direct3d11.cpp:2985  INFO| Descriptor (Sampler) : User specified Static Sampler
2022-12-19 21:01:21 [MainThread     ]         direct3d11.cpp:2985  INFO| Descriptor (Sampler) : User specified Static Sampler
2022-12-19 21:01:21 [MainThread     ]         direct3d11.cpp:2985  INFO| Descriptor (Sampler) : User specified Static Sampler
2022-12-19 21:01:21 [MainThread     ]         direct3d11.cpp:2985  INFO| Descriptor (Sampler) : User specified Static Sampler
2022-12-19 21:01:21 [MainThread     ]         direct3d11.cpp:2985  INFO| Descriptor (Sampler) : User specified Static Sampler
2022-12-19 21:01:21 [MainThread     ]         direct3d11.cpp:2985  INFO| Descriptor (Sampler) : User specified Static Sampler
2022-12-19 21:01:21 [MainThread     ]         direct3d11.cpp:2985  INFO| Descriptor (Sampler) : User specified Static Sampler
2022-12-19 21:01:21 [MainThread     ]         direct3d11.cpp:2985  INFO| Descriptor (Sampler) : User specified Static Sampler
2022-12-19 21:01:21 [MainThread     ]         direct3d11.cpp:2985  INFO| Descriptor (Sampler) : User specified Static Sampler
2022-12-19 21:01:21 [MainThread     ]         direct3d11.cpp:2985  INFO| Descriptor (Sampler) : User specified Static Sampler
2022-12-19 21:01:21 [MainThread     ]         direct3d11.cpp:2985  INFO| Descriptor (Sampler) : User specified Static Sampler
2022-12-19 21:01:21 [MainThread     ]         direct3d11.cpp:2985  INFO| Descriptor (Sampler) : User specified Static Sampler
2022-12-19 21:01:21 [MainThread     ]         direct3d11.cpp:2985  INFO| Descriptor (Sampler) : User specified Static Sampler
2022-12-19 21:01:21 [MainThread     ]         direct3d11.cpp:2985  INFO| Descriptor (Sampler) : User specified Static Sampler
2022-12-19 21:01:21 [MainThread     ]         direct3d11.cpp:2985  INFO| Descriptor (Sampler) : User specified Static Sampler
2022-12-19 21:01:21 [MainThread     ]         direct3d11.cpp:2985  INFO| Descriptor (Sampler) : User specified Static Sampler
2022-12-19 21:01:21 [MainThread     ]         direct3d11.cpp:2985  INFO| Descriptor (Sampler) : User specified Static Sampler
2022-12-19 21:01:21 [MainThread     ]         direct3d11.cpp:2985  INFO| Descriptor (Sampler) : User specified Static Sampler
2022-12-19 21:01:21 [MainThread     ]         direct3d11.cpp:2985  INFO| Descriptor (Sampler) : User specified Static Sampler
2022-12-19 21:01:21 [MainThread     ]         direct3d11.cpp:2985  INFO| Descriptor (Sampler) : User specified Static Sampler
2022-12-19 21:01:21 [MainThread     ]         direct3d11.cpp:2985  INFO| Descriptor (Sampler) : User specified Static Sampler
2022-12-19 21:01:21 [MainThread     ]         direct3d11.cpp:2985  INFO| Descriptor (Sampler) : User specified Static Sampler
2022-12-19 21:01:21 [MainThread     ]         direct3d11.cpp:2985  INFO| Descriptor (Sampler) : User specified Static Sampler
2022-12-19 21:01:21 [MainThread     ]         direct3d11.cpp:2985  INFO| Descriptor (Sampler) : User specified Static Sampler
2022-12-19 21:01:21 [MainThread     ]         direct3d11.cpp:2985  INFO| Descriptor (Sampler) : User specified Static Sampler
2022-12-19 21:01:21 [MainThread     ]         direct3d11.cpp:2985  INFO| Descriptor (Sampler) : User specified Static Sampler
2022-12-19 21:01:21 [MainThread     ]         direct3d11.cpp:2985  INFO| Descriptor (Sampler) : User specified Static Sampler
2022-12-19 21:01:21 [MainThread     ]         direct3d11.cpp:2985  INFO| Descriptor (Sampler) : User specified Static Sampler
2022-12-19 21:01:21 [MainThread     ]         direct3d11.cpp:2985  INFO| Descriptor (Sampler) : User specified Static Sampler
2022-12-19 21:01:21 [MainThread     ]         direct3d11.cpp:2985  INFO| Descriptor (Sampler) : User specified Static Sampler
2022-12-19 21:01:21 [MainThread     ]         direct3d11.cpp:2985  INFO| Descriptor (Sampler) : User specified Static Sampler
2022-12-19 21:01:21 [MainThread     ]         direct3d11.cpp:2985  INFO| Descriptor (Sampler) : User specified Static Sampler
2022-12-19 21:01:21 [MainThread     ]         direct3d11.cpp:2985  INFO| Descriptor (Sampler) : User specified Static Sampler
2022-12-19 21:01:21 [MainThread     ]         direct3d11.cpp:2985  INFO| Descriptor (Sampler) : User specified Static Sampler
2022-12-19 21:01:21 [MainThread     ]         direct3d11.cpp:2985  INFO| Descriptor (Sampler) : User specified Static Sampler
2022-12-19 21:01:21 [MainThread     ]         direct3d11.cpp:2985  INFO| Descriptor (Sampler) : User specified Static Sampler
2022-12-19 21:01:21 [MainThread     ]         direct3d11.cpp:2985  INFO| Descriptor (Sampler) : User specified Static Sampler
2022-12-19 21:01:21 [MainThread     ]         direct3d11.cpp:2985  INFO| Descriptor (Sampler) : User specified Static Sampler
2022-12-19 21:01:21 [MainThread     ]         direct3d11.cpp:2985  INFO| Descriptor (Sampler) : User specified Static Sampler
2022-12-19 21:01:21 [MainThread     ]         direct3d11.cpp:2985  INFO| Descriptor (Sampler) : User specified Static Sampler
2022-12-19 21:01:21 [MainThread     ]         direct3d11.cpp:2985  INFO| Descriptor (Sampler) : User specified Static Sampler
2022-12-19 21:01:21 [MainThread     ]         direct3d11.cpp:2985  INFO| Descriptor (Sampler) : User specified Static Sampler
2022-12-19 21:01:21 [MainThread     ]         direct3d11.cpp:2985  INFO| Descriptor (Sampler) : User specified Static Sampler
2022-12-19 21:01:21 [MainThread     ]         direct3d11.cpp:2985  INFO| Descriptor (Sampler) : User specified Static Sampler
2022-12-19 21:01:21 [MainThread     ]         direct3d11.cpp:2985  INFO| Descriptor (Sampler) : User specified Static Sampler
2022-12-19 21:01:21 [MainThread     ]         direct3d11.cpp:2985  INFO| Descriptor (Sampler) : User specified Static Sampler
2022-12-19 21:01:21 [MainThread     ]   gameassetmanager.cpp:515   INFO| Loading package: Launch.pkg
2022-12-19 21:01:21 [MainThread     ]   gameassetmanager.cpp:436   INFO| Start reading manifest Launch
2022-12-19 21:01:21 [MainThread     ]   gameassetmanager.cpp:489   INFO| Done reading manifest Launch
2022-12-19 21:01:21 [MainThread     ]   gameassetmanager.cpp:545   INFO| Package Loaded: Launch
2022-12-19 21:01:21 [MainThread     ]      screenmanager.cpp:115    DBG| Load Launch Pkg took 0.014539 seconds
2022-12-19 21:01:21 [MainThread     ]   gameassetmanager.cpp:515   INFO| Loading package: Dev.pkg
2022-12-19 21:01:21 [MainThread     ]   gameassetmanager.cpp:436   INFO| Start reading manifest Dev
2022-12-19 21:01:21 [MainThread     ]   gameassetmanager.cpp:489   INFO| Done reading manifest Dev
2022-12-19 21:01:21 [MainThread     ]   gameassetmanager.cpp:545   INFO| Package Loaded: Dev
2022-12-19 21:01:21 [MainThread     ]      screenmanager.cpp:121    DBG| Dev Pkg took 0.061438 seconds
2022-12-19 21:01:22 [MainThread     ]      screenmanager.cpp:128    DBG| Localization::Init() took 0.188924 seconds
2022-12-19 21:01:22 [MainThread     ]             luaext.cpp:453   INFO| Lua interface destroyed
2022-12-19 21:01:22 [NoName         ]       pcsavedevice.cpp:249   INFO| Opening save file for reading: Profile1.ctrls
2022-12-19 21:01:22 [NoName         ]     binaryloaddata.cpp:12    INFO| Reading 530 bytes
2022-12-19 21:01:22 [MainThread     ]    gamedatamanager.cpp:355   INFO| Reading game data from E:\Entertainments\Hades.v1.38290-P2P\Hades\Content\Game
2022-12-19 21:01:22 [MainThread     ]                app.cpp:331    DBG| App.resize 1920x1080
2022-12-19 21:01:22 [MainThread     ]         resolution.cpp:43     DBG| ____________________________________CalculateViewportForAspectRatio __________________
2022-12-19 21:01:22 [MainThread     ]         resolution.cpp:44     DBG| Target Aspect Ratio :1.777778
2022-12-19 21:01:22 [MainThread     ]         resolution.cpp:45     DBG| Screen width: 1920 height: 1080
2022-12-19 21:01:22 [MainThread     ]         resolution.cpp:46     DBG| keepAspectRatio: 1
2022-12-19 21:01:22 [MainThread     ]         resolution.cpp:50     DBG| actualAspectRatio :1.777778
2022-12-19 21:01:22 [MainThread     ]         resolution.cpp:54     DBG| height for letterBoxing  :1080
2022-12-19 21:01:22 [MainThread     ]         resolution.cpp:57     DBG| LetterBoxing  :0
2022-12-19 21:01:22 [MainThread     ]         resolution.cpp:77     DBG| ____________________________________CalculateViewportForAspectRatio __________________
2022-12-19 21:01:22 [MainThread     ]         resolution.cpp:95     DBG| ____________________________________Resolution::Resize __________________
2022-12-19 21:01:22 [MainThread     ]         resolution.cpp:96     DBG| VIEWPORT: X: 0  Y: 0 W: 1920 H: 1080
2022-12-19 21:01:22 [MainThread     ]         resolution.cpp:97     DBG| SCALE: X: 1.000000 Y: 1.000000
2022-12-19 21:01:22 [MainThread     ]         resolution.cpp:98     DBG| FULL_VIEWPORT: X: 0  Y: 0 W: 1920 H: 1080
2022-12-19 21:01:22 [MainThread     ]         resolution.cpp:99     DBG| ____________________________________Resolution::Resize__________________
2022-12-19 21:01:22 [MainThread     ]       launchscreen.cpp:135    DBG| new LaunchScreen
2022-12-19 21:01:22 [MainThread     ]  windowsfilesystem.cpp:209    ERR| Error opening file: E:\Entertainments\Hades.v1.38290-P2P\Hades\Content\Game\LaunchScreen.sjson -- rb (error: No such file or directory)
2022-12-19 21:01:22 [NoName         ]       audiomanager.cpp:374    DBG| AudioManager.Initialize
2022-12-19 21:01:22 [MainThread     ]  platformanalytics.cpp:23     DBG| Initializing Analytics
2022-12-19 21:01:22 [MainThread     ]  platformanalytics.cpp:31     DBG| Done initializing Analytics
2022-12-19 21:01:22 [MainThread     ]            program.cpp:2297  INFO| Application Init+Load 2.603000
2022-12-19 21:01:22 [MainThread     ]            program.cpp:2311   DBG| User Document Path found!!
2022-12-19 21:01:22 [MainThread     ]            program.cpp:2325   DBG| Log file created
2022-12-19 21:01:22 [MainThread     ]            program.cpp:2339   DBG| Data correctly read!!
2022-12-19 21:01:22 [MainThread     ]        windowsbase.cpp:1150  INFO| Application Init+Load 2.603000
2022-12-19 21:01:22 [NoName         ]       audiomanager.cpp:464    DBG| FMOD Default Rate 48000 Mode 0 Speakers 0 Software Channels: 64
2022-12-19 21:01:22 [NoName         ]       audiomanager.cpp:470    DBG| FMOD changed to Rate: 48000 Mode: 3 Speakers: 2 Software Channels: 64
2022-12-19 21:01:22 [MainThread     ]     discord_client.cpp:47    INFO| [Discord SDK] Current user updated: JoNissin#8505
2022-12-19 21:01:22 [NoName         ]       launchscreen.cpp:62     DBG| Load Manifests took 0.306284
2022-12-19 21:01:23 [NoName         ]       audiomanager.cpp:546    DBG| FMOD post init Rate 48000 Mode 3 Speakers 2
2022-12-19 21:01:23 [NoName         ]       audiomanager.cpp:775    DBG| Loading bank: MasterBank.bank
2022-12-19 21:01:23 [NoName         ]       audiomanager.cpp:775    DBG| Loading bank: MasterBank.strings.bank
2022-12-19 21:01:23 [NoName         ]       audiomanager.cpp:775    DBG| Loading bank: Ambience.bank
2022-12-19 21:01:23 [NoName         ]       audiomanager.cpp:775    DBG| Loading bank: Music.bank
2022-12-19 21:01:23 [NoName         ]       audiomanager.cpp:775    DBG| Loading bank: Sounds.bank
2022-12-19 21:01:23 [NoName         ]       audiomanager.cpp:921    DBG| AudioManager categories loaded
2022-12-19 21:01:23 [NoName         ]       audiomanager.cpp:576    DBG| AudioManager.FModStartup complete
2022-12-19 21:01:23 [NoName         ]       audiomanager.cpp:384    DBG| AudioManager.Initialize complete
2022-12-19 21:01:23 [NoName         ]       launchscreen.cpp:119    DBG| AudioManager::Initialize took 0.951764
2022-12-19 21:01:24 [NoName         ]       launchscreen.cpp:86     DBG| binkAtlases took 2.170515
2022-12-19 21:01:24 [NoName         ]   gameassetmanager.cpp:436   INFO| Start reading manifest GUI
2022-12-19 21:01:24 [NoName         ]   gameassetmanager.cpp:489   INFO| Done reading manifest GUI
2022-12-19 21:01:24 [NoName         ]   gameassetmanager.cpp:436   INFO| Start reading manifest GUI_Mouse
2022-12-19 21:01:24 [NoName         ]   gameassetmanager.cpp:489   INFO| Done reading manifest GUI_Mouse
2022-12-19 21:01:24 [GameAssetManagerLoadThread]   gameassetmanager.cpp:515   INFO| Loading package: GUI.pkg
2022-12-19 21:01:25 [GameAssetManagerLoadThread]   gameassetmanager.cpp:545   INFO| Package Loaded: GUI
2022-12-19 21:01:25 [GameAssetManagerLoadThread]   gameassetmanager.cpp:515   INFO| Loading package: GUI_Mouse.pkg
2022-12-19 21:01:25 [GameAssetManagerLoadThread]   gameassetmanager.cpp:545   INFO| Package Loaded: GUI_Mouse
2022-12-19 21:01:25 [NoName         ]   gameassetmanager.cpp:436   INFO| Start reading manifest Fx
2022-12-19 21:01:25 [NoName         ]   gameassetmanager.cpp:489   INFO| Done reading manifest Fx
2022-12-19 21:01:25 [NoName         ]   gameassetmanager.cpp:436   INFO| Start reading manifest RoomManager
2022-12-19 21:01:25 [NoName         ]   gameassetmanager.cpp:489   INFO| Done reading manifest RoomManager
2022-12-19 21:01:25 [NoName         ]   gameassetmanager.cpp:436   INFO| Start reading manifest UIScripts
2022-12-19 21:01:25 [NoName         ]   gameassetmanager.cpp:489   INFO| Done reading manifest UIScripts
2022-12-19 21:01:25 [NoName         ]       launchscreen.cpp:103    DBG| Load BasePackages took 0.553363
2022-12-19 21:01:25 [GameAssetManagerLoadThread]   gameassetmanager.cpp:515   INFO| Loading package: Fx.pkg
2022-12-19 21:01:26 [GameAssetManagerLoadThread]   gameassetmanager.cpp:545   INFO| Package Loaded: Fx
2022-12-19 21:01:26 [GameAssetManagerLoadThread]   gameassetmanager.cpp:515   INFO| Loading package: RoomManager.pkg
2022-12-19 21:01:26 [GameAssetManagerLoadThread]   gameassetmanager.cpp:545   INFO| Package Loaded: RoomManager
2022-12-19 21:01:26 [GameAssetManagerLoadThread]   gameassetmanager.cpp:515   INFO| Loading package: UIScripts.pkg
2022-12-19 21:01:26 [GameAssetManagerLoadThread]   gameassetmanager.cpp:545   INFO| Package Loaded: UIScripts
2022-12-19 21:01:26 [NoName         ]       launchscreen.cpp:105    DBG| Finished AssetManager Loading 
2022-12-19 21:01:26 [NoName         ]    gamedatamanager.cpp:821   INFO| Reading game data from E:\Entertainments\Hades.v1.38290-P2P\Hades\Content\Game
2022-12-19 21:01:26 [NoName         ]    gamedatamanager.cpp:835    DBG| ReadUnitData took 0.021941 seconds
2022-12-19 21:01:26 [NoName         ]    gamedatamanager.cpp:904    DBG| ReadWeaponData took 0.027407 seconds
2022-12-19 21:01:26 [NoName         ]    gamedatamanager.cpp:926    DBG| Projectile took 0.038266 seconds
2022-12-19 21:01:26 [NoName         ]    gamedatamanager.cpp:941    DBG| ReadObstacleData took 0.128922 seconds
2022-12-19 21:01:26 [NoName         ]    gamedatamanager.cpp:954    DBG| Other Dat took 0.020262 seconds
2022-12-19 21:01:26 [NoName         ]     binaryloaddata.cpp:12    INFO| Reading 32202 bytes
2022-12-19 21:01:26 [NoName         ]     binaryloaddata.cpp:12    INFO| Reading 128202 bytes
2022-12-19 21:01:26 [NoName         ]     binaryloaddata.cpp:12    INFO| Reading 28362 bytes
2022-12-19 21:01:26 [NoName         ]     binaryloaddata.cpp:12    INFO| Reading 2602 bytes
2022-12-19 21:01:26 [NoName         ]     binaryloaddata.cpp:12    INFO| Reading 39882 bytes
2022-12-19 21:01:26 [NoName         ]     binaryloaddata.cpp:12    INFO| Reading 19402 bytes
2022-12-19 21:01:26 [NoName         ]     binaryloaddata.cpp:12    INFO| Reading 30922 bytes
2022-12-19 21:01:26 [NoName         ]     binaryloaddata.cpp:12    INFO| Reading 32202 bytes
2022-12-19 21:01:26 [NoName         ]     binaryloaddata.cpp:12    INFO| Reading 38602 bytes
2022-12-19 21:01:26 [NoName         ]     binaryloaddata.cpp:12    INFO| Reading 38602 bytes
2022-12-19 21:01:26 [NoName         ]     binaryloaddata.cpp:12    INFO| Reading 32202 bytes
2022-12-19 21:01:26 [NoName         ]     binaryloaddata.cpp:12    INFO| Reading 38602 bytes
2022-12-19 21:01:26 [NoName         ]     binaryloaddata.cpp:12    INFO| Reading 184559 bytes
2022-12-19 21:01:26 [NoName         ]     binaryloaddata.cpp:12    INFO| Reading 69359 bytes
2022-12-19 21:01:26 [NoName         ]     binaryloaddata.cpp:12    INFO| Reading 115439 bytes
2022-12-19 21:01:26 [NoName         ]     binaryloaddata.cpp:12    INFO| Reading 19439 bytes
2022-12-19 21:01:26 [NoName         ]     binaryloaddata.cpp:12    INFO| Reading 1401 bytes
2022-12-19 21:01:26 [NoName         ]     binaryloaddata.cpp:12    INFO| Reading 8161 bytes
2022-12-19 21:01:26 [NoName         ]     binaryloaddata.cpp:12    INFO| Reading 53961 bytes
2022-12-19 21:01:26 [NoName         ]     binaryloaddata.cpp:12    INFO| Reading 36041 bytes
2022-12-19 21:01:26 [NoName         ]     binaryloaddata.cpp:12    INFO| Reading 10441 bytes
2022-12-19 21:01:26 [NoName         ]     binaryloaddata.cpp:12    INFO| Reading 33481 bytes
2022-12-19 21:01:26 [NoName         ]     binaryloaddata.cpp:12    INFO| Reading 1401 bytes
2022-12-19 21:01:26 [NoName         ]     binaryloaddata.cpp:12    INFO| Reading 3561 bytes
2022-12-19 21:01:26 [NoName         ]     binaryloaddata.cpp:12    INFO| Reading 1401 bytes
2022-12-19 21:01:26 [NoName         ]     binaryloaddata.cpp:12    INFO| Reading 51401 bytes
2022-12-19 21:01:26 [NoName         ]     binaryloaddata.cpp:12    INFO| Reading 61641 bytes
2022-12-19 21:01:26 [NoName         ]     binaryloaddata.cpp:12    INFO| Reading 8761 bytes
2022-12-19 21:01:26 [NoName         ]     binaryloaddata.cpp:12    INFO| Reading 6161 bytes
2022-12-19 21:01:26 [NoName         ]     binaryloaddata.cpp:12    INFO| Reading 59721 bytes
2022-12-19 21:01:26 [NoName         ]     binaryloaddata.cpp:12    INFO| Reading 52681 bytes
2022-12-19 21:01:27 [NoName         ]     binaryloaddata.cpp:12    INFO| Reading 128201 bytes
2022-12-19 21:01:27 [NoName         ]     binaryloaddata.cpp:12    INFO| Reading 224201 bytes
2022-12-19 21:01:27 [NoName         ]     binaryloaddata.cpp:12    INFO| Reading 107721 bytes
2022-12-19 21:01:27 [NoName         ]     binaryloaddata.cpp:12    INFO| Reading 56521 bytes
2022-12-19 21:01:27 [NoName         ]     binaryloaddata.cpp:12    INFO| Reading 10441 bytes
2022-12-19 21:01:27 [NoName         ]     binaryloaddata.cpp:12    INFO| Reading 3801 bytes
2022-12-19 21:01:27 [NoName         ]     binaryloaddata.cpp:12    INFO| Reading 45436 bytes
2022-12-19 21:01:27 [NoName         ]     binaryloaddata.cpp:12    INFO| Reading 1564 bytes
2022-12-19 21:01:27 [NoName         ]     binaryloaddata.cpp:12    INFO| Reading 41596 bytes
2022-12-19 21:01:27 [NoName         ]     binaryloaddata.cpp:12    INFO| Reading 30844 bytes
2022-12-19 21:01:27 [NoName         ]     binaryloaddata.cpp:12    INFO| Reading 38524 bytes
2022-12-19 21:01:27 [NoName         ]     binaryloaddata.cpp:12    INFO| Reading 23164 bytes
2022-12-19 21:01:27 [NoName         ]     binaryloaddata.cpp:12    INFO| Reading 92284 bytes
2022-12-19 21:01:27 [NoName         ]     binaryloaddata.cpp:12    INFO| Reading 32380 bytes
2022-12-19 21:01:27 [NoName         ]     binaryloaddata.cpp:12    INFO| Reading 75940 bytes
2022-12-19 21:01:27 [NoName         ]     binaryloaddata.cpp:12    INFO| Reading 101540 bytes
2022-12-19 21:01:27 [NoName         ]     binaryloaddata.cpp:12    INFO| Reading 71844 bytes
2022-12-19 21:01:27 [NoName         ]     binaryloaddata.cpp:12    INFO| Reading 119972 bytes
2022-12-19 21:01:27 [NoName         ]     binaryloaddata.cpp:12    INFO| Reading 17572 bytes
2022-12-19 21:01:27 [NoName         ]     binaryloaddata.cpp:12    INFO| Reading 24740 bytes
2022-12-19 21:01:27 [NoName         ]     binaryloaddata.cpp:12    INFO| Reading 29860 bytes
2022-12-19 21:01:27 [NoName         ]     binaryloaddata.cpp:12    INFO| Reading 50340 bytes
2022-12-19 21:01:27 [NoName         ]     binaryloaddata.cpp:12    INFO| Reading 47771 bytes
2022-12-19 21:01:27 [NoName         ]     binaryloaddata.cpp:12    INFO| Reading 107803 bytes
2022-12-19 21:01:27 [NoName         ]     binaryloaddata.cpp:12    INFO| Reading 107803 bytes
2022-12-19 21:01:27 [NoName         ]     binaryloaddata.cpp:12    INFO| Reading 107803 bytes
2022-12-19 21:01:27 [NoName         ]     binaryloaddata.cpp:12    INFO| Reading 114971 bytes
2022-12-19 21:01:27 [NoName         ]     binaryloaddata.cpp:12    INFO| Reading 215323 bytes
2022-12-19 21:01:27 [NoName         ]     binaryloaddata.cpp:12    INFO| Reading 57627 bytes
2022-12-19 21:01:27 [NoName         ]     binaryloaddata.cpp:12    INFO| Reading 183067 bytes
2022-12-19 21:01:27 [NoName         ]     binaryloaddata.cpp:12    INFO| Reading 179483 bytes
2022-12-19 21:01:27 [NoName         ]     binaryloaddata.cpp:12    INFO| Reading 55835 bytes
2022-12-19 21:01:27 [NoName         ]     binaryloaddata.cpp:12    INFO| Reading 75547 bytes
2022-12-19 21:01:27 [NoName         ]     binaryloaddata.cpp:12    INFO| Reading 54043 bytes
2022-12-19 21:01:27 [NoName         ]     binaryloaddata.cpp:12    INFO| Reading 114971 bytes
2022-12-19 21:01:27 [NoName         ]     binaryloaddata.cpp:12    INFO| Reading 57627 bytes
2022-12-19 21:01:27 [NoName         ]     binaryloaddata.cpp:12    INFO| Reading 89883 bytes
2022-12-19 21:01:27 [NoName         ]     binaryloaddata.cpp:12    INFO| Reading 111387 bytes
2022-12-19 21:01:27 [NoName         ]     binaryloaddata.cpp:12    INFO| Reading 140059 bytes
2022-12-19 21:01:27 [NoName         ]     binaryloaddata.cpp:12    INFO| Reading 55835 bytes
2022-12-19 21:01:27 [NoName         ]     binaryloaddata.cpp:12    INFO| Reading 54043 bytes
2022-12-19 21:01:27 [NoName         ]     binaryloaddata.cpp:12    INFO| Reading 57627 bytes
2022-12-19 21:01:27 [NoName         ]     binaryloaddata.cpp:12    INFO| Reading 114971 bytes
2022-12-19 21:01:27 [NoName         ]     binaryloaddata.cpp:12    INFO| Reading 215323 bytes
2022-12-19 21:01:27 [NoName         ]     binaryloaddata.cpp:12    INFO| Reading 8795 bytes
2022-12-19 21:01:27 [NoName         ]     binaryloaddata.cpp:12    INFO| Reading 57627 bytes
2022-12-19 21:01:27 [NoName         ]     binaryloaddata.cpp:12    INFO| Reading 236827 bytes
2022-12-19 21:01:27 [NoName         ]     binaryloaddata.cpp:12    INFO| Reading 36123 bytes
2022-12-19 21:01:27 [NoName         ]     binaryloaddata.cpp:12    INFO| Reading 89883 bytes
2022-12-19 21:01:27 [NoName         ]     binaryloaddata.cpp:12    INFO| Reading 197403 bytes
2022-12-19 21:01:27 [NoName         ]     binaryloaddata.cpp:12    INFO| Reading 45083 bytes
2022-12-19 21:01:27 [NoName         ]     binaryloaddata.cpp:12    INFO| Reading 45083 bytes
2022-12-19 21:01:27 [NoName         ]     binaryloaddata.cpp:12    INFO| Reading 54043 bytes
2022-12-19 21:01:27 [NoName         ]     binaryloaddata.cpp:12    INFO| Reading 86299 bytes
2022-12-19 21:01:27 [NoName         ]     binaryloaddata.cpp:12    INFO| Reading 136475 bytes
2022-12-19 21:01:27 [NoName         ]     binaryloaddata.cpp:12    INFO| Reading 138267 bytes
2022-12-19 21:01:27 [NoName         ]     binaryloaddata.cpp:12    INFO| Reading 114971 bytes
2022-12-19 21:01:27 [NoName         ]     binaryloaddata.cpp:12    INFO| Reading 57627 bytes
2022-12-19 21:01:27 [NoName         ]     binaryloaddata.cpp:12    INFO| Reading 57627 bytes
2022-12-19 21:01:27 [NoName         ]     binaryloaddata.cpp:12    INFO| Reading 57627 bytes
2022-12-19 21:01:27 [NoName         ]     binaryloaddata.cpp:12    INFO| Reading 57627 bytes
2022-12-19 21:01:27 [NoName         ]     binaryloaddata.cpp:12    INFO| Reading 57627 bytes
2022-12-19 21:01:27 [NoName         ]     binaryloaddata.cpp:12    INFO| Reading 186651 bytes
2022-12-19 21:01:27 [NoName         ]     binaryloaddata.cpp:12    INFO| Reading 143643 bytes
2022-12-19 21:01:27 [NoName         ]     binaryloaddata.cpp:12    INFO| Reading 161563 bytes
2022-12-19 21:01:27 [NoName         ]     binaryloaddata.cpp:12    INFO| Reading 54043 bytes
2022-12-19 21:01:27 [NoName         ]     binaryloaddata.cpp:12    INFO| Reading 57627 bytes
2022-12-19 21:01:27 [NoName         ]     binaryloaddata.cpp:12    INFO| Reading 269083 bytes
2022-12-19 21:01:27 [NoName         ]     binaryloaddata.cpp:12    INFO| Reading 304923 bytes
2022-12-19 21:01:27 [NoName         ]     binaryloaddata.cpp:12    INFO| Reading 63003 bytes
2022-12-19 21:01:27 [NoName         ]     binaryloaddata.cpp:12    INFO| Reading 204571 bytes
2022-12-19 21:01:27 [NoName         ]     binaryloaddata.cpp:12    INFO| Reading 150811 bytes
2022-12-19 21:01:27 [NoName         ]     binaryloaddata.cpp:12    INFO| Reading 134683 bytes
2022-12-19 21:01:27 [NoName         ]     binaryloaddata.cpp:12    INFO| Reading 107803 bytes
2022-12-19 21:01:27 [NoName         ]     binaryloaddata.cpp:12    INFO| Reading 27163 bytes
2022-12-19 21:01:27 [NoName         ]     binaryloaddata.cpp:12    INFO| Reading 229659 bytes
2022-12-19 21:01:27 [NoName         ]     binaryloaddata.cpp:12    INFO| Reading 28955 bytes
2022-12-19 21:01:27 [NoName         ]     binaryloaddata.cpp:12    INFO| Reading 304923 bytes
2022-12-19 21:01:27 [NoName         ]     binaryloaddata.cpp:12    INFO| Reading 236827 bytes
2022-12-19 21:01:27 [NoName         ]     binaryloaddata.cpp:12    INFO| Reading 71963 bytes
2022-12-19 21:01:27 [NoName         ]     binaryloaddata.cpp:12    INFO| Reading 122139 bytes
2022-12-19 21:01:27 [NoName         ]     binaryloaddata.cpp:12    INFO| Reading 168295 bytes
2022-12-19 21:01:27 [NoName         ]     binaryloaddata.cpp:12    INFO| Reading 114971 bytes
2022-12-19 21:01:27 [NoName         ]     binaryloaddata.cpp:12    INFO| Reading 118555 bytes
2022-12-19 21:01:27 [NoName         ]     binaryloaddata.cpp:12    INFO| Reading 63003 bytes
2022-12-19 21:01:27 [NoName         ]     binaryloaddata.cpp:12    INFO| Reading 114971 bytes
2022-12-19 21:01:27 [NoName         ]     binaryloaddata.cpp:12    INFO| Reading 134683 bytes
2022-12-19 21:01:27 [NoName         ]     binaryloaddata.cpp:12    INFO| Reading 111387 bytes
2022-12-19 21:01:27 [NoName         ]     binaryloaddata.cpp:12    INFO| Reading 63003 bytes
2022-12-19 21:01:27 [NoName         ]     binaryloaddata.cpp:12    INFO| Reading 89883 bytes
2022-12-19 21:01:27 [NoName         ]     binaryloaddata.cpp:12    INFO| Reading 107803 bytes
2022-12-19 21:01:27 [NoName         ]     binaryloaddata.cpp:12    INFO| Reading 125723 bytes
2022-12-19 21:01:27 [NoName         ]     binaryloaddata.cpp:12    INFO| Reading 154395 bytes
2022-12-19 21:01:27 [NoName         ]     binaryloaddata.cpp:12    INFO| Reading 63003 bytes
2022-12-19 21:01:27 [NoName         ]     binaryloaddata.cpp:12    INFO| Reading 114971 bytes
2022-12-19 21:01:27 [NoName         ]     binaryloaddata.cpp:12    INFO| Reading 114971 bytes
2022-12-19 21:01:27 [NoName         ]     binaryloaddata.cpp:12    INFO| Reading 63003 bytes
2022-12-19 21:01:27 [NoName         ]     binaryloaddata.cpp:12    INFO| Reading 114971 bytes
2022-12-19 21:01:27 [NoName         ]     binaryloaddata.cpp:12    INFO| Reading 111387 bytes
2022-12-19 21:01:27 [NoName         ]     binaryloaddata.cpp:12    INFO| Reading 149915 bytes
2022-12-19 21:01:27 [NoName         ]     binaryloaddata.cpp:12    INFO| Reading 89883 bytes
2022-12-19 21:01:27 [NoName         ]     binaryloaddata.cpp:12    INFO| Reading 159323 bytes
2022-12-19 21:01:27 [NoName         ]     binaryloaddata.cpp:12    INFO| Reading 116763 bytes
2022-12-19 21:01:27 [NoName         ]     binaryloaddata.cpp:12    INFO| Reading 44187 bytes
2022-12-19 21:01:27 [NoName         ]     binaryloaddata.cpp:12    INFO| Reading 22683 bytes
2022-12-19 21:01:27 [NoName         ]     binaryloaddata.cpp:12    INFO| Reading 125723 bytes
2022-12-19 21:01:27 [NoName         ]     binaryloaddata.cpp:12    INFO| Reading 18203 bytes
2022-12-19 21:01:28 [NoName         ]    gamedatamanager.cpp:977    DBG| ReadAnimationData took 1.583285 seconds
2022-12-19 21:01:28 [NoName         ]    gamedatamanager.cpp:982    DBG| ReadTextData took 0.147724 seconds
2022-12-19 21:01:28 [NoName         ]    gamedatamanager.cpp:990    DBG| ReadGameData took 1.968035 seconds
2022-12-19 21:01:28 [MainThread     ]       launchscreen.cpp:301    DBG| Done with boot load
2022-12-19 21:01:28 [MainThread     ]           ingameui.cpp:43    INFO| InGameUI Construct
2022-12-19 21:01:28 [MainThread     ]  windowsfilesystem.cpp:209    ERR| Error opening file: E:\Entertainments\Hades.v1.38290-P2P\Hades\Content\Game\InGameUI.sjson -- rb (error: No such file or directory)
2022-12-19 21:01:30 [MainThread     ]       launchscreen.cpp:667    DBG| Launch took 10.335270 seconds
2022-12-19 21:01:30 [MainThread     ]  windowsfilesystem.cpp:209    ERR| Error opening file: E:\Entertainments\Hades.v1.38290-P2P\Hades\Content\Game\MainMenuScreen.sjson -- rb (error: No such file or directory)
2022-12-19 21:02:53 [MainThread     ]  windowsfilesystem.cpp:209    ERR| Error opening file: E:\Entertainments\Hades.v1.38290-P2P\Hades\Content\Game\CloudSyncDialog.sjson -- rb (error: No such file or directory)
2022-12-19 21:02:53 [NoName         ]         platformfile.h:191    DBG| WindowsFile::DirectoryGetFiles(  C:\Users\Admin\Documents\Saved Games\Hades  ,  , *.sav  )
2022-12-19 21:02:53 [NoName         ]    progressmanager.cpp:843   INFO| ProgressManager.load Profile1.sav IPlatformSaveDevice
2022-12-19 21:02:53 [NoName         ]       pcsavedevice.cpp:249   INFO| Opening save file for reading: Profile1.sav
2022-12-19 21:02:53 [NoName         ]     binaryloaddata.cpp:12    INFO| Reading 529578 bytes
2022-12-19 21:02:53 [NoName         ]    progressmanager.cpp:882   INFO| Load succeeded
2022-12-19 21:02:53 [NoName         ]    progressmanager.cpp:843   INFO| ProgressManager.load Profile1.v.sav IPlatformSaveDevice
2022-12-19 21:02:53 [NoName         ]       pcsavedevice.cpp:249   INFO| Opening save file for reading: Profile1.v.sav
2022-12-19 21:02:53 [NoName         ]     binaryloaddata.cpp:12    INFO| Reading 9 bytes
2022-12-19 21:02:53 [NoName         ]    progressmanager.cpp:882   INFO| Load succeeded
2022-12-19 21:02:53 [NoName         ]    progressmanager.cpp:843   INFO| ProgressManager.load Profile1_Temp.sav IPlatformSaveDevice
2022-12-19 21:02:53 [NoName         ]       pcsavedevice.cpp:249   INFO| Opening save file for reading: Profile1_Temp.sav
2022-12-19 21:02:53 [NoName         ]     binaryloaddata.cpp:12    INFO| Reading 583147 bytes
2022-12-19 21:02:53 [NoName         ]    progressmanager.cpp:882   INFO| Load succeeded
2022-12-19 21:02:53 [MainThread     ] remoteprofilescreen.cpp:603    DBG| ActiveProfile = Profile1
2022-12-19 21:02:53 [MainThread     ] remoteprofilescreen.cpp:617    DBG| Profile1 == Profile1, ActiveProfile Index = 0
2022-12-19 21:02:53 [MainThread     ]  windowsfilesystem.cpp:209    ERR| Error opening file: E:\Entertainments\Hades.v1.38290-P2P\Hades\Content\Game\RemoteProfileScreen.sjson -- rb (error: No such file or directory)
2022-12-19 21:02:53 [MainThread     ] remoteprofilescreen.cpp:686    DBG| Finishing Creating Components For RemoteProfileScreen
2022-12-19 21:02:53 [NoName         ] remoteprofilescreen.cpp:61     DBG| SetupProfiles
2022-12-19 21:02:53 [NoName         ]         platformfile.h:191    DBG| WindowsFile::DirectoryGetFiles(  C:\Users\Admin\Documents\Saved Games\Hades  ,  , *.sjson  )
2022-12-19 21:02:53 [NoName         ] remoteprofilescreen.cpp:66     DBG| Total saves :3
2022-12-19 21:02:53 [NoName         ]    progressmanager.cpp:190    DBG| Getting Preferred Save
2022-12-19 21:02:53 [NoName         ]    progressmanager.cpp:198    DBG| MainSaveInfo
2022-12-19 21:02:53 [NoName         ]    progressmanager.cpp:205    DBG| tempSaveInfo
2022-12-19 21:02:53 [NoName         ]    progressmanager.cpp:212    DBG| mainSaveIndex >
2022-12-19 21:02:53 [NoName         ] remoteprofilescreen.cpp:75     DBG| localSaveFileName  :Profile1.sav
2022-12-19 21:02:53 [NoName         ] remoteprofilescreen.cpp:78     DBG| !saveFileName.empty()
2022-12-19 21:02:53 [NoName         ] remoteprofilescreen.cpp:82     DBG| mProfileButtons[0]->mDataValue: Profile1
2022-12-19 21:02:53 [NoName         ]    progressmanager.cpp:190    DBG| Getting Preferred Save
2022-12-19 21:02:53 [NoName         ]    progressmanager.cpp:198    DBG| MainSaveInfo
2022-12-19 21:02:53 [NoName         ]    progressmanager.cpp:205    DBG| tempSaveInfo
2022-12-19 21:02:53 [NoName         ]    progressmanager.cpp:212    DBG| mainSaveIndex >
2022-12-19 21:02:53 [NoName         ]    progressmanager.cpp:218    DBG| tempSaveIndex >
2022-12-19 21:02:53 [NoName         ]    progressmanager.cpp:238    DBG| mainSaveIndex >= 0
2022-12-19 21:02:53 [NoName         ] remoteprofilescreen.cpp:75     DBG| localSaveFileName  :
2022-12-19 21:02:53 [NoName         ]    progressmanager.cpp:190    DBG| Getting Preferred Save
2022-12-19 21:02:53 [NoName         ]    progressmanager.cpp:198    DBG| MainSaveInfo
2022-12-19 21:02:53 [NoName         ]    progressmanager.cpp:205    DBG| tempSaveInfo
2022-12-19 21:02:53 [NoName         ]    progressmanager.cpp:212    DBG| mainSaveIndex >
2022-12-19 21:02:53 [NoName         ]    progressmanager.cpp:218    DBG| tempSaveIndex >
2022-12-19 21:02:53 [NoName         ]    progressmanager.cpp:238    DBG| mainSaveIndex >= 0
2022-12-19 21:02:53 [NoName         ] remoteprofilescreen.cpp:75     DBG| localSaveFileName  :
2022-12-19 21:02:53 [NoName         ]    progressmanager.cpp:190    DBG| Getting Preferred Save
2022-12-19 21:02:53 [NoName         ]    progressmanager.cpp:198    DBG| MainSaveInfo
2022-12-19 21:02:53 [NoName         ]    progressmanager.cpp:205    DBG| tempSaveInfo
2022-12-19 21:02:53 [NoName         ]    progressmanager.cpp:212    DBG| mainSaveIndex >
2022-12-19 21:02:53 [NoName         ]    progressmanager.cpp:218    DBG| tempSaveIndex >
2022-12-19 21:02:53 [NoName         ]    progressmanager.cpp:238    DBG| mainSaveIndex >= 0
2022-12-19 21:02:53 [NoName         ] remoteprofilescreen.cpp:75     DBG| localSaveFileName  :
2022-12-19 21:02:53 [MainThread     ] remoteprofilescreen.cpp:778    DBG| Enter Profile Button
2022-12-19 21:02:54 [MainThread     ] remoteprofilescreen.cpp:486    DBG| Enter StartOrContinueGame
2022-12-19 21:02:54 [MainThread     ] remoteprofilescreen.cpp:506    DBG| loading CheckPoint
2022-12-19 21:02:54 [MainThread     ]    progressmanager.cpp:1243  INFO| ProgressManager.load Profile1.sav IPlatformSaveDevice
2022-12-19 21:02:54 [NoName         ]       pcsavedevice.cpp:249   INFO| Opening save file for reading: Profile1.sav
2022-12-19 21:02:54 [NoName         ]     binaryloaddata.cpp:12    INFO| Reading 529578 bytes
2022-12-19 21:02:54 [MainThread     ]    progressmanager.cpp:1305  INFO| Load succeeded
2022-12-19 21:02:54 [MainThread     ]                app.cpp:1488   DBG| App.Reset Start
2022-12-19 21:02:54 [MainThread     ]             luaext.cpp:453   INFO| Lua interface destroyed
2022-12-19 21:02:54 [MainThread     ]       audiomanager.cpp:158    DBG| AudioManager.reset
2022-12-19 21:02:54 [MainThread     ]       audiomanager.cpp:3420   DBG| AudioManager.reset, excludeId = -1, fullWipe = true
2022-12-19 21:02:54 [MainThread     ]     profilemanager.cpp:40    INFO| Loading default profile C:\Users\Admin\Documents\Saved Games\Hades Profile1
2022-12-19 21:02:54 [MainThread     ]     profilemanager.cpp:187   INFO| ProfileManager::Load(): Profile1.sjson 
2022-12-19 21:02:54 [MainThread     ]       pcsavedevice.cpp:249   INFO| Opening save file for reading: Profile1.sjson
2022-12-19 21:02:54 [MainThread     ]      configoptions.cpp:1567  INFO| ConfigOption: WindowHeight = 1080
2022-12-19 21:02:54 [MainThread     ]      configoptions.cpp:1560  INFO| ConfigOption: UseMouse = true
2022-12-19 21:02:54 [MainThread     ]      configoptions.cpp:1567  INFO| ConfigOption: NewUpdateSoundRevisionViewed = 38290
2022-12-19 21:02:54 [MainThread     ]      configoptions.cpp:1567  INFO| ConfigOption: BackupSaveCount = 6
2022-12-19 21:02:54 [MainThread     ]      configoptions.cpp:1567  INFO| ConfigOption: LastRoadmapRevisionViewed = 38290
2022-12-19 21:02:54 [MainThread     ]      configoptions.cpp:1567  INFO| ConfigOption: DisplayIndex = 0
2022-12-19 21:02:54 [MainThread     ]      configoptions.cpp:1560  INFO| ConfigOption: ValidCheckpoint = false
2022-12-19 21:02:54 [MainThread     ]      configoptions.cpp:1567  INFO| ConfigOption: LastPatchNoteRevisionViewed = 38290
2022-12-19 21:02:54 [MainThread     ]      configoptions.cpp:1567  INFO| ConfigOption: ControlsResetRevisionViewed = 38290
2022-12-19 21:02:54 [MainThread     ]      configoptions.cpp:1567  INFO| ConfigOption: Y = 1080
2022-12-19 21:02:54 [MainThread     ]      configoptions.cpp:1567  INFO| ConfigOption: X = 1920
2022-12-19 21:02:54 [MainThread     ]      configoptions.cpp:1560  INFO| ConfigOption: DefaultControlsChosen = true
2022-12-19 21:02:54 [MainThread     ]      configoptions.cpp:1567  INFO| ConfigOption: WindowWidth = 1920
2022-12-19 21:02:54 [MainThread     ]      configoptions.cpp:1560  INFO| ConfigOption: UseAltCursor = true
2022-12-19 21:02:54 [MainThread     ]     profilemanager.cpp:216   INFO| Load profile successful
2022-12-19 21:02:54 [MainThread     ]  windowsfilesystem.cpp:209    ERR| Error opening file: C:\Users\Admin\Documents\Saved Games\Hades\LAPTOP-3RD0QUAL.sjson -- rb (error: No such file or directory)
2022-12-19 21:02:54 [MainThread     ]  windowsfilesystem.cpp:209    ERR| Error opening file: E:\Entertainments\Hades.v1.38290-P2P\Hades\Content\ConfigOptions\LAPTOP-3RD0QUAL.sjson -- rb (error: No such file or directory)
2022-12-19 21:02:54 [MainThread     ]      configoptions.cpp:1588  INFO| ConfigOption: NextUpdateDate = NextUpdateCountdownCustom
2022-12-19 21:02:54 [MainThread     ]      configoptions.cpp:1588  INFO| ConfigOption: LastUpdateDate = 07-03-2020
2022-12-19 21:02:54 [MainThread     ]      configoptions.cpp:1588  INFO| ConfigOption: UpdateWarningDate = 11-01-2020
2022-12-19 21:02:54 [MainThread     ]      configoptions.cpp:1588  INFO| ConfigOption: SaveCollectionBeginDate = 10-05-2020
2022-12-19 21:02:54 [MainThread     ]      configoptions.cpp:1588  INFO| ConfigOption: SaveCollectionEndDate = 10-09-2020
2022-12-19 21:02:54 [MainThread     ]     binarysavedata.cpp:17    INFO| Writing 16 bytes
2022-12-19 21:02:54 [MainThread     ]                app.cpp:1539   DBG| App.Reset Finished
2022-12-19 21:02:54 [MainThread     ]              world.cpp:1526  INFO| World::Begin()  -> DeathArea
2022-12-19 21:02:54 [MainThread     ]       audiomanager.cpp:1062   DBG| Unloading map banks
2022-12-19 21:02:54 [NoName         ]              world.cpp:1329  INFO| Loading next map: DeathArea
2022-12-19 21:02:54 [NoName         ]              world.cpp:1370  INFO| PreScriptLoad
2022-12-19 21:02:54 [NoName         ]    progressmanager.cpp:1160  INFO| ProgressManager::LoadLua 529160 -> 2651944 5.011611 : 0.017233 s
2022-12-19 21:02:54 [NoName         ]              world.cpp:1382  INFO| PreScriptLoad Done
2022-12-19 21:02:54 [NoName         ]   gameassetmanager.cpp:436   INFO| Start reading manifest DeathArea
2022-12-19 21:02:54 [NoName         ]   gameassetmanager.cpp:489   INFO| Done reading manifest DeathArea
2022-12-19 21:02:54 [NoName         ]              world.cpp:1398   DBG| load packages took 0.003764
2022-12-19 21:02:54 [GameAssetManagerLoadThread]   gameassetmanager.cpp:515   INFO| Loading package: DeathArea.pkg
2022-12-19 21:02:54 [NoName         ]              world.cpp:1420   DBG| loadScriptsTask Done 
2022-12-19 21:02:54 [NoName         ]     binaryloaddata.cpp:12    INFO| Reading 650798 bytes
2022-12-19 21:02:54 [NoName         ]       audiomanager.cpp:1022   DBG| Loading map banks for: DeathArea
2022-12-19 21:02:54 [NoName         ]       audiomanager.cpp:775    DBG| Loading bank: DeathArea.bank
2022-12-19 21:02:54 [NoName         ]              world.cpp:1360   DBG| Map Load took 0.125761
2022-12-19 21:02:54 [GameAssetManagerLoadThread]   gameassetmanager.cpp:545   INFO| Package Loaded: DeathArea
2022-12-19 21:02:54 [NoName         ]              world.cpp:1424   DBG| Finished Asset Loading 
2022-12-19 21:02:54 [NoName         ]              world.cpp:1431   DBG| Calling PostLoad
2022-12-19 21:02:54 [NoName         ]   gameassetmanager.cpp:436   INFO| Start reading manifest AresUpgrade
2022-12-19 21:02:54 [NoName         ]   gameassetmanager.cpp:489   INFO| Done reading manifest AresUpgrade
2022-12-19 21:02:54 [GameAssetManagerLoadThread]   gameassetmanager.cpp:515   INFO| Loading package: AresUpgrade.pkg
2022-12-19 21:02:55 [GameAssetManagerLoadThread]   gameassetmanager.cpp:545   INFO| Package Loaded: AresUpgrade
2022-12-19 21:02:55 [NoName         ]   gameassetmanager.cpp:436   INFO| Start reading manifest PoseidonUpgrade
2022-12-19 21:02:55 [NoName         ]   gameassetmanager.cpp:489   INFO| Done reading manifest PoseidonUpgrade
2022-12-19 21:02:55 [GameAssetManagerLoadThread]   gameassetmanager.cpp:515   INFO| Loading package: PoseidonUpgrade.pkg
2022-12-19 21:02:55 [GameAssetManagerLoadThread]   gameassetmanager.cpp:545   INFO| Package Loaded: PoseidonUpgrade
2022-12-19 21:02:55 [NoName         ]   gameassetmanager.cpp:436   INFO| Start reading manifest AthenaUpgrade
2022-12-19 21:02:55 [NoName         ]   gameassetmanager.cpp:489   INFO| Done reading manifest AthenaUpgrade
2022-12-19 21:02:55 [GameAssetManagerLoadThread]   gameassetmanager.cpp:515   INFO| Loading package: AthenaUpgrade.pkg
2022-12-19 21:02:55 [GameAssetManagerLoadThread]   gameassetmanager.cpp:545   INFO| Package Loaded: AthenaUpgrade
2022-12-19 21:02:55 [NoName         ]  windowsfilesystem.cpp:209    ERR| Error opening file: E:\Entertainments\Hades.v1.38290-P2P\Hades\Content\Win\Packages\TrialUpgrade.pkg_manifest -- rb (error: No such file or directory)
2022-12-19 21:02:55 [NoName         ]  windowsfilesystem.cpp:209    ERR| Error opening file: E:\Entertainments\Hades.v1.38290-P2P\Hades\Content\Win\Packages\TrialUpgrade.pkg_manifest -- rb (error: No such file or directory)
2022-12-19 21:02:55 [GameAssetManagerLoadThread]   gameassetmanager.cpp:515   INFO| Loading package: TrialUpgrade.pkg
2022-12-19 21:02:55 [GameAssetManagerLoadThread]  windowsfilesystem.cpp:209    ERR| Error opening file: E:\Entertainments\Hades.v1.38290-P2P\Hades\Content\Win\Packages\TrialUpgrade.pkg_manifest -- rb (error: No such file or directory)
2022-12-19 21:02:55 [GameAssetManagerLoadThread]  windowsfilesystem.cpp:209    ERR| Error opening file: E:\Entertainments\Hades.v1.38290-P2P\Hades\Content\Win\Packages\TrialUpgrade.pkg -- rb (error: No such file or directory)
2022-12-19 21:02:55 [GameAssetManagerLoadThread]   gameassetmanager.cpp:401    ERR| Package load failed TrialUpgrade.pkg
2022-12-19 21:02:55 [GameAssetManagerLoadThread]   gameassetmanager.cpp:545   INFO| Package Loaded: TrialUpgrade
2022-12-19 21:02:55 [NoName         ]   gameassetmanager.cpp:436   INFO| Start reading manifest DionysusUpgrade
2022-12-19 21:02:55 [NoName         ]   gameassetmanager.cpp:489   INFO| Done reading manifest DionysusUpgrade
2022-12-19 21:02:55 [GameAssetManagerLoadThread]   gameassetmanager.cpp:515   INFO| Loading package: DionysusUpgrade.pkg
2022-12-19 21:02:55 [GameAssetManagerLoadThread]   gameassetmanager.cpp:545   INFO| Package Loaded: DionysusUpgrade
2022-12-19 21:02:55 [NoName         ]              world.cpp:1433   DBG| Finished PostLaod
2022-12-19 21:02:55 [NoName         ]              world.cpp:1435   DBG| Finished Asset Loading 
2022-12-19 21:02:55 [NoName         ]              world.cpp:1440   DBG| end of postLoadTask
2022-12-19 21:02:55 [MainThread     ]   gameassetmanager.cpp:436   INFO| Start reading manifest BowSplitShot
2022-12-19 21:02:55 [MainThread     ]   gameassetmanager.cpp:489   INFO| Done reading manifest BowSplitShot
2022-12-19 21:02:55 [GameAssetManagerLoadThread]   gameassetmanager.cpp:515   INFO| Loading package: BowSplitShot.pkg
2022-12-19 21:02:55 [RenderThread   ]     rendercommands.cpp:625   INFO| Resetting RenderMesh Caches. ResetRequest: 1, BufferMaxLoad: 0.00
2022-12-19 21:02:55 [GameAssetManagerLoadThread]   gameassetmanager.cpp:545   INFO| Package Loaded: BowSplitShot
2022-12-19 21:02:55 [MainThread     ]   gameassetmanager.cpp:436   INFO| Start reading manifest BowWeapon
2022-12-19 21:02:55 [MainThread     ]   gameassetmanager.cpp:489   INFO| Done reading manifest BowWeapon
2022-12-19 21:02:55 [GameAssetManagerLoadThread]   gameassetmanager.cpp:515   INFO| Loading package: BowWeapon.pkg
2022-12-19 21:02:55 [GameAssetManagerLoadThread]   gameassetmanager.cpp:545   INFO| Package Loaded: BowWeapon
2022-12-19 21:04:02 [MainThread     ]  windowsfilesystem.cpp:209    ERR| Error opening file: E:\Entertainments\Hades.v1.38290-P2P\Hades\Content\Game\PauseScreen.sjson -- rb (error: No such file or directory)
2022-12-19 21:04:02 [MainThread     ]              world.cpp:1593  INFO| World::Stop()
2022-12-19 21:06:41 [MainThread     ]              world.cpp:1526  INFO| World::Begin() DeathArea -> DeathAreaBedroom
2022-12-19 21:06:41 [MainThread     ]    progressmanager.cpp:936   INFO| Lua::Save() : 0.013419 s
2022-12-19 21:06:41 [MainThread     ]    progressmanager.cpp:916   INFO| GatherSaveData : 0.017123 s
2022-12-19 21:06:41 [MainThread     ]       audiomanager.cpp:1057   DBG| Skipped unloading map banks
2022-12-19 21:06:41 [NoName         ]     binarysavedata.cpp:17    INFO| Writing 536537 bytes
2022-12-19 21:06:41 [NoName         ]              world.cpp:1370  INFO| PreScriptLoad
2022-12-19 21:06:41 [NoName         ]              world.cpp:1382  INFO| PreScriptLoad Done
2022-12-19 21:06:41 [NoName         ]              world.cpp:1398   DBG| load packages took 0.000003
2022-12-19 21:06:41 [NoName         ]              world.cpp:1420   DBG| loadScriptsTask Done 
2022-12-19 21:06:41 [NoName         ]              world.cpp:1424   DBG| Finished Asset Loading 
2022-12-19 21:06:41 [NoName         ]              world.cpp:1329  INFO| Loading next map: DeathAreaBedroom
2022-12-19 21:06:41 [NoName         ]     binaryloaddata.cpp:12    INFO| Reading 93596 bytes
2022-12-19 21:06:41 [NoName         ]       audiomanager.cpp:1022   DBG| Loading map banks for: DeathAreaBedroom
2022-12-19 21:06:41 [NoName         ]       audiomanager.cpp:775    DBG| Loading bank: DeathArea.bank
2022-12-19 21:06:41 [NoName         ]       audiomanager.cpp:832    DBG| Already loaded :DeathArea.bank
2022-12-19 21:06:41 [NoName         ]              world.cpp:1360   DBG| Map Load took 0.081647
2022-12-19 21:06:41 [NoName         ]              world.cpp:1431   DBG| Calling PostLoad
2022-12-19 21:06:41 [NoName         ]              world.cpp:1433   DBG| Finished PostLaod
2022-12-19 21:06:41 [NoName         ]              world.cpp:1435   DBG| Finished Asset Loading 
2022-12-19 21:06:41 [NoName         ]              world.cpp:1440   DBG| end of postLoadTask
2022-12-19 21:06:41 [RenderThread   ]     rendercommands.cpp:625   INFO| Resetting RenderMesh Caches. ResetRequest: 1, BufferMaxLoad: 0.51
2022-12-19 21:07:11 [MainThread     ]              world.cpp:1526  INFO| World::Begin() DeathAreaBedroom -> DeathArea
2022-12-19 21:07:11 [MainThread     ]       audiomanager.cpp:1057   DBG| Skipped unloading map banks
2022-12-19 21:07:11 [NoName         ]              world.cpp:1329  INFO| Loading next map: DeathArea
2022-12-19 21:07:11 [NoName         ]              world.cpp:1370  INFO| PreScriptLoad
2022-12-19 21:07:11 [NoName         ]              world.cpp:1382  INFO| PreScriptLoad Done
2022-12-19 21:07:11 [NoName         ]              world.cpp:1398   DBG| load packages took 0.000004
2022-12-19 21:07:11 [NoName         ]              world.cpp:1420   DBG| loadScriptsTask Done 
2022-12-19 21:07:11 [NoName         ]              world.cpp:1424   DBG| Finished Asset Loading 
2022-12-19 21:07:11 [NoName         ]     binaryloaddata.cpp:12    INFO| Reading 650798 bytes
2022-12-19 21:07:11 [NoName         ]       audiomanager.cpp:1022   DBG| Loading map banks for: DeathArea
2022-12-19 21:07:11 [NoName         ]       audiomanager.cpp:775    DBG| Loading bank: DeathArea.bank
2022-12-19 21:07:11 [NoName         ]       audiomanager.cpp:832    DBG| Already loaded :DeathArea.bank
2022-12-19 21:07:11 [NoName         ]              world.cpp:1360   DBG| Map Load took 0.086513
2022-12-19 21:07:11 [NoName         ]              world.cpp:1431   DBG| Calling PostLoad
2022-12-19 21:07:12 [NoName         ]              world.cpp:1433   DBG| Finished PostLaod
2022-12-19 21:07:12 [NoName         ]              world.cpp:1435   DBG| Finished Asset Loading 
2022-12-19 21:07:12 [NoName         ]              world.cpp:1440   DBG| end of postLoadTask
2022-12-19 21:07:12 [RenderThread   ]     rendercommands.cpp:625   INFO| Resetting RenderMesh Caches. ResetRequest: 1, BufferMaxLoad: 0.10
2022-12-19 21:07:47 [MainThread     ]              world.cpp:1526  INFO| World::Begin() DeathArea -> DeathAreaOffice
2022-12-19 21:07:47 [MainThread     ]       audiomanager.cpp:1057   DBG| Skipped unloading map banks
2022-12-19 21:07:47 [NoName         ]              world.cpp:1329  INFO| Loading next map: DeathAreaOffice
2022-12-19 21:07:47 [NoName         ]              world.cpp:1370  INFO| PreScriptLoad
2022-12-19 21:07:47 [NoName         ]              world.cpp:1382  INFO| PreScriptLoad Done
2022-12-19 21:07:47 [NoName         ]              world.cpp:1398   DBG| load packages took 0.000003
2022-12-19 21:07:47 [NoName         ]              world.cpp:1420   DBG| loadScriptsTask Done 
2022-12-19 21:07:47 [NoName         ]              world.cpp:1424   DBG| Finished Asset Loading 
2022-12-19 21:07:47 [NoName         ]     binaryloaddata.cpp:12    INFO| Reading 174318 bytes
2022-12-19 21:07:47 [NoName         ]       audiomanager.cpp:1022   DBG| Loading map banks for: DeathAreaOffice
2022-12-19 21:07:47 [NoName         ]       audiomanager.cpp:775    DBG| Loading bank: DeathArea.bank
2022-12-19 21:07:47 [NoName         ]       audiomanager.cpp:832    DBG| Already loaded :DeathArea.bank
2022-12-19 21:07:47 [NoName         ]              world.cpp:1360   DBG| Map Load took 0.096348
2022-12-19 21:07:47 [NoName         ]              world.cpp:1431   DBG| Calling PostLoad
2022-12-19 21:07:47 [NoName         ]              world.cpp:1433   DBG| Finished PostLaod
2022-12-19 21:07:47 [NoName         ]              world.cpp:1435   DBG| Finished Asset Loading 
2022-12-19 21:07:47 [NoName         ]              world.cpp:1440   DBG| end of postLoadTask
2022-12-19 21:07:47 [RenderThread   ]     rendercommands.cpp:625   INFO| Resetting RenderMesh Caches. ResetRequest: 1, BufferMaxLoad: 0.11
2022-12-19 21:10:38 [MainThread     ]              world.cpp:1526  INFO| World::Begin() DeathAreaOffice -> DeathAreaBedroom
2022-12-19 21:10:38 [MainThread     ]       audiomanager.cpp:1057   DBG| Skipped unloading map banks
2022-12-19 21:10:38 [NoName         ]              world.cpp:1329  INFO| Loading next map: DeathAreaBedroom
2022-12-19 21:10:38 [NoName         ]              world.cpp:1370  INFO| PreScriptLoad
2022-12-19 21:10:38 [NoName         ]              world.cpp:1382  INFO| PreScriptLoad Done
2022-12-19 21:10:38 [NoName         ]              world.cpp:1398   DBG| load packages took 0.000003
2022-12-19 21:10:38 [NoName         ]              world.cpp:1420   DBG| loadScriptsTask Done 
2022-12-19 21:10:38 [NoName         ]              world.cpp:1424   DBG| Finished Asset Loading 
2022-12-19 21:10:38 [NoName         ]     binaryloaddata.cpp:12    INFO| Reading 93596 bytes
2022-12-19 21:10:38 [NoName         ]       audiomanager.cpp:1022   DBG| Loading map banks for: DeathAreaBedroom
2022-12-19 21:10:38 [NoName         ]       audiomanager.cpp:775    DBG| Loading bank: DeathArea.bank
2022-12-19 21:10:38 [NoName         ]       audiomanager.cpp:832    DBG| Already loaded :DeathArea.bank
2022-12-19 21:10:38 [NoName         ]              world.cpp:1360   DBG| Map Load took 0.069481
2022-12-19 21:10:38 [NoName         ]              world.cpp:1431   DBG| Calling PostLoad
2022-12-19 21:10:38 [NoName         ]              world.cpp:1433   DBG| Finished PostLaod
2022-12-19 21:10:38 [NoName         ]              world.cpp:1435   DBG| Finished Asset Loading 
2022-12-19 21:10:38 [NoName         ]              world.cpp:1440   DBG| end of postLoadTask
2022-12-19 21:10:38 [RenderThread   ]     rendercommands.cpp:625   INFO| Resetting RenderMesh Caches. ResetRequest: 1, BufferMaxLoad: 0.05
2022-12-19 21:10:59 [MainThread     ]              world.cpp:1526  INFO| World::Begin() DeathAreaBedroom -> RoomPreRun
2022-12-19 21:10:59 [MainThread     ]    progressmanager.cpp:936   INFO| Lua::Save() : 0.014409 s
2022-12-19 21:10:59 [MainThread     ]    progressmanager.cpp:916   INFO| GatherSaveData : 0.018190 s
2022-12-19 21:10:59 [MainThread     ]       audiomanager.cpp:1057   DBG| Skipped unloading map banks
2022-12-19 21:10:59 [NoName         ]     binarysavedata.cpp:17    INFO| Writing 539089 bytes
2022-12-19 21:10:59 [NoName         ]              world.cpp:1329  INFO| Loading next map: RoomPreRun
2022-12-19 21:10:59 [NoName         ]              world.cpp:1370  INFO| PreScriptLoad
2022-12-19 21:10:59 [NoName         ]              world.cpp:1382  INFO| PreScriptLoad Done
2022-12-19 21:10:59 [NoName         ]              world.cpp:1398   DBG| load packages took 0.000003
2022-12-19 21:10:59 [NoName         ]              world.cpp:1420   DBG| loadScriptsTask Done 
2022-12-19 21:10:59 [NoName         ]              world.cpp:1424   DBG| Finished Asset Loading 
2022-12-19 21:10:59 [NoName         ]     binaryloaddata.cpp:12    INFO| Reading 164312 bytes
2022-12-19 21:10:59 [NoName         ]       audiomanager.cpp:1022   DBG| Loading map banks for: RoomPreRun
2022-12-19 21:10:59 [NoName         ]       audiomanager.cpp:775    DBG| Loading bank: DeathArea.bank
2022-12-19 21:10:59 [NoName         ]       audiomanager.cpp:832    DBG| Already loaded :DeathArea.bank
2022-12-19 21:10:59 [NoName         ]              world.cpp:1360   DBG| Map Load took 0.097720
2022-12-19 21:10:59 [NoName         ]              world.cpp:1431   DBG| Calling PostLoad
2022-12-19 21:10:59 [NoName         ]              world.cpp:1433   DBG| Finished PostLaod
2022-12-19 21:10:59 [NoName         ]              world.cpp:1435   DBG| Finished Asset Loading 
2022-12-19 21:10:59 [NoName         ]              world.cpp:1440   DBG| end of postLoadTask
2022-12-19 21:10:59 [MainThread     ]   gameassetmanager.cpp:436   INFO| Start reading manifest SwordWeapon
2022-12-19 21:10:59 [MainThread     ]   gameassetmanager.cpp:489   INFO| Done reading manifest SwordWeapon
2022-12-19 21:10:59 [MainThread     ]   gameassetmanager.cpp:436   INFO| Start reading manifest SpearWeapon
2022-12-19 21:10:59 [MainThread     ]   gameassetmanager.cpp:489   INFO| Done reading manifest SpearWeapon
2022-12-19 21:10:59 [MainThread     ]   gameassetmanager.cpp:436   INFO| Start reading manifest ShieldWeapon
2022-12-19 21:10:59 [MainThread     ]   gameassetmanager.cpp:489   INFO| Done reading manifest ShieldWeapon
2022-12-19 21:10:59 [MainThread     ]  windowsfilesystem.cpp:209    ERR| Error opening file: E:\Entertainments\Hades.v1.38290-P2P\Hades\Content\Win\Packages\FistWeapon.pkg_manifest -- rb (error: No such file or directory)
2022-12-19 21:10:59 [MainThread     ]  windowsfilesystem.cpp:209    ERR| Error opening file: E:\Entertainments\Hades.v1.38290-P2P\Hades\Content\Win\Packages\GunWeapon.pkg_manifest -- rb (error: No such file or directory)
2022-12-19 21:10:59 [MainThread     ]  windowsfilesystem.cpp:209    ERR| Error opening file: E:\Entertainments\Hades.v1.38290-P2P\Hades\Content\Win\Packages\FistWeapon.pkg_manifest -- rb (error: No such file or directory)
2022-12-19 21:10:59 [MainThread     ]  windowsfilesystem.cpp:209    ERR| Error opening file: E:\Entertainments\Hades.v1.38290-P2P\Hades\Content\Win\Packages\GunWeapon.pkg_manifest -- rb (error: No such file or directory)
2022-12-19 21:10:59 [GameAssetManagerLoadThread]   gameassetmanager.cpp:515   INFO| Loading package: SwordWeapon.pkg
2022-12-19 21:10:59 [RenderThread   ]     rendercommands.cpp:625   INFO| Resetting RenderMesh Caches. ResetRequest: 1, BufferMaxLoad: 0.10
2022-12-19 21:10:59 [GameAssetManagerLoadThread]   gameassetmanager.cpp:545   INFO| Package Loaded: SwordWeapon
2022-12-19 21:10:59 [GameAssetManagerLoadThread]   gameassetmanager.cpp:515   INFO| Loading package: SpearWeapon.pkg
2022-12-19 21:10:59 [GameAssetManagerLoadThread]   gameassetmanager.cpp:545   INFO| Package Loaded: SpearWeapon
2022-12-19 21:10:59 [GameAssetManagerLoadThread]   gameassetmanager.cpp:515   INFO| Loading package: ShieldWeapon.pkg
2022-12-19 21:10:59 [GameAssetManagerLoadThread]   gameassetmanager.cpp:545   INFO| Package Loaded: ShieldWeapon
2022-12-19 21:10:59 [GameAssetManagerLoadThread]   gameassetmanager.cpp:515   INFO| Loading package: FistWeapon.pkg
2022-12-19 21:10:59 [GameAssetManagerLoadThread]  windowsfilesystem.cpp:209    ERR| Error opening file: E:\Entertainments\Hades.v1.38290-P2P\Hades\Content\Win\Packages\FistWeapon.pkg_manifest -- rb (error: No such file or directory)
2022-12-19 21:10:59 [GameAssetManagerLoadThread]  windowsfilesystem.cpp:209    ERR| Error opening file: E:\Entertainments\Hades.v1.38290-P2P\Hades\Content\Win\Packages\FistWeapon.pkg -- rb (error: No such file or directory)
2022-12-19 21:10:59 [GameAssetManagerLoadThread]   gameassetmanager.cpp:401    ERR| Package load failed FistWeapon.pkg
2022-12-19 21:10:59 [GameAssetManagerLoadThread]   gameassetmanager.cpp:545   INFO| Package Loaded: FistWeapon
2022-12-19 21:10:59 [GameAssetManagerLoadThread]   gameassetmanager.cpp:515   INFO| Loading package: GunWeapon.pkg
2022-12-19 21:10:59 [GameAssetManagerLoadThread]  windowsfilesystem.cpp:209    ERR| Error opening file: E:\Entertainments\Hades.v1.38290-P2P\Hades\Content\Win\Packages\GunWeapon.pkg_manifest -- rb (error: No such file or directory)
2022-12-19 21:10:59 [GameAssetManagerLoadThread]  windowsfilesystem.cpp:209    ERR| Error opening file: E:\Entertainments\Hades.v1.38290-P2P\Hades\Content\Win\Packages\GunWeapon.pkg -- rb (error: No such file or directory)
2022-12-19 21:10:59 [GameAssetManagerLoadThread]   gameassetmanager.cpp:401    ERR| Package load failed GunWeapon.pkg
2022-12-19 21:10:59 [GameAssetManagerLoadThread]   gameassetmanager.cpp:545   INFO| Package Loaded: GunWeapon
2022-12-19 21:12:47 [RenderThread   ]     rendercommands.cpp:625   INFO| Resetting RenderMesh Caches. ResetRequest: 0, BufferMaxLoad: 0.75
2022-12-19 21:13:38 [MainThread     ]              world.cpp:1526  INFO| World::Begin() RoomPreRun -> RoomOpening
2022-12-19 21:13:38 [MainThread     ]       audiomanager.cpp:1062   DBG| Unloading map banks
2022-12-19 21:13:38 [NoName         ]              world.cpp:1329  INFO| Loading next map: RoomOpening
2022-12-19 21:13:38 [NoName         ]              world.cpp:1370  INFO| PreScriptLoad
2022-12-19 21:13:38 [NoName         ]              world.cpp:1382  INFO| PreScriptLoad Done
2022-12-19 21:13:38 [NoName         ]   gameassetmanager.cpp:436   INFO| Start reading manifest Tartarus
2022-12-19 21:13:38 [NoName         ]   gameassetmanager.cpp:489   INFO| Done reading manifest Tartarus
2022-12-19 21:13:38 [NoName         ]              world.cpp:1398   DBG| load packages took 0.005791
2022-12-19 21:13:38 [GameAssetManagerLoadThread]   gameassetmanager.cpp:515   INFO| Loading package: Tartarus.pkg
2022-12-19 21:13:38 [NoName         ]              world.cpp:1420   DBG| loadScriptsTask Done 
2022-12-19 21:13:38 [NoName         ]     binaryloaddata.cpp:12    INFO| Reading 169425 bytes
2022-12-19 21:13:38 [NoName         ]       audiomanager.cpp:1022   DBG| Loading map banks for: RoomOpening
2022-12-19 21:13:38 [NoName         ]       audiomanager.cpp:775    DBG| Loading bank: Tartarus.bank
2022-12-19 21:13:38 [NoName         ]              world.cpp:1360   DBG| Map Load took 0.052084
2022-12-19 21:13:38 [GameAssetManagerLoadThread]   gameassetmanager.cpp:545   INFO| Package Loaded: Tartarus
2022-12-19 21:13:38 [NoName         ]              world.cpp:1424   DBG| Finished Asset Loading 
2022-12-19 21:13:38 [NoName         ]              world.cpp:1431   DBG| Calling PostLoad
2022-12-19 21:13:38 [NoName         ]              world.cpp:1433   DBG| Finished PostLaod
2022-12-19 21:13:38 [NoName         ]              world.cpp:1435   DBG| Finished Asset Loading 
2022-12-19 21:13:38 [NoName         ]              world.cpp:1440   DBG| end of postLoadTask
2022-12-19 21:13:38 [MainThread     ]   gameassetmanager.cpp:436   INFO| Start reading manifest SwordParry
2022-12-19 21:13:38 [MainThread     ]   gameassetmanager.cpp:489   INFO| Done reading manifest SwordParry
2022-12-19 21:13:38 [GameAssetManagerLoadThread]   gameassetmanager.cpp:515   INFO| Loading package: SwordParry.pkg
2022-12-19 21:13:38 [RenderThread   ]     rendercommands.cpp:625   INFO| Resetting RenderMesh Caches. ResetRequest: 1, BufferMaxLoad: 0.33
2022-12-19 21:13:38 [GameAssetManagerLoadThread]   gameassetmanager.cpp:545   INFO| Package Loaded: SwordParry
2022-12-19 21:13:38 [MainThread     ]   gameassetmanager.cpp:436   INFO| Start reading manifest SwordWeapon
2022-12-19 21:13:38 [MainThread     ]   gameassetmanager.cpp:489   INFO| Done reading manifest SwordWeapon
2022-12-19 21:13:38 [GameAssetManagerLoadThread]   gameassetmanager.cpp:515   INFO| Loading package: SwordWeapon.pkg
2022-12-19 21:13:38 [GameAssetManagerLoadThread]   gameassetmanager.cpp:545   INFO| Package Loaded: SwordWeapon
2022-12-19 21:13:59 [MainThread     ]   gameassetmanager.cpp:436   INFO| Start reading manifest PoseidonUpgrade
2022-12-19 21:13:59 [MainThread     ]   gameassetmanager.cpp:489   INFO| Done reading manifest PoseidonUpgrade
2022-12-19 21:13:59 [GameAssetManagerLoadThread]   gameassetmanager.cpp:515   INFO| Loading package: PoseidonUpgrade.pkg
2022-12-19 21:13:59 [NoName         ]     binarysavedata.cpp:17    INFO| Writing 9 bytes
2022-12-19 21:14:00 [GameAssetManagerLoadThread]   gameassetmanager.cpp:545   INFO| Package Loaded: PoseidonUpgrade
2022-12-19 21:14:10 [MainThread     ]    progressmanager.cpp:936   INFO| Lua::Save() : 0.011254 s
2022-12-19 21:14:10 [MainThread     ]    progressmanager.cpp:916   INFO| GatherSaveData : 0.014155 s
2022-12-19 21:14:10 [NoName         ]     binarysavedata.cpp:17    INFO| Writing 423932 bytes
2022-12-19 21:14:10 [NoName         ]     binarysavedata.cpp:17    INFO| Writing 9 bytes
2022-12-19 21:14:14 [NoName         ]     binarysavedata.cpp:17    INFO| Writing 9 bytes
2022-12-19 21:14:14 [MainThread     ]              world.cpp:1526  INFO| World::Begin() RoomOpening -> A_Combat13
2022-12-19 21:14:14 [MainThread     ]    progressmanager.cpp:936   INFO| Lua::Save() : 0.010931 s
2022-12-19 21:14:14 [MainThread     ]    progressmanager.cpp:916   INFO| GatherSaveData : 0.013852 s
2022-12-19 21:14:14 [MainThread     ]       audiomanager.cpp:1057   DBG| Skipped unloading map banks
2022-12-19 21:14:14 [NoName         ]     binarysavedata.cpp:17    INFO| Writing 428746 bytes
2022-12-19 21:14:14 [NoName         ]              world.cpp:1329  INFO| Loading next map: A_Combat13
2022-12-19 21:14:14 [NoName         ]              world.cpp:1370  INFO| PreScriptLoad
2022-12-19 21:14:14 [NoName         ]              world.cpp:1382  INFO| PreScriptLoad Done
2022-12-19 21:14:14 [NoName         ]              world.cpp:1398   DBG| load packages took 0.000004
2022-12-19 21:14:14 [NoName         ]              world.cpp:1420   DBG| loadScriptsTask Done 
2022-12-19 21:14:14 [NoName         ]              world.cpp:1424   DBG| Finished Asset Loading 
2022-12-19 21:14:14 [NoName         ]     binaryloaddata.cpp:12    INFO| Reading 322031 bytes
2022-12-19 21:14:14 [NoName         ]       audiomanager.cpp:1022   DBG| Loading map banks for: A_Combat13
2022-12-19 21:14:14 [NoName         ]       audiomanager.cpp:775    DBG| Loading bank: Tartarus.bank
2022-12-19 21:14:14 [NoName         ]       audiomanager.cpp:832    DBG| Already loaded :Tartarus.bank
2022-12-19 21:14:14 [NoName         ]              world.cpp:1360   DBG| Map Load took 0.082380
2022-12-19 21:14:14 [NoName         ]              world.cpp:1431   DBG| Calling PostLoad
2022-12-19 21:14:14 [NoName         ]              world.cpp:1433   DBG| Finished PostLaod
2022-12-19 21:14:14 [NoName         ]              world.cpp:1435   DBG| Finished Asset Loading 
2022-12-19 21:14:14 [NoName         ]              world.cpp:1440   DBG| end of postLoadTask
2022-12-19 21:14:14 [RenderThread   ]     rendercommands.cpp:625   INFO| Resetting RenderMesh Caches. ResetRequest: 1, BufferMaxLoad: 0.32
2022-12-19 21:14:33 [MainThread     ]    progressmanager.cpp:936   INFO| Lua::Save() : 0.010463 s
2022-12-19 21:14:33 [MainThread     ]    progressmanager.cpp:916   INFO| GatherSaveData : 0.013401 s
2022-12-19 21:14:33 [NoName         ]     binarysavedata.cpp:17    INFO| Writing 430471 bytes
2022-12-19 21:14:33 [NoName         ]     binarysavedata.cpp:17    INFO| Writing 9 bytes
2022-12-19 21:14:38 [NoName         ]     binarysavedata.cpp:17    INFO| Writing 9 bytes
2022-12-19 21:14:38 [MainThread     ]              world.cpp:1526  INFO| World::Begin() A_Combat13 -> RoomSimple01
2022-12-19 21:14:38 [MainThread     ]    progressmanager.cpp:936   INFO| Lua::Save() : 0.010687 s
2022-12-19 21:14:38 [MainThread     ]    progressmanager.cpp:916   INFO| GatherSaveData : 0.013631 s
2022-12-19 21:14:38 [MainThread     ]       audiomanager.cpp:1057   DBG| Skipped unloading map banks
2022-12-19 21:14:38 [NoName         ]     binarysavedata.cpp:17    INFO| Writing 427472 bytes
2022-12-19 21:14:38 [NoName         ]              world.cpp:1370  INFO| PreScriptLoad
2022-12-19 21:14:38 [NoName         ]              world.cpp:1382  INFO| PreScriptLoad Done
2022-12-19 21:14:38 [NoName         ]              world.cpp:1398   DBG| load packages took 0.000002
2022-12-19 21:14:38 [NoName         ]              world.cpp:1420   DBG| loadScriptsTask Done 
2022-12-19 21:14:38 [NoName         ]              world.cpp:1424   DBG| Finished Asset Loading 
2022-12-19 21:14:38 [NoName         ]              world.cpp:1329  INFO| Loading next map: RoomSimple01
2022-12-19 21:14:38 [NoName         ]     binaryloaddata.cpp:12    INFO| Reading 198162 bytes
2022-12-19 21:14:38 [NoName         ]       audiomanager.cpp:1022   DBG| Loading map banks for: RoomSimple01
2022-12-19 21:14:38 [NoName         ]       audiomanager.cpp:775    DBG| Loading bank: Tartarus.bank
2022-12-19 21:14:38 [NoName         ]       audiomanager.cpp:832    DBG| Already loaded :Tartarus.bank
2022-12-19 21:14:38 [NoName         ]              world.cpp:1360   DBG| Map Load took 0.090132
2022-12-19 21:14:38 [NoName         ]              world.cpp:1431   DBG| Calling PostLoad
2022-12-19 21:14:38 [NoName         ]              world.cpp:1433   DBG| Finished PostLaod
2022-12-19 21:14:38 [NoName         ]              world.cpp:1435   DBG| Finished Asset Loading 
2022-12-19 21:14:38 [NoName         ]              world.cpp:1440   DBG| end of postLoadTask
2022-12-19 21:14:38 [RenderThread   ]     rendercommands.cpp:625   INFO| Resetting RenderMesh Caches. ResetRequest: 1, BufferMaxLoad: 0.33
2022-12-19 21:14:56 [MainThread     ]    progressmanager.cpp:936   INFO| Lua::Save() : 0.010265 s
2022-12-19 21:14:56 [MainThread     ]    progressmanager.cpp:916   INFO| GatherSaveData : 0.013215 s
2022-12-19 21:14:56 [NoName         ]     binarysavedata.cpp:17    INFO| Writing 428356 bytes
2022-12-19 21:14:56 [NoName         ]     binarysavedata.cpp:17    INFO| Writing 9 bytes
2022-12-19 21:14:59 [NoName         ]     binarysavedata.cpp:17    INFO| Writing 9 bytes
2022-12-19 21:14:59 [MainThread     ]              world.cpp:1526  INFO| World::Begin() RoomSimple01 -> A_Combat21
2022-12-19 21:14:59 [MainThread     ]    progressmanager.cpp:936   INFO| Lua::Save() : 0.010787 s
2022-12-19 21:14:59 [MainThread     ]    progressmanager.cpp:916   INFO| GatherSaveData : 0.013712 s
2022-12-19 21:14:59 [MainThread     ]       audiomanager.cpp:1057   DBG| Skipped unloading map banks
2022-12-19 21:14:59 [NoName         ]     binarysavedata.cpp:17    INFO| Writing 428269 bytes
2022-12-19 21:14:59 [NoName         ]              world.cpp:1329  INFO| Loading next map: A_Combat21
2022-12-19 21:14:59 [NoName         ]              world.cpp:1370  INFO| PreScriptLoad
2022-12-19 21:14:59 [NoName         ]              world.cpp:1382  INFO| PreScriptLoad Done
2022-12-19 21:14:59 [NoName         ]              world.cpp:1398   DBG| load packages took 0.000003
2022-12-19 21:14:59 [NoName         ]              world.cpp:1420   DBG| loadScriptsTask Done 
2022-12-19 21:14:59 [NoName         ]              world.cpp:1424   DBG| Finished Asset Loading 
2022-12-19 21:14:59 [NoName         ]     binaryloaddata.cpp:12    INFO| Reading 198165 bytes
2022-12-19 21:14:59 [NoName         ]       audiomanager.cpp:1022   DBG| Loading map banks for: A_Combat21
2022-12-19 21:14:59 [NoName         ]       audiomanager.cpp:775    DBG| Loading bank: Tartarus.bank
2022-12-19 21:14:59 [NoName         ]       audiomanager.cpp:832    DBG| Already loaded :Tartarus.bank
2022-12-19 21:14:59 [NoName         ]              world.cpp:1360   DBG| Map Load took 0.094396
2022-12-19 21:14:59 [NoName         ]              world.cpp:1431   DBG| Calling PostLoad
2022-12-19 21:14:59 [NoName         ]              world.cpp:1433   DBG| Finished PostLaod
2022-12-19 21:14:59 [NoName         ]              world.cpp:1435   DBG| Finished Asset Loading 
2022-12-19 21:14:59 [NoName         ]              world.cpp:1440   DBG| end of postLoadTask
2022-12-19 21:14:59 [RenderThread   ]     rendercommands.cpp:625   INFO| Resetting RenderMesh Caches. ResetRequest: 1, BufferMaxLoad: 0.26
2022-12-19 21:15:17 [NoName         ]     binarysavedata.cpp:17    INFO| Writing 9 bytes
2022-12-19 21:15:24 [MainThread     ]    progressmanager.cpp:936   INFO| Lua::Save() : 0.010557 s
2022-12-19 21:15:24 [MainThread     ]    progressmanager.cpp:916   INFO| GatherSaveData : 0.013422 s
2022-12-19 21:15:24 [NoName         ]     binarysavedata.cpp:17    INFO| Writing 429713 bytes
2022-12-19 21:15:24 [NoName         ]     binarysavedata.cpp:17    INFO| Writing 9 bytes
2022-12-19 21:15:28 [NoName         ]     binarysavedata.cpp:17    INFO| Writing 9 bytes
2022-12-19 21:15:28 [MainThread     ]              world.cpp:1526  INFO| World::Begin() A_Combat21 -> A_Combat08A
2022-12-19 21:15:28 [MainThread     ]    progressmanager.cpp:936   INFO| Lua::Save() : 0.011137 s
2022-12-19 21:15:28 [MainThread     ]    progressmanager.cpp:916   INFO| GatherSaveData : 0.014086 s
2022-12-19 21:15:28 [MainThread     ]       audiomanager.cpp:1057   DBG| Skipped unloading map banks
2022-12-19 21:15:28 [NoName         ]     binarysavedata.cpp:17    INFO| Writing 428730 bytes
2022-12-19 21:15:28 [NoName         ]              world.cpp:1329  INFO| Loading next map: A_Combat08A
2022-12-19 21:15:28 [NoName         ]              world.cpp:1370  INFO| PreScriptLoad
2022-12-19 21:15:28 [NoName         ]              world.cpp:1382  INFO| PreScriptLoad Done
2022-12-19 21:15:28 [NoName         ]              world.cpp:1398   DBG| load packages took 0.000004
2022-12-19 21:15:28 [NoName         ]              world.cpp:1420   DBG| loadScriptsTask Done 
2022-12-19 21:15:28 [NoName         ]              world.cpp:1424   DBG| Finished Asset Loading 
2022-12-19 21:15:28 [NoName         ]     binaryloaddata.cpp:12    INFO| Reading 141864 bytes
2022-12-19 21:15:28 [NoName         ]       audiomanager.cpp:1022   DBG| Loading map banks for: A_Combat08A
2022-12-19 21:15:28 [NoName         ]       audiomanager.cpp:775    DBG| Loading bank: Tartarus.bank
2022-12-19 21:15:28 [NoName         ]       audiomanager.cpp:832    DBG| Already loaded :Tartarus.bank
2022-12-19 21:15:28 [NoName         ]              world.cpp:1360   DBG| Map Load took 0.076790
2022-12-19 21:15:28 [NoName         ]              world.cpp:1431   DBG| Calling PostLoad
2022-12-19 21:15:28 [NoName         ]              world.cpp:1433   DBG| Finished PostLaod
2022-12-19 21:15:28 [NoName         ]              world.cpp:1435   DBG| Finished Asset Loading 
2022-12-19 21:15:28 [NoName         ]              world.cpp:1440   DBG| end of postLoadTask
2022-12-19 21:15:28 [RenderThread   ]     rendercommands.cpp:625   INFO| Resetting RenderMesh Caches. ResetRequest: 1, BufferMaxLoad: 0.29
2022-12-19 21:15:47 [MainThread     ]   gameassetmanager.cpp:436   INFO| Start reading manifest AthenaUpgrade
2022-12-19 21:15:47 [MainThread     ]   gameassetmanager.cpp:489   INFO| Done reading manifest AthenaUpgrade
2022-12-19 21:15:47 [GameAssetManagerLoadThread]   gameassetmanager.cpp:515   INFO| Loading package: AthenaUpgrade.pkg
2022-12-19 21:15:47 [NoName         ]     binarysavedata.cpp:17    INFO| Writing 9 bytes
2022-12-19 21:15:47 [GameAssetManagerLoadThread]   gameassetmanager.cpp:545   INFO| Package Loaded: AthenaUpgrade
2022-12-19 21:15:54 [MainThread     ]    progressmanager.cpp:936   INFO| Lua::Save() : 0.010611 s
2022-12-19 21:15:54 [MainThread     ]    progressmanager.cpp:916   INFO| GatherSaveData : 0.013553 s
2022-12-19 21:15:54 [NoName         ]     binarysavedata.cpp:17    INFO| Writing 432960 bytes
2022-12-19 21:15:54 [NoName         ]     binarysavedata.cpp:17    INFO| Writing 9 bytes
2022-12-19 21:15:57 [NoName         ]     binarysavedata.cpp:17    INFO| Writing 9 bytes
2022-12-19 21:16:01 [NoName         ]     binarysavedata.cpp:17    INFO| Writing 9 bytes
2022-12-19 21:16:01 [MainThread     ]              world.cpp:1526  INFO| World::Begin() A_Combat08A -> RoomSecret01
2022-12-19 21:16:01 [MainThread     ]    progressmanager.cpp:936   INFO| Lua::Save() : 0.010153 s
2022-12-19 21:16:01 [MainThread     ]    progressmanager.cpp:916   INFO| GatherSaveData : 0.013114 s
2022-12-19 21:16:01 [NoName         ]     binarysavedata.cpp:17    INFO| Writing 432120 bytes
2022-12-19 21:16:01 [MainThread     ]       audiomanager.cpp:1062   DBG| Unloading map banks
2022-12-19 21:16:01 [NoName         ]              world.cpp:1329  INFO| Loading next map: RoomSecret01
2022-12-19 21:16:01 [NoName         ]              world.cpp:1370  INFO| PreScriptLoad
2022-12-19 21:16:01 [NoName         ]              world.cpp:1382  INFO| PreScriptLoad Done
2022-12-19 21:16:01 [NoName         ]   gameassetmanager.cpp:436   INFO| Start reading manifest Chaos
2022-12-19 21:16:01 [NoName         ]   gameassetmanager.cpp:489   INFO| Done reading manifest Chaos
2022-12-19 21:16:01 [NoName         ]              world.cpp:1398   DBG| load packages took 0.000082
2022-12-19 21:16:01 [GameAssetManagerLoadThread]   gameassetmanager.cpp:515   INFO| Loading package: Chaos.pkg
2022-12-19 21:16:01 [NoName         ]              world.cpp:1420   DBG| loadScriptsTask Done 
2022-12-19 21:16:01 [NoName         ]     binaryloaddata.cpp:12    INFO| Reading 67523 bytes
2022-12-19 21:16:01 [NoName         ]       audiomanager.cpp:1022   DBG| Loading map banks for: RoomSecret01
2022-12-19 21:16:01 [NoName         ]       audiomanager.cpp:775    DBG| Loading bank: ChaosRealm.bank
2022-12-19 21:16:01 [GameAssetManagerLoadThread]   gameassetmanager.cpp:545   INFO| Package Loaded: Chaos
2022-12-19 21:16:01 [NoName         ]              world.cpp:1424   DBG| Finished Asset Loading 
2022-12-19 21:16:01 [NoName         ]              world.cpp:1360   DBG| Map Load took 0.047185
2022-12-19 21:16:01 [NoName         ]              world.cpp:1431   DBG| Calling PostLoad
2022-12-19 21:16:01 [NoName         ]   gameassetmanager.cpp:436   INFO| Start reading manifest PoseidonUpgrade
2022-12-19 21:16:01 [NoName         ]   gameassetmanager.cpp:489   INFO| Done reading manifest PoseidonUpgrade
2022-12-19 21:16:01 [NoName         ]   gameassetmanager.cpp:436   INFO| Start reading manifest AthenaUpgrade
2022-12-19 21:16:01 [NoName         ]   gameassetmanager.cpp:489   INFO| Done reading manifest AthenaUpgrade
2022-12-19 21:16:01 [GameAssetManagerLoadThread]   gameassetmanager.cpp:515   INFO| Loading package: PoseidonUpgrade.pkg
2022-12-19 21:16:01 [NoName         ]              world.cpp:1433   DBG| Finished PostLaod
2022-12-19 21:16:01 [GameAssetManagerLoadThread]   gameassetmanager.cpp:545   INFO| Package Loaded: PoseidonUpgrade
2022-12-19 21:16:01 [GameAssetManagerLoadThread]   gameassetmanager.cpp:515   INFO| Loading package: AthenaUpgrade.pkg
2022-12-19 21:16:01 [GameAssetManagerLoadThread]   gameassetmanager.cpp:545   INFO| Package Loaded: AthenaUpgrade
2022-12-19 21:16:01 [NoName         ]              world.cpp:1435   DBG| Finished Asset Loading 
2022-12-19 21:16:01 [NoName         ]              world.cpp:1440   DBG| end of postLoadTask
2022-12-19 21:16:01 [MainThread     ]   gameassetmanager.cpp:436   INFO| Start reading manifest SwordParry
2022-12-19 21:16:01 [MainThread     ]   gameassetmanager.cpp:489   INFO| Done reading manifest SwordParry
2022-12-19 21:16:01 [GameAssetManagerLoadThread]   gameassetmanager.cpp:515   INFO| Loading package: SwordParry.pkg
2022-12-19 21:16:01 [GameAssetManagerLoadThread]   gameassetmanager.cpp:545   INFO| Package Loaded: SwordParry
2022-12-19 21:16:01 [MainThread     ]   gameassetmanager.cpp:436   INFO| Start reading manifest SwordWeapon
2022-12-19 21:16:01 [MainThread     ]   gameassetmanager.cpp:489   INFO| Done reading manifest SwordWeapon
2022-12-19 21:16:01 [GameAssetManagerLoadThread]   gameassetmanager.cpp:515   INFO| Loading package: SwordWeapon.pkg
2022-12-19 21:16:01 [RenderThread   ]     rendercommands.cpp:625   INFO| Resetting RenderMesh Caches. ResetRequest: 1, BufferMaxLoad: 0.42
2022-12-19 21:16:01 [GameAssetManagerLoadThread]   gameassetmanager.cpp:545   INFO| Package Loaded: SwordWeapon
2022-12-19 21:16:18 [MainThread     ]  windowsfilesystem.cpp:209    ERR| Error opening file: E:\Entertainments\Hades.v1.38290-P2P\Hades\Content\Win\Packages\TrialUpgrade.pkg_manifest -- rb (error: No such file or directory)
2022-12-19 21:16:18 [MainThread     ]  windowsfilesystem.cpp:209    ERR| Error opening file: E:\Entertainments\Hades.v1.38290-P2P\Hades\Content\Win\Packages\TrialUpgrade.pkg_manifest -- rb (error: No such file or directory)
2022-12-19 21:16:18 [GameAssetManagerLoadThread]   gameassetmanager.cpp:515   INFO| Loading package: TrialUpgrade.pkg
2022-12-19 21:16:18 [GameAssetManagerLoadThread]  windowsfilesystem.cpp:209    ERR| Error opening file: E:\Entertainments\Hades.v1.38290-P2P\Hades\Content\Win\Packages\TrialUpgrade.pkg_manifest -- rb (error: No such file or directory)
2022-12-19 21:16:18 [GameAssetManagerLoadThread]  windowsfilesystem.cpp:209    ERR| Error opening file: E:\Entertainments\Hades.v1.38290-P2P\Hades\Content\Win\Packages\TrialUpgrade.pkg -- rb (error: No such file or directory)
2022-12-19 21:16:18 [GameAssetManagerLoadThread]   gameassetmanager.cpp:401    ERR| Package load failed TrialUpgrade.pkg
2022-12-19 21:16:18 [GameAssetManagerLoadThread]   gameassetmanager.cpp:545   INFO| Package Loaded: TrialUpgrade
2022-12-19 21:16:18 [NoName         ]     binarysavedata.cpp:17    INFO| Writing 9 bytes
2022-12-19 21:16:33 [NoName         ]     binarysavedata.cpp:17    INFO| Writing 9 bytes
2022-12-19 21:16:33 [MainThread     ]              world.cpp:1526  INFO| World::Begin() RoomSecret01 -> A_MiniBoss03
2022-12-19 21:16:33 [MainThread     ]    progressmanager.cpp:936   INFO| Lua::Save() : 0.010497 s
2022-12-19 21:16:33 [MainThread     ]    progressmanager.cpp:916   INFO| GatherSaveData : 0.013502 s
2022-12-19 21:16:33 [NoName         ]     binarysavedata.cpp:17    INFO| Writing 437080 bytes
2022-12-19 21:16:33 [MainThread     ]       audiomanager.cpp:1062   DBG| Unloading map banks
2022-12-19 21:16:34 [NoName         ]              world.cpp:1329  INFO| Loading next map: A_MiniBoss03
2022-12-19 21:16:34 [NoName         ]              world.cpp:1370  INFO| PreScriptLoad
2022-12-19 21:16:34 [NoName         ]              world.cpp:1382  INFO| PreScriptLoad Done
2022-12-19 21:16:34 [NoName         ]   gameassetmanager.cpp:436   INFO| Start reading manifest Tartarus
2022-12-19 21:16:34 [NoName         ]   gameassetmanager.cpp:489   INFO| Done reading manifest Tartarus
2022-12-19 21:16:34 [NoName         ]              world.cpp:1398   DBG| load packages took 0.005157
2022-12-19 21:16:34 [NoName         ]              world.cpp:1420   DBG| loadScriptsTask Done 
2022-12-19 21:16:34 [NoName         ]              world.cpp:1424   DBG| Finished Asset Loading 
2022-12-19 21:16:34 [GameAssetManagerLoadThread]   gameassetmanager.cpp:515   INFO| Loading package: Tartarus.pkg
2022-12-19 21:16:34 [NoName         ]     binaryloaddata.cpp:12    INFO| Reading 167113 bytes
2022-12-19 21:16:34 [NoName         ]       audiomanager.cpp:1022   DBG| Loading map banks for: A_MiniBoss03
2022-12-19 21:16:34 [NoName         ]       audiomanager.cpp:775    DBG| Loading bank: Tartarus.bank
2022-12-19 21:16:34 [NoName         ]              world.cpp:1360   DBG| Map Load took 0.051784
2022-12-19 21:16:34 [NoName         ]              world.cpp:1431   DBG| Calling PostLoad
2022-12-19 21:16:34 [GameAssetManagerLoadThread]   gameassetmanager.cpp:545   INFO| Package Loaded: Tartarus
2022-12-19 21:16:34 [NoName         ]   gameassetmanager.cpp:436   INFO| Start reading manifest PoseidonUpgrade
2022-12-19 21:16:34 [NoName         ]   gameassetmanager.cpp:489   INFO| Done reading manifest PoseidonUpgrade
2022-12-19 21:16:34 [NoName         ]   gameassetmanager.cpp:436   INFO| Start reading manifest AthenaUpgrade
2022-12-19 21:16:34 [NoName         ]   gameassetmanager.cpp:489   INFO| Done reading manifest AthenaUpgrade
2022-12-19 21:16:34 [NoName         ]  windowsfilesystem.cpp:209    ERR| Error opening file: E:\Entertainments\Hades.v1.38290-P2P\Hades\Content\Win\Packages\TrialUpgrade.pkg_manifest -- rb (error: No such file or directory)
2022-12-19 21:16:34 [NoName         ]  windowsfilesystem.cpp:209    ERR| Error opening file: E:\Entertainments\Hades.v1.38290-P2P\Hades\Content\Win\Packages\TrialUpgrade.pkg_manifest -- rb (error: No such file or directory)
2022-12-19 21:16:34 [GameAssetManagerLoadThread]   gameassetmanager.cpp:515   INFO| Loading package: PoseidonUpgrade.pkg
2022-12-19 21:16:34 [GameAssetManagerLoadThread]   gameassetmanager.cpp:545   INFO| Package Loaded: PoseidonUpgrade
2022-12-19 21:16:34 [GameAssetManagerLoadThread]   gameassetmanager.cpp:515   INFO| Loading package: AthenaUpgrade.pkg
2022-12-19 21:16:34 [NoName         ]              world.cpp:1433   DBG| Finished PostLaod
2022-12-19 21:16:34 [GameAssetManagerLoadThread]   gameassetmanager.cpp:545   INFO| Package Loaded: AthenaUpgrade
2022-12-19 21:16:34 [GameAssetManagerLoadThread]   gameassetmanager.cpp:515   INFO| Loading package: TrialUpgrade.pkg
2022-12-19 21:16:34 [GameAssetManagerLoadThread]  windowsfilesystem.cpp:209    ERR| Error opening file: E:\Entertainments\Hades.v1.38290-P2P\Hades\Content\Win\Packages\TrialUpgrade.pkg_manifest -- rb (error: No such file or directory)
2022-12-19 21:16:34 [GameAssetManagerLoadThread]  windowsfilesystem.cpp:209    ERR| Error opening file: E:\Entertainments\Hades.v1.38290-P2P\Hades\Content\Win\Packages\TrialUpgrade.pkg -- rb (error: No such file or directory)
2022-12-19 21:16:34 [GameAssetManagerLoadThread]   gameassetmanager.cpp:401    ERR| Package load failed TrialUpgrade.pkg
2022-12-19 21:16:34 [GameAssetManagerLoadThread]   gameassetmanager.cpp:545   INFO| Package Loaded: TrialUpgrade
2022-12-19 21:16:34 [NoName         ]              world.cpp:1435   DBG| Finished Asset Loading 
2022-12-19 21:16:34 [NoName         ]              world.cpp:1440   DBG| end of postLoadTask
2022-12-19 21:16:34 [RenderThread   ]     rendercommands.cpp:625   INFO| Resetting RenderMesh Caches. ResetRequest: 1, BufferMaxLoad: 0.19
2022-12-19 21:16:34 [MainThread     ]   gameassetmanager.cpp:436   INFO| Start reading manifest SwordParry
2022-12-19 21:16:34 [MainThread     ]   gameassetmanager.cpp:489   INFO| Done reading manifest SwordParry
2022-12-19 21:16:34 [GameAssetManagerLoadThread]   gameassetmanager.cpp:515   INFO| Loading package: SwordParry.pkg
2022-12-19 21:16:34 [GameAssetManagerLoadThread]   gameassetmanager.cpp:545   INFO| Package Loaded: SwordParry
2022-12-19 21:16:34 [MainThread     ]   gameassetmanager.cpp:436   INFO| Start reading manifest SwordWeapon
2022-12-19 21:16:34 [MainThread     ]   gameassetmanager.cpp:489   INFO| Done reading manifest SwordWeapon
2022-12-19 21:16:34 [GameAssetManagerLoadThread]   gameassetmanager.cpp:515   INFO| Loading package: SwordWeapon.pkg
2022-12-19 21:16:34 [GameAssetManagerLoadThread]   gameassetmanager.cpp:545   INFO| Package Loaded: SwordWeapon
2022-12-19 21:16:42 [NoName         ]     binarysavedata.cpp:17    INFO| Writing 9 bytes
2022-12-19 21:17:11 [MainThread     ]   gameassetmanager.cpp:436   INFO| Start reading manifest AresUpgrade
2022-12-19 21:17:11 [MainThread     ]   gameassetmanager.cpp:489   INFO| Done reading manifest AresUpgrade
2022-12-19 21:17:11 [GameAssetManagerLoadThread]   gameassetmanager.cpp:515   INFO| Loading package: AresUpgrade.pkg
2022-12-19 21:17:11 [GameAssetManagerLoadThread]   gameassetmanager.cpp:545   INFO| Package Loaded: AresUpgrade
2022-12-19 21:17:20 [MainThread     ]    progressmanager.cpp:936   INFO| Lua::Save() : 0.010884 s
2022-12-19 21:17:20 [MainThread     ]    progressmanager.cpp:916   INFO| GatherSaveData : 0.013891 s
2022-12-19 21:17:20 [NoName         ]     binarysavedata.cpp:17    INFO| Writing 439838 bytes
2022-12-19 21:17:20 [NoName         ]     binarysavedata.cpp:17    INFO| Writing 9 bytes
2022-12-19 21:17:26 [NoName         ]     binarysavedata.cpp:17    INFO| Writing 9 bytes
2022-12-19 21:17:26 [MainThread     ]              world.cpp:1526  INFO| World::Begin() A_MiniBoss03 -> A_Combat03
2022-12-19 21:17:26 [MainThread     ]    progressmanager.cpp:936   INFO| Lua::Save() : 0.011062 s
2022-12-19 21:17:26 [MainThread     ]    progressmanager.cpp:916   INFO| GatherSaveData : 0.014089 s
2022-12-19 21:17:26 [MainThread     ]       audiomanager.cpp:1057   DBG| Skipped unloading map banks
2022-12-19 21:17:26 [NoName         ]     binarysavedata.cpp:17    INFO| Writing 439196 bytes
2022-12-19 21:17:26 [NoName         ]              world.cpp:1329  INFO| Loading next map: A_Combat03
2022-12-19 21:17:26 [NoName         ]              world.cpp:1370  INFO| PreScriptLoad
2022-12-19 21:17:26 [NoName         ]              world.cpp:1382  INFO| PreScriptLoad Done
2022-12-19 21:17:26 [NoName         ]              world.cpp:1398   DBG| load packages took 0.000004
2022-12-19 21:17:26 [NoName         ]              world.cpp:1420   DBG| loadScriptsTask Done 
2022-12-19 21:17:26 [NoName         ]              world.cpp:1424   DBG| Finished Asset Loading 
2022-12-19 21:17:26 [NoName         ]     binaryloaddata.cpp:12    INFO| Reading 295602 bytes
2022-12-19 21:17:26 [NoName         ]       audiomanager.cpp:1022   DBG| Loading map banks for: A_Combat03
2022-12-19 21:17:26 [NoName         ]       audiomanager.cpp:775    DBG| Loading bank: Tartarus.bank
2022-12-19 21:17:26 [NoName         ]       audiomanager.cpp:832    DBG| Already loaded :Tartarus.bank
2022-12-19 21:17:26 [NoName         ]              world.cpp:1360   DBG| Map Load took 0.087252
2022-12-19 21:17:26 [NoName         ]              world.cpp:1431   DBG| Calling PostLoad
2022-12-19 21:17:26 [NoName         ]              world.cpp:1433   DBG| Finished PostLaod
2022-12-19 21:17:26 [NoName         ]              world.cpp:1435   DBG| Finished Asset Loading 
2022-12-19 21:17:26 [NoName         ]              world.cpp:1440   DBG| end of postLoadTask
2022-12-19 21:17:26 [RenderThread   ]     rendercommands.cpp:625   INFO| Resetting RenderMesh Caches. ResetRequest: 1, BufferMaxLoad: 0.39
2022-12-19 21:17:43 [MainThread     ]    progressmanager.cpp:936   INFO| Lua::Save() : 0.010999 s
2022-12-19 21:17:43 [MainThread     ]    progressmanager.cpp:916   INFO| GatherSaveData : 0.014032 s
2022-12-19 21:17:43 [NoName         ]     binarysavedata.cpp:17    INFO| Writing 440548 bytes
2022-12-19 21:17:43 [NoName         ]     binarysavedata.cpp:17    INFO| Writing 9 bytes
2022-12-19 21:17:49 [NoName         ]     binarysavedata.cpp:17    INFO| Writing 9 bytes
2022-12-19 21:17:49 [MainThread     ]              world.cpp:1526  INFO| World::Begin() A_Combat03 -> A_Combat08B
2022-12-19 21:17:49 [MainThread     ]    progressmanager.cpp:936   INFO| Lua::Save() : 0.010388 s
2022-12-19 21:17:49 [MainThread     ]    progressmanager.cpp:916   INFO| GatherSaveData : 0.013385 s
2022-12-19 21:17:49 [MainThread     ]       audiomanager.cpp:1057   DBG| Skipped unloading map banks
2022-12-19 21:17:49 [NoName         ]     binarysavedata.cpp:17    INFO| Writing 440695 bytes
2022-12-19 21:17:49 [NoName         ]              world.cpp:1329  INFO| Loading next map: A_Combat08B
2022-12-19 21:17:49 [NoName         ]              world.cpp:1370  INFO| PreScriptLoad
2022-12-19 21:17:49 [NoName         ]              world.cpp:1382  INFO| PreScriptLoad Done
2022-12-19 21:17:49 [NoName         ]              world.cpp:1398   DBG| load packages took 0.000003
2022-12-19 21:17:49 [NoName         ]              world.cpp:1420   DBG| loadScriptsTask Done 
2022-12-19 21:17:49 [NoName         ]              world.cpp:1424   DBG| Finished Asset Loading 
2022-12-19 21:17:49 [NoName         ]     binaryloaddata.cpp:12    INFO| Reading 165884 bytes
2022-12-19 21:17:49 [NoName         ]       audiomanager.cpp:1022   DBG| Loading map banks for: A_Combat08B
2022-12-19 21:17:49 [NoName         ]       audiomanager.cpp:775    DBG| Loading bank: Tartarus.bank
2022-12-19 21:17:49 [NoName         ]       audiomanager.cpp:832    DBG| Already loaded :Tartarus.bank
2022-12-19 21:17:49 [NoName         ]              world.cpp:1360   DBG| Map Load took 0.083398
2022-12-19 21:17:49 [NoName         ]              world.cpp:1431   DBG| Calling PostLoad
2022-12-19 21:17:49 [NoName         ]              world.cpp:1433   DBG| Finished PostLaod
2022-12-19 21:17:49 [NoName         ]              world.cpp:1435   DBG| Finished Asset Loading 
2022-12-19 21:17:49 [NoName         ]              world.cpp:1440   DBG| end of postLoadTask
2022-12-19 21:17:50 [RenderThread   ]     rendercommands.cpp:625   INFO| Resetting RenderMesh Caches. ResetRequest: 1, BufferMaxLoad: 0.35
2022-12-19 21:18:13 [MainThread     ]    progressmanager.cpp:936   INFO| Lua::Save() : 0.010726 s
2022-12-19 21:18:13 [MainThread     ]    progressmanager.cpp:916   INFO| GatherSaveData : 0.013751 s
2022-12-19 21:18:13 [NoName         ]     binarysavedata.cpp:17    INFO| Writing 441676 bytes
2022-12-19 21:18:13 [NoName         ]     binarysavedata.cpp:17    INFO| Writing 9 bytes
2022-12-19 21:18:18 [NoName         ]     binarysavedata.cpp:17    INFO| Writing 9 bytes
2022-12-19 21:18:19 [MainThread     ]              world.cpp:1526  INFO| World::Begin() A_Combat08B -> A_Combat11
2022-12-19 21:18:19 [MainThread     ]    progressmanager.cpp:936   INFO| Lua::Save() : 0.010935 s
2022-12-19 21:18:19 [MainThread     ]    progressmanager.cpp:916   INFO| GatherSaveData : 0.013961 s
2022-12-19 21:18:19 [MainThread     ]       audiomanager.cpp:1057   DBG| Skipped unloading map banks
2022-12-19 21:18:19 [NoName         ]     binarysavedata.cpp:17    INFO| Writing 442372 bytes
2022-12-19 21:18:19 [NoName         ]              world.cpp:1329  INFO| Loading next map: A_Combat11
2022-12-19 21:18:19 [NoName         ]              world.cpp:1370  INFO| PreScriptLoad
2022-12-19 21:18:19 [NoName         ]              world.cpp:1382  INFO| PreScriptLoad Done
2022-12-19 21:18:19 [NoName         ]              world.cpp:1398   DBG| load packages took 0.000004
2022-12-19 21:18:19 [NoName         ]              world.cpp:1420   DBG| loadScriptsTask Done 
2022-12-19 21:18:19 [NoName         ]              world.cpp:1424   DBG| Finished Asset Loading 
2022-12-19 21:18:19 [NoName         ]     binaryloaddata.cpp:12    INFO| Reading 176836 bytes
2022-12-19 21:18:19 [NoName         ]       audiomanager.cpp:1022   DBG| Loading map banks for: A_Combat11
2022-12-19 21:18:19 [NoName         ]       audiomanager.cpp:775    DBG| Loading bank: Tartarus.bank
2022-12-19 21:18:19 [NoName         ]       audiomanager.cpp:832    DBG| Already loaded :Tartarus.bank
2022-12-19 21:18:19 [NoName         ]              world.cpp:1360   DBG| Map Load took 0.092374
2022-12-19 21:18:19 [NoName         ]              world.cpp:1431   DBG| Calling PostLoad
2022-12-19 21:18:19 [NoName         ]              world.cpp:1433   DBG| Finished PostLaod
2022-12-19 21:18:19 [NoName         ]              world.cpp:1435   DBG| Finished Asset Loading 
2022-12-19 21:18:19 [NoName         ]              world.cpp:1440   DBG| end of postLoadTask
2022-12-19 21:18:19 [RenderThread   ]     rendercommands.cpp:625   INFO| Resetting RenderMesh Caches. ResetRequest: 1, BufferMaxLoad: 0.35
2022-12-19 21:19:05 [NoName         ]     binarysavedata.cpp:17    INFO| Writing 9 bytes
2022-12-19 21:19:10 [MainThread     ]    progressmanager.cpp:936   INFO| Lua::Save() : 0.010935 s
2022-12-19 21:19:10 [MainThread     ]    progressmanager.cpp:916   INFO| GatherSaveData : 0.014005 s
2022-12-19 21:19:10 [NoName         ]     binarysavedata.cpp:17    INFO| Writing 444850 bytes
2022-12-19 21:19:10 [NoName         ]     binarysavedata.cpp:17    INFO| Writing 9 bytes
2022-12-19 21:19:19 [NoName         ]     binarysavedata.cpp:17    INFO| Writing 9 bytes
2022-12-19 21:19:19 [MainThread     ]              world.cpp:1526  INFO| World::Begin() A_Combat11 -> A_Shop01
2022-12-19 21:19:19 [MainThread     ]    progressmanager.cpp:936   INFO| Lua::Save() : 0.010971 s
2022-12-19 21:19:19 [MainThread     ]    progressmanager.cpp:916   INFO| GatherSaveData : 0.014040 s
2022-12-19 21:19:19 [MainThread     ]       audiomanager.cpp:1057   DBG| Skipped unloading map banks
2022-12-19 21:19:19 [NoName         ]     binarysavedata.cpp:17    INFO| Writing 445704 bytes
2022-12-19 21:19:19 [NoName         ]              world.cpp:1329  INFO| Loading next map: A_Shop01
2022-12-19 21:19:19 [NoName         ]              world.cpp:1370  INFO| PreScriptLoad
2022-12-19 21:19:19 [NoName         ]              world.cpp:1382  INFO| PreScriptLoad Done
2022-12-19 21:19:19 [NoName         ]              world.cpp:1398   DBG| load packages took 0.000003
2022-12-19 21:19:19 [NoName         ]              world.cpp:1420   DBG| loadScriptsTask Done 
2022-12-19 21:19:19 [NoName         ]              world.cpp:1424   DBG| Finished Asset Loading 
2022-12-19 21:19:19 [NoName         ]     binaryloaddata.cpp:12    INFO| Reading 222366 bytes
2022-12-19 21:19:19 [NoName         ]       audiomanager.cpp:1022   DBG| Loading map banks for: A_Shop01
2022-12-19 21:19:19 [NoName         ]       audiomanager.cpp:775    DBG| Loading bank: Tartarus.bank
2022-12-19 21:19:19 [NoName         ]       audiomanager.cpp:832    DBG| Already loaded :Tartarus.bank
2022-12-19 21:19:19 [NoName         ]              world.cpp:1360   DBG| Map Load took 0.095274
2022-12-19 21:19:19 [NoName         ]              world.cpp:1431   DBG| Calling PostLoad
2022-12-19 21:19:19 [NoName         ]              world.cpp:1433   DBG| Finished PostLaod
2022-12-19 21:19:19 [NoName         ]              world.cpp:1435   DBG| Finished Asset Loading 
2022-12-19 21:19:19 [NoName         ]              world.cpp:1440   DBG| end of postLoadTask
2022-12-19 21:19:19 [RenderThread   ]     rendercommands.cpp:625   INFO| Resetting RenderMesh Caches. ResetRequest: 1, BufferMaxLoad: 0.30
2022-12-19 21:19:26 [NoName         ]     binarysavedata.cpp:17    INFO| Writing 9 bytes
2022-12-19 21:20:01 [MainThread     ]   gameassetmanager.cpp:436   INFO| Start reading manifest DionysusUpgrade
2022-12-19 21:20:01 [MainThread     ]   gameassetmanager.cpp:489   INFO| Done reading manifest DionysusUpgrade
2022-12-19 21:20:01 [GameAssetManagerLoadThread]   gameassetmanager.cpp:515   INFO| Loading package: DionysusUpgrade.pkg
2022-12-19 21:20:01 [GameAssetManagerLoadThread]   gameassetmanager.cpp:545   INFO| Package Loaded: DionysusUpgrade
2022-12-19 21:20:16 [RenderThread   ]     rendercommands.cpp:625   INFO| Resetting RenderMesh Caches. ResetRequest: 0, BufferMaxLoad: 0.75
2022-12-19 21:20:23 [NoName         ]     binarysavedata.cpp:17    INFO| Writing 9 bytes
2022-12-19 21:20:23 [MainThread     ]              world.cpp:1526  INFO| World::Begin() A_Shop01 -> A_Combat18
2022-12-19 21:20:23 [MainThread     ]    progressmanager.cpp:936   INFO| Lua::Save() : 0.010864 s
2022-12-19 21:20:23 [MainThread     ]    progressmanager.cpp:916   INFO| GatherSaveData : 0.013975 s
2022-12-19 21:20:23 [MainThread     ]       audiomanager.cpp:1057   DBG| Skipped unloading map banks
2022-12-19 21:20:23 [NoName         ]     binarysavedata.cpp:17    INFO| Writing 452925 bytes
2022-12-19 21:20:23 [NoName         ]              world.cpp:1329  INFO| Loading next map: A_Combat18
2022-12-19 21:20:23 [NoName         ]              world.cpp:1370  INFO| PreScriptLoad
2022-12-19 21:20:23 [NoName         ]              world.cpp:1382  INFO| PreScriptLoad Done
2022-12-19 21:20:23 [NoName         ]              world.cpp:1398   DBG| load packages took 0.000003
2022-12-19 21:20:23 [NoName         ]              world.cpp:1420   DBG| loadScriptsTask Done 
2022-12-19 21:20:23 [NoName         ]              world.cpp:1424   DBG| Finished Asset Loading 
2022-12-19 21:20:23 [NoName         ]     binaryloaddata.cpp:12    INFO| Reading 133534 bytes
2022-12-19 21:20:23 [NoName         ]       audiomanager.cpp:1022   DBG| Loading map banks for: A_Combat18
2022-12-19 21:20:23 [NoName         ]       audiomanager.cpp:775    DBG| Loading bank: Tartarus.bank
2022-12-19 21:20:23 [NoName         ]       audiomanager.cpp:832    DBG| Already loaded :Tartarus.bank
2022-12-19 21:20:23 [NoName         ]              world.cpp:1360   DBG| Map Load took 0.095421
2022-12-19 21:20:23 [NoName         ]              world.cpp:1431   DBG| Calling PostLoad
2022-12-19 21:20:23 [NoName         ]              world.cpp:1433   DBG| Finished PostLaod
2022-12-19 21:20:23 [NoName         ]              world.cpp:1435   DBG| Finished Asset Loading 
2022-12-19 21:20:23 [NoName         ]              world.cpp:1440   DBG| end of postLoadTask
2022-12-19 21:20:24 [RenderThread   ]     rendercommands.cpp:625   INFO| Resetting RenderMesh Caches. ResetRequest: 1, BufferMaxLoad: 0.21
2022-12-19 21:20:54 [NoName         ]     binarysavedata.cpp:17    INFO| Writing 9 bytes
2022-12-19 21:21:07 [MainThread     ]    progressmanager.cpp:936   INFO| Lua::Save() : 0.012754 s
2022-12-19 21:21:07 [MainThread     ]    progressmanager.cpp:916   INFO| GatherSaveData : 0.016495 s
2022-12-19 21:21:07 [NoName         ]     binarysavedata.cpp:17    INFO| Writing 456087 bytes
2022-12-19 21:21:07 [NoName         ]     binarysavedata.cpp:17    INFO| Writing 9 bytes
2022-12-19 21:21:44 [NoName         ]     binarysavedata.cpp:17    INFO| Writing 9 bytes
2022-12-19 21:21:44 [MainThread     ]              world.cpp:1526  INFO| World::Begin() A_Combat18 -> A_PreBoss01
2022-12-19 21:21:44 [MainThread     ]    progressmanager.cpp:936   INFO| Lua::Save() : 0.012187 s
2022-12-19 21:21:44 [MainThread     ]    progressmanager.cpp:916   INFO| GatherSaveData : 0.015331 s
2022-12-19 21:21:44 [MainThread     ]       audiomanager.cpp:1057   DBG| Skipped unloading map banks
2022-12-19 21:21:44 [NoName         ]     binarysavedata.cpp:17    INFO| Writing 455630 bytes
2022-12-19 21:21:44 [NoName         ]              world.cpp:1329  INFO| Loading next map: A_PreBoss01
2022-12-19 21:21:44 [NoName         ]              world.cpp:1370  INFO| PreScriptLoad
2022-12-19 21:21:44 [NoName         ]              world.cpp:1382  INFO| PreScriptLoad Done
2022-12-19 21:21:44 [NoName         ]              world.cpp:1398   DBG| load packages took 0.000005
2022-12-19 21:21:44 [NoName         ]              world.cpp:1420   DBG| loadScriptsTask Done 
2022-12-19 21:21:44 [NoName         ]              world.cpp:1424   DBG| Finished Asset Loading 
2022-12-19 21:21:44 [NoName         ]     binaryloaddata.cpp:12    INFO| Reading 172388 bytes
2022-12-19 21:21:44 [NoName         ]       audiomanager.cpp:1022   DBG| Loading map banks for: A_PreBoss01
2022-12-19 21:21:44 [NoName         ]       audiomanager.cpp:775    DBG| Loading bank: Tartarus.bank
2022-12-19 21:21:44 [NoName         ]       audiomanager.cpp:832    DBG| Already loaded :Tartarus.bank
2022-12-19 21:21:44 [NoName         ]              world.cpp:1360   DBG| Map Load took 0.092086
2022-12-19 21:21:44 [NoName         ]              world.cpp:1431   DBG| Calling PostLoad
2022-12-19 21:21:44 [NoName         ]              world.cpp:1433   DBG| Finished PostLaod
2022-12-19 21:21:44 [NoName         ]              world.cpp:1435   DBG| Finished Asset Loading 
2022-12-19 21:21:44 [NoName         ]              world.cpp:1440   DBG| end of postLoadTask
2022-12-19 21:21:44 [RenderThread   ]     rendercommands.cpp:625   INFO| Resetting RenderMesh Caches. ResetRequest: 1, BufferMaxLoad: 0.69
2022-12-19 21:21:53 [NoName         ]     binarysavedata.cpp:17    INFO| Writing 9 bytes
2022-12-19 21:21:53 [MainThread     ]              world.cpp:1526  INFO| World::Begin() A_PreBoss01 -> A_Boss03
2022-12-19 21:21:53 [MainThread     ]    progressmanager.cpp:936   INFO| Lua::Save() : 0.016992 s
2022-12-19 21:21:53 [MainThread     ]    progressmanager.cpp:916   INFO| GatherSaveData : 0.020108 s
2022-12-19 21:21:53 [MainThread     ]       audiomanager.cpp:1057   DBG| Skipped unloading map banks
2022-12-19 21:21:53 [NoName         ]     binarysavedata.cpp:17    INFO| Writing 459017 bytes
2022-12-19 21:21:53 [NoName         ]              world.cpp:1329  INFO| Loading next map: A_Boss03
2022-12-19 21:21:53 [NoName         ]              world.cpp:1370  INFO| PreScriptLoad
2022-12-19 21:21:53 [NoName         ]              world.cpp:1382  INFO| PreScriptLoad Done
2022-12-19 21:21:53 [NoName         ]              world.cpp:1398   DBG| load packages took 0.000003
2022-12-19 21:21:53 [NoName         ]              world.cpp:1420   DBG| loadScriptsTask Done 
2022-12-19 21:21:53 [NoName         ]              world.cpp:1424   DBG| Finished Asset Loading 
2022-12-19 21:21:53 [NoName         ]     binaryloaddata.cpp:12    INFO| Reading 321219 bytes
2022-12-19 21:21:53 [NoName         ]       audiomanager.cpp:1022   DBG| Loading map banks for: A_Boss03
2022-12-19 21:21:53 [NoName         ]       audiomanager.cpp:775    DBG| Loading bank: Tartarus.bank
2022-12-19 21:21:53 [NoName         ]       audiomanager.cpp:832    DBG| Already loaded :Tartarus.bank
2022-12-19 21:21:53 [NoName         ]              world.cpp:1360   DBG| Map Load took 0.104303
2022-12-19 21:21:53 [NoName         ]              world.cpp:1431   DBG| Calling PostLoad
2022-12-19 21:21:53 [NoName         ]              world.cpp:1433   DBG| Finished PostLaod
2022-12-19 21:21:53 [NoName         ]              world.cpp:1435   DBG| Finished Asset Loading 
2022-12-19 21:21:53 [NoName         ]              world.cpp:1440   DBG| end of postLoadTask
2022-12-19 21:21:54 [RenderThread   ]     rendercommands.cpp:625   INFO| Resetting RenderMesh Caches. ResetRequest: 1, BufferMaxLoad: 0.14
2022-12-19 21:22:07 [NoName         ]     binarysavedata.cpp:17    INFO| Writing 9 bytes
2022-12-19 21:22:52 [MainThread     ]    progressmanager.cpp:936   INFO| Lua::Save() : 0.015905 s
2022-12-19 21:22:52 [MainThread     ]    progressmanager.cpp:916   INFO| GatherSaveData : 0.019329 s
2022-12-19 21:22:52 [NoName         ]     binarysavedata.cpp:17    INFO| Writing 462291 bytes
2022-12-19 21:22:52 [NoName         ]     binarysavedata.cpp:17    INFO| Writing 9 bytes
2022-12-19 21:22:56 [NoName         ]     binarysavedata.cpp:17    INFO| Writing 9 bytes
2022-12-19 21:22:56 [MainThread     ]              world.cpp:1526  INFO| World::Begin() A_Boss03 -> A_PostBoss01
2022-12-19 21:22:56 [MainThread     ]    progressmanager.cpp:936   INFO| Lua::Save() : 0.011989 s
2022-12-19 21:22:56 [MainThread     ]    progressmanager.cpp:916   INFO| GatherSaveData : 0.015191 s
2022-12-19 21:22:56 [MainThread     ]       audiomanager.cpp:1057   DBG| Skipped unloading map banks
2022-12-19 21:22:56 [NoName         ]     binarysavedata.cpp:17    INFO| Writing 464056 bytes
2022-12-19 21:22:56 [NoName         ]              world.cpp:1370  INFO| PreScriptLoad
2022-12-19 21:22:56 [NoName         ]              world.cpp:1382  INFO| PreScriptLoad Done
2022-12-19 21:22:56 [NoName         ]              world.cpp:1398   DBG| load packages took 0.000003
2022-12-19 21:22:56 [NoName         ]              world.cpp:1420   DBG| loadScriptsTask Done 
2022-12-19 21:22:56 [NoName         ]              world.cpp:1424   DBG| Finished Asset Loading 
2022-12-19 21:22:56 [NoName         ]              world.cpp:1329  INFO| Loading next map: A_PostBoss01
2022-12-19 21:22:56 [NoName         ]     binaryloaddata.cpp:12    INFO| Reading 184940 bytes
2022-12-19 21:22:56 [NoName         ]       audiomanager.cpp:1022   DBG| Loading map banks for: A_PostBoss01
2022-12-19 21:22:56 [NoName         ]       audiomanager.cpp:775    DBG| Loading bank: Tartarus.bank
2022-12-19 21:22:56 [NoName         ]       audiomanager.cpp:832    DBG| Already loaded :Tartarus.bank
2022-12-19 21:22:56 [NoName         ]              world.cpp:1360   DBG| Map Load took 0.091478
2022-12-19 21:22:56 [NoName         ]              world.cpp:1431   DBG| Calling PostLoad
2022-12-19 21:22:57 [NoName         ]              world.cpp:1433   DBG| Finished PostLaod
2022-12-19 21:22:57 [NoName         ]              world.cpp:1435   DBG| Finished Asset Loading 
2022-12-19 21:22:57 [NoName         ]              world.cpp:1440   DBG| end of postLoadTask
2022-12-19 21:22:57 [RenderThread   ]     rendercommands.cpp:625   INFO| Resetting RenderMesh Caches. ResetRequest: 1, BufferMaxLoad: 0.56
2022-12-19 21:23:28 [RenderThread   ]     rendercommands.cpp:625   INFO| Resetting RenderMesh Caches. ResetRequest: 0, BufferMaxLoad: 0.75
2022-12-19 21:23:29 [NoName         ]     binarysavedata.cpp:17    INFO| Writing 9 bytes
2022-12-19 21:23:29 [MainThread     ]              world.cpp:1526  INFO| World::Begin() A_PostBoss01 -> B_Intro
2022-12-19 21:23:29 [MainThread     ]    progressmanager.cpp:936   INFO| Lua::Save() : 0.011185 s
2022-12-19 21:23:29 [MainThread     ]    progressmanager.cpp:916   INFO| GatherSaveData : 0.014388 s
2022-12-19 21:23:29 [NoName         ]     binarysavedata.cpp:17    INFO| Writing 464331 bytes
2022-12-19 21:23:29 [MainThread     ]       audiomanager.cpp:1062   DBG| Unloading map banks
2022-12-19 21:23:29 [NoName         ]              world.cpp:1329  INFO| Loading next map: B_Intro
2022-12-19 21:23:29 [NoName         ]              world.cpp:1370  INFO| PreScriptLoad
2022-12-19 21:23:29 [NoName         ]              world.cpp:1382  INFO| PreScriptLoad Done
2022-12-19 21:23:29 [NoName         ]   gameassetmanager.cpp:436   INFO| Start reading manifest Asphodel
2022-12-19 21:23:29 [NoName         ]   gameassetmanager.cpp:489   INFO| Done reading manifest Asphodel
2022-12-19 21:23:29 [NoName         ]              world.cpp:1398   DBG| load packages took 0.007415
2022-12-19 21:23:29 [NoName         ]              world.cpp:1420   DBG| loadScriptsTask Done 
2022-12-19 21:23:29 [NoName         ]              world.cpp:1424   DBG| Finished Asset Loading 
2022-12-19 21:23:29 [GameAssetManagerLoadThread]   gameassetmanager.cpp:515   INFO| Loading package: Asphodel.pkg
2022-12-19 21:23:29 [NoName         ]     binaryloaddata.cpp:12    INFO| Reading 299999 bytes
2022-12-19 21:23:29 [NoName         ]       audiomanager.cpp:1022   DBG| Loading map banks for: B_Intro
2022-12-19 21:23:29 [NoName         ]       audiomanager.cpp:775    DBG| Loading bank: Asphodel.bank
2022-12-19 21:23:29 [NoName         ]              world.cpp:1360   DBG| Map Load took 0.051719
2022-12-19 21:23:29 [NoName         ]              world.cpp:1431   DBG| Calling PostLoad
2022-12-19 21:23:30 [GameAssetManagerLoadThread]   gameassetmanager.cpp:545   INFO| Package Loaded: Asphodel
2022-12-19 21:23:30 [NoName         ]   gameassetmanager.cpp:436   INFO| Start reading manifest AresUpgrade
2022-12-19 21:23:30 [NoName         ]   gameassetmanager.cpp:489   INFO| Done reading manifest AresUpgrade
2022-12-19 21:23:30 [NoName         ]   gameassetmanager.cpp:436   INFO| Start reading manifest AthenaUpgrade
2022-12-19 21:23:30 [NoName         ]   gameassetmanager.cpp:489   INFO| Done reading manifest AthenaUpgrade
2022-12-19 21:23:30 [NoName         ]  windowsfilesystem.cpp:209    ERR| Error opening file: E:\Entertainments\Hades.v1.38290-P2P\Hades\Content\Win\Packages\TrialUpgrade.pkg_manifest -- rb (error: No such file or directory)
2022-12-19 21:23:30 [NoName         ]  windowsfilesystem.cpp:209    ERR| Error opening file: E:\Entertainments\Hades.v1.38290-P2P\Hades\Content\Win\Packages\TrialUpgrade.pkg_manifest -- rb (error: No such file or directory)
2022-12-19 21:23:30 [NoName         ]   gameassetmanager.cpp:436   INFO| Start reading manifest DionysusUpgrade
2022-12-19 21:23:30 [NoName         ]   gameassetmanager.cpp:489   INFO| Done reading manifest DionysusUpgrade
2022-12-19 21:23:30 [NoName         ]   gameassetmanager.cpp:436   INFO| Start reading manifest PoseidonUpgrade
2022-12-19 21:23:30 [NoName         ]   gameassetmanager.cpp:489   INFO| Done reading manifest PoseidonUpgrade
2022-12-19 21:23:30 [GameAssetManagerLoadThread]   gameassetmanager.cpp:515   INFO| Loading package: AresUpgrade.pkg
2022-12-19 21:23:30 [GameAssetManagerLoadThread]   gameassetmanager.cpp:545   INFO| Package Loaded: AresUpgrade
2022-12-19 21:23:30 [GameAssetManagerLoadThread]   gameassetmanager.cpp:515   INFO| Loading package: AthenaUpgrade.pkg
2022-12-19 21:23:30 [NoName         ]              world.cpp:1433   DBG| Finished PostLaod
2022-12-19 21:23:30 [GameAssetManagerLoadThread]   gameassetmanager.cpp:545   INFO| Package Loaded: AthenaUpgrade
2022-12-19 21:23:30 [GameAssetManagerLoadThread]   gameassetmanager.cpp:515   INFO| Loading package: TrialUpgrade.pkg
2022-12-19 21:23:30 [GameAssetManagerLoadThread]  windowsfilesystem.cpp:209    ERR| Error opening file: E:\Entertainments\Hades.v1.38290-P2P\Hades\Content\Win\Packages\TrialUpgrade.pkg_manifest -- rb (error: No such file or directory)
2022-12-19 21:23:30 [GameAssetManagerLoadThread]  windowsfilesystem.cpp:209    ERR| Error opening file: E:\Entertainments\Hades.v1.38290-P2P\Hades\Content\Win\Packages\TrialUpgrade.pkg -- rb (error: No such file or directory)
2022-12-19 21:23:30 [GameAssetManagerLoadThread]   gameassetmanager.cpp:401    ERR| Package load failed TrialUpgrade.pkg
2022-12-19 21:23:30 [GameAssetManagerLoadThread]   gameassetmanager.cpp:545   INFO| Package Loaded: TrialUpgrade
2022-12-19 21:23:30 [GameAssetManagerLoadThread]   gameassetmanager.cpp:515   INFO| Loading package: DionysusUpgrade.pkg
2022-12-19 21:23:30 [GameAssetManagerLoadThread]   gameassetmanager.cpp:545   INFO| Package Loaded: DionysusUpgrade
2022-12-19 21:23:30 [GameAssetManagerLoadThread]   gameassetmanager.cpp:515   INFO| Loading package: PoseidonUpgrade.pkg
2022-12-19 21:23:30 [GameAssetManagerLoadThread]   gameassetmanager.cpp:545   INFO| Package Loaded: PoseidonUpgrade
2022-12-19 21:23:30 [NoName         ]              world.cpp:1435   DBG| Finished Asset Loading 
2022-12-19 21:23:30 [NoName         ]              world.cpp:1440   DBG| end of postLoadTask
2022-12-19 21:23:30 [RenderThread   ]     rendercommands.cpp:625   INFO| Resetting RenderMesh Caches. ResetRequest: 1, BufferMaxLoad: 0.10
2022-12-19 21:23:30 [MainThread     ]   gameassetmanager.cpp:436   INFO| Start reading manifest SwordParry
2022-12-19 21:23:30 [MainThread     ]   gameassetmanager.cpp:489   INFO| Done reading manifest SwordParry
2022-12-19 21:23:30 [GameAssetManagerLoadThread]   gameassetmanager.cpp:515   INFO| Loading package: SwordParry.pkg
2022-12-19 21:23:30 [GameAssetManagerLoadThread]   gameassetmanager.cpp:545   INFO| Package Loaded: SwordParry
2022-12-19 21:23:30 [MainThread     ]   gameassetmanager.cpp:436   INFO| Start reading manifest SwordWeapon
2022-12-19 21:23:30 [MainThread     ]   gameassetmanager.cpp:489   INFO| Done reading manifest SwordWeapon
2022-12-19 21:23:30 [GameAssetManagerLoadThread]   gameassetmanager.cpp:515   INFO| Loading package: SwordWeapon.pkg
2022-12-19 21:23:30 [GameAssetManagerLoadThread]   gameassetmanager.cpp:545   INFO| Package Loaded: SwordWeapon
2022-12-19 21:23:39 [NoName         ]     binarysavedata.cpp:17    INFO| Writing 9 bytes
2022-12-19 21:23:39 [MainThread     ]              world.cpp:1526  INFO| World::Begin() B_Intro -> B_Combat09
2022-12-19 21:23:39 [MainThread     ]    progressmanager.cpp:936   INFO| Lua::Save() : 0.011008 s
2022-12-19 21:23:39 [MainThread     ]    progressmanager.cpp:916   INFO| GatherSaveData : 0.014234 s
2022-12-19 21:23:39 [MainThread     ]       audiomanager.cpp:1057   DBG| Skipped unloading map banks
2022-12-19 21:23:39 [NoName         ]     binarysavedata.cpp:17    INFO| Writing 464808 bytes
2022-12-19 21:23:39 [NoName         ]              world.cpp:1329  INFO| Loading next map: B_Combat09
2022-12-19 21:23:39 [NoName         ]              world.cpp:1370  INFO| PreScriptLoad
2022-12-19 21:23:39 [NoName         ]              world.cpp:1382  INFO| PreScriptLoad Done
2022-12-19 21:23:39 [NoName         ]              world.cpp:1398   DBG| load packages took 0.000004
2022-12-19 21:23:39 [NoName         ]              world.cpp:1420   DBG| loadScriptsTask Done 
2022-12-19 21:23:39 [NoName         ]              world.cpp:1424   DBG| Finished Asset Loading 
2022-12-19 21:23:39 [NoName         ]     binaryloaddata.cpp:12    INFO| Reading 241446 bytes
2022-12-19 21:23:39 [NoName         ]       audiomanager.cpp:1022   DBG| Loading map banks for: B_Combat09
2022-12-19 21:23:39 [NoName         ]       audiomanager.cpp:775    DBG| Loading bank: Asphodel.bank
2022-12-19 21:23:39 [NoName         ]       audiomanager.cpp:832    DBG| Already loaded :Asphodel.bank
2022-12-19 21:23:39 [NoName         ]              world.cpp:1360   DBG| Map Load took 0.094833
2022-12-19 21:23:39 [NoName         ]              world.cpp:1431   DBG| Calling PostLoad
2022-12-19 21:23:39 [NoName         ]              world.cpp:1433   DBG| Finished PostLaod
2022-12-19 21:23:39 [NoName         ]              world.cpp:1435   DBG| Finished Asset Loading 
2022-12-19 21:23:39 [NoName         ]              world.cpp:1440   DBG| end of postLoadTask
2022-12-19 21:23:39 [RenderThread   ]     rendercommands.cpp:625   INFO| Resetting RenderMesh Caches. ResetRequest: 1, BufferMaxLoad: 0.15
2022-12-19 21:23:49 [NoName         ]     binarysavedata.cpp:17    INFO| Writing 9 bytes
2022-12-19 21:24:27 [MainThread     ]    progressmanager.cpp:936   INFO| Lua::Save() : 0.012283 s
2022-12-19 21:24:27 [MainThread     ]    progressmanager.cpp:916   INFO| GatherSaveData : 0.015947 s
2022-12-19 21:24:27 [NoName         ]     binarysavedata.cpp:17    INFO| Writing 466355 bytes
2022-12-19 21:24:27 [NoName         ]     binarysavedata.cpp:17    INFO| Writing 9 bytes
2022-12-19 21:24:34 [NoName         ]     binarysavedata.cpp:17    INFO| Writing 9 bytes
2022-12-19 21:24:34 [MainThread     ]              world.cpp:1526  INFO| World::Begin() B_Combat09 -> B_Combat04
2022-12-19 21:24:34 [MainThread     ]    progressmanager.cpp:936   INFO| Lua::Save() : 0.012466 s
2022-12-19 21:24:34 [MainThread     ]    progressmanager.cpp:916   INFO| GatherSaveData : 0.015671 s
2022-12-19 21:24:34 [MainThread     ]       audiomanager.cpp:1057   DBG| Skipped unloading map banks
2022-12-19 21:24:34 [NoName         ]     binarysavedata.cpp:17    INFO| Writing 467209 bytes
2022-12-19 21:24:34 [NoName         ]              world.cpp:1329  INFO| Loading next map: B_Combat04
2022-12-19 21:24:34 [NoName         ]              world.cpp:1370  INFO| PreScriptLoad
2022-12-19 21:24:34 [NoName         ]              world.cpp:1382  INFO| PreScriptLoad Done
2022-12-19 21:24:34 [NoName         ]              world.cpp:1398   DBG| load packages took 0.000003
2022-12-19 21:24:34 [NoName         ]              world.cpp:1420   DBG| loadScriptsTask Done 
2022-12-19 21:24:34 [NoName         ]              world.cpp:1424   DBG| Finished Asset Loading 
2022-12-19 21:24:34 [NoName         ]     binaryloaddata.cpp:12    INFO| Reading 458258 bytes
2022-12-19 21:24:34 [NoName         ]       audiomanager.cpp:1022   DBG| Loading map banks for: B_Combat04
2022-12-19 21:24:34 [NoName         ]       audiomanager.cpp:775    DBG| Loading bank: Asphodel.bank
2022-12-19 21:24:34 [NoName         ]       audiomanager.cpp:832    DBG| Already loaded :Asphodel.bank
2022-12-19 21:24:34 [NoName         ]              world.cpp:1360   DBG| Map Load took 0.106093
2022-12-19 21:24:34 [NoName         ]              world.cpp:1431   DBG| Calling PostLoad
2022-12-19 21:24:34 [NoName         ]              world.cpp:1433   DBG| Finished PostLaod
2022-12-19 21:24:34 [NoName         ]              world.cpp:1435   DBG| Finished Asset Loading 
2022-12-19 21:24:34 [NoName         ]              world.cpp:1440   DBG| end of postLoadTask
2022-12-19 21:24:34 [RenderThread   ]     rendercommands.cpp:625   INFO| Resetting RenderMesh Caches. ResetRequest: 1, BufferMaxLoad: 0.47
2022-12-19 21:24:54 [NoName         ]     binarysavedata.cpp:17    INFO| Writing 9 bytes
2022-12-19 21:25:22 [MainThread     ]    progressmanager.cpp:936   INFO| Lua::Save() : 0.012127 s
2022-12-19 21:25:22 [MainThread     ]    progressmanager.cpp:916   INFO| GatherSaveData : 0.015910 s
2022-12-19 21:25:22 [NoName         ]     binarysavedata.cpp:17    INFO| Writing 475777 bytes
2022-12-19 21:25:22 [NoName         ]     binarysavedata.cpp:17    INFO| Writing 9 bytes
2022-12-19 21:25:48 [NoName         ]     binarysavedata.cpp:17    INFO| Writing 9 bytes
2022-12-19 21:25:48 [MainThread     ]              world.cpp:1526  INFO| World::Begin() B_Combat04 -> B_Combat21
2022-12-19 21:25:48 [MainThread     ]    progressmanager.cpp:936   INFO| Lua::Save() : 0.012232 s
2022-12-19 21:25:48 [MainThread     ]    progressmanager.cpp:916   INFO| GatherSaveData : 0.015505 s
2022-12-19 21:25:48 [MainThread     ]       audiomanager.cpp:1057   DBG| Skipped unloading map banks
2022-12-19 21:25:48 [NoName         ]     binarysavedata.cpp:17    INFO| Writing 475992 bytes
2022-12-19 21:25:48 [NoName         ]              world.cpp:1370  INFO| PreScriptLoad
2022-12-19 21:25:48 [NoName         ]              world.cpp:1382  INFO| PreScriptLoad Done
2022-12-19 21:25:48 [NoName         ]              world.cpp:1398   DBG| load packages took 0.000003
2022-12-19 21:25:48 [NoName         ]              world.cpp:1420   DBG| loadScriptsTask Done 
2022-12-19 21:25:48 [NoName         ]              world.cpp:1424   DBG| Finished Asset Loading 
2022-12-19 21:25:48 [NoName         ]              world.cpp:1329  INFO| Loading next map: B_Combat21
2022-12-19 21:25:48 [NoName         ]     binaryloaddata.cpp:12    INFO| Reading 523202 bytes
2022-12-19 21:25:48 [NoName         ]       audiomanager.cpp:1022   DBG| Loading map banks for: B_Combat21
2022-12-19 21:25:48 [NoName         ]       audiomanager.cpp:775    DBG| Loading bank: Asphodel.bank
2022-12-19 21:25:48 [NoName         ]       audiomanager.cpp:832    DBG| Already loaded :Asphodel.bank
2022-12-19 21:25:48 [NoName         ]              world.cpp:1360   DBG| Map Load took 0.094986
2022-12-19 21:25:48 [NoName         ]              world.cpp:1431   DBG| Calling PostLoad
2022-12-19 21:25:48 [NoName         ]              world.cpp:1433   DBG| Finished PostLaod
2022-12-19 21:25:48 [NoName         ]              world.cpp:1435   DBG| Finished Asset Loading 
2022-12-19 21:25:48 [NoName         ]              world.cpp:1440   DBG| end of postLoadTask
2022-12-19 21:25:49 [RenderThread   ]     rendercommands.cpp:625   INFO| Resetting RenderMesh Caches. ResetRequest: 1, BufferMaxLoad: 0.39
2022-12-19 21:25:55 [NoName         ]     binarysavedata.cpp:17    INFO| Writing 9 bytes
2022-12-19 21:26:43 [RenderThread   ]     rendercommands.cpp:625   INFO| Resetting RenderMesh Caches. ResetRequest: 0, BufferMaxLoad: 0.75
2022-12-19 21:27:36 [RenderThread   ]     rendercommands.cpp:625   INFO| Resetting RenderMesh Caches. ResetRequest: 0, BufferMaxLoad: 0.75
2022-12-19 21:28:03 [MainThread     ]    progressmanager.cpp:936   INFO| Lua::Save() : 0.013014 s
2022-12-19 21:28:03 [MainThread     ]    progressmanager.cpp:916   INFO| GatherSaveData : 0.017089 s
2022-12-19 21:28:03 [NoName         ]     binarysavedata.cpp:17    INFO| Writing 482309 bytes
2022-12-19 21:28:03 [NoName         ]     binarysavedata.cpp:17    INFO| Writing 9 bytes
2022-12-19 21:28:18 [NoName         ]     binarysavedata.cpp:17    INFO| Writing 9 bytes
2022-12-19 21:28:18 [MainThread     ]              world.cpp:1526  INFO| World::Begin() B_Combat21 -> B_MiniBoss02
2022-12-19 21:28:18 [MainThread     ]    progressmanager.cpp:936   INFO| Lua::Save() : 0.012068 s
2022-12-19 21:28:18 [MainThread     ]    progressmanager.cpp:916   INFO| GatherSaveData : 0.015401 s
2022-12-19 21:28:18 [MainThread     ]       audiomanager.cpp:1057   DBG| Skipped unloading map banks
2022-12-19 21:28:18 [NoName         ]     binarysavedata.cpp:17    INFO| Writing 481538 bytes
2022-12-19 21:28:18 [NoName         ]              world.cpp:1329  INFO| Loading next map: B_MiniBoss02
2022-12-19 21:28:18 [NoName         ]              world.cpp:1370  INFO| PreScriptLoad
2022-12-19 21:28:18 [NoName         ]              world.cpp:1382  INFO| PreScriptLoad Done
2022-12-19 21:28:18 [NoName         ]              world.cpp:1398   DBG| load packages took 0.000004
2022-12-19 21:28:18 [NoName         ]              world.cpp:1420   DBG| loadScriptsTask Done 
2022-12-19 21:28:18 [NoName         ]              world.cpp:1424   DBG| Finished Asset Loading 
2022-12-19 21:28:18 [NoName         ]     binaryloaddata.cpp:12    INFO| Reading 307732 bytes
2022-12-19 21:28:18 [NoName         ]       audiomanager.cpp:1022   DBG| Loading map banks for: B_MiniBoss02
2022-12-19 21:28:18 [NoName         ]       audiomanager.cpp:775    DBG| Loading bank: Asphodel.bank
2022-12-19 21:28:18 [NoName         ]       audiomanager.cpp:832    DBG| Already loaded :Asphodel.bank
2022-12-19 21:28:18 [NoName         ]              world.cpp:1360   DBG| Map Load took 0.076036
2022-12-19 21:28:18 [NoName         ]              world.cpp:1431   DBG| Calling PostLoad
2022-12-19 21:28:18 [NoName         ]              world.cpp:1433   DBG| Finished PostLaod
2022-12-19 21:28:18 [NoName         ]              world.cpp:1435   DBG| Finished Asset Loading 
2022-12-19 21:28:18 [NoName         ]              world.cpp:1440   DBG| end of postLoadTask
2022-12-19 21:28:18 [RenderThread   ]     rendercommands.cpp:625   INFO| Resetting RenderMesh Caches. ResetRequest: 1, BufferMaxLoad: 0.61
2022-12-19 21:28:25 [NoName         ]     binarysavedata.cpp:17    INFO| Writing 9 bytes
2022-12-19 21:29:08 [MainThread     ]    progressmanager.cpp:936   INFO| Lua::Save() : 0.012630 s
2022-12-19 21:29:08 [MainThread     ]    progressmanager.cpp:916   INFO| GatherSaveData : 0.016329 s
2022-12-19 21:29:08 [NoName         ]     binarysavedata.cpp:17    INFO| Writing 484495 bytes
2022-12-19 21:29:08 [NoName         ]     binarysavedata.cpp:17    INFO| Writing 9 bytes
2022-12-19 21:29:16 [NoName         ]     binarysavedata.cpp:17    INFO| Writing 9 bytes
2022-12-19 21:29:16 [MainThread     ]              world.cpp:1526  INFO| World::Begin() B_MiniBoss02 -> B_Story01
2022-12-19 21:29:16 [MainThread     ]    progressmanager.cpp:936   INFO| Lua::Save() : 0.012150 s
2022-12-19 21:29:16 [MainThread     ]    progressmanager.cpp:916   INFO| GatherSaveData : 0.015475 s
2022-12-19 21:29:16 [MainThread     ]       audiomanager.cpp:1057   DBG| Skipped unloading map banks
2022-12-19 21:29:16 [NoName         ]     binarysavedata.cpp:17    INFO| Writing 485190 bytes
2022-12-19 21:29:16 [NoName         ]              world.cpp:1329  INFO| Loading next map: B_Story01
2022-12-19 21:29:16 [NoName         ]              world.cpp:1370  INFO| PreScriptLoad
2022-12-19 21:29:16 [NoName         ]              world.cpp:1382  INFO| PreScriptLoad Done
2022-12-19 21:29:16 [NoName         ]              world.cpp:1398   DBG| load packages took 0.000004
2022-12-19 21:29:16 [NoName         ]              world.cpp:1420   DBG| loadScriptsTask Done 
2022-12-19 21:29:16 [NoName         ]              world.cpp:1424   DBG| Finished Asset Loading 
2022-12-19 21:29:16 [NoName         ]     binaryloaddata.cpp:12    INFO| Reading 260645 bytes
2022-12-19 21:29:16 [NoName         ]       audiomanager.cpp:1022   DBG| Loading map banks for: B_Story01
2022-12-19 21:29:16 [NoName         ]       audiomanager.cpp:775    DBG| Loading bank: Asphodel.bank
2022-12-19 21:29:16 [NoName         ]       audiomanager.cpp:832    DBG| Already loaded :Asphodel.bank
2022-12-19 21:29:16 [NoName         ]              world.cpp:1360   DBG| Map Load took 0.090726
2022-12-19 21:29:16 [NoName         ]              world.cpp:1431   DBG| Calling PostLoad
2022-12-19 21:29:16 [NoName         ]              world.cpp:1433   DBG| Finished PostLaod
2022-12-19 21:29:16 [NoName         ]              world.cpp:1435   DBG| Finished Asset Loading 
2022-12-19 21:29:16 [NoName         ]              world.cpp:1440   DBG| end of postLoadTask
2022-12-19 21:29:16 [RenderThread   ]     rendercommands.cpp:625   INFO| Resetting RenderMesh Caches. ResetRequest: 1, BufferMaxLoad: 0.44
2022-12-19 21:30:09 [NoName         ]     binarysavedata.cpp:17    INFO| Writing 9 bytes
2022-12-19 21:30:09 [MainThread     ]              world.cpp:1526  INFO| World::Begin() B_Story01 -> B_Reprieve01
2022-12-19 21:30:09 [MainThread     ]    progressmanager.cpp:936   INFO| Lua::Save() : 0.011477 s
2022-12-19 21:30:09 [MainThread     ]    progressmanager.cpp:916   INFO| GatherSaveData : 0.014865 s
2022-12-19 21:30:09 [MainThread     ]       audiomanager.cpp:1057   DBG| Skipped unloading map banks
2022-12-19 21:30:09 [NoName         ]     binarysavedata.cpp:17    INFO| Writing 488586 bytes
2022-12-19 21:30:09 [NoName         ]              world.cpp:1329  INFO| Loading next map: B_Reprieve01
2022-12-19 21:30:09 [NoName         ]              world.cpp:1370  INFO| PreScriptLoad
2022-12-19 21:30:09 [NoName         ]              world.cpp:1382  INFO| PreScriptLoad Done
2022-12-19 21:30:09 [NoName         ]              world.cpp:1398   DBG| load packages took 0.000003
2022-12-19 21:30:09 [NoName         ]              world.cpp:1420   DBG| loadScriptsTask Done 
2022-12-19 21:30:09 [NoName         ]              world.cpp:1424   DBG| Finished Asset Loading 
2022-12-19 21:30:09 [NoName         ]     binaryloaddata.cpp:12    INFO| Reading 172712 bytes
2022-12-19 21:30:09 [NoName         ]       audiomanager.cpp:1022   DBG| Loading map banks for: B_Reprieve01
2022-12-19 21:30:09 [NoName         ]       audiomanager.cpp:775    DBG| Loading bank: Asphodel.bank
2022-12-19 21:30:09 [NoName         ]       audiomanager.cpp:832    DBG| Already loaded :Asphodel.bank
2022-12-19 21:30:09 [NoName         ]              world.cpp:1360   DBG| Map Load took 0.078661
2022-12-19 21:30:09 [NoName         ]              world.cpp:1431   DBG| Calling PostLoad
2022-12-19 21:30:09 [NoName         ]              world.cpp:1433   DBG| Finished PostLaod
2022-12-19 21:30:09 [NoName         ]              world.cpp:1435   DBG| Finished Asset Loading 
2022-12-19 21:30:09 [NoName         ]              world.cpp:1440   DBG| end of postLoadTask
2022-12-19 21:30:09 [RenderThread   ]     rendercommands.cpp:625   INFO| Resetting RenderMesh Caches. ResetRequest: 1, BufferMaxLoad: 0.31
2022-12-19 21:30:24 [NoName         ]     binarysavedata.cpp:17    INFO| Writing 9 bytes
2022-12-19 21:30:24 [MainThread     ]              world.cpp:1526  INFO| World::Begin() B_Reprieve01 -> B_PreBoss01
2022-12-19 21:30:24 [MainThread     ]    progressmanager.cpp:936   INFO| Lua::Save() : 0.011605 s
2022-12-19 21:30:24 [MainThread     ]    progressmanager.cpp:916   INFO| GatherSaveData : 0.014945 s
2022-12-19 21:30:24 [MainThread     ]       audiomanager.cpp:1057   DBG| Skipped unloading map banks
2022-12-19 21:30:24 [NoName         ]     binarysavedata.cpp:17    INFO| Writing 488182 bytes
2022-12-19 21:30:24 [NoName         ]              world.cpp:1329  INFO| Loading next map: B_PreBoss01
2022-12-19 21:30:24 [NoName         ]              world.cpp:1370  INFO| PreScriptLoad
2022-12-19 21:30:24 [NoName         ]              world.cpp:1382  INFO| PreScriptLoad Done
2022-12-19 21:30:24 [NoName         ]              world.cpp:1398   DBG| load packages took 0.000003
2022-12-19 21:30:24 [NoName         ]              world.cpp:1420   DBG| loadScriptsTask Done 
2022-12-19 21:30:24 [NoName         ]              world.cpp:1424   DBG| Finished Asset Loading 
2022-12-19 21:30:24 [NoName         ]     binaryloaddata.cpp:12    INFO| Reading 245917 bytes
2022-12-19 21:30:24 [NoName         ]       audiomanager.cpp:1022   DBG| Loading map banks for: B_PreBoss01
2022-12-19 21:30:24 [NoName         ]       audiomanager.cpp:775    DBG| Loading bank: Asphodel.bank
2022-12-19 21:30:24 [NoName         ]       audiomanager.cpp:832    DBG| Already loaded :Asphodel.bank
2022-12-19 21:30:24 [NoName         ]              world.cpp:1360   DBG| Map Load took 0.097715
2022-12-19 21:30:24 [NoName         ]              world.cpp:1431   DBG| Calling PostLoad
2022-12-19 21:30:24 [NoName         ]              world.cpp:1433   DBG| Finished PostLaod
2022-12-19 21:30:24 [NoName         ]              world.cpp:1435   DBG| Finished Asset Loading 
2022-12-19 21:30:24 [NoName         ]              world.cpp:1440   DBG| end of postLoadTask
2022-12-19 21:30:24 [RenderThread   ]     rendercommands.cpp:625   INFO| Resetting RenderMesh Caches. ResetRequest: 1, BufferMaxLoad: 0.16
2022-12-19 21:30:28 [NoName         ]     binarysavedata.cpp:17    INFO| Writing 9 bytes
2022-12-19 21:31:28 [NoName         ]     binarysavedata.cpp:17    INFO| Writing 9 bytes
2022-12-19 21:31:28 [MainThread     ]              world.cpp:1526  INFO| World::Begin() B_PreBoss01 -> B_Boss01
2022-12-19 21:31:28 [MainThread     ]    progressmanager.cpp:936   INFO| Lua::Save() : 0.012201 s
2022-12-19 21:31:28 [MainThread     ]    progressmanager.cpp:916   INFO| GatherSaveData : 0.015565 s
2022-12-19 21:31:28 [MainThread     ]       audiomanager.cpp:1057   DBG| Skipped unloading map banks
2022-12-19 21:31:28 [NoName         ]     binarysavedata.cpp:17    INFO| Writing 492431 bytes
2022-12-19 21:31:28 [NoName         ]              world.cpp:1329  INFO| Loading next map: B_Boss01
2022-12-19 21:31:28 [NoName         ]              world.cpp:1370  INFO| PreScriptLoad
2022-12-19 21:31:28 [NoName         ]              world.cpp:1382  INFO| PreScriptLoad Done
2022-12-19 21:31:28 [NoName         ]              world.cpp:1398   DBG| load packages took 0.000003
2022-12-19 21:31:28 [NoName         ]              world.cpp:1420   DBG| loadScriptsTask Done 
2022-12-19 21:31:28 [NoName         ]              world.cpp:1424   DBG| Finished Asset Loading 
2022-12-19 21:31:28 [NoName         ]     binaryloaddata.cpp:12    INFO| Reading 221252 bytes
2022-12-19 21:31:28 [NoName         ]       audiomanager.cpp:1022   DBG| Loading map banks for: B_Boss01
2022-12-19 21:31:28 [NoName         ]       audiomanager.cpp:775    DBG| Loading bank: Asphodel.bank
2022-12-19 21:31:28 [NoName         ]       audiomanager.cpp:832    DBG| Already loaded :Asphodel.bank
2022-12-19 21:31:28 [NoName         ]              world.cpp:1360   DBG| Map Load took 0.103060
2022-12-19 21:31:28 [NoName         ]              world.cpp:1431   DBG| Calling PostLoad
2022-12-19 21:31:28 [NoName         ]              world.cpp:1433   DBG| Finished PostLaod
2022-12-19 21:31:28 [NoName         ]              world.cpp:1435   DBG| Finished Asset Loading 
2022-12-19 21:31:28 [NoName         ]              world.cpp:1440   DBG| end of postLoadTask
2022-12-19 21:31:28 [RenderThread   ]     rendercommands.cpp:625   INFO| Resetting RenderMesh Caches. ResetRequest: 1, BufferMaxLoad: 0.67
2022-12-19 21:31:43 [NoName         ]     binarysavedata.cpp:17    INFO| Writing 9 bytes
2022-12-19 21:33:31 [RenderThread   ]     rendercommands.cpp:625   INFO| Resetting RenderMesh Caches. ResetRequest: 0, BufferMaxLoad: 0.75
2022-12-19 21:33:42 [MainThread     ]    progressmanager.cpp:936   INFO| Lua::Save() : 0.013015 s
2022-12-19 21:33:42 [MainThread     ]    progressmanager.cpp:916   INFO| GatherSaveData : 0.016940 s
2022-12-19 21:33:42 [NoName         ]     binarysavedata.cpp:17    INFO| Writing 494689 bytes
2022-12-19 21:33:42 [NoName         ]     binarysavedata.cpp:17    INFO| Writing 9 bytes
2022-12-19 21:33:59 [NoName         ]     binarysavedata.cpp:17    INFO| Writing 9 bytes
2022-12-19 21:34:30 [NoName         ]     binarysavedata.cpp:17    INFO| Writing 9 bytes
2022-12-19 21:34:30 [MainThread     ]              world.cpp:1526  INFO| World::Begin() B_Boss01 -> B_PostBoss01
2022-12-19 21:34:30 [MainThread     ]    progressmanager.cpp:936   INFO| Lua::Save() : 0.013066 s
2022-12-19 21:34:30 [MainThread     ]    progressmanager.cpp:916   INFO| GatherSaveData : 0.016469 s
2022-12-19 21:34:30 [MainThread     ]       audiomanager.cpp:1057   DBG| Skipped unloading map banks
2022-12-19 21:34:30 [NoName         ]     binarysavedata.cpp:17    INFO| Writing 496186 bytes
2022-12-19 21:34:30 [NoName         ]              world.cpp:1329  INFO| Loading next map: B_PostBoss01
2022-12-19 21:34:30 [NoName         ]              world.cpp:1370  INFO| PreScriptLoad
2022-12-19 21:34:30 [NoName         ]              world.cpp:1382  INFO| PreScriptLoad Done
2022-12-19 21:34:30 [NoName         ]              world.cpp:1398   DBG| load packages took 0.000003
2022-12-19 21:34:30 [NoName         ]              world.cpp:1420   DBG| loadScriptsTask Done 
2022-12-19 21:34:30 [NoName         ]              world.cpp:1424   DBG| Finished Asset Loading 
2022-12-19 21:34:30 [NoName         ]     binaryloaddata.cpp:12    INFO| Reading 186793 bytes
2022-12-19 21:34:30 [NoName         ]       audiomanager.cpp:1022   DBG| Loading map banks for: B_PostBoss01
2022-12-19 21:34:30 [NoName         ]       audiomanager.cpp:775    DBG| Loading bank: Asphodel.bank
2022-12-19 21:34:30 [NoName         ]       audiomanager.cpp:832    DBG| Already loaded :Asphodel.bank
2022-12-19 21:34:30 [NoName         ]              world.cpp:1360   DBG| Map Load took 0.086990
2022-12-19 21:34:30 [NoName         ]              world.cpp:1431   DBG| Calling PostLoad
2022-12-19 21:34:30 [NoName         ]              world.cpp:1433   DBG| Finished PostLaod
2022-12-19 21:34:30 [NoName         ]              world.cpp:1435   DBG| Finished Asset Loading 
2022-12-19 21:34:30 [NoName         ]              world.cpp:1440   DBG| end of postLoadTask
2022-12-19 21:34:31 [RenderThread   ]     rendercommands.cpp:625   INFO| Resetting RenderMesh Caches. ResetRequest: 1, BufferMaxLoad: 0.62
2022-12-19 21:34:59 [RenderThread   ]     rendercommands.cpp:625   INFO| Resetting RenderMesh Caches. ResetRequest: 0, BufferMaxLoad: 0.75
2022-12-19 21:35:01 [NoName         ]     binarysavedata.cpp:17    INFO| Writing 9 bytes
2022-12-19 21:35:01 [MainThread     ]              world.cpp:1526  INFO| World::Begin() B_PostBoss01 -> C_Intro
2022-12-19 21:35:01 [MainThread     ]    progressmanager.cpp:936   INFO| Lua::Save() : 0.011776 s
2022-12-19 21:35:01 [MainThread     ]    progressmanager.cpp:916   INFO| GatherSaveData : 0.015188 s
2022-12-19 21:35:01 [NoName         ]     binarysavedata.cpp:17    INFO| Writing 498902 bytes
2022-12-19 21:35:01 [MainThread     ]       audiomanager.cpp:1062   DBG| Unloading map banks
2022-12-19 21:35:01 [NoName         ]              world.cpp:1329  INFO| Loading next map: C_Intro
2022-12-19 21:35:01 [NoName         ]              world.cpp:1370  INFO| PreScriptLoad
2022-12-19 21:35:01 [NoName         ]              world.cpp:1382  INFO| PreScriptLoad Done
2022-12-19 21:35:01 [NoName         ]   gameassetmanager.cpp:436   INFO| Start reading manifest Elysium
2022-12-19 21:35:01 [NoName         ]   gameassetmanager.cpp:489   INFO| Done reading manifest Elysium
2022-12-19 21:35:01 [NoName         ]              world.cpp:1398   DBG| load packages took 0.006157
2022-12-19 21:35:01 [NoName         ]              world.cpp:1420   DBG| loadScriptsTask Done 
2022-12-19 21:35:01 [NoName         ]              world.cpp:1424   DBG| Finished Asset Loading 
2022-12-19 21:35:01 [GameAssetManagerLoadThread]   gameassetmanager.cpp:515   INFO| Loading package: Elysium.pkg
2022-12-19 21:35:01 [NoName         ]     binaryloaddata.cpp:12    INFO| Reading 177799 bytes
2022-12-19 21:35:01 [NoName         ]       audiomanager.cpp:1022   DBG| Loading map banks for: C_Intro
2022-12-19 21:35:01 [NoName         ]       audiomanager.cpp:775    DBG| Loading bank: Elysium.bank
2022-12-19 21:35:01 [NoName         ]              world.cpp:1360   DBG| Map Load took 0.053182
2022-12-19 21:35:01 [NoName         ]              world.cpp:1431   DBG| Calling PostLoad
2022-12-19 21:35:02 [GameAssetManagerLoadThread]   gameassetmanager.cpp:545   INFO| Package Loaded: Elysium
2022-12-19 21:35:02 [NoName         ]   gameassetmanager.cpp:436   INFO| Start reading manifest AresUpgrade
2022-12-19 21:35:02 [NoName         ]   gameassetmanager.cpp:489   INFO| Done reading manifest AresUpgrade
2022-12-19 21:35:02 [GameAssetManagerLoadThread]   gameassetmanager.cpp:515   INFO| Loading package: AresUpgrade.pkg
2022-12-19 21:35:02 [GameAssetManagerLoadThread]   gameassetmanager.cpp:545   INFO| Package Loaded: AresUpgrade
2022-12-19 21:35:02 [NoName         ]   gameassetmanager.cpp:436   INFO| Start reading manifest AthenaUpgrade
2022-12-19 21:35:02 [NoName         ]   gameassetmanager.cpp:489   INFO| Done reading manifest AthenaUpgrade
2022-12-19 21:35:02 [GameAssetManagerLoadThread]   gameassetmanager.cpp:515   INFO| Loading package: AthenaUpgrade.pkg
2022-12-19 21:35:02 [GameAssetManagerLoadThread]   gameassetmanager.cpp:545   INFO| Package Loaded: AthenaUpgrade
2022-12-19 21:35:02 [NoName         ]  windowsfilesystem.cpp:209    ERR| Error opening file: E:\Entertainments\Hades.v1.38290-P2P\Hades\Content\Win\Packages\TrialUpgrade.pkg_manifest -- rb (error: No such file or directory)
2022-12-19 21:35:02 [NoName         ]  windowsfilesystem.cpp:209    ERR| Error opening file: E:\Entertainments\Hades.v1.38290-P2P\Hades\Content\Win\Packages\TrialUpgrade.pkg_manifest -- rb (error: No such file or directory)
2022-12-19 21:35:02 [GameAssetManagerLoadThread]   gameassetmanager.cpp:515   INFO| Loading package: TrialUpgrade.pkg
2022-12-19 21:35:02 [GameAssetManagerLoadThread]  windowsfilesystem.cpp:209    ERR| Error opening file: E:\Entertainments\Hades.v1.38290-P2P\Hades\Content\Win\Packages\TrialUpgrade.pkg_manifest -- rb (error: No such file or directory)
2022-12-19 21:35:02 [GameAssetManagerLoadThread]  windowsfilesystem.cpp:209    ERR| Error opening file: E:\Entertainments\Hades.v1.38290-P2P\Hades\Content\Win\Packages\TrialUpgrade.pkg -- rb (error: No such file or directory)
2022-12-19 21:35:02 [GameAssetManagerLoadThread]   gameassetmanager.cpp:401    ERR| Package load failed TrialUpgrade.pkg
2022-12-19 21:35:02 [GameAssetManagerLoadThread]   gameassetmanager.cpp:545   INFO| Package Loaded: TrialUpgrade
2022-12-19 21:35:02 [NoName         ]   gameassetmanager.cpp:436   INFO| Start reading manifest DionysusUpgrade
2022-12-19 21:35:02 [NoName         ]   gameassetmanager.cpp:489   INFO| Done reading manifest DionysusUpgrade
2022-12-19 21:35:02 [GameAssetManagerLoadThread]   gameassetmanager.cpp:515   INFO| Loading package: DionysusUpgrade.pkg
2022-12-19 21:35:02 [GameAssetManagerLoadThread]   gameassetmanager.cpp:545   INFO| Package Loaded: DionysusUpgrade
2022-12-19 21:35:02 [NoName         ]   gameassetmanager.cpp:436   INFO| Start reading manifest PoseidonUpgrade
2022-12-19 21:35:02 [NoName         ]   gameassetmanager.cpp:489   INFO| Done reading manifest PoseidonUpgrade
2022-12-19 21:35:02 [GameAssetManagerLoadThread]   gameassetmanager.cpp:515   INFO| Loading package: PoseidonUpgrade.pkg
2022-12-19 21:35:02 [NoName         ]              world.cpp:1433   DBG| Finished PostLaod
2022-12-19 21:35:02 [GameAssetManagerLoadThread]   gameassetmanager.cpp:545   INFO| Package Loaded: PoseidonUpgrade
2022-12-19 21:35:02 [NoName         ]              world.cpp:1435   DBG| Finished Asset Loading 
2022-12-19 21:35:02 [NoName         ]              world.cpp:1440   DBG| end of postLoadTask
2022-12-19 21:35:02 [MainThread     ]   gameassetmanager.cpp:436   INFO| Start reading manifest SwordParry
2022-12-19 21:35:02 [MainThread     ]   gameassetmanager.cpp:489   INFO| Done reading manifest SwordParry
2022-12-19 21:35:02 [GameAssetManagerLoadThread]   gameassetmanager.cpp:515   INFO| Loading package: SwordParry.pkg
2022-12-19 21:35:02 [GameAssetManagerLoadThread]   gameassetmanager.cpp:545   INFO| Package Loaded: SwordParry
2022-12-19 21:35:02 [MainThread     ]   gameassetmanager.cpp:436   INFO| Start reading manifest SwordWeapon
2022-12-19 21:35:02 [MainThread     ]   gameassetmanager.cpp:489   INFO| Done reading manifest SwordWeapon
2022-12-19 21:35:02 [GameAssetManagerLoadThread]   gameassetmanager.cpp:515   INFO| Loading package: SwordWeapon.pkg
2022-12-19 21:35:02 [GameAssetManagerLoadThread]   gameassetmanager.cpp:545   INFO| Package Loaded: SwordWeapon
2022-12-19 21:35:02 [RenderThread   ]     rendercommands.cpp:625   INFO| Resetting RenderMesh Caches. ResetRequest: 1, BufferMaxLoad: 0.11
2022-12-19 21:35:13 [NoName         ]     binarysavedata.cpp:17    INFO| Writing 9 bytes
2022-12-19 21:35:13 [MainThread     ]              world.cpp:1526  INFO| World::Begin() C_Intro -> C_Combat08
2022-12-19 21:35:13 [MainThread     ]    progressmanager.cpp:936   INFO| Lua::Save() : 0.011921 s
2022-12-19 21:35:14 [MainThread     ]    progressmanager.cpp:916   INFO| GatherSaveData : 0.015349 s
2022-12-19 21:35:14 [MainThread     ]       audiomanager.cpp:1057   DBG| Skipped unloading map banks
2022-12-19 21:35:14 [NoName         ]     binarysavedata.cpp:17    INFO| Writing 497801 bytes
2022-12-19 21:35:14 [NoName         ]              world.cpp:1329  INFO| Loading next map: C_Combat08
2022-12-19 21:35:14 [NoName         ]              world.cpp:1370  INFO| PreScriptLoad
2022-12-19 21:35:14 [NoName         ]              world.cpp:1382  INFO| PreScriptLoad Done
2022-12-19 21:35:14 [NoName         ]              world.cpp:1398   DBG| load packages took 0.000003
2022-12-19 21:35:14 [NoName         ]              world.cpp:1420   DBG| loadScriptsTask Done 
2022-12-19 21:35:14 [NoName         ]              world.cpp:1424   DBG| Finished Asset Loading 
2022-12-19 21:35:14 [NoName         ]     binaryloaddata.cpp:12    INFO| Reading 201537 bytes
2022-12-19 21:35:14 [NoName         ]       audiomanager.cpp:1022   DBG| Loading map banks for: C_Combat08
2022-12-19 21:35:14 [NoName         ]       audiomanager.cpp:775    DBG| Loading bank: Elysium.bank
2022-12-19 21:35:14 [NoName         ]       audiomanager.cpp:832    DBG| Already loaded :Elysium.bank
2022-12-19 21:35:14 [NoName         ]              world.cpp:1360   DBG| Map Load took 0.085366
2022-12-19 21:35:14 [NoName         ]              world.cpp:1431   DBG| Calling PostLoad
2022-12-19 21:35:14 [NoName         ]              world.cpp:1433   DBG| Finished PostLaod
2022-12-19 21:35:14 [NoName         ]              world.cpp:1435   DBG| Finished Asset Loading 
2022-12-19 21:35:14 [NoName         ]              world.cpp:1440   DBG| end of postLoadTask
2022-12-19 21:35:14 [RenderThread   ]     rendercommands.cpp:625   INFO| Resetting RenderMesh Caches. ResetRequest: 1, BufferMaxLoad: 0.16
2022-12-19 21:35:45 [NoName         ]     binarysavedata.cpp:17    INFO| Writing 9 bytes
2022-12-19 21:36:04 [MainThread     ]    progressmanager.cpp:936   INFO| Lua::Save() : 0.012156 s
2022-12-19 21:36:04 [MainThread     ]    progressmanager.cpp:916   INFO| GatherSaveData : 0.016054 s
2022-12-19 21:36:04 [NoName         ]     binarysavedata.cpp:17    INFO| Writing 500828 bytes
2022-12-19 21:36:04 [NoName         ]     binarysavedata.cpp:17    INFO| Writing 9 bytes
2022-12-19 21:36:16 [NoName         ]     binarysavedata.cpp:17    INFO| Writing 9 bytes
2022-12-19 21:36:16 [MainThread     ]              world.cpp:1526  INFO| World::Begin() C_Combat08 -> C_Combat06
2022-12-19 21:36:16 [MainThread     ]    progressmanager.cpp:936   INFO| Lua::Save() : 0.012798 s
2022-12-19 21:36:16 [MainThread     ]    progressmanager.cpp:916   INFO| GatherSaveData : 0.016239 s
2022-12-19 21:36:16 [MainThread     ]       audiomanager.cpp:1057   DBG| Skipped unloading map banks
2022-12-19 21:36:16 [NoName         ]     binarysavedata.cpp:17    INFO| Writing 500224 bytes
2022-12-19 21:36:16 [NoName         ]              world.cpp:1329  INFO| Loading next map: C_Combat06
2022-12-19 21:36:16 [NoName         ]              world.cpp:1370  INFO| PreScriptLoad
2022-12-19 21:36:16 [NoName         ]              world.cpp:1382  INFO| PreScriptLoad Done
2022-12-19 21:36:16 [NoName         ]              world.cpp:1398   DBG| load packages took 0.000006
2022-12-19 21:36:16 [NoName         ]              world.cpp:1420   DBG| loadScriptsTask Done 
2022-12-19 21:36:16 [NoName         ]              world.cpp:1424   DBG| Finished Asset Loading 
2022-12-19 21:36:16 [NoName         ]     binaryloaddata.cpp:12    INFO| Reading 235077 bytes
2022-12-19 21:36:16 [NoName         ]       audiomanager.cpp:1022   DBG| Loading map banks for: C_Combat06
2022-12-19 21:36:16 [NoName         ]       audiomanager.cpp:775    DBG| Loading bank: Elysium.bank
2022-12-19 21:36:16 [NoName         ]       audiomanager.cpp:832    DBG| Already loaded :Elysium.bank
2022-12-19 21:36:16 [NoName         ]              world.cpp:1360   DBG| Map Load took 0.079812
2022-12-19 21:36:16 [NoName         ]              world.cpp:1431   DBG| Calling PostLoad
2022-12-19 21:36:16 [NoName         ]              world.cpp:1433   DBG| Finished PostLaod
2022-12-19 21:36:16 [NoName         ]              world.cpp:1435   DBG| Finished Asset Loading 
2022-12-19 21:36:16 [NoName         ]              world.cpp:1440   DBG| end of postLoadTask
2022-12-19 21:36:16 [RenderThread   ]     rendercommands.cpp:625   INFO| Resetting RenderMesh Caches. ResetRequest: 1, BufferMaxLoad: 0.39
2022-12-19 21:36:51 [MainThread     ]    progressmanager.cpp:936   INFO| Lua::Save() : 0.012564 s
2022-12-19 21:36:51 [MainThread     ]    progressmanager.cpp:916   INFO| GatherSaveData : 0.016572 s
2022-12-19 21:36:51 [NoName         ]     binarysavedata.cpp:17    INFO| Writing 505553 bytes
2022-12-19 21:36:51 [NoName         ]     binarysavedata.cpp:17    INFO| Writing 9 bytes
2022-12-19 21:37:09 [NoName         ]     binarysavedata.cpp:17    INFO| Writing 9 bytes
2022-12-19 21:37:32 [NoName         ]     binarysavedata.cpp:17    INFO| Writing 9 bytes
2022-12-19 21:37:32 [MainThread     ]              world.cpp:1526  INFO| World::Begin() C_Combat06 -> C_Combat11
2022-12-19 21:37:32 [MainThread     ]    progressmanager.cpp:936   INFO| Lua::Save() : 0.012598 s
2022-12-19 21:37:32 [MainThread     ]    progressmanager.cpp:916   INFO| GatherSaveData : 0.016073 s
2022-12-19 21:37:32 [MainThread     ]       audiomanager.cpp:1057   DBG| Skipped unloading map banks
2022-12-19 21:37:32 [NoName         ]     binarysavedata.cpp:17    INFO| Writing 504663 bytes
2022-12-19 21:37:32 [NoName         ]              world.cpp:1329  INFO| Loading next map: C_Combat11
2022-12-19 21:37:32 [NoName         ]              world.cpp:1370  INFO| PreScriptLoad
2022-12-19 21:37:32 [NoName         ]              world.cpp:1382  INFO| PreScriptLoad Done
2022-12-19 21:37:32 [NoName         ]              world.cpp:1398   DBG| load packages took 0.000003
2022-12-19 21:37:32 [NoName         ]              world.cpp:1420   DBG| loadScriptsTask Done 
2022-12-19 21:37:32 [NoName         ]              world.cpp:1424   DBG| Finished Asset Loading 
2022-12-19 21:37:32 [NoName         ]     binaryloaddata.cpp:12    INFO| Reading 275129 bytes
2022-12-19 21:37:32 [NoName         ]       audiomanager.cpp:1022   DBG| Loading map banks for: C_Combat11
2022-12-19 21:37:32 [NoName         ]       audiomanager.cpp:775    DBG| Loading bank: Elysium.bank
2022-12-19 21:37:32 [NoName         ]       audiomanager.cpp:832    DBG| Already loaded :Elysium.bank
2022-12-19 21:37:32 [NoName         ]              world.cpp:1360   DBG| Map Load took 0.074454
2022-12-19 21:37:32 [NoName         ]              world.cpp:1431   DBG| Calling PostLoad
2022-12-19 21:37:32 [NoName         ]              world.cpp:1433   DBG| Finished PostLaod
2022-12-19 21:37:32 [NoName         ]              world.cpp:1435   DBG| Finished Asset Loading 
2022-12-19 21:37:32 [NoName         ]              world.cpp:1440   DBG| end of postLoadTask
2022-12-19 21:37:32 [RenderThread   ]     rendercommands.cpp:625   INFO| Resetting RenderMesh Caches. ResetRequest: 1, BufferMaxLoad: 0.69
2022-12-19 21:38:10 [NoName         ]     binarysavedata.cpp:17    INFO| Writing 9 bytes
2022-12-19 21:38:34 [MainThread     ]    progressmanager.cpp:936   INFO| Lua::Save() : 0.013313 s
2022-12-19 21:38:34 [MainThread     ]    progressmanager.cpp:916   INFO| GatherSaveData : 0.017377 s
2022-12-19 21:38:34 [NoName         ]     binarysavedata.cpp:17    INFO| Writing 507966 bytes
2022-12-19 21:38:34 [NoName         ]     binarysavedata.cpp:17    INFO| Writing 9 bytes
2022-12-19 21:38:45 [NoName         ]     binarysavedata.cpp:17    INFO| Writing 9 bytes
2022-12-19 21:38:45 [MainThread     ]              world.cpp:1526  INFO| World::Begin() C_Combat11 -> C_Shop01
2022-12-19 21:38:45 [MainThread     ]    progressmanager.cpp:936   INFO| Lua::Save() : 0.013603 s
2022-12-19 21:38:45 [MainThread     ]    progressmanager.cpp:916   INFO| GatherSaveData : 0.017090 s
2022-12-19 21:38:45 [MainThread     ]       audiomanager.cpp:1057   DBG| Skipped unloading map banks
2022-12-19 21:38:45 [NoName         ]     binarysavedata.cpp:17    INFO| Writing 507379 bytes
2022-12-19 21:38:45 [NoName         ]              world.cpp:1329  INFO| Loading next map: C_Shop01
2022-12-19 21:38:45 [NoName         ]              world.cpp:1370  INFO| PreScriptLoad
2022-12-19 21:38:45 [NoName         ]              world.cpp:1382  INFO| PreScriptLoad Done
2022-12-19 21:38:45 [NoName         ]              world.cpp:1398   DBG| load packages took 0.000003
2022-12-19 21:38:45 [NoName         ]              world.cpp:1420   DBG| loadScriptsTask Done 
2022-12-19 21:38:45 [NoName         ]              world.cpp:1424   DBG| Finished Asset Loading 
2022-12-19 21:38:45 [NoName         ]     binaryloaddata.cpp:12    INFO| Reading 113389 bytes
2022-12-19 21:38:45 [NoName         ]       audiomanager.cpp:1022   DBG| Loading map banks for: C_Shop01
2022-12-19 21:38:45 [NoName         ]       audiomanager.cpp:775    DBG| Loading bank: Elysium.bank
2022-12-19 21:38:45 [NoName         ]       audiomanager.cpp:832    DBG| Already loaded :Elysium.bank
2022-12-19 21:38:45 [NoName         ]              world.cpp:1360   DBG| Map Load took 0.094644
2022-12-19 21:38:45 [NoName         ]              world.cpp:1431   DBG| Calling PostLoad
2022-12-19 21:38:45 [NoName         ]              world.cpp:1433   DBG| Finished PostLaod
2022-12-19 21:38:45 [NoName         ]              world.cpp:1435   DBG| Finished Asset Loading 
2022-12-19 21:38:45 [NoName         ]              world.cpp:1440   DBG| end of postLoadTask
2022-12-19 21:38:46 [RenderThread   ]     rendercommands.cpp:625   INFO| Resetting RenderMesh Caches. ResetRequest: 1, BufferMaxLoad: 0.58
2022-12-19 21:38:51 [NoName         ]     binarysavedata.cpp:17    INFO| Writing 9 bytes
2022-12-19 21:39:18 [NoName         ]     binarysavedata.cpp:17    INFO| Writing 9 bytes
2022-12-19 21:39:18 [MainThread     ]              world.cpp:1526  INFO| World::Begin() C_Shop01 -> C_MiniBoss01
2022-12-19 21:39:18 [MainThread     ]    progressmanager.cpp:936   INFO| Lua::Save() : 0.013778 s
2022-12-19 21:39:18 [MainThread     ]    progressmanager.cpp:916   INFO| GatherSaveData : 0.017280 s
2022-12-19 21:39:18 [MainThread     ]       audiomanager.cpp:1057   DBG| Skipped unloading map banks
2022-12-19 21:39:18 [NoName         ]     binarysavedata.cpp:17    INFO| Writing 511363 bytes
2022-12-19 21:39:18 [NoName         ]              world.cpp:1329  INFO| Loading next map: C_MiniBoss01
2022-12-19 21:39:18 [NoName         ]              world.cpp:1370  INFO| PreScriptLoad
2022-12-19 21:39:18 [NoName         ]              world.cpp:1382  INFO| PreScriptLoad Done
2022-12-19 21:39:18 [NoName         ]              world.cpp:1398   DBG| load packages took 0.000003
2022-12-19 21:39:18 [NoName         ]              world.cpp:1420   DBG| loadScriptsTask Done 
2022-12-19 21:39:18 [NoName         ]              world.cpp:1424   DBG| Finished Asset Loading 
2022-12-19 21:39:18 [NoName         ]     binaryloaddata.cpp:12    INFO| Reading 235803 bytes
2022-12-19 21:39:18 [NoName         ]       audiomanager.cpp:1022   DBG| Loading map banks for: C_MiniBoss01
2022-12-19 21:39:18 [NoName         ]       audiomanager.cpp:775    DBG| Loading bank: Elysium.bank
2022-12-19 21:39:18 [NoName         ]       audiomanager.cpp:832    DBG| Already loaded :Elysium.bank
2022-12-19 21:39:18 [NoName         ]              world.cpp:1360   DBG| Map Load took 0.092238
2022-12-19 21:39:18 [NoName         ]              world.cpp:1431   DBG| Calling PostLoad
2022-12-19 21:39:18 [NoName         ]              world.cpp:1433   DBG| Finished PostLaod
2022-12-19 21:39:18 [NoName         ]              world.cpp:1435   DBG| Finished Asset Loading 
2022-12-19 21:39:18 [NoName         ]              world.cpp:1440   DBG| end of postLoadTask
2022-12-19 21:39:18 [RenderThread   ]     rendercommands.cpp:625   INFO| Resetting RenderMesh Caches. ResetRequest: 1, BufferMaxLoad: 0.16
2022-12-19 21:39:40 [NoName         ]     binarysavedata.cpp:17    INFO| Writing 9 bytes
2022-12-19 21:41:07 [RenderThread   ]     rendercommands.cpp:625   INFO| Resetting RenderMesh Caches. ResetRequest: 0, BufferMaxLoad: 0.75
2022-12-19 21:41:32 [MainThread     ]    progressmanager.cpp:936   INFO| Lua::Save() : 0.013008 s
2022-12-19 21:41:32 [MainThread     ]    progressmanager.cpp:916   INFO| GatherSaveData : 0.016944 s
2022-12-19 21:41:32 [NoName         ]     binarysavedata.cpp:17    INFO| Writing 515414 bytes
2022-12-19 21:41:32 [NoName         ]     binarysavedata.cpp:17    INFO| Writing 9 bytes
2022-12-19 21:41:37 [NoName         ]     binarysavedata.cpp:17    INFO| Writing 9 bytes
2022-12-19 21:41:37 [MainThread     ]              world.cpp:1526  INFO| World::Begin() C_MiniBoss01 -> C_Combat03
2022-12-19 21:41:37 [MainThread     ]    progressmanager.cpp:936   INFO| Lua::Save() : 0.045054 s
2022-12-19 21:41:37 [MainThread     ]    progressmanager.cpp:916   INFO| GatherSaveData : 0.048529 s
2022-12-19 21:41:37 [MainThread     ]       audiomanager.cpp:1057   DBG| Skipped unloading map banks
2022-12-19 21:41:37 [NoName         ]     binarysavedata.cpp:17    INFO| Writing 514125 bytes
2022-12-19 21:41:37 [NoName         ]              world.cpp:1329  INFO| Loading next map: C_Combat03
2022-12-19 21:41:37 [NoName         ]              world.cpp:1370  INFO| PreScriptLoad
2022-12-19 21:41:37 [NoName         ]              world.cpp:1382  INFO| PreScriptLoad Done
2022-12-19 21:41:37 [NoName         ]              world.cpp:1398   DBG| load packages took 0.000003
2022-12-19 21:41:37 [NoName         ]              world.cpp:1420   DBG| loadScriptsTask Done 
2022-12-19 21:41:37 [NoName         ]              world.cpp:1424   DBG| Finished Asset Loading 
2022-12-19 21:41:37 [NoName         ]     binaryloaddata.cpp:12    INFO| Reading 215211 bytes
2022-12-19 21:41:37 [NoName         ]       audiomanager.cpp:1022   DBG| Loading map banks for: C_Combat03
2022-12-19 21:41:37 [NoName         ]       audiomanager.cpp:775    DBG| Loading bank: Elysium.bank
2022-12-19 21:41:37 [NoName         ]       audiomanager.cpp:832    DBG| Already loaded :Elysium.bank
2022-12-19 21:41:37 [NoName         ]              world.cpp:1360   DBG| Map Load took 0.079992
2022-12-19 21:41:37 [NoName         ]              world.cpp:1431   DBG| Calling PostLoad
2022-12-19 21:41:37 [NoName         ]              world.cpp:1433   DBG| Finished PostLaod
2022-12-19 21:41:37 [NoName         ]              world.cpp:1435   DBG| Finished Asset Loading 
2022-12-19 21:41:37 [NoName         ]              world.cpp:1440   DBG| end of postLoadTask
2022-12-19 21:41:37 [RenderThread   ]     rendercommands.cpp:625   INFO| Resetting RenderMesh Caches. ResetRequest: 1, BufferMaxLoad: 0.18
2022-12-19 21:42:12 [NoName         ]     binarysavedata.cpp:17    INFO| Writing 9 bytes
2022-12-19 21:42:39 [MainThread     ]    progressmanager.cpp:936   INFO| Lua::Save() : 0.014119 s
2022-12-19 21:42:39 [MainThread     ]    progressmanager.cpp:916   INFO| GatherSaveData : 0.018418 s
2022-12-19 21:42:39 [NoName         ]     binarysavedata.cpp:17    INFO| Writing 521037 bytes
2022-12-19 21:42:39 [NoName         ]     binarysavedata.cpp:17    INFO| Writing 9 bytes
2022-12-19 21:42:51 [NoName         ]     binarysavedata.cpp:17    INFO| Writing 9 bytes
2022-12-19 21:42:51 [MainThread     ]              world.cpp:1526  INFO| World::Begin() C_Combat03 -> C_Combat10
2022-12-19 21:42:51 [MainThread     ]    progressmanager.cpp:936   INFO| Lua::Save() : 0.013217 s
2022-12-19 21:42:51 [MainThread     ]    progressmanager.cpp:916   INFO| GatherSaveData : 0.016807 s
2022-12-19 21:42:51 [MainThread     ]       audiomanager.cpp:1057   DBG| Skipped unloading map banks
2022-12-19 21:42:51 [NoName         ]     binarysavedata.cpp:17    INFO| Writing 520435 bytes
2022-12-19 21:42:51 [NoName         ]              world.cpp:1370  INFO| PreScriptLoad
2022-12-19 21:42:51 [NoName         ]              world.cpp:1382  INFO| PreScriptLoad Done
2022-12-19 21:42:51 [NoName         ]              world.cpp:1398   DBG| load packages took 0.000002
2022-12-19 21:42:51 [NoName         ]              world.cpp:1420   DBG| loadScriptsTask Done 
2022-12-19 21:42:51 [NoName         ]              world.cpp:1424   DBG| Finished Asset Loading 
2022-12-19 21:42:51 [NoName         ]              world.cpp:1329  INFO| Loading next map: C_Combat10
2022-12-19 21:42:51 [NoName         ]     binaryloaddata.cpp:12    INFO| Reading 217171 bytes
2022-12-19 21:42:51 [NoName         ]       audiomanager.cpp:1022   DBG| Loading map banks for: C_Combat10
2022-12-19 21:42:51 [NoName         ]       audiomanager.cpp:775    DBG| Loading bank: Elysium.bank
2022-12-19 21:42:51 [NoName         ]       audiomanager.cpp:832    DBG| Already loaded :Elysium.bank
2022-12-19 21:42:51 [NoName         ]              world.cpp:1360   DBG| Map Load took 0.096815
2022-12-19 21:42:51 [NoName         ]              world.cpp:1431   DBG| Calling PostLoad
2022-12-19 21:42:51 [NoName         ]              world.cpp:1433   DBG| Finished PostLaod
2022-12-19 21:42:51 [NoName         ]              world.cpp:1435   DBG| Finished Asset Loading 
2022-12-19 21:42:51 [NoName         ]              world.cpp:1440   DBG| end of postLoadTask
2022-12-19 21:42:52 [RenderThread   ]     rendercommands.cpp:625   INFO| Resetting RenderMesh Caches. ResetRequest: 1, BufferMaxLoad: 0.69
2022-12-19 21:43:16 [NoName         ]     binarysavedata.cpp:17    INFO| Writing 9 bytes
2022-12-19 21:43:29 [MainThread     ]    progressmanager.cpp:936   INFO| Lua::Save() : 0.013509 s
2022-12-19 21:43:29 [MainThread     ]    progressmanager.cpp:916   INFO| GatherSaveData : 0.017569 s
2022-12-19 21:43:29 [NoName         ]     binarysavedata.cpp:17    INFO| Writing 523402 bytes
2022-12-19 21:43:29 [NoName         ]     binarysavedata.cpp:17    INFO| Writing 9 bytes
2022-12-19 21:43:41 [NoName         ]     binarysavedata.cpp:17    INFO| Writing 9 bytes
2022-12-19 21:43:41 [MainThread     ]              world.cpp:1526  INFO| World::Begin() C_Combat10 -> C_Story01
2022-12-19 21:43:42 [MainThread     ]    progressmanager.cpp:936   INFO| Lua::Save() : 0.013086 s
2022-12-19 21:43:42 [MainThread     ]    progressmanager.cpp:916   INFO| GatherSaveData : 0.016699 s
2022-12-19 21:43:42 [MainThread     ]       audiomanager.cpp:1057   DBG| Skipped unloading map banks
2022-12-19 21:43:42 [NoName         ]     binarysavedata.cpp:17    INFO| Writing 522130 bytes
2022-12-19 21:43:42 [NoName         ]              world.cpp:1329  INFO| Loading next map: C_Story01
2022-12-19 21:43:42 [NoName         ]              world.cpp:1370  INFO| PreScriptLoad
2022-12-19 21:43:42 [NoName         ]              world.cpp:1382  INFO| PreScriptLoad Done
2022-12-19 21:43:42 [NoName         ]              world.cpp:1398   DBG| load packages took 0.000003
2022-12-19 21:43:42 [NoName         ]              world.cpp:1420   DBG| loadScriptsTask Done 
2022-12-19 21:43:42 [NoName         ]              world.cpp:1424   DBG| Finished Asset Loading 
2022-12-19 21:43:42 [NoName         ]     binaryloaddata.cpp:12    INFO| Reading 180998 bytes
2022-12-19 21:43:42 [NoName         ]       audiomanager.cpp:1022   DBG| Loading map banks for: C_Story01
2022-12-19 21:43:42 [NoName         ]       audiomanager.cpp:775    DBG| Loading bank: Elysium.bank
2022-12-19 21:43:42 [NoName         ]       audiomanager.cpp:832    DBG| Already loaded :Elysium.bank
2022-12-19 21:43:42 [NoName         ]              world.cpp:1360   DBG| Map Load took 0.075624
2022-12-19 21:43:42 [NoName         ]              world.cpp:1431   DBG| Calling PostLoad
2022-12-19 21:43:42 [NoName         ]              world.cpp:1433   DBG| Finished PostLaod
2022-12-19 21:43:42 [NoName         ]              world.cpp:1435   DBG| Finished Asset Loading 
2022-12-19 21:43:42 [NoName         ]              world.cpp:1440   DBG| end of postLoadTask
2022-12-19 21:43:42 [RenderThread   ]     rendercommands.cpp:625   INFO| Resetting RenderMesh Caches. ResetRequest: 1, BufferMaxLoad: 0.60
2022-12-19 21:43:45 [NoName         ]     binarysavedata.cpp:17    INFO| Writing 9 bytes
2022-12-19 21:44:35 [RenderThread   ]     rendercommands.cpp:625   INFO| Resetting RenderMesh Caches. ResetRequest: 0, BufferMaxLoad: 0.75
2022-12-19 21:44:37 [NoName         ]     binarysavedata.cpp:17    INFO| Writing 9 bytes
2022-12-19 21:44:37 [MainThread     ]              world.cpp:1526  INFO| World::Begin() C_Story01 -> C_PreBoss01
2022-12-19 21:44:37 [MainThread     ]    progressmanager.cpp:936   INFO| Lua::Save() : 0.013295 s
2022-12-19 21:44:37 [MainThread     ]    progressmanager.cpp:916   INFO| GatherSaveData : 0.016914 s
2022-12-19 21:44:37 [MainThread     ]       audiomanager.cpp:1057   DBG| Skipped unloading map banks
2022-12-19 21:44:37 [NoName         ]     binarysavedata.cpp:17    INFO| Writing 528633 bytes
2022-12-19 21:44:37 [NoName         ]              world.cpp:1329  INFO| Loading next map: C_PreBoss01
2022-12-19 21:44:37 [NoName         ]              world.cpp:1370  INFO| PreScriptLoad
2022-12-19 21:44:37 [NoName         ]              world.cpp:1382  INFO| PreScriptLoad Done
2022-12-19 21:44:37 [NoName         ]              world.cpp:1398   DBG| load packages took 0.000004
2022-12-19 21:44:37 [NoName         ]              world.cpp:1420   DBG| loadScriptsTask Done 
2022-12-19 21:44:37 [NoName         ]              world.cpp:1424   DBG| Finished Asset Loading 
2022-12-19 21:44:37 [NoName         ]     binaryloaddata.cpp:12    INFO| Reading 146498 bytes
2022-12-19 21:44:37 [NoName         ]       audiomanager.cpp:1022   DBG| Loading map banks for: C_PreBoss01
2022-12-19 21:44:37 [NoName         ]       audiomanager.cpp:775    DBG| Loading bank: Elysium.bank
2022-12-19 21:44:37 [NoName         ]       audiomanager.cpp:832    DBG| Already loaded :Elysium.bank
2022-12-19 21:44:37 [NoName         ]              world.cpp:1360   DBG| Map Load took 0.086553
2022-12-19 21:44:37 [NoName         ]              world.cpp:1431   DBG| Calling PostLoad
2022-12-19 21:44:37 [NoName         ]              world.cpp:1433   DBG| Finished PostLaod
2022-12-19 21:44:37 [NoName         ]              world.cpp:1435   DBG| Finished Asset Loading 
2022-12-19 21:44:37 [NoName         ]              world.cpp:1440   DBG| end of postLoadTask
2022-12-19 21:44:38 [RenderThread   ]     rendercommands.cpp:625   INFO| Resetting RenderMesh Caches. ResetRequest: 1, BufferMaxLoad: 0.06
2022-12-19 21:44:47 [NoName         ]     binarysavedata.cpp:17    INFO| Writing 9 bytes
2022-12-19 21:45:10 [MainThread     ]  windowsfilesystem.cpp:209    ERR| Error opening file: E:\Entertainments\Hades.v1.38290-P2P\Hades\Content\Game\PauseScreen.sjson -- rb (error: No such file or directory)
2022-12-19 21:45:10 [MainThread     ]              world.cpp:1593  INFO| World::Stop()
2022-12-19 21:45:17 [NoName         ]     binarysavedata.cpp:17    INFO| Writing 9 bytes
2022-12-19 21:45:18 [MainThread     ]              world.cpp:1526  INFO| World::Begin() C_PreBoss01 -> C_Boss01
2022-12-19 21:45:18 [MainThread     ]    progressmanager.cpp:936   INFO| Lua::Save() : 0.014026 s
2022-12-19 21:45:18 [MainThread     ]    progressmanager.cpp:916   INFO| GatherSaveData : 0.017661 s
2022-12-19 21:45:18 [MainThread     ]       audiomanager.cpp:1057   DBG| Skipped unloading map banks
2022-12-19 21:45:18 [NoName         ]     binarysavedata.cpp:17    INFO| Writing 533382 bytes
2022-12-19 21:45:18 [NoName         ]              world.cpp:1329  INFO| Loading next map: C_Boss01
2022-12-19 21:45:18 [NoName         ]              world.cpp:1370  INFO| PreScriptLoad
2022-12-19 21:45:18 [NoName         ]              world.cpp:1382  INFO| PreScriptLoad Done
2022-12-19 21:45:18 [NoName         ]              world.cpp:1398   DBG| load packages took 0.000003
2022-12-19 21:45:18 [NoName         ]              world.cpp:1420   DBG| loadScriptsTask Done 
2022-12-19 21:45:18 [NoName         ]              world.cpp:1424   DBG| Finished Asset Loading 
2022-12-19 21:45:18 [NoName         ]     binaryloaddata.cpp:12    INFO| Reading 336279 bytes
2022-12-19 21:45:18 [NoName         ]       audiomanager.cpp:1022   DBG| Loading map banks for: C_Boss01
2022-12-19 21:45:18 [NoName         ]       audiomanager.cpp:775    DBG| Loading bank: Elysium.bank
2022-12-19 21:45:18 [NoName         ]       audiomanager.cpp:832    DBG| Already loaded :Elysium.bank
2022-12-19 21:45:18 [NoName         ]              world.cpp:1360   DBG| Map Load took 0.098705
2022-12-19 21:45:18 [NoName         ]              world.cpp:1431   DBG| Calling PostLoad
2022-12-19 21:45:18 [NoName         ]              world.cpp:1433   DBG| Finished PostLaod
2022-12-19 21:45:18 [NoName         ]              world.cpp:1435   DBG| Finished Asset Loading 
2022-12-19 21:45:18 [NoName         ]              world.cpp:1440   DBG| end of postLoadTask
2022-12-19 21:45:18 [RenderThread   ]     rendercommands.cpp:625   INFO| Resetting RenderMesh Caches. ResetRequest: 1, BufferMaxLoad: 0.31
2022-12-19 21:45:18 [MainThread     ]   gameassetmanager.cpp:436   INFO| Start reading manifest ArtemisUpgrade
2022-12-19 21:45:18 [MainThread     ]   gameassetmanager.cpp:489   INFO| Done reading manifest ArtemisUpgrade
2022-12-19 21:45:18 [GameAssetManagerLoadThread]   gameassetmanager.cpp:515   INFO| Loading package: ArtemisUpgrade.pkg
2022-12-19 21:45:18 [GameAssetManagerLoadThread]   gameassetmanager.cpp:545   INFO| Package Loaded: ArtemisUpgrade
2022-12-19 21:45:19 [MainThread     ]  windowsfilesystem.cpp:209    ERR| Error opening file: E:\Entertainments\Hades.v1.38290-P2P\Hades\Content\Game\PauseScreen.sjson -- rb (error: No such file or directory)
2022-12-19 21:45:19 [MainThread     ]              world.cpp:1593  INFO| World::Stop()
2022-12-19 21:45:21 [MainThread     ]            program.cpp:369   INFO| Window Inactive
2022-12-19 21:45:40 [MainThread     ]            program.cpp:352   INFO| Window Active
2022-12-19 21:45:40 [MainThread     ]            program.cpp:352   INFO| Window Active
2022-12-19 21:45:50 [MainThread     ]            program.cpp:369   INFO| Window Inactive
2022-12-19 21:46:16 [MainThread     ]            program.cpp:352   INFO| Window Active
2022-12-19 21:46:16 [MainThread     ]            program.cpp:352   INFO| Window Active
2022-12-19 21:46:37 [NoName         ]     binarysavedata.cpp:17    INFO| Writing 9 bytes
2022-12-19 21:47:57 [RenderThread   ]     rendercommands.cpp:625   INFO| Resetting RenderMesh Caches. ResetRequest: 0, BufferMaxLoad: 0.75
2022-12-19 21:49:22 [MainThread     ]    progressmanager.cpp:936   INFO| Lua::Save() : 0.016585 s
2022-12-19 21:49:22 [MainThread     ]    progressmanager.cpp:916   INFO| GatherSaveData : 0.020394 s
2022-12-19 21:49:22 [NoName         ]     binarysavedata.cpp:17    INFO| Writing 535309 bytes
2022-12-19 21:49:22 [NoName         ]     binarysavedata.cpp:17    INFO| Writing 9 bytes
2022-12-19 21:49:28 [NoName         ]     binarysavedata.cpp:17    INFO| Writing 9 bytes
2022-12-19 21:49:28 [MainThread     ]              world.cpp:1526  INFO| World::Begin() C_Boss01 -> C_PostBoss01
2022-12-19 21:49:28 [MainThread     ]    progressmanager.cpp:936   INFO| Lua::Save() : 0.014572 s
2022-12-19 21:49:28 [MainThread     ]    progressmanager.cpp:916   INFO| GatherSaveData : 0.018268 s
2022-12-19 21:49:28 [MainThread     ]       audiomanager.cpp:1057   DBG| Skipped unloading map banks
2022-12-19 21:49:28 [NoName         ]     binarysavedata.cpp:17    INFO| Writing 535650 bytes
2022-12-19 21:49:28 [NoName         ]              world.cpp:1329  INFO| Loading next map: C_PostBoss01
2022-12-19 21:49:28 [NoName         ]              world.cpp:1370  INFO| PreScriptLoad
2022-12-19 21:49:28 [NoName         ]              world.cpp:1382  INFO| PreScriptLoad Done
2022-12-19 21:49:28 [NoName         ]              world.cpp:1398   DBG| load packages took 0.000004
2022-12-19 21:49:28 [NoName         ]              world.cpp:1420   DBG| loadScriptsTask Done 
2022-12-19 21:49:28 [NoName         ]              world.cpp:1424   DBG| Finished Asset Loading 
2022-12-19 21:49:28 [NoName         ]     binaryloaddata.cpp:12    INFO| Reading 186342 bytes
2022-12-19 21:49:28 [NoName         ]       audiomanager.cpp:1022   DBG| Loading map banks for: C_PostBoss01
2022-12-19 21:49:28 [NoName         ]       audiomanager.cpp:775    DBG| Loading bank: Elysium.bank
2022-12-19 21:49:29 [NoName         ]       audiomanager.cpp:832    DBG| Already loaded :Elysium.bank
2022-12-19 21:49:29 [NoName         ]              world.cpp:1360   DBG| Map Load took 0.078852
2022-12-19 21:49:29 [NoName         ]              world.cpp:1431   DBG| Calling PostLoad
2022-12-19 21:49:29 [NoName         ]              world.cpp:1433   DBG| Finished PostLaod
2022-12-19 21:49:29 [NoName         ]              world.cpp:1435   DBG| Finished Asset Loading 
2022-12-19 21:49:29 [NoName         ]              world.cpp:1440   DBG| end of postLoadTask
2022-12-19 21:49:29 [RenderThread   ]     rendercommands.cpp:625   INFO| Resetting RenderMesh Caches. ResetRequest: 1, BufferMaxLoad: 0.47
2022-12-19 21:49:57 [RenderThread   ]     rendercommands.cpp:625   INFO| Resetting RenderMesh Caches. ResetRequest: 0, BufferMaxLoad: 0.75
2022-12-19 21:50:00 [NoName         ]     binarysavedata.cpp:17    INFO| Writing 9 bytes
2022-12-19 21:50:00 [MainThread     ]              world.cpp:1526  INFO| World::Begin() C_PostBoss01 -> D_Intro
2022-12-19 21:50:00 [MainThread     ]    progressmanager.cpp:936   INFO| Lua::Save() : 0.014248 s
2022-12-19 21:50:00 [MainThread     ]    progressmanager.cpp:916   INFO| GatherSaveData : 0.017947 s
2022-12-19 21:50:00 [NoName         ]     binarysavedata.cpp:17    INFO| Writing 539047 bytes
2022-12-19 21:50:00 [MainThread     ]       audiomanager.cpp:1062   DBG| Unloading map banks
2022-12-19 21:50:00 [NoName         ]              world.cpp:1329  INFO| Loading next map: D_Intro
2022-12-19 21:50:00 [NoName         ]              world.cpp:1370  INFO| PreScriptLoad
2022-12-19 21:50:00 [NoName         ]              world.cpp:1382  INFO| PreScriptLoad Done
2022-12-19 21:50:00 [NoName         ]   gameassetmanager.cpp:436   INFO| Start reading manifest Styx
2022-12-19 21:50:00 [NoName         ]   gameassetmanager.cpp:489   INFO| Done reading manifest Styx
2022-12-19 21:50:00 [NoName         ]              world.cpp:1398   DBG| load packages took 0.011330
2022-12-19 21:50:00 [GameAssetManagerLoadThread]   gameassetmanager.cpp:515   INFO| Loading package: Styx.pkg
2022-12-19 21:50:00 [NoName         ]              world.cpp:1420   DBG| loadScriptsTask Done 
2022-12-19 21:50:00 [NoName         ]     binaryloaddata.cpp:12    INFO| Reading 130184 bytes
2022-12-19 21:50:00 [NoName         ]       audiomanager.cpp:1022   DBG| Loading map banks for: D_Intro
2022-12-19 21:50:00 [NoName         ]              world.cpp:1360   DBG| Map Load took 0.013741
2022-12-19 21:50:00 [GameAssetManagerLoadThread]   gameassetmanager.cpp:545   INFO| Package Loaded: Styx
2022-12-19 21:50:00 [NoName         ]              world.cpp:1424   DBG| Finished Asset Loading 
2022-12-19 21:50:00 [NoName         ]              world.cpp:1431   DBG| Calling PostLoad
2022-12-19 21:50:00 [NoName         ]   gameassetmanager.cpp:436   INFO| Start reading manifest AresUpgrade
2022-12-19 21:50:00 [NoName         ]   gameassetmanager.cpp:489   INFO| Done reading manifest AresUpgrade
2022-12-19 21:50:00 [GameAssetManagerLoadThread]   gameassetmanager.cpp:515   INFO| Loading package: AresUpgrade.pkg
2022-12-19 21:50:00 [GameAssetManagerLoadThread]   gameassetmanager.cpp:545   INFO| Package Loaded: AresUpgrade
2022-12-19 21:50:00 [NoName         ]   gameassetmanager.cpp:436   INFO| Start reading manifest PoseidonUpgrade
2022-12-19 21:50:00 [NoName         ]   gameassetmanager.cpp:489   INFO| Done reading manifest PoseidonUpgrade
2022-12-19 21:50:00 [GameAssetManagerLoadThread]   gameassetmanager.cpp:515   INFO| Loading package: PoseidonUpgrade.pkg
2022-12-19 21:50:00 [GameAssetManagerLoadThread]   gameassetmanager.cpp:545   INFO| Package Loaded: PoseidonUpgrade
2022-12-19 21:50:00 [NoName         ]   gameassetmanager.cpp:436   INFO| Start reading manifest AthenaUpgrade
2022-12-19 21:50:00 [NoName         ]   gameassetmanager.cpp:489   INFO| Done reading manifest AthenaUpgrade
2022-12-19 21:50:00 [GameAssetManagerLoadThread]   gameassetmanager.cpp:515   INFO| Loading package: AthenaUpgrade.pkg
2022-12-19 21:50:00 [GameAssetManagerLoadThread]   gameassetmanager.cpp:545   INFO| Package Loaded: AthenaUpgrade
2022-12-19 21:50:00 [NoName         ]  windowsfilesystem.cpp:209    ERR| Error opening file: E:\Entertainments\Hades.v1.38290-P2P\Hades\Content\Win\Packages\TrialUpgrade.pkg_manifest -- rb (error: No such file or directory)
2022-12-19 21:50:00 [NoName         ]  windowsfilesystem.cpp:209    ERR| Error opening file: E:\Entertainments\Hades.v1.38290-P2P\Hades\Content\Win\Packages\TrialUpgrade.pkg_manifest -- rb (error: No such file or directory)
2022-12-19 21:50:00 [GameAssetManagerLoadThread]   gameassetmanager.cpp:515   INFO| Loading package: TrialUpgrade.pkg
2022-12-19 21:50:00 [GameAssetManagerLoadThread]  windowsfilesystem.cpp:209    ERR| Error opening file: E:\Entertainments\Hades.v1.38290-P2P\Hades\Content\Win\Packages\TrialUpgrade.pkg_manifest -- rb (error: No such file or directory)
2022-12-19 21:50:00 [GameAssetManagerLoadThread]  windowsfilesystem.cpp:209    ERR| Error opening file: E:\Entertainments\Hades.v1.38290-P2P\Hades\Content\Win\Packages\TrialUpgrade.pkg -- rb (error: No such file or directory)
2022-12-19 21:50:00 [GameAssetManagerLoadThread]   gameassetmanager.cpp:401    ERR| Package load failed TrialUpgrade.pkg
2022-12-19 21:50:00 [GameAssetManagerLoadThread]   gameassetmanager.cpp:545   INFO| Package Loaded: TrialUpgrade
2022-12-19 21:50:00 [NoName         ]   gameassetmanager.cpp:436   INFO| Start reading manifest DionysusUpgrade
2022-12-19 21:50:00 [NoName         ]   gameassetmanager.cpp:489   INFO| Done reading manifest DionysusUpgrade
2022-12-19 21:50:00 [GameAssetManagerLoadThread]   gameassetmanager.cpp:515   INFO| Loading package: DionysusUpgrade.pkg
2022-12-19 21:50:00 [NoName         ]              world.cpp:1433   DBG| Finished PostLaod
2022-12-19 21:50:00 [GameAssetManagerLoadThread]   gameassetmanager.cpp:545   INFO| Package Loaded: DionysusUpgrade
2022-12-19 21:50:00 [NoName         ]              world.cpp:1435   DBG| Finished Asset Loading 
2022-12-19 21:50:00 [NoName         ]              world.cpp:1440   DBG| end of postLoadTask
2022-12-19 21:50:00 [RenderThread   ]     rendercommands.cpp:625   INFO| Resetting RenderMesh Caches. ResetRequest: 1, BufferMaxLoad: 0.13
2022-12-19 21:50:00 [MainThread     ]   gameassetmanager.cpp:436   INFO| Start reading manifest SwordParry
2022-12-19 21:50:00 [MainThread     ]   gameassetmanager.cpp:489   INFO| Done reading manifest SwordParry
2022-12-19 21:50:00 [GameAssetManagerLoadThread]   gameassetmanager.cpp:515   INFO| Loading package: SwordParry.pkg
2022-12-19 21:50:00 [GameAssetManagerLoadThread]   gameassetmanager.cpp:545   INFO| Package Loaded: SwordParry
2022-12-19 21:50:00 [MainThread     ]   gameassetmanager.cpp:436   INFO| Start reading manifest SwordWeapon
2022-12-19 21:50:00 [MainThread     ]   gameassetmanager.cpp:489   INFO| Done reading manifest SwordWeapon
2022-12-19 21:50:00 [GameAssetManagerLoadThread]   gameassetmanager.cpp:515   INFO| Loading package: SwordWeapon.pkg
2022-12-19 21:50:00 [GameAssetManagerLoadThread]   gameassetmanager.cpp:545   INFO| Package Loaded: SwordWeapon
2022-12-19 21:50:16 [NoName         ]     binarysavedata.cpp:17    INFO| Writing 9 bytes
2022-12-19 21:50:16 [MainThread     ]              world.cpp:1526  INFO| World::Begin() D_Intro -> D_Hub
2022-12-19 21:50:16 [MainThread     ]    progressmanager.cpp:936   INFO| Lua::Save() : 0.013734 s
2022-12-19 21:50:16 [MainThread     ]    progressmanager.cpp:916   INFO| GatherSaveData : 0.017467 s
2022-12-19 21:50:16 [MainThread     ]       audiomanager.cpp:1062   DBG| Unloading map banks
2022-12-19 21:50:16 [NoName         ]     binarysavedata.cpp:17    INFO| Writing 540585 bytes
2022-12-19 21:50:16 [NoName         ]              world.cpp:1329  INFO| Loading next map: D_Hub
2022-12-19 21:50:16 [NoName         ]              world.cpp:1370  INFO| PreScriptLoad
2022-12-19 21:50:16 [NoName         ]              world.cpp:1382  INFO| PreScriptLoad Done
2022-12-19 21:50:16 [NoName         ]              world.cpp:1398   DBG| load packages took 0.000003
2022-12-19 21:50:16 [NoName         ]              world.cpp:1420   DBG| loadScriptsTask Done 
2022-12-19 21:50:16 [NoName         ]              world.cpp:1424   DBG| Finished Asset Loading 
2022-12-19 21:50:16 [NoName         ]     binaryloaddata.cpp:12    INFO| Reading 389110 bytes
2022-12-19 21:50:16 [NoName         ]       audiomanager.cpp:1022   DBG| Loading map banks for: D_Hub
2022-12-19 21:50:16 [NoName         ]              world.cpp:1360   DBG| Map Load took 0.016266
2022-12-19 21:50:16 [NoName         ]              world.cpp:1431   DBG| Calling PostLoad
2022-12-19 21:50:16 [NoName         ]              world.cpp:1433   DBG| Finished PostLaod
2022-12-19 21:50:16 [NoName         ]              world.cpp:1435   DBG| Finished Asset Loading 
2022-12-19 21:50:16 [NoName         ]              world.cpp:1440   DBG| end of postLoadTask
2022-12-19 21:50:16 [RenderThread   ]     rendercommands.cpp:625   INFO| Resetting RenderMesh Caches. ResetRequest: 1, BufferMaxLoad: 0.16
2022-12-19 21:50:33 [MainThread     ]            program.cpp:369   INFO| Window Inactive
2022-12-19 21:50:41 [MainThread     ]            program.cpp:352   INFO| Window Active
2022-12-19 21:50:41 [MainThread     ]            program.cpp:352   INFO| Window Active
2022-12-19 21:50:47 [NoName         ]     binarysavedata.cpp:17    INFO| Writing 9 bytes
2022-12-19 21:50:47 [MainThread     ]              world.cpp:1526  INFO| World::Begin() D_Hub -> D_Mini09
2022-12-19 21:50:47 [MainThread     ]    progressmanager.cpp:936   INFO| Lua::Save() : 0.014143 s
2022-12-19 21:50:47 [MainThread     ]    progressmanager.cpp:916   INFO| GatherSaveData : 0.018011 s
2022-12-19 21:50:47 [MainThread     ]       audiomanager.cpp:1062   DBG| Unloading map banks
2022-12-19 21:50:47 [NoName         ]     binarysavedata.cpp:17    INFO| Writing 538254 bytes
2022-12-19 21:50:47 [NoName         ]              world.cpp:1329  INFO| Loading next map: D_Mini09
2022-12-19 21:50:47 [NoName         ]              world.cpp:1370  INFO| PreScriptLoad
2022-12-19 21:50:47 [NoName         ]              world.cpp:1382  INFO| PreScriptLoad Done
2022-12-19 21:50:47 [NoName         ]              world.cpp:1398   DBG| load packages took 0.000003
2022-12-19 21:50:47 [NoName         ]              world.cpp:1420   DBG| loadScriptsTask Done 
2022-12-19 21:50:47 [NoName         ]              world.cpp:1424   DBG| Finished Asset Loading 
2022-12-19 21:50:47 [NoName         ]     binaryloaddata.cpp:12    INFO| Reading 56793 bytes
2022-12-19 21:50:47 [NoName         ]       audiomanager.cpp:1022   DBG| Loading map banks for: D_Mini09
2022-12-19 21:50:47 [NoName         ]              world.cpp:1360   DBG| Map Load took 0.010991
2022-12-19 21:50:47 [NoName         ]              world.cpp:1431   DBG| Calling PostLoad
2022-12-19 21:50:47 [NoName         ]              world.cpp:1433   DBG| Finished PostLaod
2022-12-19 21:50:47 [NoName         ]              world.cpp:1435   DBG| Finished Asset Loading 
2022-12-19 21:50:47 [NoName         ]              world.cpp:1440   DBG| end of postLoadTask
2022-12-19 21:50:47 [RenderThread   ]     rendercommands.cpp:625   INFO| Resetting RenderMesh Caches. ResetRequest: 1, BufferMaxLoad: 0.23
2022-12-19 21:50:57 [MainThread     ]    progressmanager.cpp:936   INFO| Lua::Save() : 0.013477 s
2022-12-19 21:50:57 [MainThread     ]    progressmanager.cpp:916   INFO| GatherSaveData : 0.017483 s
2022-12-19 21:50:57 [NoName         ]     binarysavedata.cpp:17    INFO| Writing 536865 bytes
2022-12-19 21:50:57 [NoName         ]     binarysavedata.cpp:17    INFO| Writing 9 bytes
2022-12-19 21:51:00 [NoName         ]     binarysavedata.cpp:17    INFO| Writing 9 bytes
2022-12-19 21:51:01 [MainThread     ]              world.cpp:1526  INFO| World::Begin() D_Mini09 -> D_Mini06
2022-12-19 21:51:01 [MainThread     ]    progressmanager.cpp:936   INFO| Lua::Save() : 0.013109 s
2022-12-19 21:51:01 [MainThread     ]    progressmanager.cpp:916   INFO| GatherSaveData : 0.016743 s
2022-12-19 21:51:01 [MainThread     ]       audiomanager.cpp:1062   DBG| Unloading map banks
2022-12-19 21:51:01 [NoName         ]     binarysavedata.cpp:17    INFO| Writing 527176 bytes
2022-12-19 21:51:01 [NoName         ]              world.cpp:1329  INFO| Loading next map: D_Mini06
2022-12-19 21:51:01 [NoName         ]              world.cpp:1370  INFO| PreScriptLoad
2022-12-19 21:51:01 [NoName         ]              world.cpp:1382  INFO| PreScriptLoad Done
2022-12-19 21:51:01 [NoName         ]              world.cpp:1398   DBG| load packages took 0.000003
2022-12-19 21:51:01 [NoName         ]              world.cpp:1420   DBG| loadScriptsTask Done 
2022-12-19 21:51:01 [NoName         ]              world.cpp:1424   DBG| Finished Asset Loading 
2022-12-19 21:51:01 [NoName         ]     binaryloaddata.cpp:12    INFO| Reading 77667 bytes
2022-12-19 21:51:01 [NoName         ]       audiomanager.cpp:1022   DBG| Loading map banks for: D_Mini06
2022-12-19 21:51:01 [NoName         ]              world.cpp:1360   DBG| Map Load took 0.011222
2022-12-19 21:51:01 [NoName         ]              world.cpp:1431   DBG| Calling PostLoad
2022-12-19 21:51:01 [NoName         ]              world.cpp:1433   DBG| Finished PostLaod
2022-12-19 21:51:01 [NoName         ]              world.cpp:1435   DBG| Finished Asset Loading 
2022-12-19 21:51:01 [NoName         ]              world.cpp:1440   DBG| end of postLoadTask
2022-12-19 21:51:01 [RenderThread   ]     rendercommands.cpp:625   INFO| Resetting RenderMesh Caches. ResetRequest: 1, BufferMaxLoad: 0.34
2022-12-19 21:51:11 [MainThread     ]    progressmanager.cpp:936   INFO| Lua::Save() : 0.013308 s
2022-12-19 21:51:11 [MainThread     ]    progressmanager.cpp:916   INFO| GatherSaveData : 0.017315 s
2022-12-19 21:51:11 [NoName         ]     binarysavedata.cpp:17    INFO| Writing 530155 bytes
2022-12-19 21:51:11 [NoName         ]     binarysavedata.cpp:17    INFO| Writing 9 bytes
2022-12-19 21:51:14 [NoName         ]     binarysavedata.cpp:17    INFO| Writing 9 bytes
2022-12-19 21:51:14 [MainThread     ]              world.cpp:1526  INFO| World::Begin() D_Mini06 -> D_Mini14
2022-12-19 21:51:14 [MainThread     ]    progressmanager.cpp:936   INFO| Lua::Save() : 0.013912 s
2022-12-19 21:51:14 [MainThread     ]    progressmanager.cpp:916   INFO| GatherSaveData : 0.017506 s
2022-12-19 21:51:14 [MainThread     ]       audiomanager.cpp:1062   DBG| Unloading map banks
2022-12-19 21:51:14 [NoName         ]     binarysavedata.cpp:17    INFO| Writing 528180 bytes
2022-12-19 21:51:14 [NoName         ]              world.cpp:1329  INFO| Loading next map: D_Mini14
2022-12-19 21:51:14 [NoName         ]              world.cpp:1370  INFO| PreScriptLoad
2022-12-19 21:51:14 [NoName         ]              world.cpp:1382  INFO| PreScriptLoad Done
2022-12-19 21:51:14 [NoName         ]              world.cpp:1398   DBG| load packages took 0.000004
2022-12-19 21:51:14 [NoName         ]              world.cpp:1420   DBG| loadScriptsTask Done 
2022-12-19 21:51:14 [NoName         ]              world.cpp:1424   DBG| Finished Asset Loading 
2022-12-19 21:51:14 [NoName         ]     binaryloaddata.cpp:12    INFO| Reading 93869 bytes
2022-12-19 21:51:14 [NoName         ]       audiomanager.cpp:1022   DBG| Loading map banks for: D_Mini14
2022-12-19 21:51:14 [NoName         ]              world.cpp:1360   DBG| Map Load took 0.010685
2022-12-19 21:51:14 [NoName         ]              world.cpp:1431   DBG| Calling PostLoad
2022-12-19 21:51:14 [NoName         ]              world.cpp:1433   DBG| Finished PostLaod
2022-12-19 21:51:14 [NoName         ]              world.cpp:1435   DBG| Finished Asset Loading 
2022-12-19 21:51:14 [NoName         ]              world.cpp:1440   DBG| end of postLoadTask
2022-12-19 21:51:14 [RenderThread   ]     rendercommands.cpp:625   INFO| Resetting RenderMesh Caches. ResetRequest: 1, BufferMaxLoad: 0.31
2022-12-19 21:51:23 [NoName         ]     binarysavedata.cpp:17    INFO| Writing 9 bytes
2022-12-19 21:51:30 [MainThread     ]    progressmanager.cpp:936   INFO| Lua::Save() : 0.015210 s
2022-12-19 21:51:30 [MainThread     ]    progressmanager.cpp:916   INFO| GatherSaveData : 0.019657 s
2022-12-19 21:51:30 [NoName         ]     binarysavedata.cpp:17    INFO| Writing 532403 bytes
2022-12-19 21:51:30 [NoName         ]     binarysavedata.cpp:17    INFO| Writing 9 bytes
2022-12-19 21:51:33 [NoName         ]     binarysavedata.cpp:17    INFO| Writing 9 bytes
2022-12-19 21:51:34 [MainThread     ]              world.cpp:1526  INFO| World::Begin() D_Mini14 -> D_Combat06
2022-12-19 21:51:34 [MainThread     ]    progressmanager.cpp:936   INFO| Lua::Save() : 0.014423 s
2022-12-19 21:51:34 [MainThread     ]    progressmanager.cpp:916   INFO| GatherSaveData : 0.018499 s
2022-12-19 21:51:34 [MainThread     ]       audiomanager.cpp:1062   DBG| Unloading map banks
2022-12-19 21:51:34 [NoName         ]     binarysavedata.cpp:17    INFO| Writing 533952 bytes
2022-12-19 21:51:34 [NoName         ]              world.cpp:1329  INFO| Loading next map: D_Combat06
2022-12-19 21:51:34 [NoName         ]              world.cpp:1370  INFO| PreScriptLoad
2022-12-19 21:51:34 [NoName         ]              world.cpp:1382  INFO| PreScriptLoad Done
2022-12-19 21:51:34 [NoName         ]              world.cpp:1398   DBG| load packages took 0.000003
2022-12-19 21:51:34 [NoName         ]              world.cpp:1420   DBG| loadScriptsTask Done 
2022-12-19 21:51:34 [NoName         ]              world.cpp:1424   DBG| Finished Asset Loading 
2022-12-19 21:51:34 [NoName         ]     binaryloaddata.cpp:12    INFO| Reading 197624 bytes
2022-12-19 21:51:34 [NoName         ]       audiomanager.cpp:1022   DBG| Loading map banks for: D_Combat06
2022-12-19 21:51:34 [NoName         ]              world.cpp:1360   DBG| Map Load took 0.014044
2022-12-19 21:51:34 [NoName         ]              world.cpp:1431   DBG| Calling PostLoad
2022-12-19 21:51:34 [NoName         ]              world.cpp:1433   DBG| Finished PostLaod
2022-12-19 21:51:34 [NoName         ]              world.cpp:1435   DBG| Finished Asset Loading 
2022-12-19 21:51:34 [NoName         ]              world.cpp:1440   DBG| end of postLoadTask
2022-12-19 21:51:34 [RenderThread   ]     rendercommands.cpp:625   INFO| Resetting RenderMesh Caches. ResetRequest: 1, BufferMaxLoad: 0.34
2022-12-19 21:51:37 [NoName         ]     binarysavedata.cpp:17    INFO| Writing 9 bytes
2022-12-19 21:52:56 [MainThread     ]    progressmanager.cpp:936   INFO| Lua::Save() : 0.014994 s
2022-12-19 21:52:56 [MainThread     ]    progressmanager.cpp:916   INFO| GatherSaveData : 0.019228 s
2022-12-19 21:52:56 [NoName         ]     binarysavedata.cpp:17    INFO| Writing 541459 bytes
2022-12-19 21:52:56 [NoName         ]     binarysavedata.cpp:17    INFO| Writing 9 bytes
2022-12-19 21:53:01 [NoName         ]     binarysavedata.cpp:17    INFO| Writing 9 bytes
2022-12-19 21:53:01 [MainThread     ]              world.cpp:1526  INFO| World::Begin() D_Combat06 -> D_Hub
2022-12-19 21:53:01 [MainThread     ]    progressmanager.cpp:936   INFO| Lua::Save() : 0.028775 s
2022-12-19 21:53:01 [MainThread     ]    progressmanager.cpp:916   INFO| GatherSaveData : 0.032668 s
2022-12-19 21:53:01 [MainThread     ]       audiomanager.cpp:1062   DBG| Unloading map banks
2022-12-19 21:53:01 [NoName         ]     binarysavedata.cpp:17    INFO| Writing 549978 bytes
2022-12-19 21:53:01 [NoName         ]              world.cpp:1329  INFO| Loading next map: D_Hub
2022-12-19 21:53:01 [NoName         ]              world.cpp:1370  INFO| PreScriptLoad
2022-12-19 21:53:01 [NoName         ]              world.cpp:1382  INFO| PreScriptLoad Done
2022-12-19 21:53:01 [NoName         ]              world.cpp:1398   DBG| load packages took 0.000003
2022-12-19 21:53:01 [NoName         ]              world.cpp:1420   DBG| loadScriptsTask Done 
2022-12-19 21:53:01 [NoName         ]              world.cpp:1424   DBG| Finished Asset Loading 
2022-12-19 21:53:01 [NoName         ]     binaryloaddata.cpp:12    INFO| Reading 389110 bytes
2022-12-19 21:53:01 [NoName         ]       audiomanager.cpp:1022   DBG| Loading map banks for: D_Hub
2022-12-19 21:53:01 [NoName         ]              world.cpp:1360   DBG| Map Load took 0.003445
2022-12-19 21:53:01 [NoName         ]              world.cpp:1431   DBG| Calling PostLoad
2022-12-19 21:53:01 [NoName         ]              world.cpp:1433   DBG| Finished PostLaod
2022-12-19 21:53:01 [NoName         ]              world.cpp:1435   DBG| Finished Asset Loading 
2022-12-19 21:53:01 [NoName         ]              world.cpp:1440   DBG| end of postLoadTask
2022-12-19 21:53:01 [RenderThread   ]     rendercommands.cpp:625   INFO| Resetting RenderMesh Caches. ResetRequest: 1, BufferMaxLoad: 0.65
2022-12-19 21:53:16 [NoName         ]     binarysavedata.cpp:17    INFO| Writing 9 bytes
2022-12-19 21:53:16 [MainThread     ]              world.cpp:1526  INFO| World::Begin() D_Hub -> D_Mini11
2022-12-19 21:53:16 [MainThread     ]    progressmanager.cpp:936   INFO| Lua::Save() : 0.014238 s
2022-12-19 21:53:16 [MainThread     ]    progressmanager.cpp:916   INFO| GatherSaveData : 0.017994 s
2022-12-19 21:53:16 [MainThread     ]       audiomanager.cpp:1062   DBG| Unloading map banks
2022-12-19 21:53:16 [NoName         ]     binarysavedata.cpp:17    INFO| Writing 548568 bytes
2022-12-19 21:53:16 [NoName         ]              world.cpp:1329  INFO| Loading next map: D_Mini11
2022-12-19 21:53:16 [NoName         ]              world.cpp:1370  INFO| PreScriptLoad
2022-12-19 21:53:16 [NoName         ]              world.cpp:1382  INFO| PreScriptLoad Done
2022-12-19 21:53:16 [NoName         ]              world.cpp:1398   DBG| load packages took 0.000003
2022-12-19 21:53:16 [NoName         ]              world.cpp:1420   DBG| loadScriptsTask Done 
2022-12-19 21:53:16 [NoName         ]              world.cpp:1424   DBG| Finished Asset Loading 
2022-12-19 21:53:16 [NoName         ]     binaryloaddata.cpp:12    INFO| Reading 123715 bytes
2022-12-19 21:53:16 [NoName         ]       audiomanager.cpp:1022   DBG| Loading map banks for: D_Mini11
2022-12-19 21:53:16 [NoName         ]              world.cpp:1360   DBG| Map Load took 0.013174
2022-12-19 21:53:16 [NoName         ]              world.cpp:1431   DBG| Calling PostLoad
2022-12-19 21:53:16 [NoName         ]              world.cpp:1433   DBG| Finished PostLaod
2022-12-19 21:53:16 [NoName         ]              world.cpp:1435   DBG| Finished Asset Loading 
2022-12-19 21:53:16 [NoName         ]              world.cpp:1440   DBG| end of postLoadTask
2022-12-19 21:53:16 [RenderThread   ]     rendercommands.cpp:625   INFO| Resetting RenderMesh Caches. ResetRequest: 1, BufferMaxLoad: 0.20
2022-12-19 21:53:23 [NoName         ]     binarysavedata.cpp:17    INFO| Writing 9 bytes
2022-12-19 21:53:28 [MainThread     ]    progressmanager.cpp:936   INFO| Lua::Save() : 0.014166 s
2022-12-19 21:53:28 [MainThread     ]    progressmanager.cpp:916   INFO| GatherSaveData : 0.018703 s
2022-12-19 21:53:28 [NoName         ]     binarysavedata.cpp:17    INFO| Writing 550758 bytes
2022-12-19 21:53:28 [NoName         ]     binarysavedata.cpp:17    INFO| Writing 9 bytes
2022-12-19 21:53:32 [NoName         ]     binarysavedata.cpp:17    INFO| Writing 9 bytes
2022-12-19 21:53:32 [MainThread     ]              world.cpp:1526  INFO| World::Begin() D_Mini11 -> D_Mini01
2022-12-19 21:53:33 [MainThread     ]    progressmanager.cpp:936   INFO| Lua::Save() : 0.013879 s
2022-12-19 21:53:33 [MainThread     ]    progressmanager.cpp:916   INFO| GatherSaveData : 0.017620 s
2022-12-19 21:53:33 [MainThread     ]       audiomanager.cpp:1062   DBG| Unloading map banks
2022-12-19 21:53:33 [NoName         ]     binarysavedata.cpp:17    INFO| Writing 543319 bytes
2022-12-19 21:53:33 [NoName         ]              world.cpp:1370  INFO| PreScriptLoad
2022-12-19 21:53:33 [NoName         ]              world.cpp:1329  INFO| Loading next map: D_Mini01
2022-12-19 21:53:33 [NoName         ]              world.cpp:1382  INFO| PreScriptLoad Done
2022-12-19 21:53:33 [NoName         ]              world.cpp:1398   DBG| load packages took 0.000003
2022-12-19 21:53:33 [NoName         ]              world.cpp:1420   DBG| loadScriptsTask Done 
2022-12-19 21:53:33 [NoName         ]              world.cpp:1424   DBG| Finished Asset Loading 
2022-12-19 21:53:33 [NoName         ]     binaryloaddata.cpp:12    INFO| Reading 71262 bytes
2022-12-19 21:53:33 [NoName         ]       audiomanager.cpp:1022   DBG| Loading map banks for: D_Mini01
2022-12-19 21:53:33 [NoName         ]              world.cpp:1360   DBG| Map Load took 0.012384
2022-12-19 21:53:33 [NoName         ]              world.cpp:1431   DBG| Calling PostLoad
2022-12-19 21:53:33 [NoName         ]              world.cpp:1433   DBG| Finished PostLaod
2022-12-19 21:53:33 [NoName         ]              world.cpp:1435   DBG| Finished Asset Loading 
2022-12-19 21:53:33 [NoName         ]              world.cpp:1440   DBG| end of postLoadTask
2022-12-19 21:53:33 [RenderThread   ]     rendercommands.cpp:625   INFO| Resetting RenderMesh Caches. ResetRequest: 1, BufferMaxLoad: 0.35
2022-12-19 21:53:38 [NoName         ]     binarysavedata.cpp:17    INFO| Writing 9 bytes
2022-12-19 21:53:42 [MainThread     ]    progressmanager.cpp:936   INFO| Lua::Save() : 0.013904 s
2022-12-19 21:53:42 [MainThread     ]    progressmanager.cpp:916   INFO| GatherSaveData : 0.018006 s
2022-12-19 21:53:42 [NoName         ]     binarysavedata.cpp:17    INFO| Writing 546311 bytes
2022-12-19 21:53:42 [NoName         ]     binarysavedata.cpp:17    INFO| Writing 9 bytes
2022-12-19 21:53:45 [NoName         ]     binarysavedata.cpp:17    INFO| Writing 9 bytes
2022-12-19 21:53:45 [MainThread     ]              world.cpp:1526  INFO| World::Begin() D_Mini01 -> D_Mini05
2022-12-19 21:53:45 [MainThread     ]    progressmanager.cpp:936   INFO| Lua::Save() : 0.018216 s
2022-12-19 21:53:45 [MainThread     ]    progressmanager.cpp:916   INFO| GatherSaveData : 0.021950 s
2022-12-19 21:53:45 [MainThread     ]       audiomanager.cpp:1062   DBG| Unloading map banks
2022-12-19 21:53:45 [NoName         ]     binarysavedata.cpp:17    INFO| Writing 543978 bytes
2022-12-19 21:53:45 [NoName         ]              world.cpp:1329  INFO| Loading next map: D_Mini05
2022-12-19 21:53:45 [NoName         ]              world.cpp:1370  INFO| PreScriptLoad
2022-12-19 21:53:45 [NoName         ]              world.cpp:1382  INFO| PreScriptLoad Done
2022-12-19 21:53:45 [NoName         ]              world.cpp:1398   DBG| load packages took 0.000003
2022-12-19 21:53:45 [NoName         ]              world.cpp:1420   DBG| loadScriptsTask Done 
2022-12-19 21:53:45 [NoName         ]              world.cpp:1424   DBG| Finished Asset Loading 
2022-12-19 21:53:45 [NoName         ]     binaryloaddata.cpp:12    INFO| Reading 99568 bytes
2022-12-19 21:53:45 [NoName         ]       audiomanager.cpp:1022   DBG| Loading map banks for: D_Mini05
2022-12-19 21:53:45 [NoName         ]              world.cpp:1360   DBG| Map Load took 0.015163
2022-12-19 21:53:45 [NoName         ]              world.cpp:1431   DBG| Calling PostLoad
2022-12-19 21:53:45 [NoName         ]              world.cpp:1433   DBG| Finished PostLaod
2022-12-19 21:53:45 [NoName         ]              world.cpp:1435   DBG| Finished Asset Loading 
2022-12-19 21:53:45 [NoName         ]              world.cpp:1440   DBG| end of postLoadTask
2022-12-19 21:53:45 [RenderThread   ]     rendercommands.cpp:625   INFO| Resetting RenderMesh Caches. ResetRequest: 1, BufferMaxLoad: 0.33
2022-12-19 21:53:56 [MainThread     ]    progressmanager.cpp:936   INFO| Lua::Save() : 0.013987 s
2022-12-19 21:53:56 [MainThread     ]    progressmanager.cpp:916   INFO| GatherSaveData : 0.018305 s
2022-12-19 21:53:56 [NoName         ]     binarysavedata.cpp:17    INFO| Writing 549026 bytes
2022-12-19 21:53:56 [NoName         ]     binarysavedata.cpp:17    INFO| Writing 9 bytes
2022-12-19 21:54:21 [NoName         ]     binarysavedata.cpp:17    INFO| Writing 9 bytes
2022-12-19 21:54:21 [MainThread     ]              world.cpp:1526  INFO| World::Begin() D_Mini05 -> D_Mini06
2022-12-19 21:54:21 [MainThread     ]    progressmanager.cpp:936   INFO| Lua::Save() : 0.014265 s
2022-12-19 21:54:21 [MainThread     ]    progressmanager.cpp:916   INFO| GatherSaveData : 0.018013 s
2022-12-19 21:54:21 [MainThread     ]       audiomanager.cpp:1062   DBG| Unloading map banks
2022-12-19 21:54:21 [NoName         ]     binarysavedata.cpp:17    INFO| Writing 546354 bytes
2022-12-19 21:54:21 [NoName         ]              world.cpp:1329  INFO| Loading next map: D_Mini06
2022-12-19 21:54:21 [NoName         ]              world.cpp:1370  INFO| PreScriptLoad
2022-12-19 21:54:21 [NoName         ]              world.cpp:1382  INFO| PreScriptLoad Done
2022-12-19 21:54:21 [NoName         ]              world.cpp:1398   DBG| load packages took 0.000003
2022-12-19 21:54:21 [NoName         ]              world.cpp:1420   DBG| loadScriptsTask Done 
2022-12-19 21:54:21 [NoName         ]              world.cpp:1424   DBG| Finished Asset Loading 
2022-12-19 21:54:21 [NoName         ]     binaryloaddata.cpp:12    INFO| Reading 77667 bytes
2022-12-19 21:54:21 [NoName         ]       audiomanager.cpp:1022   DBG| Loading map banks for: D_Mini06
2022-12-19 21:54:21 [NoName         ]              world.cpp:1360   DBG| Map Load took 0.001493
2022-12-19 21:54:21 [NoName         ]              world.cpp:1431   DBG| Calling PostLoad
2022-12-19 21:54:21 [NoName         ]              world.cpp:1433   DBG| Finished PostLaod
2022-12-19 21:54:21 [NoName         ]              world.cpp:1435   DBG| Finished Asset Loading 
2022-12-19 21:54:21 [NoName         ]              world.cpp:1440   DBG| end of postLoadTask
2022-12-19 21:54:21 [RenderThread   ]     rendercommands.cpp:625   INFO| Resetting RenderMesh Caches. ResetRequest: 1, BufferMaxLoad: 0.32
2022-12-19 21:54:22 [MainThread     ]  windowsfilesystem.cpp:209    ERR| Error opening file: E:\Entertainments\Hades.v1.38290-P2P\Hades\Content\Game\PauseScreen.sjson -- rb (error: No such file or directory)
2022-12-19 21:54:22 [MainThread     ]              world.cpp:1593  INFO| World::Stop()
2022-12-19 21:54:48 [MainThread     ]    progressmanager.cpp:936   INFO| Lua::Save() : 0.014248 s
2022-12-19 21:54:48 [MainThread     ]    progressmanager.cpp:916   INFO| GatherSaveData : 0.018567 s
2022-12-19 21:54:48 [NoName         ]     binarysavedata.cpp:17    INFO| Writing 550083 bytes
2022-12-19 21:54:48 [NoName         ]     binarysavedata.cpp:17    INFO| Writing 9 bytes
2022-12-19 21:54:52 [NoName         ]     binarysavedata.cpp:17    INFO| Writing 9 bytes
2022-12-19 21:54:52 [MainThread     ]              world.cpp:1526  INFO| World::Begin() D_Mini06 -> D_Combat02
2022-12-19 21:54:52 [MainThread     ]    progressmanager.cpp:936   INFO| Lua::Save() : 0.015013 s
2022-12-19 21:54:52 [MainThread     ]    progressmanager.cpp:916   INFO| GatherSaveData : 0.018791 s
2022-12-19 21:54:52 [MainThread     ]       audiomanager.cpp:1062   DBG| Unloading map banks
2022-12-19 21:54:52 [NoName         ]     binarysavedata.cpp:17    INFO| Writing 549697 bytes
2022-12-19 21:54:52 [NoName         ]              world.cpp:1329  INFO| Loading next map: D_Combat02
2022-12-19 21:54:52 [NoName         ]              world.cpp:1370  INFO| PreScriptLoad
2022-12-19 21:54:52 [NoName         ]              world.cpp:1382  INFO| PreScriptLoad Done
2022-12-19 21:54:52 [NoName         ]              world.cpp:1398   DBG| load packages took 0.000003
2022-12-19 21:54:52 [NoName         ]              world.cpp:1420   DBG| loadScriptsTask Done 
2022-12-19 21:54:52 [NoName         ]              world.cpp:1424   DBG| Finished Asset Loading 
2022-12-19 21:54:52 [NoName         ]     binaryloaddata.cpp:12    INFO| Reading 216795 bytes
2022-12-19 21:54:52 [NoName         ]       audiomanager.cpp:1022   DBG| Loading map banks for: D_Combat02
2022-12-19 21:54:52 [NoName         ]              world.cpp:1360   DBG| Map Load took 0.010799
2022-12-19 21:54:52 [NoName         ]              world.cpp:1431   DBG| Calling PostLoad
2022-12-19 21:54:52 [NoName         ]              world.cpp:1433   DBG| Finished PostLaod
2022-12-19 21:54:52 [NoName         ]              world.cpp:1435   DBG| Finished Asset Loading 
2022-12-19 21:54:52 [NoName         ]              world.cpp:1440   DBG| end of postLoadTask
2022-12-19 21:54:52 [RenderThread   ]     rendercommands.cpp:625   INFO| Resetting RenderMesh Caches. ResetRequest: 1, BufferMaxLoad: 0.33
2022-12-19 21:55:01 [NoName         ]     binarysavedata.cpp:17    INFO| Writing 9 bytes
2022-12-19 21:55:58 [MainThread     ]    progressmanager.cpp:936   INFO| Lua::Save() : 0.017006 s
2022-12-19 21:55:58 [MainThread     ]    progressmanager.cpp:916   INFO| GatherSaveData : 0.020803 s
2022-12-19 21:55:58 [NoName         ]     binarysavedata.cpp:17    INFO| Writing 549518 bytes
2022-12-19 21:55:58 [NoName         ]     binarysavedata.cpp:17    INFO| Writing 9 bytes
2022-12-19 21:56:16 [NoName         ]     binarysavedata.cpp:17    INFO| Writing 9 bytes
2022-12-19 21:56:16 [MainThread     ]              world.cpp:1526  INFO| World::Begin() D_Combat02 -> D_Hub
2022-12-19 21:56:16 [MainThread     ]    progressmanager.cpp:936   INFO| Lua::Save() : 0.014701 s
2022-12-19 21:56:16 [MainThread     ]    progressmanager.cpp:916   INFO| GatherSaveData : 0.018631 s
2022-12-19 21:56:16 [MainThread     ]       audiomanager.cpp:1062   DBG| Unloading map banks
2022-12-19 21:56:16 [NoName         ]     binarysavedata.cpp:17    INFO| Writing 557600 bytes
2022-12-19 21:56:16 [NoName         ]              world.cpp:1329  INFO| Loading next map: D_Hub
2022-12-19 21:56:16 [NoName         ]              world.cpp:1370  INFO| PreScriptLoad
2022-12-19 21:56:16 [NoName         ]              world.cpp:1382  INFO| PreScriptLoad Done
2022-12-19 21:56:16 [NoName         ]              world.cpp:1398   DBG| load packages took 0.000004
2022-12-19 21:56:16 [NoName         ]              world.cpp:1420   DBG| loadScriptsTask Done 
2022-12-19 21:56:16 [NoName         ]              world.cpp:1424   DBG| Finished Asset Loading 
2022-12-19 21:56:16 [NoName         ]     binaryloaddata.cpp:12    INFO| Reading 389110 bytes
2022-12-19 21:56:16 [NoName         ]       audiomanager.cpp:1022   DBG| Loading map banks for: D_Hub
2022-12-19 21:56:16 [NoName         ]              world.cpp:1360   DBG| Map Load took 0.003378
2022-12-19 21:56:16 [NoName         ]              world.cpp:1431   DBG| Calling PostLoad
2022-12-19 21:56:16 [NoName         ]              world.cpp:1433   DBG| Finished PostLaod
2022-12-19 21:56:16 [NoName         ]              world.cpp:1435   DBG| Finished Asset Loading 
2022-12-19 21:56:16 [NoName         ]              world.cpp:1440   DBG| end of postLoadTask
2022-12-19 21:56:16 [RenderThread   ]     rendercommands.cpp:625   INFO| Resetting RenderMesh Caches. ResetRequest: 1, BufferMaxLoad: 0.61
2022-12-19 21:56:26 [NoName         ]     binarysavedata.cpp:17    INFO| Writing 9 bytes
2022-12-19 21:56:26 [MainThread     ]              world.cpp:1526  INFO| World::Begin() D_Hub -> D_Mini03
2022-12-19 21:56:26 [MainThread     ]    progressmanager.cpp:936   INFO| Lua::Save() : 0.014633 s
2022-12-19 21:56:26 [MainThread     ]    progressmanager.cpp:916   INFO| GatherSaveData : 0.018503 s
2022-12-19 21:56:26 [MainThread     ]       audiomanager.cpp:1062   DBG| Unloading map banks
2022-12-19 21:56:26 [NoName         ]     binarysavedata.cpp:17    INFO| Writing 556044 bytes
2022-12-19 21:56:26 [NoName         ]              world.cpp:1329  INFO| Loading next map: D_Mini03
2022-12-19 21:56:26 [NoName         ]              world.cpp:1370  INFO| PreScriptLoad
2022-12-19 21:56:26 [NoName         ]              world.cpp:1382  INFO| PreScriptLoad Done
2022-12-19 21:56:26 [NoName         ]              world.cpp:1398   DBG| load packages took 0.000004
2022-12-19 21:56:26 [NoName         ]              world.cpp:1420   DBG| loadScriptsTask Done 
2022-12-19 21:56:26 [NoName         ]              world.cpp:1424   DBG| Finished Asset Loading 
2022-12-19 21:56:26 [NoName         ]     binaryloaddata.cpp:12    INFO| Reading 62818 bytes
2022-12-19 21:56:26 [NoName         ]       audiomanager.cpp:1022   DBG| Loading map banks for: D_Mini03
2022-12-19 21:56:26 [NoName         ]              world.cpp:1360   DBG| Map Load took 0.015168
2022-12-19 21:56:26 [NoName         ]              world.cpp:1431   DBG| Calling PostLoad
2022-12-19 21:56:26 [NoName         ]              world.cpp:1433   DBG| Finished PostLaod
2022-12-19 21:56:26 [NoName         ]              world.cpp:1435   DBG| Finished Asset Loading 
2022-12-19 21:56:26 [NoName         ]              world.cpp:1440   DBG| end of postLoadTask
2022-12-19 21:56:26 [RenderThread   ]     rendercommands.cpp:625   INFO| Resetting RenderMesh Caches. ResetRequest: 1, BufferMaxLoad: 0.19
2022-12-19 21:56:34 [MainThread     ]    progressmanager.cpp:936   INFO| Lua::Save() : 0.014924 s
2022-12-19 21:56:34 [MainThread     ]    progressmanager.cpp:916   INFO| GatherSaveData : 0.019878 s
2022-12-19 21:56:34 [NoName         ]     binarysavedata.cpp:17    INFO| Writing 558856 bytes
2022-12-19 21:56:34 [NoName         ]     binarysavedata.cpp:17    INFO| Writing 9 bytes
2022-12-19 21:56:37 [NoName         ]     binarysavedata.cpp:17    INFO| Writing 9 bytes
2022-12-19 21:56:37 [MainThread     ]              world.cpp:1526  INFO| World::Begin() D_Mini03 -> D_Mini01
2022-12-19 21:56:37 [MainThread     ]    progressmanager.cpp:936   INFO| Lua::Save() : 0.014475 s
2022-12-19 21:56:37 [MainThread     ]    progressmanager.cpp:916   INFO| GatherSaveData : 0.018437 s
2022-12-19 21:56:37 [MainThread     ]       audiomanager.cpp:1062   DBG| Unloading map banks
2022-12-19 21:56:37 [NoName         ]     binarysavedata.cpp:17    INFO| Writing 553732 bytes
2022-12-19 21:56:37 [NoName         ]              world.cpp:1329  INFO| Loading next map: D_Mini01
2022-12-19 21:56:37 [NoName         ]              world.cpp:1370  INFO| PreScriptLoad
2022-12-19 21:56:37 [NoName         ]              world.cpp:1382  INFO| PreScriptLoad Done
2022-12-19 21:56:37 [NoName         ]              world.cpp:1398   DBG| load packages took 0.000004
2022-12-19 21:56:37 [NoName         ]              world.cpp:1420   DBG| loadScriptsTask Done 
2022-12-19 21:56:37 [NoName         ]              world.cpp:1424   DBG| Finished Asset Loading 
2022-12-19 21:56:37 [NoName         ]     binaryloaddata.cpp:12    INFO| Reading 71262 bytes
2022-12-19 21:56:37 [NoName         ]       audiomanager.cpp:1022   DBG| Loading map banks for: D_Mini01
2022-12-19 21:56:37 [NoName         ]              world.cpp:1360   DBG| Map Load took 0.001369
2022-12-19 21:56:37 [NoName         ]              world.cpp:1431   DBG| Calling PostLoad
2022-12-19 21:56:37 [NoName         ]              world.cpp:1433   DBG| Finished PostLaod
2022-12-19 21:56:37 [NoName         ]              world.cpp:1435   DBG| Finished Asset Loading 
2022-12-19 21:56:37 [NoName         ]              world.cpp:1440   DBG| end of postLoadTask
2022-12-19 21:56:38 [RenderThread   ]     rendercommands.cpp:625   INFO| Resetting RenderMesh Caches. ResetRequest: 1, BufferMaxLoad: 0.31
2022-12-19 21:56:45 [MainThread     ]    progressmanager.cpp:936   INFO| Lua::Save() : 0.015998 s
2022-12-19 21:56:45 [MainThread     ]    progressmanager.cpp:916   INFO| GatherSaveData : 0.020282 s
2022-12-19 21:56:45 [NoName         ]     binarysavedata.cpp:17    INFO| Writing 554416 bytes
2022-12-19 21:56:45 [NoName         ]     binarysavedata.cpp:17    INFO| Writing 9 bytes
2022-12-19 21:56:48 [NoName         ]     binarysavedata.cpp:17    INFO| Writing 9 bytes
2022-12-19 21:56:48 [MainThread     ]              world.cpp:1526  INFO| World::Begin() D_Mini01 -> D_Mini07
2022-12-19 21:56:48 [MainThread     ]    progressmanager.cpp:936   INFO| Lua::Save() : 0.015247 s
2022-12-19 21:56:48 [MainThread     ]    progressmanager.cpp:916   INFO| GatherSaveData : 0.019029 s
2022-12-19 21:56:48 [MainThread     ]       audiomanager.cpp:1062   DBG| Unloading map banks
2022-12-19 21:56:48 [NoName         ]     binarysavedata.cpp:17    INFO| Writing 552352 bytes
2022-12-19 21:56:48 [NoName         ]              world.cpp:1329  INFO| Loading next map: D_Mini07
2022-12-19 21:56:48 [NoName         ]              world.cpp:1370  INFO| PreScriptLoad
2022-12-19 21:56:48 [NoName         ]              world.cpp:1382  INFO| PreScriptLoad Done
2022-12-19 21:56:48 [NoName         ]              world.cpp:1398   DBG| load packages took 0.000004
2022-12-19 21:56:48 [NoName         ]              world.cpp:1420   DBG| loadScriptsTask Done 
2022-12-19 21:56:48 [NoName         ]              world.cpp:1424   DBG| Finished Asset Loading 
2022-12-19 21:56:48 [NoName         ]     binaryloaddata.cpp:12    INFO| Reading 72031 bytes
2022-12-19 21:56:48 [NoName         ]       audiomanager.cpp:1022   DBG| Loading map banks for: D_Mini07
2022-12-19 21:56:48 [NoName         ]              world.cpp:1360   DBG| Map Load took 0.011679
2022-12-19 21:56:48 [NoName         ]              world.cpp:1431   DBG| Calling PostLoad
2022-12-19 21:56:48 [NoName         ]              world.cpp:1433   DBG| Finished PostLaod
2022-12-19 21:56:48 [NoName         ]              world.cpp:1435   DBG| Finished Asset Loading 
2022-12-19 21:56:48 [NoName         ]              world.cpp:1440   DBG| end of postLoadTask
2022-12-19 21:56:48 [RenderThread   ]     rendercommands.cpp:625   INFO| Resetting RenderMesh Caches. ResetRequest: 1, BufferMaxLoad: 0.30
2022-12-19 21:56:58 [MainThread     ]    progressmanager.cpp:936   INFO| Lua::Save() : 0.014847 s
2022-12-19 21:56:58 [MainThread     ]    progressmanager.cpp:916   INFO| GatherSaveData : 0.019309 s
2022-12-19 21:56:58 [NoName         ]     binarysavedata.cpp:17    INFO| Writing 555396 bytes
2022-12-19 21:56:58 [NoName         ]     binarysavedata.cpp:17    INFO| Writing 9 bytes
2022-12-19 21:57:01 [NoName         ]     binarysavedata.cpp:17    INFO| Writing 9 bytes
2022-12-19 21:57:01 [MainThread     ]              world.cpp:1526  INFO| World::Begin() D_Mini07 -> D_MiniBoss01
2022-12-19 21:57:01 [MainThread     ]    progressmanager.cpp:936   INFO| Lua::Save() : 0.015356 s
2022-12-19 21:57:01 [MainThread     ]    progressmanager.cpp:916   INFO| GatherSaveData : 0.019243 s
2022-12-19 21:57:01 [MainThread     ]       audiomanager.cpp:1062   DBG| Unloading map banks
2022-12-19 21:57:01 [NoName         ]     binarysavedata.cpp:17    INFO| Writing 555165 bytes
2022-12-19 21:57:01 [NoName         ]              world.cpp:1329  INFO| Loading next map: D_MiniBoss01
2022-12-19 21:57:01 [NoName         ]              world.cpp:1370  INFO| PreScriptLoad
2022-12-19 21:57:01 [NoName         ]              world.cpp:1382  INFO| PreScriptLoad Done
2022-12-19 21:57:01 [NoName         ]              world.cpp:1398   DBG| load packages took 0.000003
2022-12-19 21:57:01 [NoName         ]              world.cpp:1420   DBG| loadScriptsTask Done 
2022-12-19 21:57:01 [NoName         ]              world.cpp:1424   DBG| Finished Asset Loading 
2022-12-19 21:57:01 [NoName         ]     binaryloaddata.cpp:12    INFO| Reading 163058 bytes
2022-12-19 21:57:01 [NoName         ]       audiomanager.cpp:1022   DBG| Loading map banks for: D_MiniBoss01
2022-12-19 21:57:01 [NoName         ]              world.cpp:1360   DBG| Map Load took 0.012927
2022-12-19 21:57:01 [NoName         ]              world.cpp:1431   DBG| Calling PostLoad
2022-12-19 21:57:01 [NoName         ]              world.cpp:1433   DBG| Finished PostLaod
2022-12-19 21:57:01 [NoName         ]              world.cpp:1435   DBG| Finished Asset Loading 
2022-12-19 21:57:01 [NoName         ]              world.cpp:1440   DBG| end of postLoadTask
2022-12-19 21:57:01 [RenderThread   ]     rendercommands.cpp:625   INFO| Resetting RenderMesh Caches. ResetRequest: 1, BufferMaxLoad: 0.33
2022-12-19 21:57:05 [NoName         ]     binarysavedata.cpp:17    INFO| Writing 9 bytes
2022-12-19 21:57:30 [MainThread     ]    progressmanager.cpp:936   INFO| Lua::Save() : 0.017303 s
2022-12-19 21:57:30 [MainThread     ]    progressmanager.cpp:916   INFO| GatherSaveData : 0.021427 s
2022-12-19 21:57:30 [NoName         ]     binarysavedata.cpp:17    INFO| Writing 562143 bytes
2022-12-19 21:57:30 [NoName         ]     binarysavedata.cpp:17    INFO| Writing 9 bytes
2022-12-19 21:57:34 [NoName         ]     binarysavedata.cpp:17    INFO| Writing 9 bytes
2022-12-19 21:57:34 [MainThread     ]              world.cpp:1526  INFO| World::Begin() D_MiniBoss01 -> D_Hub
2022-12-19 21:57:34 [MainThread     ]    progressmanager.cpp:936   INFO| Lua::Save() : 0.016229 s
2022-12-19 21:57:34 [MainThread     ]    progressmanager.cpp:916   INFO| GatherSaveData : 0.020248 s
2022-12-19 21:57:34 [MainThread     ]       audiomanager.cpp:1062   DBG| Unloading map banks
2022-12-19 21:57:34 [NoName         ]     binarysavedata.cpp:17    INFO| Writing 569948 bytes
2022-12-19 21:57:34 [NoName         ]              world.cpp:1329  INFO| Loading next map: D_Hub
2022-12-19 21:57:34 [NoName         ]              world.cpp:1370  INFO| PreScriptLoad
2022-12-19 21:57:34 [NoName         ]              world.cpp:1382  INFO| PreScriptLoad Done
2022-12-19 21:57:34 [NoName         ]              world.cpp:1398   DBG| load packages took 0.000004
2022-12-19 21:57:34 [NoName         ]              world.cpp:1420   DBG| loadScriptsTask Done 
2022-12-19 21:57:34 [NoName         ]              world.cpp:1424   DBG| Finished Asset Loading 
2022-12-19 21:57:34 [NoName         ]     binaryloaddata.cpp:12    INFO| Reading 389110 bytes
2022-12-19 21:57:34 [NoName         ]       audiomanager.cpp:1022   DBG| Loading map banks for: D_Hub
2022-12-19 21:57:34 [NoName         ]              world.cpp:1360   DBG| Map Load took 0.005104
2022-12-19 21:57:34 [NoName         ]              world.cpp:1431   DBG| Calling PostLoad
2022-12-19 21:57:34 [NoName         ]              world.cpp:1433   DBG| Finished PostLaod
2022-12-19 21:57:34 [NoName         ]              world.cpp:1435   DBG| Finished Asset Loading 
2022-12-19 21:57:34 [NoName         ]              world.cpp:1440   DBG| end of postLoadTask
2022-12-19 21:57:34 [RenderThread   ]     rendercommands.cpp:625   INFO| Resetting RenderMesh Caches. ResetRequest: 1, BufferMaxLoad: 0.54
2022-12-19 21:57:42 [NoName         ]     binarysavedata.cpp:17    INFO| Writing 9 bytes
2022-12-19 21:57:42 [MainThread     ]              world.cpp:1526  INFO| World::Begin() D_Hub -> D_Mini13
2022-12-19 21:57:42 [MainThread     ]    progressmanager.cpp:936   INFO| Lua::Save() : 0.014842 s
2022-12-19 21:57:42 [MainThread     ]    progressmanager.cpp:916   INFO| GatherSaveData : 0.018782 s
2022-12-19 21:57:42 [MainThread     ]       audiomanager.cpp:1062   DBG| Unloading map banks
2022-12-19 21:57:42 [NoName         ]     binarysavedata.cpp:17    INFO| Writing 572012 bytes
2022-12-19 21:57:42 [NoName         ]              world.cpp:1329  INFO| Loading next map: D_Mini13
2022-12-19 21:57:42 [NoName         ]              world.cpp:1370  INFO| PreScriptLoad
2022-12-19 21:57:42 [NoName         ]              world.cpp:1382  INFO| PreScriptLoad Done
2022-12-19 21:57:42 [NoName         ]              world.cpp:1398   DBG| load packages took 0.000003
2022-12-19 21:57:42 [NoName         ]              world.cpp:1420   DBG| loadScriptsTask Done 
2022-12-19 21:57:42 [NoName         ]              world.cpp:1424   DBG| Finished Asset Loading 
2022-12-19 21:57:42 [NoName         ]     binaryloaddata.cpp:12    INFO| Reading 82817 bytes
2022-12-19 21:57:42 [NoName         ]       audiomanager.cpp:1022   DBG| Loading map banks for: D_Mini13
2022-12-19 21:57:42 [NoName         ]              world.cpp:1360   DBG| Map Load took 0.012156
2022-12-19 21:57:42 [NoName         ]              world.cpp:1431   DBG| Calling PostLoad
2022-12-19 21:57:42 [NoName         ]              world.cpp:1433   DBG| Finished PostLaod
2022-12-19 21:57:42 [NoName         ]              world.cpp:1435   DBG| Finished Asset Loading 
2022-12-19 21:57:42 [NoName         ]              world.cpp:1440   DBG| end of postLoadTask
2022-12-19 21:57:42 [RenderThread   ]     rendercommands.cpp:625   INFO| Resetting RenderMesh Caches. ResetRequest: 1, BufferMaxLoad: 0.19
2022-12-19 21:57:47 [NoName         ]     binarysavedata.cpp:17    INFO| Writing 9 bytes
2022-12-19 21:57:57 [MainThread     ]    progressmanager.cpp:936   INFO| Lua::Save() : 0.015218 s
2022-12-19 21:57:57 [MainThread     ]    progressmanager.cpp:916   INFO| GatherSaveData : 0.019802 s
2022-12-19 21:57:57 [NoName         ]     binarysavedata.cpp:17    INFO| Writing 9 bytes
2022-12-19 21:57:57 [NoName         ]     binarysavedata.cpp:17    INFO| Writing 573993 bytes
2022-12-19 21:58:02 [NoName         ]     binarysavedata.cpp:17    INFO| Writing 9 bytes
2022-12-19 21:58:02 [MainThread     ]              world.cpp:1526  INFO| World::Begin() D_Mini13 -> D_Mini04
2022-12-19 21:58:02 [MainThread     ]    progressmanager.cpp:936   INFO| Lua::Save() : 0.014811 s
2022-12-19 21:58:02 [MainThread     ]    progressmanager.cpp:916   INFO| GatherSaveData : 0.018721 s
2022-12-19 21:58:02 [MainThread     ]       audiomanager.cpp:1062   DBG| Unloading map banks
2022-12-19 21:58:02 [NoName         ]     binarysavedata.cpp:17    INFO| Writing 564139 bytes
2022-12-19 21:58:02 [NoName         ]              world.cpp:1329  INFO| Loading next map: D_Mini04
2022-12-19 21:58:02 [NoName         ]              world.cpp:1370  INFO| PreScriptLoad
2022-12-19 21:58:02 [NoName         ]              world.cpp:1382  INFO| PreScriptLoad Done
2022-12-19 21:58:02 [NoName         ]              world.cpp:1398   DBG| load packages took 0.000003
2022-12-19 21:58:02 [NoName         ]              world.cpp:1420   DBG| loadScriptsTask Done 
2022-12-19 21:58:02 [NoName         ]              world.cpp:1424   DBG| Finished Asset Loading 
2022-12-19 21:58:02 [NoName         ]     binaryloaddata.cpp:12    INFO| Reading 83171 bytes
2022-12-19 21:58:02 [NoName         ]       audiomanager.cpp:1022   DBG| Loading map banks for: D_Mini04
2022-12-19 21:58:02 [NoName         ]              world.cpp:1360   DBG| Map Load took 0.010541
2022-12-19 21:58:02 [NoName         ]              world.cpp:1431   DBG| Calling PostLoad
2022-12-19 21:58:02 [NoName         ]              world.cpp:1433   DBG| Finished PostLaod
2022-12-19 21:58:02 [NoName         ]              world.cpp:1435   DBG| Finished Asset Loading 
2022-12-19 21:58:02 [NoName         ]              world.cpp:1440   DBG| end of postLoadTask
2022-12-19 21:58:02 [RenderThread   ]     rendercommands.cpp:625   INFO| Resetting RenderMesh Caches. ResetRequest: 1, BufferMaxLoad: 0.29
2022-12-19 21:58:16 [MainThread     ]    progressmanager.cpp:936   INFO| Lua::Save() : 0.017091 s
2022-12-19 21:58:16 [MainThread     ]    progressmanager.cpp:916   INFO| GatherSaveData : 0.021368 s
2022-12-19 21:58:16 [NoName         ]     binarysavedata.cpp:17    INFO| Writing 570114 bytes
2022-12-19 21:58:16 [NoName         ]     binarysavedata.cpp:17    INFO| Writing 9 bytes
2022-12-19 21:58:39 [NoName         ]     binarysavedata.cpp:17    INFO| Writing 9 bytes
2022-12-19 21:58:39 [MainThread     ]              world.cpp:1526  INFO| World::Begin() D_Mini04 -> D_Mini10
2022-12-19 21:58:39 [MainThread     ]    progressmanager.cpp:936   INFO| Lua::Save() : 0.014975 s
2022-12-19 21:58:39 [MainThread     ]    progressmanager.cpp:916   INFO| GatherSaveData : 0.018875 s
2022-12-19 21:58:39 [MainThread     ]       audiomanager.cpp:1062   DBG| Unloading map banks
2022-12-19 21:58:39 [NoName         ]     binarysavedata.cpp:17    INFO| Writing 566661 bytes
2022-12-19 21:58:39 [NoName         ]              world.cpp:1370  INFO| PreScriptLoad
2022-12-19 21:58:39 [NoName         ]              world.cpp:1382  INFO| PreScriptLoad Done
2022-12-19 21:58:39 [NoName         ]              world.cpp:1398   DBG| load packages took 0.000003
2022-12-19 21:58:39 [NoName         ]              world.cpp:1420   DBG| loadScriptsTask Done 
2022-12-19 21:58:39 [NoName         ]              world.cpp:1424   DBG| Finished Asset Loading 
2022-12-19 21:58:39 [NoName         ]              world.cpp:1329  INFO| Loading next map: D_Mini10
2022-12-19 21:58:39 [NoName         ]     binaryloaddata.cpp:12    INFO| Reading 66481 bytes
2022-12-19 21:58:39 [NoName         ]       audiomanager.cpp:1022   DBG| Loading map banks for: D_Mini10
2022-12-19 21:58:39 [NoName         ]              world.cpp:1360   DBG| Map Load took 0.012435
2022-12-19 21:58:39 [NoName         ]              world.cpp:1431   DBG| Calling PostLoad
2022-12-19 21:58:39 [NoName         ]              world.cpp:1433   DBG| Finished PostLaod
2022-12-19 21:58:39 [NoName         ]              world.cpp:1435   DBG| Finished Asset Loading 
2022-12-19 21:58:39 [NoName         ]              world.cpp:1440   DBG| end of postLoadTask
2022-12-19 21:58:39 [RenderThread   ]     rendercommands.cpp:625   INFO| Resetting RenderMesh Caches. ResetRequest: 1, BufferMaxLoad: 0.39
2022-12-19 21:58:43 [NoName         ]     binarysavedata.cpp:17    INFO| Writing 9 bytes
2022-12-19 21:58:54 [MainThread     ]    progressmanager.cpp:936   INFO| Lua::Save() : 0.016917 s
2022-12-19 21:58:54 [MainThread     ]    progressmanager.cpp:916   INFO| GatherSaveData : 0.021065 s
2022-12-19 21:58:54 [NoName         ]     binarysavedata.cpp:17    INFO| Writing 571120 bytes
2022-12-19 21:58:54 [NoName         ]     binarysavedata.cpp:17    INFO| Writing 9 bytes
2022-12-19 21:58:58 [NoName         ]     binarysavedata.cpp:17    INFO| Writing 9 bytes
2022-12-19 21:58:58 [MainThread     ]              world.cpp:1526  INFO| World::Begin() D_Mini10 -> D_Mini08
2022-12-19 21:58:58 [MainThread     ]    progressmanager.cpp:936   INFO| Lua::Save() : 0.015332 s
2022-12-19 21:58:58 [MainThread     ]    progressmanager.cpp:916   INFO| GatherSaveData : 0.019321 s
2022-12-19 21:58:58 [MainThread     ]       audiomanager.cpp:1062   DBG| Unloading map banks
2022-12-19 21:58:58 [NoName         ]     binarysavedata.cpp:17    INFO| Writing 569239 bytes
2022-12-19 21:58:58 [NoName         ]              world.cpp:1329  INFO| Loading next map: D_Mini08
2022-12-19 21:58:58 [NoName         ]              world.cpp:1370  INFO| PreScriptLoad
2022-12-19 21:58:58 [NoName         ]              world.cpp:1382  INFO| PreScriptLoad Done
2022-12-19 21:58:58 [NoName         ]              world.cpp:1398   DBG| load packages took 0.000003
2022-12-19 21:58:58 [NoName         ]              world.cpp:1420   DBG| loadScriptsTask Done 
2022-12-19 21:58:58 [NoName         ]              world.cpp:1424   DBG| Finished Asset Loading 
2022-12-19 21:58:58 [NoName         ]     binaryloaddata.cpp:12    INFO| Reading 76068 bytes
2022-12-19 21:58:58 [NoName         ]       audiomanager.cpp:1022   DBG| Loading map banks for: D_Mini08
2022-12-19 21:58:58 [NoName         ]              world.cpp:1360   DBG| Map Load took 0.010291
2022-12-19 21:58:58 [NoName         ]              world.cpp:1431   DBG| Calling PostLoad
2022-12-19 21:58:58 [NoName         ]              world.cpp:1433   DBG| Finished PostLaod
2022-12-19 21:58:58 [NoName         ]              world.cpp:1435   DBG| Finished Asset Loading 
2022-12-19 21:58:58 [NoName         ]              world.cpp:1440   DBG| end of postLoadTask
2022-12-19 21:58:58 [RenderThread   ]     rendercommands.cpp:625   INFO| Resetting RenderMesh Caches. ResetRequest: 1, BufferMaxLoad: 0.34
2022-12-19 21:59:06 [MainThread     ]    progressmanager.cpp:936   INFO| Lua::Save() : 0.016554 s
2022-12-19 21:59:06 [MainThread     ]    progressmanager.cpp:916   INFO| GatherSaveData : 0.020661 s
2022-12-19 21:59:06 [NoName         ]     binarysavedata.cpp:17    INFO| Writing 571457 bytes
2022-12-19 21:59:06 [NoName         ]     binarysavedata.cpp:17    INFO| Writing 9 bytes
2022-12-19 21:59:10 [NoName         ]     binarysavedata.cpp:17    INFO| Writing 9 bytes
2022-12-19 21:59:10 [MainThread     ]              world.cpp:1526  INFO| World::Begin() D_Mini08 -> D_Reprieve01
2022-12-19 21:59:10 [MainThread     ]    progressmanager.cpp:936   INFO| Lua::Save() : 0.015164 s
2022-12-19 21:59:10 [MainThread     ]    progressmanager.cpp:916   INFO| GatherSaveData : 0.019083 s
2022-12-19 21:59:10 [MainThread     ]       audiomanager.cpp:1062   DBG| Unloading map banks
2022-12-19 21:59:10 [NoName         ]     binarysavedata.cpp:17    INFO| Writing 569846 bytes
2022-12-19 21:59:10 [NoName         ]              world.cpp:1329  INFO| Loading next map: D_Reprieve01
2022-12-19 21:59:10 [NoName         ]              world.cpp:1370  INFO| PreScriptLoad
2022-12-19 21:59:10 [NoName         ]              world.cpp:1382  INFO| PreScriptLoad Done
2022-12-19 21:59:10 [NoName         ]              world.cpp:1398   DBG| load packages took 0.000004
2022-12-19 21:59:10 [NoName         ]              world.cpp:1420   DBG| loadScriptsTask Done 
2022-12-19 21:59:10 [NoName         ]              world.cpp:1424   DBG| Finished Asset Loading 
2022-12-19 21:59:10 [NoName         ]     binaryloaddata.cpp:12    INFO| Reading 121845 bytes
2022-12-19 21:59:10 [NoName         ]       audiomanager.cpp:1022   DBG| Loading map banks for: D_Reprieve01
2022-12-19 21:59:10 [NoName         ]              world.cpp:1360   DBG| Map Load took 0.011579
2022-12-19 21:59:10 [NoName         ]              world.cpp:1431   DBG| Calling PostLoad
2022-12-19 21:59:10 [NoName         ]              world.cpp:1433   DBG| Finished PostLaod
2022-12-19 21:59:10 [NoName         ]              world.cpp:1435   DBG| Finished Asset Loading 
2022-12-19 21:59:10 [NoName         ]              world.cpp:1440   DBG| end of postLoadTask
2022-12-19 21:59:10 [RenderThread   ]     rendercommands.cpp:625   INFO| Resetting RenderMesh Caches. ResetRequest: 1, BufferMaxLoad: 0.30
2022-12-19 21:59:18 [NoName         ]     binarysavedata.cpp:17    INFO| Writing 9 bytes
2022-12-19 21:59:18 [MainThread     ]              world.cpp:1526  INFO| World::Begin() D_Reprieve01 -> D_Hub
2022-12-19 21:59:18 [MainThread     ]    progressmanager.cpp:936   INFO| Lua::Save() : 0.016801 s
2022-12-19 21:59:18 [MainThread     ]    progressmanager.cpp:916   INFO| GatherSaveData : 0.020986 s
2022-12-19 21:59:18 [MainThread     ]       audiomanager.cpp:1062   DBG| Unloading map banks
2022-12-19 21:59:18 [NoName         ]     binarysavedata.cpp:17    INFO| Writing 582127 bytes
2022-12-19 21:59:18 [NoName         ]              world.cpp:1329  INFO| Loading next map: D_Hub
2022-12-19 21:59:18 [NoName         ]              world.cpp:1370  INFO| PreScriptLoad
2022-12-19 21:59:18 [NoName         ]              world.cpp:1382  INFO| PreScriptLoad Done
2022-12-19 21:59:18 [NoName         ]              world.cpp:1398   DBG| load packages took 0.000003
2022-12-19 21:59:18 [NoName         ]              world.cpp:1420   DBG| loadScriptsTask Done 
2022-12-19 21:59:18 [NoName         ]              world.cpp:1424   DBG| Finished Asset Loading 
2022-12-19 21:59:18 [NoName         ]     binaryloaddata.cpp:12    INFO| Reading 389110 bytes
2022-12-19 21:59:18 [NoName         ]       audiomanager.cpp:1022   DBG| Loading map banks for: D_Hub
2022-12-19 21:59:18 [NoName         ]              world.cpp:1360   DBG| Map Load took 0.003808
2022-12-19 21:59:18 [NoName         ]              world.cpp:1431   DBG| Calling PostLoad
2022-12-19 21:59:19 [NoName         ]              world.cpp:1433   DBG| Finished PostLaod
2022-12-19 21:59:19 [NoName         ]              world.cpp:1435   DBG| Finished Asset Loading 
2022-12-19 21:59:19 [NoName         ]              world.cpp:1440   DBG| end of postLoadTask
2022-12-19 21:59:19 [RenderThread   ]     rendercommands.cpp:625   INFO| Resetting RenderMesh Caches. ResetRequest: 1, BufferMaxLoad: 0.18
2022-12-19 21:59:31 [MainThread     ]            program.cpp:369   INFO| Window Inactive
2022-12-19 21:59:40 [MainThread     ]            program.cpp:352   INFO| Window Active
2022-12-19 21:59:40 [MainThread     ]            program.cpp:352   INFO| Window Active
2022-12-19 21:59:42 [NoName         ]     binarysavedata.cpp:17    INFO| Writing 9 bytes
2022-12-19 22:00:10 [NoName         ]     binarysavedata.cpp:17    INFO| Writing 9 bytes
2022-12-19 22:00:10 [MainThread     ]              world.cpp:1526  INFO| World::Begin() D_Hub -> D_Boss01
2022-12-19 22:00:10 [MainThread     ]    progressmanager.cpp:936   INFO| Lua::Save() : 0.015566 s
2022-12-19 22:00:10 [MainThread     ]    progressmanager.cpp:916   INFO| GatherSaveData : 0.019767 s
2022-12-19 22:00:10 [MainThread     ]       audiomanager.cpp:1062   DBG| Unloading map banks
2022-12-19 22:00:10 [NoName         ]     binarysavedata.cpp:17    INFO| Writing 595635 bytes
2022-12-19 22:00:10 [NoName         ]              world.cpp:1329  INFO| Loading next map: D_Boss01
2022-12-19 22:00:10 [NoName         ]              world.cpp:1370  INFO| PreScriptLoad
2022-12-19 22:00:10 [NoName         ]              world.cpp:1382  INFO| PreScriptLoad Done
2022-12-19 22:00:10 [NoName         ]              world.cpp:1398   DBG| load packages took 0.000003
2022-12-19 22:00:10 [NoName         ]              world.cpp:1420   DBG| loadScriptsTask Done 
2022-12-19 22:00:10 [NoName         ]              world.cpp:1424   DBG| Finished Asset Loading 
2022-12-19 22:00:10 [NoName         ]     binaryloaddata.cpp:12    INFO| Reading 134020 bytes
2022-12-19 22:00:10 [NoName         ]       audiomanager.cpp:1022   DBG| Loading map banks for: D_Boss01
2022-12-19 22:00:10 [NoName         ]              world.cpp:1360   DBG| Map Load took 0.011514
2022-12-19 22:00:10 [NoName         ]              world.cpp:1431   DBG| Calling PostLoad
2022-12-19 22:00:10 [NoName         ]              world.cpp:1433   DBG| Finished PostLaod
2022-12-19 22:00:10 [NoName         ]              world.cpp:1435   DBG| Finished Asset Loading 
2022-12-19 22:00:10 [NoName         ]              world.cpp:1440   DBG| end of postLoadTask
2022-12-19 22:00:10 [RenderThread   ]     rendercommands.cpp:625   INFO| Resetting RenderMesh Caches. ResetRequest: 1, BufferMaxLoad: 0.37
2022-12-19 22:01:19 [NoName         ]     binarysavedata.cpp:17    INFO| Writing 9 bytes
2022-12-19 22:02:40 [RenderThread   ]     rendercommands.cpp:625   INFO| Resetting RenderMesh Caches. ResetRequest: 0, BufferMaxLoad: 0.75
2022-12-19 22:04:14 [MainThread     ]  windowsfilesystem.cpp:209    ERR| Error opening file: E:\Entertainments\Hades.v1.38290-P2P\Hades\Content\Game\PauseScreen.sjson -- rb (error: No such file or directory)
2022-12-19 22:04:14 [MainThread     ]              world.cpp:1593  INFO| World::Stop()
2022-12-19 22:04:23 [RenderThread   ]     rendercommands.cpp:625   INFO| Resetting RenderMesh Caches. ResetRequest: 0, BufferMaxLoad: 0.75
2022-12-19 22:05:17 [MainThread     ]    progressmanager.cpp:936   INFO| Lua::Save() : 0.018839 s
2022-12-19 22:05:17 [MainThread     ]    progressmanager.cpp:916   INFO| GatherSaveData : 0.023313 s
2022-12-19 22:05:17 [NoName         ]     binarysavedata.cpp:17    INFO| Writing 604411 bytes
2022-12-19 22:05:17 [NoName         ]     binarysavedata.cpp:17    INFO| Writing 9 bytes
2022-12-19 22:05:22 [NoName         ]     binarysavedata.cpp:17    INFO| Writing 9 bytes
2022-12-19 22:05:22 [MainThread     ]              world.cpp:1526  INFO| World::Begin() D_Boss01 -> E_Intro
2022-12-19 22:05:22 [MainThread     ]    progressmanager.cpp:936   INFO| Lua::Save() : 0.016564 s
2022-12-19 22:05:22 [MainThread     ]    progressmanager.cpp:916   INFO| GatherSaveData : 0.020709 s
2022-12-19 22:05:22 [NoName         ]     binarysavedata.cpp:17    INFO| Writing 599394 bytes
2022-12-19 22:05:22 [MainThread     ]       audiomanager.cpp:1062   DBG| Unloading map banks
2022-12-19 22:05:22 [NoName         ]              world.cpp:1329  INFO| Loading next map: E_Intro
2022-12-19 22:05:22 [NoName         ]              world.cpp:1370  INFO| PreScriptLoad
2022-12-19 22:05:22 [NoName         ]              world.cpp:1382  INFO| PreScriptLoad Done
2022-12-19 22:05:22 [NoName         ]   gameassetmanager.cpp:436   INFO| Start reading manifest Surface
2022-12-19 22:05:22 [NoName         ]   gameassetmanager.cpp:489   INFO| Done reading manifest Surface
2022-12-19 22:05:22 [NoName         ]              world.cpp:1398   DBG| load packages took 0.007303
2022-12-19 22:05:22 [NoName         ]              world.cpp:1420   DBG| loadScriptsTask Done 
2022-12-19 22:05:22 [NoName         ]              world.cpp:1424   DBG| Finished Asset Loading 
2022-12-19 22:05:22 [GameAssetManagerLoadThread]   gameassetmanager.cpp:515   INFO| Loading package: Surface.pkg
2022-12-19 22:05:22 [NoName         ]     binaryloaddata.cpp:12    INFO| Reading 175093 bytes
2022-12-19 22:05:22 [NoName         ]       audiomanager.cpp:1022   DBG| Loading map banks for: E_Intro
2022-12-19 22:05:22 [NoName         ]              world.cpp:1360   DBG| Map Load took 0.013306
2022-12-19 22:05:22 [NoName         ]              world.cpp:1431   DBG| Calling PostLoad
2022-12-19 22:05:23 [GameAssetManagerLoadThread]   gameassetmanager.cpp:545   INFO| Package Loaded: Surface
2022-12-19 22:05:23 [NoName         ]   gameassetmanager.cpp:436   INFO| Start reading manifest AresUpgrade
2022-12-19 22:05:23 [NoName         ]   gameassetmanager.cpp:489   INFO| Done reading manifest AresUpgrade
2022-12-19 22:05:23 [GameAssetManagerLoadThread]   gameassetmanager.cpp:515   INFO| Loading package: AresUpgrade.pkg
2022-12-19 22:05:23 [GameAssetManagerLoadThread]   gameassetmanager.cpp:545   INFO| Package Loaded: AresUpgrade
2022-12-19 22:05:23 [NoName         ]   gameassetmanager.cpp:436   INFO| Start reading manifest PoseidonUpgrade
2022-12-19 22:05:23 [NoName         ]   gameassetmanager.cpp:489   INFO| Done reading manifest PoseidonUpgrade
2022-12-19 22:05:23 [GameAssetManagerLoadThread]   gameassetmanager.cpp:515   INFO| Loading package: PoseidonUpgrade.pkg
2022-12-19 22:05:23 [GameAssetManagerLoadThread]   gameassetmanager.cpp:545   INFO| Package Loaded: PoseidonUpgrade
2022-12-19 22:05:23 [NoName         ]   gameassetmanager.cpp:436   INFO| Start reading manifest AthenaUpgrade
2022-12-19 22:05:23 [NoName         ]   gameassetmanager.cpp:489   INFO| Done reading manifest AthenaUpgrade
2022-12-19 22:05:23 [GameAssetManagerLoadThread]   gameassetmanager.cpp:515   INFO| Loading package: AthenaUpgrade.pkg
2022-12-19 22:05:23 [GameAssetManagerLoadThread]   gameassetmanager.cpp:545   INFO| Package Loaded: AthenaUpgrade
2022-12-19 22:05:23 [NoName         ]  windowsfilesystem.cpp:209    ERR| Error opening file: E:\Entertainments\Hades.v1.38290-P2P\Hades\Content\Win\Packages\TrialUpgrade.pkg_manifest -- rb (error: No such file or directory)
2022-12-19 22:05:23 [NoName         ]  windowsfilesystem.cpp:209    ERR| Error opening file: E:\Entertainments\Hades.v1.38290-P2P\Hades\Content\Win\Packages\TrialUpgrade.pkg_manifest -- rb (error: No such file or directory)
2022-12-19 22:05:23 [GameAssetManagerLoadThread]   gameassetmanager.cpp:515   INFO| Loading package: TrialUpgrade.pkg
2022-12-19 22:05:23 [GameAssetManagerLoadThread]  windowsfilesystem.cpp:209    ERR| Error opening file: E:\Entertainments\Hades.v1.38290-P2P\Hades\Content\Win\Packages\TrialUpgrade.pkg_manifest -- rb (error: No such file or directory)
2022-12-19 22:05:23 [GameAssetManagerLoadThread]  windowsfilesystem.cpp:209    ERR| Error opening file: E:\Entertainments\Hades.v1.38290-P2P\Hades\Content\Win\Packages\TrialUpgrade.pkg -- rb (error: No such file or directory)
2022-12-19 22:05:23 [GameAssetManagerLoadThread]   gameassetmanager.cpp:401    ERR| Package load failed TrialUpgrade.pkg
2022-12-19 22:05:23 [GameAssetManagerLoadThread]   gameassetmanager.cpp:545   INFO| Package Loaded: TrialUpgrade
2022-12-19 22:05:23 [NoName         ]   gameassetmanager.cpp:436   INFO| Start reading manifest DionysusUpgrade
2022-12-19 22:05:23 [NoName         ]   gameassetmanager.cpp:489   INFO| Done reading manifest DionysusUpgrade
2022-12-19 22:05:23 [GameAssetManagerLoadThread]   gameassetmanager.cpp:515   INFO| Loading package: DionysusUpgrade.pkg
2022-12-19 22:05:23 [GameAssetManagerLoadThread]   gameassetmanager.cpp:545   INFO| Package Loaded: DionysusUpgrade
2022-12-19 22:05:23 [NoName         ]              world.cpp:1433   DBG| Finished PostLaod
2022-12-19 22:05:23 [NoName         ]              world.cpp:1435   DBG| Finished Asset Loading 
2022-12-19 22:05:23 [NoName         ]              world.cpp:1440   DBG| end of postLoadTask
2022-12-19 22:05:23 [MainThread     ]   gameassetmanager.cpp:436   INFO| Start reading manifest SwordParry
2022-12-19 22:05:23 [MainThread     ]   gameassetmanager.cpp:489   INFO| Done reading manifest SwordParry
2022-12-19 22:05:23 [GameAssetManagerLoadThread]   gameassetmanager.cpp:515   INFO| Loading package: SwordParry.pkg
2022-12-19 22:05:23 [GameAssetManagerLoadThread]   gameassetmanager.cpp:545   INFO| Package Loaded: SwordParry
2022-12-19 22:05:23 [MainThread     ]   gameassetmanager.cpp:436   INFO| Start reading manifest SwordWeapon
2022-12-19 22:05:23 [MainThread     ]   gameassetmanager.cpp:489   INFO| Done reading manifest SwordWeapon
2022-12-19 22:05:23 [GameAssetManagerLoadThread]   gameassetmanager.cpp:515   INFO| Loading package: SwordWeapon.pkg
2022-12-19 22:05:23 [GameAssetManagerLoadThread]   gameassetmanager.cpp:545   INFO| Package Loaded: SwordWeapon
2022-12-19 22:05:23 [RenderThread   ]     rendercommands.cpp:625   INFO| Resetting RenderMesh Caches. ResetRequest: 1, BufferMaxLoad: 0.51
2022-12-19 22:05:28 [NoName         ]     binarysavedata.cpp:17    INFO| Writing 9 bytes
2022-12-19 22:05:50 [RenderThread   ]     rendercommands.cpp:625   INFO| Resetting RenderMesh Caches. ResetRequest: 0, BufferMaxLoad: 0.75
2022-12-19 22:05:56 [MainThread     ]  windowsfilesystem.cpp:209    ERR| Error opening file: E:\Entertainments\Hades.v1.38290-P2P\Hades\Content\Game\PauseScreen.sjson -- rb (error: No such file or directory)
2022-12-19 22:05:56 [MainThread     ]              world.cpp:1593  INFO| World::Stop()
2022-12-19 22:05:57 [MainThread     ]            program.cpp:369   INFO| Window Inactive
2022-12-19 22:06:29 [MainThread     ]            program.cpp:352   INFO| Window Active
2022-12-19 22:06:29 [MainThread     ]            program.cpp:352   INFO| Window Active
2022-12-19 22:06:32 [RenderThread   ]     rendercommands.cpp:625   INFO| Resetting RenderMesh Caches. ResetRequest: 0, BufferMaxLoad: 0.75
2022-12-19 22:06:36 [NoName         ]     binarysavedata.cpp:17    INFO| Writing 9 bytes
2022-12-19 22:06:36 [MainThread     ]              world.cpp:1526  INFO| World::Begin() E_Intro -> E_Story01
2022-12-19 22:06:36 [MainThread     ]    progressmanager.cpp:936   INFO| Lua::Save() : 0.015659 s
2022-12-19 22:06:36 [MainThread     ]    progressmanager.cpp:916   INFO| GatherSaveData : 0.019771 s
2022-12-19 22:06:36 [MainThread     ]       audiomanager.cpp:1062   DBG| Unloading map banks
2022-12-19 22:06:36 [NoName         ]     binarysavedata.cpp:17    INFO| Writing 598379 bytes
2022-12-19 22:06:36 [NoName         ]              world.cpp:1370  INFO| PreScriptLoad
2022-12-19 22:06:36 [NoName         ]              world.cpp:1329  INFO| Loading next map: E_Story01
2022-12-19 22:06:36 [NoName         ]              world.cpp:1382  INFO| PreScriptLoad Done
2022-12-19 22:06:36 [NoName         ]              world.cpp:1398   DBG| load packages took 0.000004
2022-12-19 22:06:36 [NoName         ]              world.cpp:1420   DBG| loadScriptsTask Done 
2022-12-19 22:06:36 [NoName         ]              world.cpp:1424   DBG| Finished Asset Loading 
2022-12-19 22:06:36 [NoName         ]     binaryloaddata.cpp:12    INFO| Reading 355161 bytes
2022-12-19 22:06:36 [NoName         ]       audiomanager.cpp:1022   DBG| Loading map banks for: E_Story01
2022-12-19 22:06:36 [NoName         ]              world.cpp:1360   DBG| Map Load took 0.014955
2022-12-19 22:06:36 [NoName         ]              world.cpp:1431   DBG| Calling PostLoad
2022-12-19 22:06:36 [NoName         ]              world.cpp:1433   DBG| Finished PostLaod
2022-12-19 22:06:36 [NoName         ]              world.cpp:1435   DBG| Finished Asset Loading 
2022-12-19 22:06:36 [NoName         ]              world.cpp:1440   DBG| end of postLoadTask
2022-12-19 22:06:36 [RenderThread   ]     rendercommands.cpp:625   INFO| Resetting RenderMesh Caches. ResetRequest: 1, BufferMaxLoad: 0.05
2022-12-19 22:07:34 [NoName         ]     binarysavedata.cpp:17    INFO| Writing 9 bytes
2022-12-19 22:07:47 [MainThread     ]              world.cpp:1526  INFO| World::Begin() E_Story01 -> DeathArea
2022-12-19 22:07:47 [MainThread     ]    progressmanager.cpp:936   INFO| Lua::Save() : 0.014766 s
2022-12-19 22:07:47 [MainThread     ]    progressmanager.cpp:916   INFO| GatherSaveData : 0.018580 s
2022-12-19 22:07:47 [NoName         ]     binarysavedata.cpp:17    INFO| Writing 548563 bytes
2022-12-19 22:07:47 [MainThread     ]       audiomanager.cpp:1062   DBG| Unloading map banks
2022-12-19 22:07:47 [NoName         ]              world.cpp:1370  INFO| PreScriptLoad
2022-12-19 22:07:47 [NoName         ]              world.cpp:1329  INFO| Loading next map: DeathArea
2022-12-19 22:07:47 [NoName         ]              world.cpp:1382  INFO| PreScriptLoad Done
2022-12-19 22:07:47 [NoName         ]   gameassetmanager.cpp:436   INFO| Start reading manifest DeathArea
2022-12-19 22:07:47 [NoName         ]     binaryloaddata.cpp:12    INFO| Reading 650798 bytes
2022-12-19 22:07:47 [NoName         ]   gameassetmanager.cpp:489   INFO| Done reading manifest DeathArea
2022-12-19 22:07:47 [NoName         ]              world.cpp:1398   DBG| load packages took 0.006192
2022-12-19 22:07:47 [NoName         ]              world.cpp:1420   DBG| loadScriptsTask Done 
2022-12-19 22:07:47 [NoName         ]              world.cpp:1424   DBG| Finished Asset Loading 
2022-12-19 22:07:47 [GameAssetManagerLoadThread]   gameassetmanager.cpp:515   INFO| Loading package: DeathArea.pkg
2022-12-19 22:07:47 [NoName         ]       audiomanager.cpp:1022   DBG| Loading map banks for: DeathArea
2022-12-19 22:07:47 [NoName         ]       audiomanager.cpp:775    DBG| Loading bank: DeathArea.bank
2022-12-19 22:07:47 [NoName         ]              world.cpp:1360   DBG| Map Load took 0.041786
2022-12-19 22:07:47 [NoName         ]              world.cpp:1431   DBG| Calling PostLoad
2022-12-19 22:07:48 [GameAssetManagerLoadThread]   gameassetmanager.cpp:545   INFO| Package Loaded: DeathArea
2022-12-19 22:07:48 [NoName         ]   gameassetmanager.cpp:436   INFO| Start reading manifest AresUpgrade
2022-12-19 22:07:48 [NoName         ]   gameassetmanager.cpp:489   INFO| Done reading manifest AresUpgrade
2022-12-19 22:07:48 [GameAssetManagerLoadThread]   gameassetmanager.cpp:515   INFO| Loading package: AresUpgrade.pkg
2022-12-19 22:07:48 [GameAssetManagerLoadThread]   gameassetmanager.cpp:545   INFO| Package Loaded: AresUpgrade
2022-12-19 22:07:48 [NoName         ]   gameassetmanager.cpp:436   INFO| Start reading manifest PoseidonUpgrade
2022-12-19 22:07:48 [NoName         ]   gameassetmanager.cpp:489   INFO| Done reading manifest PoseidonUpgrade
2022-12-19 22:07:48 [NoName         ]   gameassetmanager.cpp:436   INFO| Start reading manifest AthenaUpgrade
2022-12-19 22:07:48 [NoName         ]   gameassetmanager.cpp:489   INFO| Done reading manifest AthenaUpgrade
2022-12-19 22:07:48 [NoName         ]  windowsfilesystem.cpp:209    ERR| Error opening file: E:\Entertainments\Hades.v1.38290-P2P\Hades\Content\Win\Packages\TrialUpgrade.pkg_manifest -- rb (error: No such file or directory)
2022-12-19 22:07:48 [NoName         ]  windowsfilesystem.cpp:209    ERR| Error opening file: E:\Entertainments\Hades.v1.38290-P2P\Hades\Content\Win\Packages\TrialUpgrade.pkg_manifest -- rb (error: No such file or directory)
2022-12-19 22:07:48 [GameAssetManagerLoadThread]   gameassetmanager.cpp:515   INFO| Loading package: PoseidonUpgrade.pkg
2022-12-19 22:07:48 [GameAssetManagerLoadThread]   gameassetmanager.cpp:545   INFO| Package Loaded: PoseidonUpgrade
2022-12-19 22:07:48 [GameAssetManagerLoadThread]   gameassetmanager.cpp:515   INFO| Loading package: AthenaUpgrade.pkg
2022-12-19 22:07:48 [GameAssetManagerLoadThread]   gameassetmanager.cpp:545   INFO| Package Loaded: AthenaUpgrade
2022-12-19 22:07:48 [GameAssetManagerLoadThread]   gameassetmanager.cpp:515   INFO| Loading package: TrialUpgrade.pkg
2022-12-19 22:07:48 [GameAssetManagerLoadThread]  windowsfilesystem.cpp:209    ERR| Error opening file: E:\Entertainments\Hades.v1.38290-P2P\Hades\Content\Win\Packages\TrialUpgrade.pkg_manifest -- rb (error: No such file or directory)
2022-12-19 22:07:48 [GameAssetManagerLoadThread]  windowsfilesystem.cpp:209    ERR| Error opening file: E:\Entertainments\Hades.v1.38290-P2P\Hades\Content\Win\Packages\TrialUpgrade.pkg -- rb (error: No such file or directory)
2022-12-19 22:07:48 [GameAssetManagerLoadThread]   gameassetmanager.cpp:401    ERR| Package load failed TrialUpgrade.pkg
2022-12-19 22:07:48 [GameAssetManagerLoadThread]   gameassetmanager.cpp:545   INFO| Package Loaded: TrialUpgrade
2022-12-19 22:07:48 [NoName         ]   gameassetmanager.cpp:436   INFO| Start reading manifest DionysusUpgrade
2022-12-19 22:07:48 [NoName         ]   gameassetmanager.cpp:489   INFO| Done reading manifest DionysusUpgrade
2022-12-19 22:07:48 [GameAssetManagerLoadThread]   gameassetmanager.cpp:515   INFO| Loading package: DionysusUpgrade.pkg
2022-12-19 22:07:48 [GameAssetManagerLoadThread]   gameassetmanager.cpp:545   INFO| Package Loaded: DionysusUpgrade
2022-12-19 22:07:48 [NoName         ]              world.cpp:1433   DBG| Finished PostLaod
2022-12-19 22:07:48 [NoName         ]              world.cpp:1435   DBG| Finished Asset Loading 
2022-12-19 22:07:48 [NoName         ]              world.cpp:1440   DBG| end of postLoadTask
2022-12-19 22:07:48 [RenderThread   ]     rendercommands.cpp:625   INFO| Resetting RenderMesh Caches. ResetRequest: 1, BufferMaxLoad: 0.09
2022-12-19 22:07:48 [MainThread     ]   gameassetmanager.cpp:436   INFO| Start reading manifest SwordParry
2022-12-19 22:07:48 [MainThread     ]   gameassetmanager.cpp:489   INFO| Done reading manifest SwordParry
2022-12-19 22:07:48 [GameAssetManagerLoadThread]   gameassetmanager.cpp:515   INFO| Loading package: SwordParry.pkg
2022-12-19 22:07:48 [GameAssetManagerLoadThread]   gameassetmanager.cpp:545   INFO| Package Loaded: SwordParry
2022-12-19 22:07:48 [MainThread     ]   gameassetmanager.cpp:436   INFO| Start reading manifest SwordWeapon
2022-12-19 22:07:48 [MainThread     ]   gameassetmanager.cpp:489   INFO| Done reading manifest SwordWeapon
2022-12-19 22:07:48 [GameAssetManagerLoadThread]   gameassetmanager.cpp:515   INFO| Loading package: SwordWeapon.pkg
2022-12-19 22:07:48 [GameAssetManagerLoadThread]   gameassetmanager.cpp:545   INFO| Package Loaded: SwordWeapon
2022-12-19 22:10:38 [MainThread     ]              world.cpp:1526  INFO| World::Begin() DeathArea -> DeathAreaBedroom
2022-12-19 22:10:38 [MainThread     ]    progressmanager.cpp:936   INFO| Lua::Save() : 0.014636 s
2022-12-19 22:10:38 [MainThread     ]    progressmanager.cpp:916   INFO| GatherSaveData : 0.018471 s
2022-12-19 22:10:38 [MainThread     ]       audiomanager.cpp:1057   DBG| Skipped unloading map banks
2022-12-19 22:10:38 [NoName         ]     binarysavedata.cpp:17    INFO| Writing 539944 bytes
2022-12-19 22:10:38 [NoName         ]              world.cpp:1329  INFO| Loading next map: DeathAreaBedroom
2022-12-19 22:10:38 [NoName         ]              world.cpp:1370  INFO| PreScriptLoad
2022-12-19 22:10:38 [NoName         ]              world.cpp:1382  INFO| PreScriptLoad Done
2022-12-19 22:10:38 [NoName         ]              world.cpp:1398   DBG| load packages took 0.000005
2022-12-19 22:10:38 [NoName         ]              world.cpp:1420   DBG| loadScriptsTask Done 
2022-12-19 22:10:38 [NoName         ]              world.cpp:1424   DBG| Finished Asset Loading 
2022-12-19 22:10:38 [NoName         ]     binaryloaddata.cpp:12    INFO| Reading 93596 bytes
2022-12-19 22:10:38 [NoName         ]       audiomanager.cpp:1022   DBG| Loading map banks for: DeathAreaBedroom
2022-12-19 22:10:38 [NoName         ]       audiomanager.cpp:775    DBG| Loading bank: DeathArea.bank
2022-12-19 22:10:38 [NoName         ]       audiomanager.cpp:832    DBG| Already loaded :DeathArea.bank
2022-12-19 22:10:38 [NoName         ]              world.cpp:1360   DBG| Map Load took 0.080990
2022-12-19 22:10:38 [NoName         ]              world.cpp:1431   DBG| Calling PostLoad
2022-12-19 22:10:38 [NoName         ]              world.cpp:1433   DBG| Finished PostLaod
2022-12-19 22:10:38 [NoName         ]              world.cpp:1435   DBG| Finished Asset Loading 
2022-12-19 22:10:38 [NoName         ]              world.cpp:1440   DBG| end of postLoadTask
2022-12-19 22:10:38 [RenderThread   ]     rendercommands.cpp:625   INFO| Resetting RenderMesh Caches. ResetRequest: 1, BufferMaxLoad: 0.37
2022-12-19 22:11:00 [MainThread     ]              world.cpp:1526  INFO| World::Begin() DeathAreaBedroom -> RoomPreRun
2022-12-19 22:11:00 [MainThread     ]    progressmanager.cpp:936   INFO| Lua::Save() : 0.014413 s
2022-12-19 22:11:00 [MainThread     ]    progressmanager.cpp:916   INFO| GatherSaveData : 0.018225 s
2022-12-19 22:11:00 [MainThread     ]       audiomanager.cpp:1057   DBG| Skipped unloading map banks
2022-12-19 22:11:00 [NoName         ]     binarysavedata.cpp:17    INFO| Writing 557765 bytes
2022-12-19 22:11:00 [NoName         ]              world.cpp:1329  INFO| Loading next map: RoomPreRun
2022-12-19 22:11:00 [NoName         ]              world.cpp:1370  INFO| PreScriptLoad
2022-12-19 22:11:00 [NoName         ]              world.cpp:1382  INFO| PreScriptLoad Done
2022-12-19 22:11:00 [NoName         ]              world.cpp:1398   DBG| load packages took 0.000003
2022-12-19 22:11:00 [NoName         ]              world.cpp:1420   DBG| loadScriptsTask Done 
2022-12-19 22:11:00 [NoName         ]              world.cpp:1424   DBG| Finished Asset Loading 
2022-12-19 22:11:00 [NoName         ]     binaryloaddata.cpp:12    INFO| Reading 164312 bytes
2022-12-19 22:11:00 [NoName         ]       audiomanager.cpp:1022   DBG| Loading map banks for: RoomPreRun
2022-12-19 22:11:00 [NoName         ]       audiomanager.cpp:775    DBG| Loading bank: DeathArea.bank
2022-12-19 22:11:00 [NoName         ]       audiomanager.cpp:832    DBG| Already loaded :DeathArea.bank
2022-12-19 22:11:00 [NoName         ]              world.cpp:1360   DBG| Map Load took 0.072246
2022-12-19 22:11:00 [NoName         ]              world.cpp:1431   DBG| Calling PostLoad
2022-12-19 22:11:00 [NoName         ]              world.cpp:1433   DBG| Finished PostLaod
2022-12-19 22:11:00 [NoName         ]              world.cpp:1435   DBG| Finished Asset Loading 
2022-12-19 22:11:00 [NoName         ]              world.cpp:1440   DBG| end of postLoadTask
2022-12-19 22:11:00 [RenderThread   ]     rendercommands.cpp:625   INFO| Resetting RenderMesh Caches. ResetRequest: 1, BufferMaxLoad: 0.10
2022-12-19 22:11:00 [MainThread     ]   gameassetmanager.cpp:436   INFO| Start reading manifest SpearWeapon
2022-12-19 22:11:00 [MainThread     ]   gameassetmanager.cpp:489   INFO| Done reading manifest SpearWeapon
2022-12-19 22:11:00 [MainThread     ]   gameassetmanager.cpp:436   INFO| Start reading manifest ShieldWeapon
2022-12-19 22:11:00 [MainThread     ]   gameassetmanager.cpp:489   INFO| Done reading manifest ShieldWeapon
2022-12-19 22:11:00 [MainThread     ]   gameassetmanager.cpp:436   INFO| Start reading manifest BowWeapon
2022-12-19 22:11:00 [MainThread     ]   gameassetmanager.cpp:489   INFO| Done reading manifest BowWeapon
2022-12-19 22:11:00 [MainThread     ]  windowsfilesystem.cpp:209    ERR| Error opening file: E:\Entertainments\Hades.v1.38290-P2P\Hades\Content\Win\Packages\FistWeapon.pkg_manifest -- rb (error: No such file or directory)
2022-12-19 22:11:00 [MainThread     ]  windowsfilesystem.cpp:209    ERR| Error opening file: E:\Entertainments\Hades.v1.38290-P2P\Hades\Content\Win\Packages\GunWeapon.pkg_manifest -- rb (error: No such file or directory)
2022-12-19 22:11:00 [MainThread     ]  windowsfilesystem.cpp:209    ERR| Error opening file: E:\Entertainments\Hades.v1.38290-P2P\Hades\Content\Win\Packages\FistWeapon.pkg_manifest -- rb (error: No such file or directory)
2022-12-19 22:11:00 [MainThread     ]  windowsfilesystem.cpp:209    ERR| Error opening file: E:\Entertainments\Hades.v1.38290-P2P\Hades\Content\Win\Packages\GunWeapon.pkg_manifest -- rb (error: No such file or directory)
2022-12-19 22:11:00 [GameAssetManagerLoadThread]   gameassetmanager.cpp:515   INFO| Loading package: SpearWeapon.pkg
2022-12-19 22:11:00 [GameAssetManagerLoadThread]   gameassetmanager.cpp:545   INFO| Package Loaded: SpearWeapon
2022-12-19 22:11:00 [GameAssetManagerLoadThread]   gameassetmanager.cpp:515   INFO| Loading package: ShieldWeapon.pkg
2022-12-19 22:11:00 [GameAssetManagerLoadThread]   gameassetmanager.cpp:545   INFO| Package Loaded: ShieldWeapon
2022-12-19 22:11:00 [GameAssetManagerLoadThread]   gameassetmanager.cpp:515   INFO| Loading package: BowWeapon.pkg
2022-12-19 22:11:00 [GameAssetManagerLoadThread]   gameassetmanager.cpp:545   INFO| Package Loaded: BowWeapon
2022-12-19 22:11:00 [GameAssetManagerLoadThread]   gameassetmanager.cpp:515   INFO| Loading package: FistWeapon.pkg
2022-12-19 22:11:00 [GameAssetManagerLoadThread]  windowsfilesystem.cpp:209    ERR| Error opening file: E:\Entertainments\Hades.v1.38290-P2P\Hades\Content\Win\Packages\FistWeapon.pkg_manifest -- rb (error: No such file or directory)
2022-12-19 22:11:00 [GameAssetManagerLoadThread]  windowsfilesystem.cpp:209    ERR| Error opening file: E:\Entertainments\Hades.v1.38290-P2P\Hades\Content\Win\Packages\FistWeapon.pkg -- rb (error: No such file or directory)
2022-12-19 22:11:00 [GameAssetManagerLoadThread]   gameassetmanager.cpp:401    ERR| Package load failed FistWeapon.pkg
2022-12-19 22:11:00 [GameAssetManagerLoadThread]   gameassetmanager.cpp:545   INFO| Package Loaded: FistWeapon
2022-12-19 22:11:00 [GameAssetManagerLoadThread]   gameassetmanager.cpp:515   INFO| Loading package: GunWeapon.pkg
2022-12-19 22:11:00 [GameAssetManagerLoadThread]  windowsfilesystem.cpp:209    ERR| Error opening file: E:\Entertainments\Hades.v1.38290-P2P\Hades\Content\Win\Packages\GunWeapon.pkg_manifest -- rb (error: No such file or directory)
2022-12-19 22:11:00 [GameAssetManagerLoadThread]  windowsfilesystem.cpp:209    ERR| Error opening file: E:\Entertainments\Hades.v1.38290-P2P\Hades\Content\Win\Packages\GunWeapon.pkg -- rb (error: No such file or directory)
2022-12-19 22:11:00 [GameAssetManagerLoadThread]   gameassetmanager.cpp:401    ERR| Package load failed GunWeapon.pkg
2022-12-19 22:11:00 [GameAssetManagerLoadThread]   gameassetmanager.cpp:545   INFO| Package Loaded: GunWeapon
2022-12-19 22:11:38 [MainThread     ]  windowsfilesystem.cpp:209    ERR| Error opening file: E:\Entertainments\Hades.v1.38290-P2P\Hades\Content\Game\PauseScreen.sjson -- rb (error: No such file or directory)
2022-12-19 22:11:38 [MainThread     ]              world.cpp:1593  INFO| World::Stop()
2022-12-19 22:11:39 [MainThread     ]  windowsfilesystem.cpp:209    ERR| Error opening file: E:\Entertainments\Hades.v1.38290-P2P\Hades\Content\Game\ExitConfirmDialog.sjson -- rb (error: No such file or directory)
2022-12-19 22:11:39 [MainThread     ]       audiomanager.cpp:158    DBG| AudioManager.reset
2022-12-19 22:11:39 [MainThread     ]       audiomanager.cpp:3420   DBG| AudioManager.reset, excludeId = -1, fullWipe = true
2022-12-19 22:11:39 [MainThread     ]     profilemanager.cpp:126   INFO| saveProfile()
2022-12-19 22:11:39 [NoName         ]     profilemanager.cpp:90    INFO| beginning profile write
2022-12-19 22:11:39 [NoName         ]     profilemanager.cpp:110   INFO| profile write done
2022-12-19 22:11:39 [MainThread     ]  windowsfilesystem.cpp:209    ERR| Error opening file: E:\Entertainments\Hades.v1.38290-P2P\Hades\Content\Game\MainMenuScreen.sjson -- rb (error: No such file or directory)
2022-12-19 22:11:41 [MainThread     ]     profilemanager.cpp:126   INFO| saveProfile()
2022-12-19 22:11:41 [NoName         ]     profilemanager.cpp:90    INFO| beginning profile write
2022-12-19 22:11:41 [MainThread     ]                app.cpp:255    DBG| Shutting down
2022-12-19 22:11:41 [MainThread     ]           ingameui.cpp:37    INFO| InGameUI Destroy
2022-12-19 22:11:41 [NoName         ]     profilemanager.cpp:110   INFO| profile write done
2022-12-19 22:11:41 [MainThread     ]             luaext.cpp:445   INFO| Lua interface destroyed
