Initialize engine version: 2020.3.48f1 (b805b124c6b7)
[Subsystems] Discovering subsystems at path D:/OwO/Take.Me.To.The.Dungeon.v1.6.0r7/Take.Me.To.The.Dungeon.v1.6.0r7/Take Me To The Dungeon!!_Data/UnitySubsystems
GfxDevice: creating device client; threaded=1
Direct3D:
    Version:  Direct3D 11.0 [level 11.1]
    Renderer: AMD Radeon RX 7700 XT (ID=0x747e)
    Vendor:   
    VRAM:     12061 MB
    Driver:   32.0.12033.1030
D3D11 device created for Microsoft Media Foundation video decoding.
<RI> Initializing input.
New input system (experimental) initialized
Using XInput
<RI> Initialized touch support.
UnloadTime: 3.793300 ms
ble is not support.
UnityEngine.Logger:Log(LogType, Object)
UnityEngine.Debug:LogError(Object)
Lovense.UnityKit.WinBle.LovenseWinBleTools:SceneAwake()

[1] App Start
UnityEngine.Logger:Log(LogType, Object)
UnityEngine.Debug:Log(Object)
<ProcessStartGame>d__2:MoveNext()
UnityEngine.SetupCoroutine:InvokeMoveNext(IEnumerator, IntPtr)

[3] Game Init
UnityEngine.Logger:Log(LogType, Object)
UnityEngine.Debug:Log(Object)
<ProcessStartGame>d__1:MoveNext()
UnityEngine.SetupCoroutine:InvokeMoveNext(IEnumerator, IntPtr)

[3] Game Load
UnityEngine.Logger:Log(LogType, Object)
UnityEngine.Debug:Log(Object)
<ProcessStartGame>d__1:MoveNext()
UnityEngine.SetupCoroutine:InvokeMoveNext(IEnumerator, IntPtr)

[3] Load i18n
UnityEngine.Logger:Log(LogType, Object)
UnityEngine.Debug:Log(Object)
<Load>d__52:MoveNext()
UnityEngine.SetupCoroutine:InvokeMoveNext(IEnumerator, IntPtr)

[3] Load Lang -> EN
UnityEngine.Logger:Log(LogType, Object)
UnityEngine.Debug:Log(Object)
GameLocalization:Load(GameLanguage)
<Load>d__52:MoveNext()
UnityEngine.SetupCoroutine:InvokeMoveNext(IEnumerator, IntPtr)

[3] Load Game Setting
UnityEngine.Logger:Log(LogType, Object)
UnityEngine.Debug:Log(Object)
<Load>d__52:MoveNext()
UnityEngine.SetupCoroutine:InvokeMoveNext(IEnumerator, IntPtr)

[3] Load Setting Elapsed = 54ms
UnityEngine.Logger:Log(LogType, Object)
UnityEngine.Debug:Log(Object)
OHD.Setting.GameSettingDatastoreList:LoadAllSetting()
<Load>d__52:MoveNext()
UnityEngine.SetupCoroutine:InvokeMoveNext(IEnumerator, IntPtr)

[3] Load Keywords
UnityEngine.Logger:Log(LogType, Object)
UnityEngine.Debug:Log(Object)
<Load>d__52:MoveNext()
UnityEngine.SetupCoroutine:InvokeMoveNext(IEnumerator, IntPtr)

[3] Bind Main Event
UnityEngine.Logger:Log(LogType, Object)
UnityEngine.Debug:Log(Object)
<Load>d__52:MoveNext()
UnityEngine.SetupCoroutine:InvokeMoveNext(IEnumerator, IntPtr)

[3] Load Rate Machine
UnityEngine.Logger:Log(LogType, Object)
UnityEngine.Debug:Log(Object)
<Load>d__52:MoveNext()
UnityEngine.SetupCoroutine:InvokeMoveNext(IEnumerator, IntPtr)

[3] Load Game Time
UnityEngine.Logger:Log(LogType, Object)
UnityEngine.Debug:Log(Object)
<Load>d__52:MoveNext()
UnityEngine.SetupCoroutine:InvokeMoveNext(IEnumerator, IntPtr)

[3] Load Manager - Asset Bundle
UnityEngine.Logger:Log(LogType, Object)
UnityEngine.Debug:Log(Object)
<Load>d__52:MoveNext()
UnityEngine.SetupCoroutine:InvokeMoveNext(IEnumerator, IntPtr)

[4] Load Manager - Game Update Delegator
UnityEngine.Logger:Log(LogType, Object)
UnityEngine.Debug:Log(Object)
<Load>d__52:MoveNext()
UnityEngine.SetupCoroutine:InvokeMoveNext(IEnumerator, IntPtr)

[4] Change Update Type = None -> Title
UnityEngine.Logger:Log(LogType, Object)
UnityEngine.Debug:Log(Object)
OHD.GameObjects.GameUpdateDelegator:Switch(TargetType, Boolean)
<Load>d__52:MoveNext()
UnityEngine.SetupCoroutine:InvokeMoveNext(IEnumerator, IntPtr)

[4] Load Manager - Audio
UnityEngine.Logger:Log(LogType, Object)
UnityEngine.Debug:Log(Object)
<Load>d__52:MoveNext()
UnityEngine.SetupCoroutine:InvokeMoveNext(IEnumerator, IntPtr)

[4] Load Dialog Log Recorder
UnityEngine.Logger:Log(LogType, Object)
UnityEngine.Debug:Log(Object)
<Load>d__52:MoveNext()
UnityEngine.SetupCoroutine:InvokeMoveNext(IEnumerator, IntPtr)

[4] Load Game User
UnityEngine.Logger:Log(LogType, Object)
UnityEngine.Debug:Log(Object)
GameInstance:LoadUser()
<ProcessStartGame>d__1:MoveNext()
UnityEngine.SetupCoroutine:InvokeMoveNext(IEnumerator, IntPtr)

[4] Load Resource
UnityEngine.Logger:Log(LogType, Object)
UnityEngine.Debug:Log(Object)
<ProcessStartGame>d__1:MoveNext()
UnityEngine.SetupCoroutine:InvokeMoveNext(IEnumerator, IntPtr)

[4] Steam Manager - Initialized
UnityEngine.Logger:Log(LogType, Object)
UnityEngine.Debug:Log(Object)
<Init>d__12:MoveNext()
UnityEngine.SetupCoroutine:InvokeMoveNext(IEnumerator, IntPtr)

[7] Steam Manager Initialized -> k_EResultOK
UnityEngine.Logger:Log(LogType, Object)
UnityEngine.Debug:Log(Object)
GameUser_SteamHelper:OnUserStatsReceived(UserStatsReceived_t)
System.Action`1:Invoke(T)
Steamworks.Callback`1:OnRunCallback(IntPtr)
Steamworks.CallbackDispatcher:RunFrame(Boolean)

[7] Steam Manager - True
UnityEngine.Logger:Log(LogType, Object)
UnityEngine.Debug:Log(Object)
<Init>d__12:MoveNext()
UnityEngine.SetupCoroutine:InvokeMoveNext(IEnumerator, IntPtr)

[907] Load Title Scene
UnityEngine.Logger:Log(LogType, Object)
UnityEngine.Debug:Log(Object)
<ProcessStartGame>d__1:MoveNext()
UnityEngine.SetupCoroutine:InvokeMoveNext(IEnumerator, IntPtr)

[242] Change Update Type = Title -> City
UnityEngine.Logger:Log(LogType, Object)
UnityEngine.Debug:Log(Object)
OHD.GameObjects.GameUpdateDelegator:Switch(TargetType, Boolean)
SceneTransitInfo:RaiseOnPrepared()
OHD.Scenes.<<CheckTransit>g__ProcessTransit|18_0>d:MoveNext()
UnityEngine.SetupCoroutine:InvokeMoveNext(IEnumerator, IntPtr)

[184] Config-audio.cfg2 Save.
UnityEngine.Logger:Log(LogType, Object)
UnityEngine.Debug:Log(Object)
OHD.Core.ConfigFile:Save(Boolean)
OHD.Core.GameConfiguration:SaveAll()
OHD.UI.GameOptionUIViewController:OnClickCloseButton()
UnityEngine.AndroidJavaRunnable:Invoke()
UnityEngine.Events.InvokableCall:Invoke()
UnityEngine.Events.UnityEvent:Invoke()
System.Xml.XmlNodeChangedEventHandler:Invoke(Object, XmlNodeChangedEventArgs)
UnityEngine.EventSystems.ExecuteEvents:Execute(GameObject, BaseEventData, EventFunction`1)
UnityEngine.InputSystem.UI.InputSystemUIInputModule:ProcessPointerButton(ButtonState&, PointerEventData)
UnityEngine.InputSystem.UI.InputSystemUIInputModule:ProcessPointer(PointerModel&)
UnityEngine.InputSystem.UI.InputSystemUIInputModule:Process()
UnityEngine.EventSystems.EventSystem:Update()

[984] Change Update Type = City -> Dungeon
UnityEngine.Logger:Log(LogType, Object)
UnityEngine.Debug:Log(Object)
OHD.GameObjects.GameUpdateDelegator:Switch(TargetType, Boolean)
OHD.Dungeons.DungeonBase:Enter(Boolean)
GameInstance:EnterDungeon(DungeonBase, Boolean)
UnityEngine.AndroidJavaRunnable:Invoke()
UnityEngine.Events.InvokableCall:Invoke()
UnityEngine.Events.UnityEvent:Invoke()
System.Xml.XmlNodeChangedEventHandler:Invoke(Object, XmlNodeChangedEventArgs)
UnityEngine.EventSystems.ExecuteEvents:Execute(GameObject, BaseEventData, EventFunction`1)
UnityEngine.InputSystem.UI.InputSystemUIInputModule:ProcessPointerButton(ButtonState&, PointerEventData)
UnityEngine.InputSystem.UI.InputSystemUIInputModule:ProcessPointer(PointerModel&)
UnityEngine.InputSystem.UI.InputSystemUIInputModule:Process()
UnityEngine.EventSystems.EventSystem:Update()

[984] [Hundren Dungeon : HundrenDungeon] Init New
UnityEngine.Logger:Log(LogType, Object)
UnityEngine.Debug:Log(Object)
OHD.Dungeons.HundrenDungeon:OnInit()
OHD.Dungeons.DungeonBase:Enter(Boolean)
GameInstance:EnterDungeon(DungeonBase, Boolean)
UnityEngine.AndroidJavaRunnable:Invoke()
UnityEngine.Events.InvokableCall:Invoke()
UnityEngine.Events.UnityEvent:Invoke()
System.Xml.XmlNodeChangedEventHandler:Invoke(Object, XmlNodeChangedEventArgs)
UnityEngine.EventSystems.ExecuteEvents:Execute(GameObject, BaseEventData, EventFunction`1)
UnityEngine.InputSystem.UI.InputSystemUIInputModule:ProcessPointerButton(ButtonState&, PointerEventData)
UnityEngine.InputSystem.UI.InputSystemUIInputModule:ProcessPointer(PointerModel&)
UnityEngine.InputSystem.UI.InputSystemUIInputModule:Process()
UnityEngine.EventSystems.EventSystem:Update()

[984] Random State = Raw:685711 | Global:685710 | Dungeon:2791170509 | DuncDraw:2804034157
UnityEngine.Logger:Log(LogType, Object)
UnityEngine.Debug:Log(Object)
OHD.Dungeons.HundrenDungeon:OnInit()
OHD.Dungeons.DungeonBase:Enter(Boolean)
GameInstance:EnterDungeon(DungeonBase, Boolean)
UnityEngine.AndroidJavaRunnable:Invoke()
UnityEngine.Events.InvokableCall:Invoke()
UnityEngine.Events.UnityEvent:Invoke()
System.Xml.XmlNodeChangedEventHandler:Invoke(Object, XmlNodeChangedEventArgs)
UnityEngine.EventSystems.ExecuteEvents:Execute(GameObject, BaseEventData, EventFunction`1)
UnityEngine.InputSystem.UI.InputSystemUIInputModule:ProcessPointerButton(ButtonState&, PointerEventData)
UnityEngine.InputSystem.UI.InputSystemUIInputModule:ProcessPointer(PointerModel&)
UnityEngine.InputSystem.UI.InputSystemUIInputModule:Process()
UnityEngine.EventSystems.EventSystem:Update()

[984] [Dungeon : HundrenDungeon] Enter
UnityEngine.Logger:Log(LogType, Object)
UnityEngine.Debug:Log(Object)
OHD.Dungeons.DungeonBase:Enter(Boolean)
GameInstance:EnterDungeon(DungeonBase, Boolean)
UnityEngine.AndroidJavaRunnable:Invoke()
UnityEngine.Events.InvokableCall:Invoke()
UnityEngine.Events.UnityEvent:Invoke()
System.Xml.XmlNodeChangedEventHandler:Invoke(Object, XmlNodeChangedEventArgs)
UnityEngine.EventSystems.ExecuteEvents:Execute(GameObject, BaseEventData, EventFunction`1)
UnityEngine.InputSystem.UI.InputSystemUIInputModule:ProcessPointerButton(ButtonState&, PointerEventData)
UnityEngine.InputSystem.UI.InputSystemUIInputModule:ProcessPointer(PointerModel&)
UnityEngine.InputSystem.UI.InputSystemUIInputModule:Process()
UnityEngine.EventSystems.EventSystem:Update()

[110] Save Midway State. 0.050 s
UnityEngine.Logger:Log(LogType, Object)
UnityEngine.Debug:Log(Object)
OHD.Dungeons.HundrenDungeon:SaveMidwayState()
OHD.Dungeons.HundrenDungeon:OnEnterDungeonScene(SceneBase)
System.Action`1:Invoke(T)
SceneTransitInfo:RaiseOnLoadSuccess(SceneBase)
OHD.Scenes.<<CheckTransit>g__ProcessTransit|18_0>d:MoveNext()
UnityEngine.SetupCoroutine:InvokeMoveNext(IEnumerator, IntPtr)

[35] Enter Room [x:7 y:0]
UnityEngine.Logger:Log(LogType, Object)
UnityEngine.Debug:Log(Object)
OHD.Dungeons.DungeonBase:EnterRoom(Int32, Int32)
HundrenDungeonScene:OnClickCell(ChessCellObject)
System.Action`1:Invoke(T)
OHD.GameObjects.ChessGridObject:ProcessCheckHover()

[35] [Room : BattleRoom] Init
UnityEngine.Logger:Log(LogType, Object)
UnityEngine.Debug:Log(Object)
OHD.Dungeons.DungeonRoomBase:Init()
OHD.Dungeons.DungeonBase:EnterRoom(Int32, Int32)
HundrenDungeonScene:OnClickCell(ChessCellObject)
System.Action`1:Invoke(T)
OHD.GameObjects.ChessGridObject:ProcessCheckHover()

[35] Change Update Type = Dungeon -> Room
UnityEngine.Logger:Log(LogType, Object)
UnityEngine.Debug:Log(Object)
OHD.GameObjects.GameUpdateDelegator:Switch(TargetType, Boolean)
OHD.Dungeons.DungeonBase:EnterRoom(Int32, Int32)
HundrenDungeonScene:OnClickCell(ChessCellObject)
System.Action`1:Invoke(T)
OHD.GameObjects.ChessGridObject:ProcessCheckHover()

Material Crystal Fire doesn't have _Stencil property
UnityEngine.Logger:Log(LogType, Object, Object)
UnityEngine.Debug:LogWarning(Object, Object)
UnityEngine.UI.StencilMaterial:LogWarningWhenNotInBatchmode(String, Object)
UnityEngine.UI.StencilMaterial:Add(Material, Int32, StencilOp, CompareFunction, ColorWriteMask, Int32, Int32)
UnityEngine.UI.MaskableGraphic:GetModifiedMaterial(Material)
UnityEngine.UI.Graphic:get_materialForRendering()
UnityEngine.UI.Graphic:UpdateMaterial()
UnityEngine.UI.Image:UpdateMaterial()
UnityEngine.UI.Graphic:Rebuild(CanvasUpdate)
UnityEngine.UI.CanvasUpdateRegistry:PerformUpdate()
Effekseer.EffekseerSoundPlayerStopAll:Invoke()
UnityEngine.UI.ScrollRect:SetNormalizedPosition(Single, Int32)
UnityEngine.UI.ScrollRect:set_normalizedPosition(Vector2)
OHD.UI.LayoutGroupCtrl`1:ResetScrollPos(Single, Single)
OHD.UI.LayoutGroupCtrl`1:Reload(IEnumerable`1, Action`2)
OHD.UI.BattlePowerListPanelUIView:OnViewModelChanged()
OHD.UI.UIView:TriggerStartAction()
OHD.UI.UIView:Awake()

[259] [Room : BattleRoom] Enter
UnityEngine.Logger:Log(LogType, Object)
UnityEngine.Debug:Log(Object)
OHD.Dungeons.DungeonRoomBase:Enter(SceneBase)
System.Action`1:Invoke(T)
SceneTransitInfo:RaiseOnLoadSuccess(SceneBase)
OHD.Scenes.<<CheckTransit>g__ProcessTransit|18_0>d:MoveNext()
UnityEngine.SetupCoroutine:InvokeMoveNext(IEnumerator, IntPtr)

[455] 當前回合 : 1
UnityEngine.Logger:Log(LogType, Object)
UnityEngine.Debug:Log(Object)
OHD.GameActions.<Process>d__2:MoveNext()
UnityEngine.SetupCoroutine:InvokeMoveNext(IEnumerator, IntPtr)

[40] [GA_General_Attack] Deal 26 DMG x 1  time.
UnityEngine.Logger:Log(LogType, Object)
UnityEngine.Debug:Log(Object)
OHD.Dungeons.Monster.PatternizedMonsterBase:GA_General_Attack(BattleCreature, ActionExecutionData)
OHD.Dungeons.Monster.PatternizedMonsterBase:MA_General_Attack(ActionExecutionData)
System.Func`2:Invoke(T)
OHD.Dungeons.Monster.ActionPattern:CreateAction(Int32)
OHD.Dungeons.Monster.ActionPatternExecutor:FlushNextAction()
OHD.Dungeons.Monster.PatternizedMonsterBase:OnExecuteOperation(BattleRoomPlayer)
OHD.Dungeons.Monster.<ExecuteOperation>d__65:MoveNext()
UnityEngine.SetupCoroutine:InvokeMoveNext(IEnumerator, IntPtr)

[307] Berserker Kitten Kill!
UnityEngine.Logger:Log(LogType, Object)
UnityEngine.Debug:Log(Object)
OHD.GameActions.<Process>d__6:MoveNext()
UnityEngine.SetupCoroutine:InvokeMoveNext(IEnumerator, IntPtr)

[907] [Room : BattleRoom] Leave
UnityEngine.Logger:Log(LogType, Object)
UnityEngine.Debug:Log(Object)
OHD.Dungeons.DungeonRoomBase:Leave()
OHD.Dungeons.DungeonBase:LeaveRoom(ISceneInfo)
UnityEngine.AndroidJavaRunnable:Invoke()
OHD.UI.CraftRuneUIViewModel:RaiseOnCraftEvent()
OHD.UI.RewardReceiveUIViewController:OnClickConfirmButton()
UnityEngine.AndroidJavaRunnable:Invoke()
UnityEngine.Events.InvokableCall:Invoke()
UnityEngine.Events.UnityEvent:Invoke()
System.Xml.XmlNodeChangedEventHandler:Invoke(Object, XmlNodeChangedEventArgs)
UnityEngine.EventSystems.ExecuteEvents:Execute(GameObject, BaseEventData, EventFunction`1)
UnityEngine.InputSystem.UI.InputSystemUIInputModule:ProcessPointerButton(ButtonState&, PointerEventData)
UnityEngine.InputSystem.UI.InputSystemUIInputModule:ProcessPointer(PointerModel&)
UnityEngine.InputSystem.UI.InputSystemUIInputModule:Process()
UnityEngine.EventSystems.EventSystem:Update()

[907] Change Update Type = Room -> Dungeon
UnityEngine.Logger:Log(LogType, Object)
UnityEngine.Debug:Log(Object)
OHD.GameObjects.GameUpdateDelegator:Switch(TargetType, Boolean)
OHD.Dungeons.DungeonBase:LeaveRoom(ISceneInfo)
UnityEngine.AndroidJavaRunnable:Invoke()
OHD.UI.CraftRuneUIViewModel:RaiseOnCraftEvent()
OHD.UI.RewardReceiveUIViewController:OnClickConfirmButton()
UnityEngine.AndroidJavaRunnable:Invoke()
UnityEngine.Events.InvokableCall:Invoke()
UnityEngine.Events.UnityEvent:Invoke()
System.Xml.XmlNodeChangedEventHandler:Invoke(Object, XmlNodeChangedEventArgs)
UnityEngine.EventSystems.ExecuteEvents:Execute(GameObject, BaseEventData, EventFunction`1)
UnityEngine.InputSystem.UI.InputSystemUIInputModule:ProcessPointerButton(ButtonState&, PointerEventData)
UnityEngine.InputSystem.UI.InputSystemUIInputModule:ProcessPointer(PointerModel&)
UnityEngine.InputSystem.UI.InputSystemUIInputModule:Process()
UnityEngine.EventSystems.EventSystem:Update()

[3] Save Midway State. 0.046 s
UnityEngine.Logger:Log(LogType, Object)
UnityEngine.Debug:Log(Object)
OHD.Dungeons.HundrenDungeon:SaveMidwayState()
OHD.Dungeons.HundrenDungeon:OnEnterDungeonScene(SceneBase)
System.Action`1:Invoke(T)
SceneTransitInfo:RaiseOnLoadSuccess(SceneBase)
OHD.Scenes.<<CheckTransit>g__ProcessTransit|18_0>d:MoveNext()
UnityEngine.SetupCoroutine:InvokeMoveNext(IEnumerator, IntPtr)

[320] Enter Room [x:8 y:1]
UnityEngine.Logger:Log(LogType, Object)
UnityEngine.Debug:Log(Object)
OHD.Dungeons.DungeonBase:EnterRoom(Int32, Int32)
HundrenDungeonScene:OnClickCell(ChessCellObject)
System.Action`1:Invoke(T)
OHD.GameObjects.ChessGridObject:ProcessCheckHover()

[320] [Room : BattleRoom] Init
UnityEngine.Logger:Log(LogType, Object)
UnityEngine.Debug:Log(Object)
OHD.Dungeons.DungeonRoomBase:Init()
OHD.Dungeons.DungeonBase:EnterRoom(Int32, Int32)
HundrenDungeonScene:OnClickCell(ChessCellObject)
System.Action`1:Invoke(T)
OHD.GameObjects.ChessGridObject:ProcessCheckHover()

[320] Change Update Type = Dungeon -> Room
UnityEngine.Logger:Log(LogType, Object)
UnityEngine.Debug:Log(Object)
OHD.GameObjects.GameUpdateDelegator:Switch(TargetType, Boolean)
OHD.Dungeons.DungeonBase:EnterRoom(Int32, Int32)
HundrenDungeonScene:OnClickCell(ChessCellObject)
System.Action`1:Invoke(T)
OHD.GameObjects.ChessGridObject:ProcessCheckHover()

Material Crystal Fire doesn't have _Stencil property
UnityEngine.Logger:Log(LogType, Object, Object)
UnityEngine.Debug:LogWarning(Object, Object)
UnityEngine.UI.StencilMaterial:LogWarningWhenNotInBatchmode(String, Object)
UnityEngine.UI.StencilMaterial:Add(Material, Int32, StencilOp, CompareFunction, ColorWriteMask, Int32, Int32)
UnityEngine.UI.MaskableGraphic:GetModifiedMaterial(Material)
UnityEngine.UI.Graphic:get_materialForRendering()
UnityEngine.UI.Graphic:UpdateMaterial()
UnityEngine.UI.Image:UpdateMaterial()
UnityEngine.UI.Graphic:Rebuild(CanvasUpdate)
UnityEngine.UI.CanvasUpdateRegistry:PerformUpdate()
Effekseer.EffekseerSoundPlayerStopAll:Invoke()
UnityEngine.UI.ScrollRect:SetNormalizedPosition(Single, Int32)
UnityEngine.UI.ScrollRect:set_normalizedPosition(Vector2)
OHD.UI.LayoutGroupCtrl`1:ResetScrollPos(Single, Single)
OHD.UI.LayoutGroupCtrl`1:Reload(IEnumerable`1, Action`2)
OHD.UI.BattlePowerListPanelUIView:OnViewModelChanged()
OHD.UI.UIView:TriggerStartAction()
OHD.UI.UIView:Awake()

[541] [Room : BattleRoom] Enter
UnityEngine.Logger:Log(LogType, Object)
UnityEngine.Debug:Log(Object)
OHD.Dungeons.DungeonRoomBase:Enter(SceneBase)
System.Action`1:Invoke(T)
SceneTransitInfo:RaiseOnLoadSuccess(SceneBase)
OHD.Scenes.<<CheckTransit>g__ProcessTransit|18_0>d:MoveNext()
UnityEngine.SetupCoroutine:InvokeMoveNext(IEnumerator, IntPtr)

[767] 當前回合 : 1
UnityEngine.Logger:Log(LogType, Object)
UnityEngine.Debug:Log(Object)
OHD.GameActions.<Process>d__2:MoveNext()
UnityEngine.SetupCoroutine:InvokeMoveNext(IEnumerator, IntPtr)

[441] [GA_General_Attack] Deal 2 DMG x 4  time.
UnityEngine.Logger:Log(LogType, Object)
UnityEngine.Debug:Log(Object)
OHD.Dungeons.Monster.PatternizedMonsterBase:GA_General_Attack(BattleCreature, ActionExecutionData)
OHD.Dungeons.Monster.Monster363:MA_Attack_And_ReduceAura(ActionExecutionData)
System.Func`2:Invoke(T)
OHD.Dungeons.Monster.ActionPattern:CreateAction(Int32)
OHD.Dungeons.Monster.ActionPatternExecutor:FlushNextAction()
OHD.Dungeons.Monster.PatternizedMonsterBase:OnExecuteOperation(BattleRoomPlayer)
OHD.Dungeons.Monster.<ExecuteOperation>d__65:MoveNext()
UnityEngine.SetupCoroutine:InvokeMoveNext(IEnumerator, IntPtr)

[828] 當前回合 : 2
UnityEngine.Logger:Log(LogType, Object)
UnityEngine.Debug:Log(Object)
OHD.GameActions.<Process>d__2:MoveNext()
UnityEngine.SetupCoroutine:InvokeMoveNext(IEnumerator, IntPtr)

[459] Flayer Goblin Kill!
UnityEngine.Logger:Log(LogType, Object)
UnityEngine.Debug:Log(Object)
OHD.GameActions.<Process>d__6:MoveNext()
UnityEngine.SetupCoroutine:InvokeMoveNext(IEnumerator, IntPtr)

[545] [GA_General_Attack] Deal 2 DMG x 3  time.
UnityEngine.Logger:Log(LogType, Object)
UnityEngine.Debug:Log(Object)
OHD.Dungeons.Monster.PatternizedMonsterBase:GA_General_Attack(BattleCreature, ActionExecutionData)
OHD.Dungeons.Monster.Monster363:MA_Attack_And_ReduceAura(ActionExecutionData)
System.Func`2:Invoke(T)
OHD.Dungeons.Monster.ActionPattern:CreateAction(Int32)
OHD.Dungeons.Monster.ActionPatternExecutor:FlushNextAction()
OHD.Dungeons.Monster.PatternizedMonsterBase:OnExecuteOperation(BattleRoomPlayer)
OHD.Dungeons.Monster.<ExecuteOperation>d__65:MoveNext()
UnityEngine.SetupCoroutine:InvokeMoveNext(IEnumerator, IntPtr)

[942] 當前回合 : 3
UnityEngine.Logger:Log(LogType, Object)
UnityEngine.Debug:Log(Object)
OHD.GameActions.<Process>d__2:MoveNext()
UnityEngine.SetupCoroutine:InvokeMoveNext(IEnumerator, IntPtr)

Material 'AllySummonFire_top' with Shader 'Shader Graphs/ZeldaFire_Unlit' doesn't have a texture property '_MainTex'
UnityEngine.Material:get_mainTexture()
UnityEngine.UI.Image:get_mainTexture()
UnityEngine.UI.Graphic:UpdateMaterial()
UnityEngine.UI.Image:UpdateMaterial()
UnityEngine.UI.Graphic:Rebuild(CanvasUpdate)
UnityEngine.UI.CanvasUpdateRegistry:PerformUpdate()
Effekseer.EffekseerSoundPlayerStopAll:Invoke()

[ line 1926229080]

Material 'AllySummonFire_bottom' with Shader 'Shader Graphs/ZeldaFire_Unlit' doesn't have a texture property '_MainTex'
UnityEngine.Material:get_mainTexture()
UnityEngine.UI.Image:get_mainTexture()
UnityEngine.UI.Graphic:UpdateMaterial()
UnityEngine.UI.Image:UpdateMaterial()
UnityEngine.UI.Graphic:Rebuild(CanvasUpdate)
UnityEngine.UI.CanvasUpdateRegistry:PerformUpdate()
Effekseer.EffekseerSoundPlayerStopAll:Invoke()

[ line 1926229080]

Material 'AllySummonFire_top' with Shader 'Shader Graphs/ZeldaFire_Unlit' doesn't have a texture property '_MainTex'
UnityEngine.Material:get_mainTexture()
UnityEngine.UI.Image:get_mainTexture()
UnityEngine.UI.Graphic:UpdateMaterial()
UnityEngine.UI.Image:UpdateMaterial()
UnityEngine.UI.Graphic:Rebuild(CanvasUpdate)
UnityEngine.UI.CanvasUpdateRegistry:PerformUpdate()
Effekseer.EffekseerSoundPlayerStopAll:Invoke()

[ line 1926229080]

Material 'AllySummonFire_bottom_reverse' with Shader 'Shader Graphs/ZeldaFire_Unlit' doesn't have a texture property '_MainTex'
UnityEngine.Material:get_mainTexture()
UnityEngine.UI.Image:get_mainTexture()
UnityEngine.UI.Graphic:UpdateMaterial()
UnityEngine.UI.Image:UpdateMaterial()
UnityEngine.UI.Graphic:Rebuild(CanvasUpdate)
UnityEngine.UI.CanvasUpdateRegistry:PerformUpdate()
Effekseer.EffekseerSoundPlayerStopAll:Invoke()

[ line 1926229080]

[738] Nimble Tentacle Kill!
UnityEngine.Logger:Log(LogType, Object)
UnityEngine.Debug:Log(Object)
OHD.GameActions.<Process>d__6:MoveNext()
UnityEngine.SetupCoroutine:InvokeMoveNext(IEnumerator, IntPtr)

[352] [Room : BattleRoom] Leave
UnityEngine.Logger:Log(LogType, Object)
UnityEngine.Debug:Log(Object)
OHD.Dungeons.DungeonRoomBase:Leave()
OHD.Dungeons.DungeonBase:LeaveRoom(ISceneInfo)
UnityEngine.AndroidJavaRunnable:Invoke()
OHD.UI.CraftRuneUIViewModel:RaiseOnCraftEvent()
OHD.UI.RewardReceiveUIViewController:OnClickConfirmButton()
UnityEngine.AndroidJavaRunnable:Invoke()
UnityEngine.Events.InvokableCall:Invoke()
UnityEngine.Events.UnityEvent:Invoke()
System.Xml.XmlNodeChangedEventHandler:Invoke(Object, XmlNodeChangedEventArgs)
UnityEngine.EventSystems.ExecuteEvents:Execute(GameObject, BaseEventData, EventFunction`1)
UnityEngine.InputSystem.UI.InputSystemUIInputModule:ProcessPointerButton(ButtonState&, PointerEventData)
UnityEngine.InputSystem.UI.InputSystemUIInputModule:ProcessPointer(PointerModel&)
UnityEngine.InputSystem.UI.InputSystemUIInputModule:Process()
UnityEngine.EventSystems.EventSystem:Update()

[352] Change Update Type = Room -> Dungeon
UnityEngine.Logger:Log(LogType, Object)
UnityEngine.Debug:Log(Object)
OHD.GameObjects.GameUpdateDelegator:Switch(TargetType, Boolean)
OHD.Dungeons.DungeonBase:LeaveRoom(ISceneInfo)
UnityEngine.AndroidJavaRunnable:Invoke()
OHD.UI.CraftRuneUIViewModel:RaiseOnCraftEvent()
OHD.UI.RewardReceiveUIViewController:OnClickConfirmButton()
UnityEngine.AndroidJavaRunnable:Invoke()
UnityEngine.Events.InvokableCall:Invoke()
UnityEngine.Events.UnityEvent:Invoke()
System.Xml.XmlNodeChangedEventHandler:Invoke(Object, XmlNodeChangedEventArgs)
UnityEngine.EventSystems.ExecuteEvents:Execute(GameObject, BaseEventData, EventFunction`1)
UnityEngine.InputSystem.UI.InputSystemUIInputModule:ProcessPointerButton(ButtonState&, PointerEventData)
UnityEngine.InputSystem.UI.InputSystemUIInputModule:ProcessPointer(PointerModel&)
UnityEngine.InputSystem.UI.InputSystemUIInputModule:Process()
UnityEngine.EventSystems.EventSystem:Update()

[448] Save Midway State. 0.050 s
UnityEngine.Logger:Log(LogType, Object)
UnityEngine.Debug:Log(Object)
OHD.Dungeons.HundrenDungeon:SaveMidwayState()
OHD.Dungeons.HundrenDungeon:OnEnterDungeonScene(SceneBase)
System.Action`1:Invoke(T)
SceneTransitInfo:RaiseOnLoadSuccess(SceneBase)
OHD.Scenes.<<CheckTransit>g__ProcessTransit|18_0>d:MoveNext()
UnityEngine.SetupCoroutine:InvokeMoveNext(IEnumerator, IntPtr)

[362] Enter Room [x:9 y:2]
UnityEngine.Logger:Log(LogType, Object)
UnityEngine.Debug:Log(Object)
OHD.Dungeons.DungeonBase:EnterRoom(Int32, Int32)
HundrenDungeonScene:OnClickCell(ChessCellObject)
System.Action`1:Invoke(T)
OHD.GameObjects.ChessGridObject:ProcessCheckHover()

[362] [Room : ShopRoom] Init
UnityEngine.Logger:Log(LogType, Object)
UnityEngine.Debug:Log(Object)
OHD.Dungeons.DungeonRoomBase:Init()
OHD.Dungeons.DungeonBase:EnterRoom(Int32, Int32)
HundrenDungeonScene:OnClickCell(ChessCellObject)
System.Action`1:Invoke(T)
OHD.GameObjects.ChessGridObject:ProcessCheckHover()

[362] Change Update Type = Dungeon -> Room
UnityEngine.Logger:Log(LogType, Object)
UnityEngine.Debug:Log(Object)
OHD.GameObjects.GameUpdateDelegator:Switch(TargetType, Boolean)
OHD.Dungeons.DungeonBase:EnterRoom(Int32, Int32)
HundrenDungeonScene:OnClickCell(ChessCellObject)
System.Action`1:Invoke(T)
OHD.GameObjects.ChessGridObject:ProcessCheckHover()

[584] [Room : ShopRoom] Enter
UnityEngine.Logger:Log(LogType, Object)
UnityEngine.Debug:Log(Object)
OHD.Dungeons.DungeonRoomBase:Enter(SceneBase)
System.Action`1:Invoke(T)
SceneTransitInfo:RaiseOnLoadSuccess(SceneBase)
OHD.Scenes.<<CheckTransit>g__ProcessTransit|18_0>d:MoveNext()
UnityEngine.SetupCoroutine:InvokeMoveNext(IEnumerator, IntPtr)

Material RandomCardBG doesn't have _Stencil property
UnityEngine.Logger:Log(LogType, Object, Object)
UnityEngine.Debug:LogWarning(Object, Object)
UnityEngine.UI.StencilMaterial:LogWarningWhenNotInBatchmode(String, Object)
UnityEngine.UI.StencilMaterial:Add(Material, Int32, StencilOp, CompareFunction, ColorWriteMask, Int32, Int32)
UnityEngine.UI.MaskableGraphic:GetModifiedMaterial(Material)
UnityEngine.UI.Graphic:get_materialForRendering()
UnityEngine.UI.Graphic:UpdateMaterial()
UnityEngine.UI.Image:UpdateMaterial()
UnityEngine.UI.Graphic:Rebuild(CanvasUpdate)
UnityEngine.UI.CanvasUpdateRegistry:PerformUpdate()
Effekseer.EffekseerSoundPlayerStopAll:Invoke()
UnityEngine.UI.ScrollRect:SetNormalizedPosition(Single, Int32)
UnityEngine.UI.ScrollRect:set_normalizedPosition(Vector2)
OHD.UI.MultiCellLayoutGroupCtrl:Reload(IEnumerable`1, Func`2, Action`2)
OHD.UI.DrawDungeonLimitedCardUIViewController:OnViewModelChanged()
OHD.UI.UIViewController:ViewModelChange()
OHD.UI.UILayer:InstantiateVC(T, UIViewModelBase)
UIViewUtility:ShowVC(UIViewModelBase, UILayer, String)
OHD.UI.DungeonShopUIViewController:OnClickDungeonLimitCardButton()
UnityEngine.AndroidJavaRunnable:Invoke()
UnityEngine.Events.InvokableCall:Invoke()
UnityEngine.Events.UnityEvent:Invoke()
System.Xml.XmlNodeChangedEventHandler:Invoke(Object, XmlNodeChangedEventArgs)
UnityEngine.EventSystems.ExecuteEvents:Execute(GameObject, BaseEventData, EventFunction`1)
UnityEngine.InputSystem.UI.InputSystemUIInputModule:ProcessPointerButton(ButtonState&, PointerEventData)
UnityEngine.InputSystem.UI.InputSystemUIInputModule:ProcessPointer(PointerModel&)
UnityEngine.InputSystem.UI.InputSystemUIInputModule:Process()
UnityEngine.EventSystems.EventSystem:Update()

[293] [Room : ShopRoom] Leave
UnityEngine.Logger:Log(LogType, Object)
UnityEngine.Debug:Log(Object)
OHD.Dungeons.DungeonRoomBase:Leave()
OHD.Dungeons.DungeonBase:LeaveRoom(ISceneInfo)
OHD.UI.GameFrameHolderViewController:Internal_ProcessReturnGameFrame(Boolean)
OHD.UI.GameFrameHolderViewController:ProcessReturnGameFrame(Boolean)
System.Action`1:Invoke(T)
OHD.UI.GameFrameUIView:OnClickBackButton()
OHD.UI.DungeonShopUIViewController:RefreshActionTime()
OHD.UI.DungeonShopUIViewController:ReduceActionTime()
System.Action`1:Invoke(T)
OHD.UI.UIView:Internal_Dismiss(Boolean)
UnityEngine.AndroidJavaRunnable:Invoke()
OHD.UI.<<Hide>g__TransitToHide|0>d:MoveNext()
UnityEngine.SetupCoroutine:InvokeMoveNext(IEnumerator, IntPtr)

[293] Change Update Type = Room -> Dungeon
UnityEngine.Logger:Log(LogType, Object)
UnityEngine.Debug:Log(Object)
OHD.GameObjects.GameUpdateDelegator:Switch(TargetType, Boolean)
OHD.Dungeons.DungeonBase:LeaveRoom(ISceneInfo)
OHD.UI.GameFrameHolderViewController:Internal_ProcessReturnGameFrame(Boolean)
OHD.UI.GameFrameHolderViewController:ProcessReturnGameFrame(Boolean)
System.Action`1:Invoke(T)
OHD.UI.GameFrameUIView:OnClickBackButton()
OHD.UI.DungeonShopUIViewController:RefreshActionTime()
OHD.UI.DungeonShopUIViewController:ReduceActionTime()
System.Action`1:Invoke(T)
OHD.UI.UIView:Internal_Dismiss(Boolean)
UnityEngine.AndroidJavaRunnable:Invoke()
OHD.UI.<<Hide>g__TransitToHide|0>d:MoveNext()
UnityEngine.SetupCoroutine:InvokeMoveNext(IEnumerator, IntPtr)

[476] Save Midway State. 0.050 s
UnityEngine.Logger:Log(LogType, Object)
UnityEngine.Debug:Log(Object)
OHD.Dungeons.HundrenDungeon:SaveMidwayState()
OHD.Dungeons.HundrenDungeon:OnEnterDungeonScene(SceneBase)
System.Action`1:Invoke(T)
SceneTransitInfo:RaiseOnLoadSuccess(SceneBase)
OHD.Scenes.<<CheckTransit>g__ProcessTransit|18_0>d:MoveNext()
UnityEngine.SetupCoroutine:InvokeMoveNext(IEnumerator, IntPtr)

[771] Enter Room [x:8 y:3]
UnityEngine.Logger:Log(LogType, Object)
UnityEngine.Debug:Log(Object)
OHD.Dungeons.DungeonBase:EnterRoom(Int32, Int32)
HundrenDungeonScene:OnClickCell(ChessCellObject)
System.Action`1:Invoke(T)
OHD.GameObjects.ChessGridObject:ProcessCheckHover()

[771] [Room : ShopRoom] Init
UnityEngine.Logger:Log(LogType, Object)
UnityEngine.Debug:Log(Object)
OHD.Dungeons.DungeonRoomBase:Init()
OHD.Dungeons.DungeonBase:EnterRoom(Int32, Int32)
HundrenDungeonScene:OnClickCell(ChessCellObject)
System.Action`1:Invoke(T)
OHD.GameObjects.ChessGridObject:ProcessCheckHover()

[771] Change Update Type = Dungeon -> Room
UnityEngine.Logger:Log(LogType, Object)
UnityEngine.Debug:Log(Object)
OHD.GameObjects.GameUpdateDelegator:Switch(TargetType, Boolean)
OHD.Dungeons.DungeonBase:EnterRoom(Int32, Int32)
HundrenDungeonScene:OnClickCell(ChessCellObject)
System.Action`1:Invoke(T)
OHD.GameObjects.ChessGridObject:ProcessCheckHover()

[990] [Room : ShopRoom] Enter
UnityEngine.Logger:Log(LogType, Object)
UnityEngine.Debug:Log(Object)
OHD.Dungeons.DungeonRoomBase:Enter(SceneBase)
System.Action`1:Invoke(T)
SceneTransitInfo:RaiseOnLoadSuccess(SceneBase)
OHD.Scenes.<<CheckTransit>g__ProcessTransit|18_0>d:MoveNext()
UnityEngine.SetupCoroutine:InvokeMoveNext(IEnumerator, IntPtr)

[578] [Room : ShopRoom] Leave
UnityEngine.Logger:Log(LogType, Object)
UnityEngine.Debug:Log(Object)
OHD.Dungeons.DungeonRoomBase:Leave()
OHD.Dungeons.DungeonBase:LeaveRoom(ISceneInfo)
OHD.UI.GameFrameHolderViewController:Internal_ProcessReturnGameFrame(Boolean)
OHD.UI.GameFrameHolderViewController:ProcessReturnGameFrame(Boolean)
System.Action`1:Invoke(T)
OHD.UI.GameFrameUIView:OnClickBackButton()
OHD.UI.DungeonShopUIViewController:RefreshActionTime()
OHD.UI.DungeonShopUIViewController:ReduceActionTime()
System.Action`1:Invoke(T)
OHD.UI.UIView:Internal_Dismiss(Boolean)
UnityEngine.AndroidJavaRunnable:Invoke()
OHD.UI.<<Hide>g__TransitToHide|0>d:MoveNext()
UnityEngine.SetupCoroutine:InvokeMoveNext(IEnumerator, IntPtr)

[578] Change Update Type = Room -> Dungeon
UnityEngine.Logger:Log(LogType, Object)
UnityEngine.Debug:Log(Object)
OHD.GameObjects.GameUpdateDelegator:Switch(TargetType, Boolean)
OHD.Dungeons.DungeonBase:LeaveRoom(ISceneInfo)
OHD.UI.GameFrameHolderViewController:Internal_ProcessReturnGameFrame(Boolean)
OHD.UI.GameFrameHolderViewController:ProcessReturnGameFrame(Boolean)
System.Action`1:Invoke(T)
OHD.UI.GameFrameUIView:OnClickBackButton()
OHD.UI.DungeonShopUIViewController:RefreshActionTime()
OHD.UI.DungeonShopUIViewController:ReduceActionTime()
System.Action`1:Invoke(T)
OHD.UI.UIView:Internal_Dismiss(Boolean)
UnityEngine.AndroidJavaRunnable:Invoke()
OHD.UI.<<Hide>g__TransitToHide|0>d:MoveNext()
UnityEngine.SetupCoroutine:InvokeMoveNext(IEnumerator, IntPtr)

[761] Save Midway State. 0.043 s
UnityEngine.Logger:Log(LogType, Object)
UnityEngine.Debug:Log(Object)
OHD.Dungeons.HundrenDungeon:SaveMidwayState()
OHD.Dungeons.HundrenDungeon:OnEnterDungeonScene(SceneBase)
System.Action`1:Invoke(T)
SceneTransitInfo:RaiseOnLoadSuccess(SceneBase)
OHD.Scenes.<<CheckTransit>g__ProcessTransit|18_0>d:MoveNext()
UnityEngine.SetupCoroutine:InvokeMoveNext(IEnumerator, IntPtr)

[514] Enter Room [x:7 y:4]
UnityEngine.Logger:Log(LogType, Object)
UnityEngine.Debug:Log(Object)
OHD.Dungeons.DungeonBase:EnterRoom(Int32, Int32)
HundrenDungeonScene:OnClickCell(ChessCellObject)
System.Action`1:Invoke(T)
OHD.GameObjects.ChessGridObject:ProcessCheckHover()

[514] [Room : BattleRoom] Init
UnityEngine.Logger:Log(LogType, Object)
UnityEngine.Debug:Log(Object)
OHD.Dungeons.DungeonRoomBase:Init()
OHD.Dungeons.DungeonBase:EnterRoom(Int32, Int32)
HundrenDungeonScene:OnClickCell(ChessCellObject)
System.Action`1:Invoke(T)
OHD.GameObjects.ChessGridObject:ProcessCheckHover()

[514] Change Update Type = Dungeon -> Room
UnityEngine.Logger:Log(LogType, Object)
UnityEngine.Debug:Log(Object)
OHD.GameObjects.GameUpdateDelegator:Switch(TargetType, Boolean)
OHD.Dungeons.DungeonBase:EnterRoom(Int32, Int32)
HundrenDungeonScene:OnClickCell(ChessCellObject)
System.Action`1:Invoke(T)
OHD.GameObjects.ChessGridObject:ProcessCheckHover()

Material Crystal Fire doesn't have _Stencil property
UnityEngine.Logger:Log(LogType, Object, Object)
UnityEngine.Debug:LogWarning(Object, Object)
UnityEngine.UI.StencilMaterial:LogWarningWhenNotInBatchmode(String, Object)
UnityEngine.UI.StencilMaterial:Add(Material, Int32, StencilOp, CompareFunction, ColorWriteMask, Int32, Int32)
UnityEngine.UI.MaskableGraphic:GetModifiedMaterial(Material)
UnityEngine.UI.Graphic:get_materialForRendering()
UnityEngine.UI.Graphic:UpdateMaterial()
UnityEngine.UI.Image:UpdateMaterial()
UnityEngine.UI.Graphic:Rebuild(CanvasUpdate)
UnityEngine.UI.CanvasUpdateRegistry:PerformUpdate()
Effekseer.EffekseerSoundPlayerStopAll:Invoke()
UnityEngine.UI.ScrollRect:SetNormalizedPosition(Single, Int32)
UnityEngine.UI.ScrollRect:set_normalizedPosition(Vector2)
OHD.UI.LayoutGroupCtrl`1:ResetScrollPos(Single, Single)
OHD.UI.LayoutGroupCtrl`1:Reload(IEnumerable`1, Action`2)
OHD.UI.BattlePowerListPanelUIView:OnViewModelChanged()
OHD.UI.UIView:TriggerStartAction()
OHD.UI.UIView:Awake()

[735] [Room : BattleRoom] Enter
UnityEngine.Logger:Log(LogType, Object)
UnityEngine.Debug:Log(Object)
OHD.Dungeons.DungeonRoomBase:Enter(SceneBase)
System.Action`1:Invoke(T)
SceneTransitInfo:RaiseOnLoadSuccess(SceneBase)
OHD.Scenes.<<CheckTransit>g__ProcessTransit|18_0>d:MoveNext()
UnityEngine.SetupCoroutine:InvokeMoveNext(IEnumerator, IntPtr)

[964] 當前回合 : 1
UnityEngine.Logger:Log(LogType, Object)
UnityEngine.Debug:Log(Object)
OHD.GameActions.<Process>d__2:MoveNext()
UnityEngine.SetupCoroutine:InvokeMoveNext(IEnumerator, IntPtr)

[706] [GA_General_Attack] Deal 26 DMG x 1  time.
UnityEngine.Logger:Log(LogType, Object)
UnityEngine.Debug:Log(Object)
OHD.Dungeons.Monster.PatternizedMonsterBase:GA_General_Attack(BattleCreature, ActionExecutionData)
OHD.Dungeons.Monster.PatternizedMonsterBase:MA_General_Attack(ActionExecutionData)
System.Func`2:Invoke(T)
OHD.Dungeons.Monster.ActionPattern:CreateAction(Int32)
OHD.Dungeons.Monster.ActionPatternExecutor:FlushNextAction()
OHD.Dungeons.Monster.PatternizedMonsterBase:OnExecuteOperation(BattleRoomPlayer)
OHD.Dungeons.Monster.<ExecuteOperation>d__65:MoveNext()
UnityEngine.SetupCoroutine:InvokeMoveNext(IEnumerator, IntPtr)

[992] 當前回合 : 2
UnityEngine.Logger:Log(LogType, Object)
UnityEngine.Debug:Log(Object)
OHD.GameActions.<Process>d__2:MoveNext()
UnityEngine.SetupCoroutine:InvokeMoveNext(IEnumerator, IntPtr)

[10] Flayer Goblin Kill!
UnityEngine.Logger:Log(LogType, Object)
UnityEngine.Debug:Log(Object)
OHD.GameActions.<Process>d__6:MoveNext()
UnityEngine.SetupCoroutine:InvokeMoveNext(IEnumerator, IntPtr)

Material 'AllySummonFire_top' with Shader 'Shader Graphs/ZeldaFire_Unlit' doesn't have a texture property '_MainTex'
UnityEngine.Material:get_mainTexture()
UnityEngine.UI.Image:get_mainTexture()
UnityEngine.UI.Graphic:UpdateMaterial()
UnityEngine.UI.Image:UpdateMaterial()
UnityEngine.UI.Graphic:Rebuild(CanvasUpdate)
UnityEngine.UI.CanvasUpdateRegistry:PerformUpdate()
Effekseer.EffekseerSoundPlayerStopAll:Invoke()

[ line 1926229080]

Material 'AllySummonFire_bottom' with Shader 'Shader Graphs/ZeldaFire_Unlit' doesn't have a texture property '_MainTex'
UnityEngine.Material:get_mainTexture()
UnityEngine.UI.Image:get_mainTexture()
UnityEngine.UI.Graphic:UpdateMaterial()
UnityEngine.UI.Image:UpdateMaterial()
UnityEngine.UI.Graphic:Rebuild(CanvasUpdate)
UnityEngine.UI.CanvasUpdateRegistry:PerformUpdate()
Effekseer.EffekseerSoundPlayerStopAll:Invoke()

[ line 1926229080]

[469] [GA_General_Attack] Deal 26 DMG x 1  time.
UnityEngine.Logger:Log(LogType, Object)
UnityEngine.Debug:Log(Object)
OHD.Dungeons.Monster.PatternizedMonsterBase:GA_General_Attack(BattleCreature, ActionExecutionData)
OHD.Dungeons.Monster.PatternizedMonsterBase:MA_General_Attack(ActionExecutionData)
System.Func`2:Invoke(T)
OHD.Dungeons.Monster.ActionPattern:CreateAction(Int32)
OHD.Dungeons.Monster.ActionPatternExecutor:FlushNextAction()
OHD.Dungeons.Monster.PatternizedMonsterBase:OnExecuteOperation(BattleRoomPlayer)
OHD.Dungeons.Monster.<ExecuteOperation>d__65:MoveNext()
UnityEngine.SetupCoroutine:InvokeMoveNext(IEnumerator, IntPtr)

[755] 當前回合 : 3
UnityEngine.Logger:Log(LogType, Object)
UnityEngine.Debug:Log(Object)
OHD.GameActions.<Process>d__2:MoveNext()
UnityEngine.SetupCoroutine:InvokeMoveNext(IEnumerator, IntPtr)

[500] [GA_General_Attack] Deal 26 DMG x 1  time.
UnityEngine.Logger:Log(LogType, Object)
UnityEngine.Debug:Log(Object)
OHD.Dungeons.Monster.PatternizedMonsterBase:GA_General_Attack(BattleCreature, ActionExecutionData)
OHD.Dungeons.Monster.PatternizedMonsterBase:MA_General_Attack(ActionExecutionData)
System.Func`2:Invoke(T)
OHD.Dungeons.Monster.ActionPattern:CreateAction(Int32)
OHD.Dungeons.Monster.ActionPatternExecutor:FlushNextAction()
OHD.Dungeons.Monster.PatternizedMonsterBase:OnExecuteOperation(BattleRoomPlayer)
OHD.Dungeons.Monster.<ExecuteOperation>d__65:MoveNext()
UnityEngine.SetupCoroutine:InvokeMoveNext(IEnumerator, IntPtr)

[775] Berserker Kitten Kill!
UnityEngine.Logger:Log(LogType, Object)
UnityEngine.Debug:Log(Object)
OHD.GameActions.<Process>d__6:MoveNext()
UnityEngine.SetupCoroutine:InvokeMoveNext(IEnumerator, IntPtr)

[448] [Room : BattleRoom] Leave
UnityEngine.Logger:Log(LogType, Object)
UnityEngine.Debug:Log(Object)
OHD.Dungeons.DungeonRoomBase:Leave()
OHD.Dungeons.DungeonBase:LeaveRoom(ISceneInfo)
UnityEngine.AndroidJavaRunnable:Invoke()
OHD.UI.CraftRuneUIViewModel:RaiseOnCraftEvent()
OHD.UI.RewardReceiveUIViewController:OnClickConfirmButton()
UnityEngine.AndroidJavaRunnable:Invoke()
UnityEngine.Events.InvokableCall:Invoke()
UnityEngine.Events.UnityEvent:Invoke()
System.Xml.XmlNodeChangedEventHandler:Invoke(Object, XmlNodeChangedEventArgs)
UnityEngine.EventSystems.ExecuteEvents:Execute(GameObject, BaseEventData, EventFunction`1)
UnityEngine.InputSystem.UI.InputSystemUIInputModule:ProcessPointerButton(ButtonState&, PointerEventData)
UnityEngine.InputSystem.UI.InputSystemUIInputModule:ProcessPointer(PointerModel&)
UnityEngine.InputSystem.UI.InputSystemUIInputModule:Process()
UnityEngine.EventSystems.EventSystem:Update()

[448] Change Update Type = Room -> Dungeon
UnityEngine.Logger:Log(LogType, Object)
UnityEngine.Debug:Log(Object)
OHD.GameObjects.GameUpdateDelegator:Switch(TargetType, Boolean)
OHD.Dungeons.DungeonBase:LeaveRoom(ISceneInfo)
UnityEngine.AndroidJavaRunnable:Invoke()
OHD.UI.CraftRuneUIViewModel:RaiseOnCraftEvent()
OHD.UI.RewardReceiveUIViewController:OnClickConfirmButton()
UnityEngine.AndroidJavaRunnable:Invoke()
UnityEngine.Events.InvokableCall:Invoke()
UnityEngine.Events.UnityEvent:Invoke()
System.Xml.XmlNodeChangedEventHandler:Invoke(Object, XmlNodeChangedEventArgs)
UnityEngine.EventSystems.ExecuteEvents:Execute(GameObject, BaseEventData, EventFunction`1)
UnityEngine.InputSystem.UI.InputSystemUIInputModule:ProcessPointerButton(ButtonState&, PointerEventData)
UnityEngine.InputSystem.UI.InputSystemUIInputModule:ProcessPointer(PointerModel&)
UnityEngine.InputSystem.UI.InputSystemUIInputModule:Process()
UnityEngine.EventSystems.EventSystem:Update()

[544] Save Midway State. 0.050 s
UnityEngine.Logger:Log(LogType, Object)
UnityEngine.Debug:Log(Object)
OHD.Dungeons.HundrenDungeon:SaveMidwayState()
OHD.Dungeons.HundrenDungeon:OnEnterDungeonScene(SceneBase)
System.Action`1:Invoke(T)
SceneTransitInfo:RaiseOnLoadSuccess(SceneBase)
OHD.Scenes.<<CheckTransit>g__ProcessTransit|18_0>d:MoveNext()
UnityEngine.SetupCoroutine:InvokeMoveNext(IEnumerator, IntPtr)

[444] Enter Room [x:7 y:5]
UnityEngine.Logger:Log(LogType, Object)
UnityEngine.Debug:Log(Object)
OHD.Dungeons.DungeonBase:EnterRoom(Int32, Int32)
HundrenDungeonScene:OnClickCell(ChessCellObject)
System.Action`1:Invoke(T)
OHD.GameObjects.ChessGridObject:ProcessCheckHover()

[444] [Room : BattleRoom] Init
UnityEngine.Logger:Log(LogType, Object)
UnityEngine.Debug:Log(Object)
OHD.Dungeons.DungeonRoomBase:Init()
OHD.Dungeons.DungeonBase:EnterRoom(Int32, Int32)
HundrenDungeonScene:OnClickCell(ChessCellObject)
System.Action`1:Invoke(T)
OHD.GameObjects.ChessGridObject:ProcessCheckHover()

[444] Change Update Type = Dungeon -> Room
UnityEngine.Logger:Log(LogType, Object)
UnityEngine.Debug:Log(Object)
OHD.GameObjects.GameUpdateDelegator:Switch(TargetType, Boolean)
OHD.Dungeons.DungeonBase:EnterRoom(Int32, Int32)
HundrenDungeonScene:OnClickCell(ChessCellObject)
System.Action`1:Invoke(T)
OHD.GameObjects.ChessGridObject:ProcessCheckHover()

Material Crystal Fire doesn't have _Stencil property
UnityEngine.Logger:Log(LogType, Object, Object)
UnityEngine.Debug:LogWarning(Object, Object)
UnityEngine.UI.StencilMaterial:LogWarningWhenNotInBatchmode(String, Object)
UnityEngine.UI.StencilMaterial:Add(Material, Int32, StencilOp, CompareFunction, ColorWriteMask, Int32, Int32)
UnityEngine.UI.MaskableGraphic:GetModifiedMaterial(Material)
UnityEngine.UI.Graphic:get_materialForRendering()
UnityEngine.UI.Graphic:UpdateMaterial()
UnityEngine.UI.Image:UpdateMaterial()
UnityEngine.UI.Graphic:Rebuild(CanvasUpdate)
UnityEngine.UI.CanvasUpdateRegistry:PerformUpdate()
Effekseer.EffekseerSoundPlayerStopAll:Invoke()
UnityEngine.UI.ScrollRect:SetNormalizedPosition(Single, Int32)
UnityEngine.UI.ScrollRect:set_normalizedPosition(Vector2)
OHD.UI.LayoutGroupCtrl`1:ResetScrollPos(Single, Single)
OHD.UI.LayoutGroupCtrl`1:Reload(IEnumerable`1, Action`2)
OHD.UI.BattlePowerListPanelUIView:OnViewModelChanged()
OHD.UI.UIView:TriggerStartAction()
OHD.UI.UIView:Awake()

[664] [Room : BattleRoom] Enter
UnityEngine.Logger:Log(LogType, Object)
UnityEngine.Debug:Log(Object)
OHD.Dungeons.DungeonRoomBase:Enter(SceneBase)
System.Action`1:Invoke(T)
SceneTransitInfo:RaiseOnLoadSuccess(SceneBase)
OHD.Scenes.<<CheckTransit>g__ProcessTransit|18_0>d:MoveNext()
UnityEngine.SetupCoroutine:InvokeMoveNext(IEnumerator, IntPtr)

[928] 當前回合 : 1
UnityEngine.Logger:Log(LogType, Object)
UnityEngine.Debug:Log(Object)
OHD.GameActions.<Process>d__2:MoveNext()
UnityEngine.SetupCoroutine:InvokeMoveNext(IEnumerator, IntPtr)

[833] [GA_General_Attack] Deal 26 DMG x 1  time.
UnityEngine.Logger:Log(LogType, Object)
UnityEngine.Debug:Log(Object)
OHD.Dungeons.Monster.PatternizedMonsterBase:GA_General_Attack(BattleCreature, ActionExecutionData)
OHD.Dungeons.Monster.PatternizedMonsterBase:MA_General_Attack(ActionExecutionData)
System.Func`2:Invoke(T)
OHD.Dungeons.Monster.ActionPattern:CreateAction(Int32)
OHD.Dungeons.Monster.ActionPatternExecutor:FlushNextAction()
OHD.Dungeons.Monster.PatternizedMonsterBase:OnExecuteOperation(BattleRoomPlayer)
OHD.Dungeons.Monster.<ExecuteOperation>d__65:MoveNext()
UnityEngine.SetupCoroutine:InvokeMoveNext(IEnumerator, IntPtr)

[96] Berserker Kitten Kill!
UnityEngine.Logger:Log(LogType, Object)
UnityEngine.Debug:Log(Object)
OHD.GameActions.<Process>d__6:MoveNext()
UnityEngine.SetupCoroutine:InvokeMoveNext(IEnumerator, IntPtr)

[282] [GA_General_Attack] Deal 18 DMG x 1  time.
UnityEngine.Logger:Log(LogType, Object)
UnityEngine.Debug:Log(Object)
OHD.Dungeons.Monster.PatternizedMonsterBase:GA_General_Attack(BattleCreature, ActionExecutionData)
OHD.Dungeons.Monster.PatternizedMonsterBase:MA_General_Attack(ActionExecutionData)
System.Func`2:Invoke(T)
OHD.Dungeons.Monster.ActionPattern:CreateAction(Int32)
OHD.Dungeons.Monster.ActionPatternExecutor:FlushNextAction()
OHD.Dungeons.Monster.PatternizedMonsterBase:OnExecuteOperation(BattleRoomPlayer)
OHD.Dungeons.Monster.<ExecuteOperation>d__65:MoveNext()
UnityEngine.SetupCoroutine:InvokeMoveNext(IEnumerator, IntPtr)

[459] 當前回合 : 2
UnityEngine.Logger:Log(LogType, Object)
UnityEngine.Debug:Log(Object)
OHD.GameActions.<Process>d__2:MoveNext()
UnityEngine.SetupCoroutine:InvokeMoveNext(IEnumerator, IntPtr)

Material 'AllySummonFire_top' with Shader 'Shader Graphs/ZeldaFire_Unlit' doesn't have a texture property '_MainTex'
UnityEngine.Material:get_mainTexture()
UnityEngine.UI.Image:get_mainTexture()
UnityEngine.UI.Graphic:UpdateMaterial()
UnityEngine.UI.Image:UpdateMaterial()
UnityEngine.UI.Graphic:Rebuild(CanvasUpdate)
UnityEngine.UI.CanvasUpdateRegistry:PerformUpdate()
Effekseer.EffekseerSoundPlayerStopAll:Invoke()

[ line 1926229080]

Material 'AllySummonFire_bottom' with Shader 'Shader Graphs/ZeldaFire_Unlit' doesn't have a texture property '_MainTex'
UnityEngine.Material:get_mainTexture()
UnityEngine.UI.Image:get_mainTexture()
UnityEngine.UI.Graphic:UpdateMaterial()
UnityEngine.UI.Image:UpdateMaterial()
UnityEngine.UI.Graphic:Rebuild(CanvasUpdate)
UnityEngine.UI.CanvasUpdateRegistry:PerformUpdate()
Effekseer.EffekseerSoundPlayerStopAll:Invoke()

[ line 1926229080]

Material 'AllySummonFire_top' with Shader 'Shader Graphs/ZeldaFire_Unlit' doesn't have a texture property '_MainTex'
UnityEngine.Material:get_mainTexture()
UnityEngine.UI.Image:get_mainTexture()
UnityEngine.UI.Graphic:UpdateMaterial()
UnityEngine.UI.Image:UpdateMaterial()
UnityEngine.UI.Graphic:Rebuild(CanvasUpdate)
UnityEngine.UI.CanvasUpdateRegistry:PerformUpdate()
Effekseer.EffekseerSoundPlayerStopAll:Invoke()

[ line 1926229080]

Material 'AllySummonFire_bottom_reverse' with Shader 'Shader Graphs/ZeldaFire_Unlit' doesn't have a texture property '_MainTex'
UnityEngine.Material:get_mainTexture()
UnityEngine.UI.Image:get_mainTexture()
UnityEngine.UI.Graphic:UpdateMaterial()
UnityEngine.UI.Image:UpdateMaterial()
UnityEngine.UI.Graphic:Rebuild(CanvasUpdate)
UnityEngine.UI.CanvasUpdateRegistry:PerformUpdate()
Effekseer.EffekseerSoundPlayerStopAll:Invoke()

[ line 1926229080]

[782] [GA_General_Attack] Deal 18 DMG x 1  time.
UnityEngine.Logger:Log(LogType, Object)
UnityEngine.Debug:Log(Object)
OHD.Dungeons.Monster.PatternizedMonsterBase:GA_General_Attack(BattleCreature, ActionExecutionData)
OHD.Dungeons.Monster.PatternizedMonsterBase:MA_General_Attack(ActionExecutionData)
System.Func`2:Invoke(T)
OHD.Dungeons.Monster.ActionPattern:CreateAction(Int32)
OHD.Dungeons.Monster.ActionPatternExecutor:FlushNextAction()
OHD.Dungeons.Monster.PatternizedMonsterBase:OnExecuteOperation(BattleRoomPlayer)
OHD.Dungeons.Monster.<ExecuteOperation>d__65:MoveNext()
UnityEngine.SetupCoroutine:InvokeMoveNext(IEnumerator, IntPtr)

[960] 當前回合 : 3
UnityEngine.Logger:Log(LogType, Object)
UnityEngine.Debug:Log(Object)
OHD.GameActions.<Process>d__2:MoveNext()
UnityEngine.SetupCoroutine:InvokeMoveNext(IEnumerator, IntPtr)

[424] Steel Guardian Kill!
UnityEngine.Logger:Log(LogType, Object)
UnityEngine.Debug:Log(Object)
OHD.GameActions.<Process>d__6:MoveNext()
UnityEngine.SetupCoroutine:InvokeMoveNext(IEnumerator, IntPtr)

[917] [Room : BattleRoom] Leave
UnityEngine.Logger:Log(LogType, Object)
UnityEngine.Debug:Log(Object)
OHD.Dungeons.DungeonRoomBase:Leave()
OHD.Dungeons.DungeonBase:LeaveRoom(ISceneInfo)
UnityEngine.AndroidJavaRunnable:Invoke()
OHD.UI.CraftRuneUIViewModel:RaiseOnCraftEvent()
OHD.UI.RewardReceiveUIViewController:OnClickConfirmButton()
UnityEngine.AndroidJavaRunnable:Invoke()
UnityEngine.Events.InvokableCall:Invoke()
UnityEngine.Events.UnityEvent:Invoke()
System.Xml.XmlNodeChangedEventHandler:Invoke(Object, XmlNodeChangedEventArgs)
UnityEngine.EventSystems.ExecuteEvents:Execute(GameObject, BaseEventData, EventFunction`1)
UnityEngine.InputSystem.UI.InputSystemUIInputModule:ProcessPointerButton(ButtonState&, PointerEventData)
UnityEngine.InputSystem.UI.InputSystemUIInputModule:ProcessPointer(PointerModel&)
UnityEngine.InputSystem.UI.InputSystemUIInputModule:Process()
UnityEngine.EventSystems.EventSystem:Update()

[917] Change Update Type = Room -> Dungeon
UnityEngine.Logger:Log(LogType, Object)
UnityEngine.Debug:Log(Object)
OHD.GameObjects.GameUpdateDelegator:Switch(TargetType, Boolean)
OHD.Dungeons.DungeonBase:LeaveRoom(ISceneInfo)
UnityEngine.AndroidJavaRunnable:Invoke()
OHD.UI.CraftRuneUIViewModel:RaiseOnCraftEvent()
OHD.UI.RewardReceiveUIViewController:OnClickConfirmButton()
UnityEngine.AndroidJavaRunnable:Invoke()
UnityEngine.Events.InvokableCall:Invoke()
UnityEngine.Events.UnityEvent:Invoke()
System.Xml.XmlNodeChangedEventHandler:Invoke(Object, XmlNodeChangedEventArgs)
UnityEngine.EventSystems.ExecuteEvents:Execute(GameObject, BaseEventData, EventFunction`1)
UnityEngine.InputSystem.UI.InputSystemUIInputModule:ProcessPointerButton(ButtonState&, PointerEventData)
UnityEngine.InputSystem.UI.InputSystemUIInputModule:ProcessPointer(PointerModel&)
UnityEngine.InputSystem.UI.InputSystemUIInputModule:Process()
UnityEngine.EventSystems.EventSystem:Update()

[12] Save Midway State. 0.053 s
UnityEngine.Logger:Log(LogType, Object)
UnityEngine.Debug:Log(Object)
OHD.Dungeons.HundrenDungeon:SaveMidwayState()
OHD.Dungeons.HundrenDungeon:OnEnterDungeonScene(SceneBase)
System.Action`1:Invoke(T)
SceneTransitInfo:RaiseOnLoadSuccess(SceneBase)
OHD.Scenes.<<CheckTransit>g__ProcessTransit|18_0>d:MoveNext()
UnityEngine.SetupCoroutine:InvokeMoveNext(IEnumerator, IntPtr)

[966] Enter Room [x:6 y:6]
UnityEngine.Logger:Log(LogType, Object)
UnityEngine.Debug:Log(Object)
OHD.Dungeons.DungeonBase:EnterRoom(Int32, Int32)
HundrenDungeonScene:OnClickCell(ChessCellObject)
System.Action`1:Invoke(T)
OHD.GameObjects.ChessGridObject:ProcessCheckHover()

[966] [Room : BattleRoom] Init
UnityEngine.Logger:Log(LogType, Object)
UnityEngine.Debug:Log(Object)
OHD.Dungeons.DungeonRoomBase:Init()
OHD.Dungeons.DungeonBase:EnterRoom(Int32, Int32)
HundrenDungeonScene:OnClickCell(ChessCellObject)
System.Action`1:Invoke(T)
OHD.GameObjects.ChessGridObject:ProcessCheckHover()

[966] Change Update Type = Dungeon -> Room
UnityEngine.Logger:Log(LogType, Object)
UnityEngine.Debug:Log(Object)
OHD.GameObjects.GameUpdateDelegator:Switch(TargetType, Boolean)
OHD.Dungeons.DungeonBase:EnterRoom(Int32, Int32)
HundrenDungeonScene:OnClickCell(ChessCellObject)
System.Action`1:Invoke(T)
OHD.GameObjects.ChessGridObject:ProcessCheckHover()

Material Crystal Fire doesn't have _Stencil property
UnityEngine.Logger:Log(LogType, Object, Object)
UnityEngine.Debug:LogWarning(Object, Object)
UnityEngine.UI.StencilMaterial:LogWarningWhenNotInBatchmode(String, Object)
UnityEngine.UI.StencilMaterial:Add(Material, Int32, StencilOp, CompareFunction, ColorWriteMask, Int32, Int32)
UnityEngine.UI.MaskableGraphic:GetModifiedMaterial(Material)
UnityEngine.UI.Graphic:get_materialForRendering()
UnityEngine.UI.Graphic:UpdateMaterial()
UnityEngine.UI.Image:UpdateMaterial()
UnityEngine.UI.Graphic:Rebuild(CanvasUpdate)
UnityEngine.UI.CanvasUpdateRegistry:PerformUpdate()
Effekseer.EffekseerSoundPlayerStopAll:Invoke()
UnityEngine.UI.ScrollRect:SetNormalizedPosition(Single, Int32)
UnityEngine.UI.ScrollRect:set_normalizedPosition(Vector2)
OHD.UI.LayoutGroupCtrl`1:ResetScrollPos(Single, Single)
OHD.UI.LayoutGroupCtrl`1:Reload(IEnumerable`1, Action`2)
OHD.UI.BattlePowerListPanelUIView:OnViewModelChanged()
OHD.UI.UIView:TriggerStartAction()
OHD.UI.UIView:Awake()

[187] [Room : BattleRoom] Enter
UnityEngine.Logger:Log(LogType, Object)
UnityEngine.Debug:Log(Object)
OHD.Dungeons.DungeonRoomBase:Enter(SceneBase)
System.Action`1:Invoke(T)
SceneTransitInfo:RaiseOnLoadSuccess(SceneBase)
OHD.Scenes.<<CheckTransit>g__ProcessTransit|18_0>d:MoveNext()
UnityEngine.SetupCoroutine:InvokeMoveNext(IEnumerator, IntPtr)

[407] 當前回合 : 1
UnityEngine.Logger:Log(LogType, Object)
UnityEngine.Debug:Log(Object)
OHD.GameActions.<Process>d__2:MoveNext()
UnityEngine.SetupCoroutine:InvokeMoveNext(IEnumerator, IntPtr)

[158] 當前回合 : 2
UnityEngine.Logger:Log(LogType, Object)
UnityEngine.Debug:Log(Object)
OHD.GameActions.<Process>d__2:MoveNext()
UnityEngine.SetupCoroutine:InvokeMoveNext(IEnumerator, IntPtr)

Material 'AllySummonFire_top' with Shader 'Shader Graphs/ZeldaFire_Unlit' doesn't have a texture property '_MainTex'
UnityEngine.Material:get_mainTexture()
UnityEngine.UI.Image:get_mainTexture()
UnityEngine.UI.Graphic:UpdateMaterial()
UnityEngine.UI.Image:UpdateMaterial()
UnityEngine.UI.Graphic:Rebuild(CanvasUpdate)
UnityEngine.UI.CanvasUpdateRegistry:PerformUpdate()
Effekseer.EffekseerSoundPlayerStopAll:Invoke()

[ line 1926229080]

Material 'AllySummonFire_bottom' with Shader 'Shader Graphs/ZeldaFire_Unlit' doesn't have a texture property '_MainTex'
UnityEngine.Material:get_mainTexture()
UnityEngine.UI.Image:get_mainTexture()
UnityEngine.UI.Graphic:UpdateMaterial()
UnityEngine.UI.Image:UpdateMaterial()
UnityEngine.UI.Graphic:Rebuild(CanvasUpdate)
UnityEngine.UI.CanvasUpdateRegistry:PerformUpdate()
Effekseer.EffekseerSoundPlayerStopAll:Invoke()

[ line 1926229080]

Material 'AllySummonFire_top' with Shader 'Shader Graphs/ZeldaFire_Unlit' doesn't have a texture property '_MainTex'
UnityEngine.Material:get_mainTexture()
UnityEngine.UI.Image:get_mainTexture()
UnityEngine.UI.Graphic:UpdateMaterial()
UnityEngine.UI.Image:UpdateMaterial()
UnityEngine.UI.Graphic:Rebuild(CanvasUpdate)
UnityEngine.UI.CanvasUpdateRegistry:PerformUpdate()
Effekseer.EffekseerSoundPlayerStopAll:Invoke()

[ line 1926229080]

Material 'AllySummonFire_bottom_reverse' with Shader 'Shader Graphs/ZeldaFire_Unlit' doesn't have a texture property '_MainTex'
UnityEngine.Material:get_mainTexture()
UnityEngine.UI.Image:get_mainTexture()
UnityEngine.UI.Graphic:UpdateMaterial()
UnityEngine.UI.Image:UpdateMaterial()
UnityEngine.UI.Graphic:Rebuild(CanvasUpdate)
UnityEngine.UI.CanvasUpdateRegistry:PerformUpdate()
Effekseer.EffekseerSoundPlayerStopAll:Invoke()

[ line 1926229080]

[319] 當前回合 : 3
UnityEngine.Logger:Log(LogType, Object)
UnityEngine.Debug:Log(Object)
OHD.GameActions.<Process>d__2:MoveNext()
UnityEngine.SetupCoroutine:InvokeMoveNext(IEnumerator, IntPtr)

[863] [GA_General_Attack] Deal 34 DMG x 1  time.
UnityEngine.Logger:Log(LogType, Object)
UnityEngine.Debug:Log(Object)
OHD.Dungeons.Monster.PatternizedMonsterBase:GA_General_Attack(BattleCreature, ActionExecutionData)
OHD.Dungeons.Monster.PatternizedMonsterBase:MA_General_Attack(ActionExecutionData)
OHD.Dungeons.Monster.Monster371:MA_Attack(ActionExecutionData)
System.Func`2:Invoke(T)
OHD.Dungeons.Monster.ActionPattern:CreateAction(Int32)
OHD.Dungeons.Monster.ActionPatternExecutor:FlushNextAction()
OHD.Dungeons.Monster.PatternizedMonsterBase:OnExecuteOperation(BattleRoomPlayer)
OHD.Dungeons.Monster.<ExecuteOperation>d__65:MoveNext()
UnityEngine.SetupCoroutine:InvokeMoveNext(IEnumerator, IntPtr)

[121] 當前回合 : 4
UnityEngine.Logger:Log(LogType, Object)
UnityEngine.Debug:Log(Object)
OHD.GameActions.<Process>d__2:MoveNext()
UnityEngine.SetupCoroutine:InvokeMoveNext(IEnumerator, IntPtr)

[997] [GA_General_Attack] Deal 34 DMG x 1  time.
UnityEngine.Logger:Log(LogType, Object)
UnityEngine.Debug:Log(Object)
OHD.Dungeons.Monster.PatternizedMonsterBase:GA_General_Attack(BattleCreature, ActionExecutionData)
OHD.Dungeons.Monster.PatternizedMonsterBase:MA_General_Attack(ActionExecutionData)
OHD.Dungeons.Monster.Monster371:MA_Attack(ActionExecutionData)
System.Func`2:Invoke(T)
OHD.Dungeons.Monster.ActionPattern:CreateAction(Int32)
OHD.Dungeons.Monster.ActionPatternExecutor:FlushNextAction()
OHD.Dungeons.Monster.PatternizedMonsterBase:OnExecuteOperation(BattleRoomPlayer)
OHD.Dungeons.Monster.<ExecuteOperation>d__65:MoveNext()
UnityEngine.SetupCoroutine:InvokeMoveNext(IEnumerator, IntPtr)

[222] 當前回合 : 5
UnityEngine.Logger:Log(LogType, Object)
UnityEngine.Debug:Log(Object)
OHD.GameActions.<Process>d__2:MoveNext()
UnityEngine.SetupCoroutine:InvokeMoveNext(IEnumerator, IntPtr)

[709] Lion Beast Kill!
UnityEngine.Logger:Log(LogType, Object)
UnityEngine.Debug:Log(Object)
OHD.GameActions.<Process>d__6:MoveNext()
UnityEngine.SetupCoroutine:InvokeMoveNext(IEnumerator, IntPtr)

[178] [Room : BattleRoom] Leave
UnityEngine.Logger:Log(LogType, Object)
UnityEngine.Debug:Log(Object)
OHD.Dungeons.DungeonRoomBase:Leave()
OHD.Dungeons.DungeonBase:LeaveRoom(ISceneInfo)
UnityEngine.AndroidJavaRunnable:Invoke()
OHD.UI.CraftRuneUIViewModel:RaiseOnCraftEvent()
OHD.UI.RewardReceiveUIViewController:OnClickConfirmButton()
UnityEngine.AndroidJavaRunnable:Invoke()
UnityEngine.Events.InvokableCall:Invoke()
UnityEngine.Events.UnityEvent:Invoke()
System.Xml.XmlNodeChangedEventHandler:Invoke(Object, XmlNodeChangedEventArgs)
UnityEngine.EventSystems.ExecuteEvents:Execute(GameObject, BaseEventData, EventFunction`1)
UnityEngine.InputSystem.UI.InputSystemUIInputModule:ProcessPointerButton(ButtonState&, PointerEventData)
UnityEngine.InputSystem.UI.InputSystemUIInputModule:ProcessPointer(PointerModel&)
UnityEngine.InputSystem.UI.InputSystemUIInputModule:Process()
UnityEngine.EventSystems.EventSystem:Update()

[178] Change Update Type = Room -> Dungeon
UnityEngine.Logger:Log(LogType, Object)
UnityEngine.Debug:Log(Object)
OHD.GameObjects.GameUpdateDelegator:Switch(TargetType, Boolean)
OHD.Dungeons.DungeonBase:LeaveRoom(ISceneInfo)
UnityEngine.AndroidJavaRunnable:Invoke()
OHD.UI.CraftRuneUIViewModel:RaiseOnCraftEvent()
OHD.UI.RewardReceiveUIViewController:OnClickConfirmButton()
UnityEngine.AndroidJavaRunnable:Invoke()
UnityEngine.Events.InvokableCall:Invoke()
UnityEngine.Events.UnityEvent:Invoke()
System.Xml.XmlNodeChangedEventHandler:Invoke(Object, XmlNodeChangedEventArgs)
UnityEngine.EventSystems.ExecuteEvents:Execute(GameObject, BaseEventData, EventFunction`1)
UnityEngine.InputSystem.UI.InputSystemUIInputModule:ProcessPointerButton(ButtonState&, PointerEventData)
UnityEngine.InputSystem.UI.InputSystemUIInputModule:ProcessPointer(PointerModel&)
UnityEngine.InputSystem.UI.InputSystemUIInputModule:Process()
UnityEngine.EventSystems.EventSystem:Update()

[274] Save Midway State. 0.051 s
UnityEngine.Logger:Log(LogType, Object)
UnityEngine.Debug:Log(Object)
OHD.Dungeons.HundrenDungeon:SaveMidwayState()
OHD.Dungeons.HundrenDungeon:OnEnterDungeonScene(SceneBase)
System.Action`1:Invoke(T)
SceneTransitInfo:RaiseOnLoadSuccess(SceneBase)
OHD.Scenes.<<CheckTransit>g__ProcessTransit|18_0>d:MoveNext()
UnityEngine.SetupCoroutine:InvokeMoveNext(IEnumerator, IntPtr)

[619] Enter Room [x:6 y:7]
UnityEngine.Logger:Log(LogType, Object)
UnityEngine.Debug:Log(Object)
OHD.Dungeons.DungeonBase:EnterRoom(Int32, Int32)
HundrenDungeonScene:OnClickCell(ChessCellObject)
System.Action`1:Invoke(T)
OHD.GameObjects.ChessGridObject:ProcessCheckHover()

[619] [Room : BattleRoom] Init
UnityEngine.Logger:Log(LogType, Object)
UnityEngine.Debug:Log(Object)
OHD.Dungeons.DungeonRoomBase:Init()
OHD.Dungeons.DungeonBase:EnterRoom(Int32, Int32)
HundrenDungeonScene:OnClickCell(ChessCellObject)
System.Action`1:Invoke(T)
OHD.GameObjects.ChessGridObject:ProcessCheckHover()

[619] Change Update Type = Dungeon -> Room
UnityEngine.Logger:Log(LogType, Object)
UnityEngine.Debug:Log(Object)
OHD.GameObjects.GameUpdateDelegator:Switch(TargetType, Boolean)
OHD.Dungeons.DungeonBase:EnterRoom(Int32, Int32)
HundrenDungeonScene:OnClickCell(ChessCellObject)
System.Action`1:Invoke(T)
OHD.GameObjects.ChessGridObject:ProcessCheckHover()

Material Crystal Fire doesn't have _Stencil property
UnityEngine.Logger:Log(LogType, Object, Object)
UnityEngine.Debug:LogWarning(Object, Object)
UnityEngine.UI.StencilMaterial:LogWarningWhenNotInBatchmode(String, Object)
UnityEngine.UI.StencilMaterial:Add(Material, Int32, StencilOp, CompareFunction, ColorWriteMask, Int32, Int32)
UnityEngine.UI.MaskableGraphic:GetModifiedMaterial(Material)
UnityEngine.UI.Graphic:get_materialForRendering()
UnityEngine.UI.Graphic:UpdateMaterial()
UnityEngine.UI.Image:UpdateMaterial()
UnityEngine.UI.Graphic:Rebuild(CanvasUpdate)
UnityEngine.UI.CanvasUpdateRegistry:PerformUpdate()
Effekseer.EffekseerSoundPlayerStopAll:Invoke()
UnityEngine.UI.ScrollRect:SetNormalizedPosition(Single, Int32)
UnityEngine.UI.ScrollRect:set_normalizedPosition(Vector2)
OHD.UI.LayoutGroupCtrl`1:ResetScrollPos(Single, Single)
OHD.UI.LayoutGroupCtrl`1:Reload(IEnumerable`1, Action`2)
OHD.UI.BattlePowerListPanelUIView:OnViewModelChanged()
OHD.UI.UIView:TriggerStartAction()
OHD.UI.UIView:Awake()

[840] [Room : BattleRoom] Enter
UnityEngine.Logger:Log(LogType, Object)
UnityEngine.Debug:Log(Object)
OHD.Dungeons.DungeonRoomBase:Enter(SceneBase)
System.Action`1:Invoke(T)
SceneTransitInfo:RaiseOnLoadSuccess(SceneBase)
OHD.Scenes.<<CheckTransit>g__ProcessTransit|18_0>d:MoveNext()
UnityEngine.SetupCoroutine:InvokeMoveNext(IEnumerator, IntPtr)

[60] 當前回合 : 1
UnityEngine.Logger:Log(LogType, Object)
UnityEngine.Debug:Log(Object)
OHD.GameActions.<Process>d__2:MoveNext()
UnityEngine.SetupCoroutine:InvokeMoveNext(IEnumerator, IntPtr)

[527] [GA_General_Attack] Deal 2 DMG x 2  time.
UnityEngine.Logger:Log(LogType, Object)
UnityEngine.Debug:Log(Object)
OHD.Dungeons.Monster.PatternizedMonsterBase:GA_General_Attack(BattleCreature, ActionExecutionData)
OHD.Dungeons.Monster.Monster363:MA_Attack_And_ReduceAura(ActionExecutionData)
System.Func`2:Invoke(T)
OHD.Dungeons.Monster.ActionPattern:CreateAction(Int32)
OHD.Dungeons.Monster.ActionPatternExecutor:FlushNextAction()
OHD.Dungeons.Monster.PatternizedMonsterBase:OnExecuteOperation(BattleRoomPlayer)
OHD.Dungeons.Monster.<ExecuteOperation>d__65:MoveNext()
UnityEngine.SetupCoroutine:InvokeMoveNext(IEnumerator, IntPtr)

[807] [GA_General_Attack] Deal 26 DMG x 1  time.
UnityEngine.Logger:Log(LogType, Object)
UnityEngine.Debug:Log(Object)
OHD.Dungeons.Monster.PatternizedMonsterBase:GA_General_Attack(BattleCreature, ActionExecutionData)
OHD.Dungeons.Monster.PatternizedMonsterBase:MA_General_Attack(ActionExecutionData)
System.Func`2:Invoke(T)
OHD.Dungeons.Monster.ActionPattern:CreateAction(Int32)
OHD.Dungeons.Monster.ActionPatternExecutor:FlushNextAction()
OHD.Dungeons.Monster.PatternizedMonsterBase:OnExecuteOperation(BattleRoomPlayer)
OHD.Dungeons.Monster.<ExecuteOperation>d__65:MoveNext()
UnityEngine.SetupCoroutine:InvokeMoveNext(IEnumerator, IntPtr)

[205] 當前回合 : 2
UnityEngine.Logger:Log(LogType, Object)
UnityEngine.Debug:Log(Object)
OHD.GameActions.<Process>d__2:MoveNext()
UnityEngine.SetupCoroutine:InvokeMoveNext(IEnumerator, IntPtr)

[385] Berserker Kitten Kill!
UnityEngine.Logger:Log(LogType, Object)
UnityEngine.Debug:Log(Object)
OHD.GameActions.<Process>d__6:MoveNext()
UnityEngine.SetupCoroutine:InvokeMoveNext(IEnumerator, IntPtr)

[683] [GA_General_Attack] Deal 2 DMG x 2  time.
UnityEngine.Logger:Log(LogType, Object)
UnityEngine.Debug:Log(Object)
OHD.Dungeons.Monster.PatternizedMonsterBase:GA_General_Attack(BattleCreature, ActionExecutionData)
OHD.Dungeons.Monster.Monster363:MA_Attack_And_ReduceAura(ActionExecutionData)
System.Func`2:Invoke(T)
OHD.Dungeons.Monster.ActionPattern:CreateAction(Int32)
OHD.Dungeons.Monster.ActionPatternExecutor:FlushNextAction()
OHD.Dungeons.Monster.PatternizedMonsterBase:OnExecuteOperation(BattleRoomPlayer)
OHD.Dungeons.Monster.<ExecuteOperation>d__65:MoveNext()
UnityEngine.SetupCoroutine:InvokeMoveNext(IEnumerator, IntPtr)

[86] 當前回合 : 3
UnityEngine.Logger:Log(LogType, Object)
UnityEngine.Debug:Log(Object)
OHD.GameActions.<Process>d__2:MoveNext()
UnityEngine.SetupCoroutine:InvokeMoveNext(IEnumerator, IntPtr)

Material 'AllySummonFire_top' with Shader 'Shader Graphs/ZeldaFire_Unlit' doesn't have a texture property '_MainTex'
UnityEngine.Material:get_mainTexture()
UnityEngine.UI.Image:get_mainTexture()
UnityEngine.UI.Graphic:UpdateMaterial()
UnityEngine.UI.Image:UpdateMaterial()
UnityEngine.UI.Graphic:Rebuild(CanvasUpdate)
UnityEngine.UI.CanvasUpdateRegistry:PerformUpdate()
Effekseer.EffekseerSoundPlayerStopAll:Invoke()

[ line 1926229080]

Material 'AllySummonFire_bottom' with Shader 'Shader Graphs/ZeldaFire_Unlit' doesn't have a texture property '_MainTex'
UnityEngine.Material:get_mainTexture()
UnityEngine.UI.Image:get_mainTexture()
UnityEngine.UI.Graphic:UpdateMaterial()
UnityEngine.UI.Image:UpdateMaterial()
UnityEngine.UI.Graphic:Rebuild(CanvasUpdate)
UnityEngine.UI.CanvasUpdateRegistry:PerformUpdate()
Effekseer.EffekseerSoundPlayerStopAll:Invoke()

[ line 1926229080]

[169] Nimble Tentacle Kill!
UnityEngine.Logger:Log(LogType, Object)
UnityEngine.Debug:Log(Object)
OHD.GameActions.<Process>d__6:MoveNext()
UnityEngine.SetupCoroutine:InvokeMoveNext(IEnumerator, IntPtr)

[716] [Room : BattleRoom] Leave
UnityEngine.Logger:Log(LogType, Object)
UnityEngine.Debug:Log(Object)
OHD.Dungeons.DungeonRoomBase:Leave()
OHD.Dungeons.DungeonBase:LeaveRoom(ISceneInfo)
UnityEngine.AndroidJavaRunnable:Invoke()
OHD.UI.CraftRuneUIViewModel:RaiseOnCraftEvent()
OHD.UI.RewardReceiveUIViewController:OnClickConfirmButton()
UnityEngine.AndroidJavaRunnable:Invoke()
UnityEngine.Events.InvokableCall:Invoke()
UnityEngine.Events.UnityEvent:Invoke()
System.Xml.XmlNodeChangedEventHandler:Invoke(Object, XmlNodeChangedEventArgs)
UnityEngine.EventSystems.ExecuteEvents:Execute(GameObject, BaseEventData, EventFunction`1)
UnityEngine.InputSystem.UI.InputSystemUIInputModule:ProcessPointerButton(ButtonState&, PointerEventData)
UnityEngine.InputSystem.UI.InputSystemUIInputModule:ProcessPointer(PointerModel&)
UnityEngine.InputSystem.UI.InputSystemUIInputModule:Process()
UnityEngine.EventSystems.EventSystem:Update()

[716] Change Update Type = Room -> Dungeon
UnityEngine.Logger:Log(LogType, Object)
UnityEngine.Debug:Log(Object)
OHD.GameObjects.GameUpdateDelegator:Switch(TargetType, Boolean)
OHD.Dungeons.DungeonBase:LeaveRoom(ISceneInfo)
UnityEngine.AndroidJavaRunnable:Invoke()
OHD.UI.CraftRuneUIViewModel:RaiseOnCraftEvent()
OHD.UI.RewardReceiveUIViewController:OnClickConfirmButton()
UnityEngine.AndroidJavaRunnable:Invoke()
UnityEngine.Events.InvokableCall:Invoke()
UnityEngine.Events.UnityEvent:Invoke()
System.Xml.XmlNodeChangedEventHandler:Invoke(Object, XmlNodeChangedEventArgs)
UnityEngine.EventSystems.ExecuteEvents:Execute(GameObject, BaseEventData, EventFunction`1)
UnityEngine.InputSystem.UI.InputSystemUIInputModule:ProcessPointerButton(ButtonState&, PointerEventData)
UnityEngine.InputSystem.UI.InputSystemUIInputModule:ProcessPointer(PointerModel&)
UnityEngine.InputSystem.UI.InputSystemUIInputModule:Process()
UnityEngine.EventSystems.EventSystem:Update()

[812] Save Midway State. 0.044 s
UnityEngine.Logger:Log(LogType, Object)
UnityEngine.Debug:Log(Object)
OHD.Dungeons.HundrenDungeon:SaveMidwayState()
OHD.Dungeons.HundrenDungeon:OnEnterDungeonScene(SceneBase)
System.Action`1:Invoke(T)
SceneTransitInfo:RaiseOnLoadSuccess(SceneBase)
OHD.Scenes.<<CheckTransit>g__ProcessTransit|18_0>d:MoveNext()
UnityEngine.SetupCoroutine:InvokeMoveNext(IEnumerator, IntPtr)

[46] Enter Room [x:6 y:8]
UnityEngine.Logger:Log(LogType, Object)
UnityEngine.Debug:Log(Object)
OHD.Dungeons.DungeonBase:EnterRoom(Int32, Int32)
HundrenDungeonScene:OnClickCell(ChessCellObject)
System.Action`1:Invoke(T)
OHD.GameObjects.ChessGridObject:ProcessCheckHover()

[46] [Room : EventRoom] Init
UnityEngine.Logger:Log(LogType, Object)
UnityEngine.Debug:Log(Object)
OHD.Dungeons.DungeonRoomBase:Init()
OHD.Dungeons.DungeonBase:EnterRoom(Int32, Int32)
HundrenDungeonScene:OnClickCell(ChessCellObject)
System.Action`1:Invoke(T)
OHD.GameObjects.ChessGridObject:ProcessCheckHover()

[46] Change Update Type = Dungeon -> Room
UnityEngine.Logger:Log(LogType, Object)
UnityEngine.Debug:Log(Object)
OHD.GameObjects.GameUpdateDelegator:Switch(TargetType, Boolean)
OHD.Dungeons.DungeonBase:EnterRoom(Int32, Int32)
HundrenDungeonScene:OnClickCell(ChessCellObject)
System.Action`1:Invoke(T)
OHD.GameObjects.ChessGridObject:ProcessCheckHover()

[268] [Room : EventRoom] Enter
UnityEngine.Logger:Log(LogType, Object)
UnityEngine.Debug:Log(Object)
OHD.Dungeons.DungeonRoomBase:Enter(SceneBase)
System.Action`1:Invoke(T)
SceneTransitInfo:RaiseOnLoadSuccess(SceneBase)
OHD.Scenes.<<CheckTransit>g__ProcessTransit|18_0>d:MoveNext()
UnityEngine.SetupCoroutine:InvokeMoveNext(IEnumerator, IntPtr)

[810] Game User Saved
UnityEngine.Logger:Log(LogType, Object)
UnityEngine.Debug:Log(Object)
GameUser:Save()
GameUser:AutoSave()
OHD.Dungeons.PlotMachines.PlotCmd_GameAction_UnlockGalleryByHealth:OnExecute()
OHD.Dungeons.PlotMachines.<ProcessExecute>d__38:MoveNext()
UnityEngine.SetupCoroutine:InvokeMoveNext(IEnumerator, IntPtr)

[765] Broadcast_SendStop
UnityEngine.Logger:Log(LogType, Object)
UnityEngine.Debug:Log(Object)
OHD.ThirdPartySupport.Lovenses.LovenseToy:Broadcast_SendStop(List`1)
OHD.Dungeons.PlotMachines.PlotMachine:DoPlotEnd()
OHD.Dungeons.PlotMachines.PlotCmd_PlotSignal_EndPlot:OnExecute()
OHD.Dungeons.PlotMachines.<ProcessExecute>d__38:MoveNext()
UnityEngine.SetupCoroutine:InvokeMoveNext(IEnumerator, IntPtr)

[765] [Room : EventRoom] Leave
UnityEngine.Logger:Log(LogType, Object)
UnityEngine.Debug:Log(Object)
OHD.Dungeons.DungeonRoomBase:Leave()
OHD.Dungeons.DungeonBase:LeaveRoom(ISceneInfo)
OHD.Dungeons.EventRoom:OnDungeonEventFinish()
UnityEngine.AndroidJavaRunnable:Invoke()
OHD.GameActions.PlayPlotAction:<OnStart>b__22_0(PlotMachine)
System.Xml.Serialization.XmlSerializationWriteCallback:Invoke(Object)
OHD.Dungeons.PlotMachines.PlotMachine:DoPlotEnd()
OHD.Dungeons.PlotMachines.PlotCmd_PlotSignal_EndPlot:OnExecute()
OHD.Dungeons.PlotMachines.<ProcessExecute>d__38:MoveNext()
UnityEngine.SetupCoroutine:InvokeMoveNext(IEnumerator, IntPtr)

[765] Change Update Type = Room -> Dungeon
UnityEngine.Logger:Log(LogType, Object)
UnityEngine.Debug:Log(Object)
OHD.GameObjects.GameUpdateDelegator:Switch(TargetType, Boolean)
OHD.Dungeons.DungeonBase:LeaveRoom(ISceneInfo)
OHD.Dungeons.EventRoom:OnDungeonEventFinish()
UnityEngine.AndroidJavaRunnable:Invoke()
OHD.GameActions.PlayPlotAction:<OnStart>b__22_0(PlotMachine)
System.Xml.Serialization.XmlSerializationWriteCallback:Invoke(Object)
OHD.Dungeons.PlotMachines.PlotMachine:DoPlotEnd()
OHD.Dungeons.PlotMachines.PlotCmd_PlotSignal_EndPlot:OnExecute()
OHD.Dungeons.PlotMachines.<ProcessExecute>d__38:MoveNext()
UnityEngine.SetupCoroutine:InvokeMoveNext(IEnumerator, IntPtr)

[949] Game User Saved
UnityEngine.Logger:Log(LogType, Object)
UnityEngine.Debug:Log(Object)
GameUser:Save()
GamePlayer:Save()
GamePlayer:AutoSave()
OHD.Dungeons.HundrenDungeon:SaveMidwayState()
OHD.Dungeons.HundrenDungeon:OnEnterDungeonScene(SceneBase)
System.Action`1:Invoke(T)
SceneTransitInfo:RaiseOnLoadSuccess(SceneBase)
OHD.Scenes.<<CheckTransit>g__ProcessTransit|18_0>d:MoveNext()
UnityEngine.SetupCoroutine:InvokeMoveNext(IEnumerator, IntPtr)

[949] Save Midway State. 0.042 s
UnityEngine.Logger:Log(LogType, Object)
UnityEngine.Debug:Log(Object)
OHD.Dungeons.HundrenDungeon:SaveMidwayState()
OHD.Dungeons.HundrenDungeon:OnEnterDungeonScene(SceneBase)
System.Action`1:Invoke(T)
SceneTransitInfo:RaiseOnLoadSuccess(SceneBase)
OHD.Scenes.<<CheckTransit>g__ProcessTransit|18_0>d:MoveNext()
UnityEngine.SetupCoroutine:InvokeMoveNext(IEnumerator, IntPtr)

[167] Enter Room [x:6 y:9]
UnityEngine.Logger:Log(LogType, Object)
UnityEngine.Debug:Log(Object)
OHD.Dungeons.DungeonBase:EnterRoom(Int32, Int32)
HundrenDungeonScene:OnClickCell(ChessCellObject)
System.Action`1:Invoke(T)
OHD.GameObjects.ChessGridObject:ProcessCheckHover()

[167] [Room : BattleRoom] Init
UnityEngine.Logger:Log(LogType, Object)
UnityEngine.Debug:Log(Object)
OHD.Dungeons.DungeonRoomBase:Init()
OHD.Dungeons.DungeonBase:EnterRoom(Int32, Int32)
HundrenDungeonScene:OnClickCell(ChessCellObject)
System.Action`1:Invoke(T)
OHD.GameObjects.ChessGridObject:ProcessCheckHover()

[167] Change Update Type = Dungeon -> Room
UnityEngine.Logger:Log(LogType, Object)
UnityEngine.Debug:Log(Object)
OHD.GameObjects.GameUpdateDelegator:Switch(TargetType, Boolean)
OHD.Dungeons.DungeonBase:EnterRoom(Int32, Int32)
HundrenDungeonScene:OnClickCell(ChessCellObject)
System.Action`1:Invoke(T)
OHD.GameObjects.ChessGridObject:ProcessCheckHover()

Material Crystal Fire doesn't have _Stencil property
UnityEngine.Logger:Log(LogType, Object, Object)
UnityEngine.Debug:LogWarning(Object, Object)
UnityEngine.UI.StencilMaterial:LogWarningWhenNotInBatchmode(String, Object)
UnityEngine.UI.StencilMaterial:Add(Material, Int32, StencilOp, CompareFunction, ColorWriteMask, Int32, Int32)
UnityEngine.UI.MaskableGraphic:GetModifiedMaterial(Material)
UnityEngine.UI.Graphic:get_materialForRendering()
UnityEngine.UI.Graphic:UpdateMaterial()
UnityEngine.UI.Image:UpdateMaterial()
UnityEngine.UI.Graphic:Rebuild(CanvasUpdate)
UnityEngine.UI.CanvasUpdateRegistry:PerformUpdate()
Effekseer.EffekseerSoundPlayerStopAll:Invoke()
UnityEngine.UI.ScrollRect:SetNormalizedPosition(Single, Int32)
UnityEngine.UI.ScrollRect:set_normalizedPosition(Vector2)
OHD.UI.LayoutGroupCtrl`1:ResetScrollPos(Single, Single)
OHD.UI.LayoutGroupCtrl`1:Reload(IEnumerable`1, Action`2)
OHD.UI.BattlePowerListPanelUIView:OnViewModelChanged()
OHD.UI.UIView:TriggerStartAction()
OHD.UI.UIView:Awake()

[388] [Room : BattleRoom] Enter
UnityEngine.Logger:Log(LogType, Object)
UnityEngine.Debug:Log(Object)
OHD.Dungeons.DungeonRoomBase:Enter(SceneBase)
System.Action`1:Invoke(T)
SceneTransitInfo:RaiseOnLoadSuccess(SceneBase)
OHD.Scenes.<<CheckTransit>g__ProcessTransit|18_0>d:MoveNext()
UnityEngine.SetupCoroutine:InvokeMoveNext(IEnumerator, IntPtr)

[471] 當前回合 : 1
UnityEngine.Logger:Log(LogType, Object)
UnityEngine.Debug:Log(Object)
OHD.GameActions.<Process>d__2:MoveNext()
UnityEngine.SetupCoroutine:InvokeMoveNext(IEnumerator, IntPtr)

Material 'AllySummonFire_top' with Shader 'Shader Graphs/ZeldaFire_Unlit' doesn't have a texture property '_MainTex'
UnityEngine.Material:get_mainTexture()
UnityEngine.UI.Image:get_mainTexture()
UnityEngine.UI.Graphic:UpdateMaterial()
UnityEngine.UI.Image:UpdateMaterial()
UnityEngine.UI.Graphic:Rebuild(CanvasUpdate)
UnityEngine.UI.CanvasUpdateRegistry:PerformUpdate()
Effekseer.EffekseerSoundPlayerStopAll:Invoke()

[ line 1926229080]

Material 'AllySummonFire_bottom' with Shader 'Shader Graphs/ZeldaFire_Unlit' doesn't have a texture property '_MainTex'
UnityEngine.Material:get_mainTexture()
UnityEngine.UI.Image:get_mainTexture()
UnityEngine.UI.Graphic:UpdateMaterial()
UnityEngine.UI.Image:UpdateMaterial()
UnityEngine.UI.Graphic:Rebuild(CanvasUpdate)
UnityEngine.UI.CanvasUpdateRegistry:PerformUpdate()
Effekseer.EffekseerSoundPlayerStopAll:Invoke()

[ line 1926229080]

Material 'AllySummonFire_top' with Shader 'Shader Graphs/ZeldaFire_Unlit' doesn't have a texture property '_MainTex'
UnityEngine.Material:get_mainTexture()
UnityEngine.UI.Image:get_mainTexture()
UnityEngine.UI.Graphic:UpdateMaterial()
UnityEngine.UI.Image:UpdateMaterial()
UnityEngine.UI.Graphic:Rebuild(CanvasUpdate)
UnityEngine.UI.CanvasUpdateRegistry:PerformUpdate()
Effekseer.EffekseerSoundPlayerStopAll:Invoke()

[ line 1926229080]

Material 'AllySummonFire_bottom_reverse' with Shader 'Shader Graphs/ZeldaFire_Unlit' doesn't have a texture property '_MainTex'
UnityEngine.Material:get_mainTexture()
UnityEngine.UI.Image:get_mainTexture()
UnityEngine.UI.Graphic:UpdateMaterial()
UnityEngine.UI.Image:UpdateMaterial()
UnityEngine.UI.Graphic:Rebuild(CanvasUpdate)
UnityEngine.UI.CanvasUpdateRegistry:PerformUpdate()
Effekseer.EffekseerSoundPlayerStopAll:Invoke()

[ line 1926229080]

[981] [GA_General_Attack] Deal 32 DMG x 1  time.
UnityEngine.Logger:Log(LogType, Object)
UnityEngine.Debug:Log(Object)
OHD.Dungeons.Monster.PatternizedMonsterBase:GA_General_Attack(BattleCreature, ActionExecutionData)
OHD.Dungeons.Monster.Monster291:MA_General_Sacrifice_Attack(ActionExecutionData)
System.Func`2:Invoke(T)
OHD.Dungeons.Monster.ActionPattern:CreateAction(Int32)
OHD.Dungeons.Monster.ActionPatternExecutor:FlushNextAction()
OHD.Dungeons.Monster.PatternizedMonsterBase:OnExecuteOperation(BattleRoomPlayer)
OHD.Dungeons.Monster.<ExecuteOperation>d__65:MoveNext()
UnityEngine.SetupCoroutine:InvokeMoveNext(IEnumerator, IntPtr)

[366] [GA_General_Attack] Deal 20 DMG x 1  time.
UnityEngine.Logger:Log(LogType, Object)
UnityEngine.Debug:Log(Object)
OHD.Dungeons.Monster.PatternizedMonsterBase:GA_General_Attack(BattleCreature, ActionExecutionData)
OHD.Dungeons.Monster.PatternizedMonsterBase:MA_General_Attack(ActionExecutionData)
System.Func`2:Invoke(T)
OHD.Dungeons.Monster.ActionPattern:CreateAction(Int32)
OHD.Dungeons.Monster.ActionPatternExecutor:FlushNextAction()
OHD.Dungeons.Monster.PatternizedMonsterBase:OnExecuteOperation(BattleRoomPlayer)
OHD.Dungeons.Monster.<ExecuteOperation>d__65:MoveNext()
UnityEngine.SetupCoroutine:InvokeMoveNext(IEnumerator, IntPtr)

[543] 當前回合 : 2
UnityEngine.Logger:Log(LogType, Object)
UnityEngine.Debug:Log(Object)
OHD.GameActions.<Process>d__2:MoveNext()
UnityEngine.SetupCoroutine:InvokeMoveNext(IEnumerator, IntPtr)

[544] [GA_General_Attack] Deal 32 DMG x 1  time.
UnityEngine.Logger:Log(LogType, Object)
UnityEngine.Debug:Log(Object)
OHD.Dungeons.Monster.PatternizedMonsterBase:GA_General_Attack(BattleCreature, ActionExecutionData)
OHD.Dungeons.Monster.Monster291:MA_General_RemoveShield_Attack(ActionExecutionData)
System.Func`2:Invoke(T)
OHD.Dungeons.Monster.ActionPattern:CreateAction(Int32)
OHD.Dungeons.Monster.ActionPatternExecutor:FlushNextAction()
OHD.Dungeons.Monster.PatternizedMonsterBase:OnExecuteOperation(BattleRoomPlayer)
OHD.Dungeons.Monster.<ExecuteOperation>d__65:MoveNext()
UnityEngine.SetupCoroutine:InvokeMoveNext(IEnumerator, IntPtr)

[875] [GA_General_Attack] Deal 20 DMG x 1  time.
UnityEngine.Logger:Log(LogType, Object)
UnityEngine.Debug:Log(Object)
OHD.Dungeons.Monster.PatternizedMonsterBase:GA_General_Attack(BattleCreature, ActionExecutionData)
OHD.Dungeons.Monster.PatternizedMonsterBase:MA_General_Attack(ActionExecutionData)
System.Func`2:Invoke(T)
OHD.Dungeons.Monster.ActionPattern:CreateAction(Int32)
OHD.Dungeons.Monster.ActionPatternExecutor:FlushNextAction()
OHD.Dungeons.Monster.PatternizedMonsterBase:OnExecuteOperation(BattleRoomPlayer)
OHD.Dungeons.Monster.<ExecuteOperation>d__65:MoveNext()
UnityEngine.SetupCoroutine:InvokeMoveNext(IEnumerator, IntPtr)

[52] 當前回合 : 3
UnityEngine.Logger:Log(LogType, Object)
UnityEngine.Debug:Log(Object)
OHD.GameActions.<Process>d__2:MoveNext()
UnityEngine.SetupCoroutine:InvokeMoveNext(IEnumerator, IntPtr)

[731] [GA_General_Attack] Deal 32 DMG x 1  time.
UnityEngine.Logger:Log(LogType, Object)
UnityEngine.Debug:Log(Object)
OHD.Dungeons.Monster.PatternizedMonsterBase:GA_General_Attack(BattleCreature, ActionExecutionData)
OHD.Dungeons.Monster.Monster291:MA_General_Sacrifice_Attack(ActionExecutionData)
System.Func`2:Invoke(T)
OHD.Dungeons.Monster.ActionPattern:CreateAction(Int32)
OHD.Dungeons.Monster.ActionPatternExecutor:FlushNextAction()
OHD.Dungeons.Monster.PatternizedMonsterBase:OnExecuteOperation(BattleRoomPlayer)
OHD.Dungeons.Monster.<ExecuteOperation>d__65:MoveNext()
UnityEngine.SetupCoroutine:InvokeMoveNext(IEnumerator, IntPtr)

[116] [GA_General_Attack] Deal 20 DMG x 1  time.
UnityEngine.Logger:Log(LogType, Object)
UnityEngine.Debug:Log(Object)
OHD.Dungeons.Monster.PatternizedMonsterBase:GA_General_Attack(BattleCreature, ActionExecutionData)
OHD.Dungeons.Monster.PatternizedMonsterBase:MA_General_Attack(ActionExecutionData)
System.Func`2:Invoke(T)
OHD.Dungeons.Monster.ActionPattern:CreateAction(Int32)
OHD.Dungeons.Monster.ActionPatternExecutor:FlushNextAction()
OHD.Dungeons.Monster.PatternizedMonsterBase:OnExecuteOperation(BattleRoomPlayer)
OHD.Dungeons.Monster.<ExecuteOperation>d__65:MoveNext()
UnityEngine.SetupCoroutine:InvokeMoveNext(IEnumerator, IntPtr)

[405] 當前回合 : 4
UnityEngine.Logger:Log(LogType, Object)
UnityEngine.Debug:Log(Object)
OHD.GameActions.<Process>d__2:MoveNext()
UnityEngine.SetupCoroutine:InvokeMoveNext(IEnumerator, IntPtr)

[801] [GA_General_Attack] Deal 20 DMG x 1  time.
UnityEngine.Logger:Log(LogType, Object)
UnityEngine.Debug:Log(Object)
OHD.Dungeons.Monster.PatternizedMonsterBase:GA_General_Attack(BattleCreature, ActionExecutionData)
OHD.Dungeons.Monster.PatternizedMonsterBase:MA_General_Attack(ActionExecutionData)
System.Func`2:Invoke(T)
OHD.Dungeons.Monster.ActionPattern:CreateAction(Int32)
OHD.Dungeons.Monster.ActionPatternExecutor:FlushNextAction()
OHD.Dungeons.Monster.PatternizedMonsterBase:OnExecuteOperation(BattleRoomPlayer)
OHD.Dungeons.Monster.<ExecuteOperation>d__65:MoveNext()
UnityEngine.SetupCoroutine:InvokeMoveNext(IEnumerator, IntPtr)

[226] 當前回合 : 5
UnityEngine.Logger:Log(LogType, Object)
UnityEngine.Debug:Log(Object)
OHD.GameActions.<Process>d__2:MoveNext()
UnityEngine.SetupCoroutine:InvokeMoveNext(IEnumerator, IntPtr)

[507] [GA_General_Attack] Deal 32 DMG x 1  time.
UnityEngine.Logger:Log(LogType, Object)
UnityEngine.Debug:Log(Object)
OHD.Dungeons.Monster.PatternizedMonsterBase:GA_General_Attack(BattleCreature, ActionExecutionData)
OHD.Dungeons.Monster.Monster291:MA_General_Sacrifice_Attack(ActionExecutionData)
System.Func`2:Invoke(T)
OHD.Dungeons.Monster.ActionPattern:CreateAction(Int32)
OHD.Dungeons.Monster.ActionPatternExecutor:FlushNextAction()
OHD.Dungeons.Monster.PatternizedMonsterBase:OnExecuteOperation(BattleRoomPlayer)
OHD.Dungeons.Monster.<ExecuteOperation>d__65:MoveNext()
UnityEngine.SetupCoroutine:InvokeMoveNext(IEnumerator, IntPtr)

[892] [GA_General_Attack] Deal 20 DMG x 1  time.
UnityEngine.Logger:Log(LogType, Object)
UnityEngine.Debug:Log(Object)
OHD.Dungeons.Monster.PatternizedMonsterBase:GA_General_Attack(BattleCreature, ActionExecutionData)
OHD.Dungeons.Monster.PatternizedMonsterBase:MA_General_Attack(ActionExecutionData)
System.Func`2:Invoke(T)
OHD.Dungeons.Monster.ActionPattern:CreateAction(Int32)
OHD.Dungeons.Monster.ActionPatternExecutor:FlushNextAction()
OHD.Dungeons.Monster.PatternizedMonsterBase:OnExecuteOperation(BattleRoomPlayer)
OHD.Dungeons.Monster.<ExecuteOperation>d__65:MoveNext()
UnityEngine.SetupCoroutine:InvokeMoveNext(IEnumerator, IntPtr)

[58] [GA_General_Attack] Deal 20 DMG x 1  time.
UnityEngine.Logger:Log(LogType, Object)
UnityEngine.Debug:Log(Object)
OHD.Dungeons.Monster.PatternizedMonsterBase:GA_General_Attack(BattleCreature, ActionExecutionData)
OHD.Dungeons.Monster.PatternizedMonsterBase:MA_General_Attack(ActionExecutionData)
System.Func`2:Invoke(T)
OHD.Dungeons.Monster.ActionPattern:CreateAction(Int32)
OHD.Dungeons.Monster.ActionPatternExecutor:FlushNextAction()
OHD.Dungeons.Monster.PatternizedMonsterBase:OnExecuteOperation(BattleRoomPlayer)
OHD.Dungeons.Monster.<ExecuteOperation>d__65:MoveNext()
UnityEngine.SetupCoroutine:InvokeMoveNext(IEnumerator, IntPtr)

[347] 當前回合 : 6
UnityEngine.Logger:Log(LogType, Object)
UnityEngine.Debug:Log(Object)
OHD.GameActions.<Process>d__2:MoveNext()
UnityEngine.SetupCoroutine:InvokeMoveNext(IEnumerator, IntPtr)

[225] [GA_General_Attack] Deal 32 DMG x 1  time.
UnityEngine.Logger:Log(LogType, Object)
UnityEngine.Debug:Log(Object)
OHD.Dungeons.Monster.PatternizedMonsterBase:GA_General_Attack(BattleCreature, ActionExecutionData)
OHD.Dungeons.Monster.Monster291:MA_General_Sacrifice_Attack(ActionExecutionData)
System.Func`2:Invoke(T)
OHD.Dungeons.Monster.ActionPattern:CreateAction(Int32)
OHD.Dungeons.Monster.ActionPatternExecutor:FlushNextAction()
OHD.Dungeons.Monster.PatternizedMonsterBase:OnExecuteOperation(BattleRoomPlayer)
OHD.Dungeons.Monster.<ExecuteOperation>d__65:MoveNext()
UnityEngine.SetupCoroutine:InvokeMoveNext(IEnumerator, IntPtr)

[610] [GA_General_Attack] Deal 20 DMG x 1  time.
UnityEngine.Logger:Log(LogType, Object)
UnityEngine.Debug:Log(Object)
OHD.Dungeons.Monster.PatternizedMonsterBase:GA_General_Attack(BattleCreature, ActionExecutionData)
OHD.Dungeons.Monster.PatternizedMonsterBase:MA_General_Attack(ActionExecutionData)
System.Func`2:Invoke(T)
OHD.Dungeons.Monster.ActionPattern:CreateAction(Int32)
OHD.Dungeons.Monster.ActionPatternExecutor:FlushNextAction()
OHD.Dungeons.Monster.PatternizedMonsterBase:OnExecuteOperation(BattleRoomPlayer)
OHD.Dungeons.Monster.<ExecuteOperation>d__65:MoveNext()
UnityEngine.SetupCoroutine:InvokeMoveNext(IEnumerator, IntPtr)

[776] [GA_General_Attack] Deal 20 DMG x 1  time.
UnityEngine.Logger:Log(LogType, Object)
UnityEngine.Debug:Log(Object)
OHD.Dungeons.Monster.PatternizedMonsterBase:GA_General_Attack(BattleCreature, ActionExecutionData)
OHD.Dungeons.Monster.PatternizedMonsterBase:MA_General_Attack(ActionExecutionData)
System.Func`2:Invoke(T)
OHD.Dungeons.Monster.ActionPattern:CreateAction(Int32)
OHD.Dungeons.Monster.ActionPatternExecutor:FlushNextAction()
OHD.Dungeons.Monster.PatternizedMonsterBase:OnExecuteOperation(BattleRoomPlayer)
OHD.Dungeons.Monster.<ExecuteOperation>d__65:MoveNext()
UnityEngine.SetupCoroutine:InvokeMoveNext(IEnumerator, IntPtr)

[201] 當前回合 : 7
UnityEngine.Logger:Log(LogType, Object)
UnityEngine.Debug:Log(Object)
OHD.GameActions.<Process>d__2:MoveNext()
UnityEngine.SetupCoroutine:InvokeMoveNext(IEnumerator, IntPtr)

[326] Crazy Bat Kill!
UnityEngine.Logger:Log(LogType, Object)
UnityEngine.Debug:Log(Object)
OHD.GameActions.<Process>d__6:MoveNext()
UnityEngine.SetupCoroutine:InvokeMoveNext(IEnumerator, IntPtr)

[909] Crazy Bat Kill!
UnityEngine.Logger:Log(LogType, Object)
UnityEngine.Debug:Log(Object)
OHD.GameActions.<Process>d__6:MoveNext()
UnityEngine.SetupCoroutine:InvokeMoveNext(IEnumerator, IntPtr)

[984] [GA_General_Attack] Deal 32 DMG x 1  time.
UnityEngine.Logger:Log(LogType, Object)
UnityEngine.Debug:Log(Object)
OHD.Dungeons.Monster.PatternizedMonsterBase:GA_General_Attack(BattleCreature, ActionExecutionData)
OHD.Dungeons.Monster.Monster291:MA_General_RemoveShield_Attack(ActionExecutionData)
System.Func`2:Invoke(T)
OHD.Dungeons.Monster.ActionPattern:CreateAction(Int32)
OHD.Dungeons.Monster.ActionPatternExecutor:FlushNextAction()
OHD.Dungeons.Monster.PatternizedMonsterBase:OnExecuteOperation(BattleRoomPlayer)
OHD.Dungeons.Monster.<ExecuteOperation>d__65:MoveNext()
UnityEngine.SetupCoroutine:InvokeMoveNext(IEnumerator, IntPtr)

[383] 當前回合 : 8
UnityEngine.Logger:Log(LogType, Object)
UnityEngine.Debug:Log(Object)
OHD.GameActions.<Process>d__2:MoveNext()
UnityEngine.SetupCoroutine:InvokeMoveNext(IEnumerator, IntPtr)

[104] [GA_General_Attack] Deal 32 DMG x 1  time.
UnityEngine.Logger:Log(LogType, Object)
UnityEngine.Debug:Log(Object)
OHD.Dungeons.Monster.PatternizedMonsterBase:GA_General_Attack(BattleCreature, ActionExecutionData)
OHD.Dungeons.Monster.Monster291:MA_General_Sacrifice_Attack(ActionExecutionData)
System.Func`2:Invoke(T)
OHD.Dungeons.Monster.ActionPattern:CreateAction(Int32)
OHD.Dungeons.Monster.ActionPatternExecutor:FlushNextAction()
OHD.Dungeons.Monster.PatternizedMonsterBase:OnExecuteOperation(BattleRoomPlayer)
OHD.Dungeons.Monster.<ExecuteOperation>d__65:MoveNext()
UnityEngine.SetupCoroutine:InvokeMoveNext(IEnumerator, IntPtr)

[556] 當前回合 : 9
UnityEngine.Logger:Log(LogType, Object)
UnityEngine.Debug:Log(Object)
OHD.GameActions.<Process>d__2:MoveNext()
UnityEngine.SetupCoroutine:InvokeMoveNext(IEnumerator, IntPtr)

[470] 當前回合 : 10
UnityEngine.Logger:Log(LogType, Object)
UnityEngine.Debug:Log(Object)
OHD.GameActions.<Process>d__2:MoveNext()
UnityEngine.SetupCoroutine:InvokeMoveNext(IEnumerator, IntPtr)

[178] [GA_General_Attack] Deal 32 DMG x 1  time.
UnityEngine.Logger:Log(LogType, Object)
UnityEngine.Debug:Log(Object)
OHD.Dungeons.Monster.PatternizedMonsterBase:GA_General_Attack(BattleCreature, ActionExecutionData)
OHD.Dungeons.Monster.Monster291:MA_General_Sacrifice_Attack(ActionExecutionData)
System.Func`2:Invoke(T)
OHD.Dungeons.Monster.ActionPattern:CreateAction(Int32)
OHD.Dungeons.Monster.ActionPatternExecutor:FlushNextAction()
OHD.Dungeons.Monster.PatternizedMonsterBase:OnExecuteOperation(BattleRoomPlayer)
OHD.Dungeons.Monster.<ExecuteOperation>d__65:MoveNext()
UnityEngine.SetupCoroutine:InvokeMoveNext(IEnumerator, IntPtr)

[564] [GA_General_Attack] Deal 20 DMG x 1  time.
UnityEngine.Logger:Log(LogType, Object)
UnityEngine.Debug:Log(Object)
OHD.Dungeons.Monster.PatternizedMonsterBase:GA_General_Attack(BattleCreature, ActionExecutionData)
OHD.Dungeons.Monster.PatternizedMonsterBase:MA_General_Attack(ActionExecutionData)
System.Func`2:Invoke(T)
OHD.Dungeons.Monster.ActionPattern:CreateAction(Int32)
OHD.Dungeons.Monster.ActionPatternExecutor:FlushNextAction()
OHD.Dungeons.Monster.PatternizedMonsterBase:OnExecuteOperation(BattleRoomPlayer)
OHD.Dungeons.Monster.<ExecuteOperation>d__65:MoveNext()
UnityEngine.SetupCoroutine:InvokeMoveNext(IEnumerator, IntPtr)

[797] 當前回合 : 11
UnityEngine.Logger:Log(LogType, Object)
UnityEngine.Debug:Log(Object)
OHD.GameActions.<Process>d__2:MoveNext()
UnityEngine.SetupCoroutine:InvokeMoveNext(IEnumerator, IntPtr)

[616] Crazy Bat Kill!
UnityEngine.Logger:Log(LogType, Object)
UnityEngine.Debug:Log(Object)
OHD.GameActions.<Process>d__6:MoveNext()
UnityEngine.SetupCoroutine:InvokeMoveNext(IEnumerator, IntPtr)

[456] [GA_General_Attack] Deal 32 DMG x 1  time.
UnityEngine.Logger:Log(LogType, Object)
UnityEngine.Debug:Log(Object)
OHD.Dungeons.Monster.PatternizedMonsterBase:GA_General_Attack(BattleCreature, ActionExecutionData)
OHD.Dungeons.Monster.Monster291:MA_General_Sacrifice_Attack(ActionExecutionData)
System.Func`2:Invoke(T)
OHD.Dungeons.Monster.ActionPattern:CreateAction(Int32)
OHD.Dungeons.Monster.ActionPatternExecutor:FlushNextAction()
OHD.Dungeons.Monster.PatternizedMonsterBase:OnExecuteOperation(BattleRoomPlayer)
OHD.Dungeons.Monster.<ExecuteOperation>d__65:MoveNext()
UnityEngine.SetupCoroutine:InvokeMoveNext(IEnumerator, IntPtr)

[908] 當前回合 : 12
UnityEngine.Logger:Log(LogType, Object)
UnityEngine.Debug:Log(Object)
OHD.GameActions.<Process>d__2:MoveNext()
UnityEngine.SetupCoroutine:InvokeMoveNext(IEnumerator, IntPtr)

[873] [GA_General_Attack] Deal 32 DMG x 1  time.
UnityEngine.Logger:Log(LogType, Object)
UnityEngine.Debug:Log(Object)
OHD.Dungeons.Monster.PatternizedMonsterBase:GA_General_Attack(BattleCreature, ActionExecutionData)
OHD.Dungeons.Monster.Monster291:MA_General_RemoveShield_Attack(ActionExecutionData)
System.Func`2:Invoke(T)
OHD.Dungeons.Monster.ActionPattern:CreateAction(Int32)
OHD.Dungeons.Monster.ActionPatternExecutor:FlushNextAction()
OHD.Dungeons.Monster.PatternizedMonsterBase:OnExecuteOperation(BattleRoomPlayer)
OHD.Dungeons.Monster.<ExecuteOperation>d__65:MoveNext()
UnityEngine.SetupCoroutine:InvokeMoveNext(IEnumerator, IntPtr)

[272] 當前回合 : 13
UnityEngine.Logger:Log(LogType, Object)
UnityEngine.Debug:Log(Object)
OHD.GameActions.<Process>d__2:MoveNext()
UnityEngine.SetupCoroutine:InvokeMoveNext(IEnumerator, IntPtr)

[605] [GA_General_Attack] Deal 32 DMG x 1  time.
UnityEngine.Logger:Log(LogType, Object)
UnityEngine.Debug:Log(Object)
OHD.Dungeons.Monster.PatternizedMonsterBase:GA_General_Attack(BattleCreature, ActionExecutionData)
OHD.Dungeons.Monster.Monster291:MA_General_Sacrifice_Attack(ActionExecutionData)
System.Func`2:Invoke(T)
OHD.Dungeons.Monster.ActionPattern:CreateAction(Int32)
OHD.Dungeons.Monster.ActionPatternExecutor:FlushNextAction()
OHD.Dungeons.Monster.PatternizedMonsterBase:OnExecuteOperation(BattleRoomPlayer)
OHD.Dungeons.Monster.<ExecuteOperation>d__65:MoveNext()
UnityEngine.SetupCoroutine:InvokeMoveNext(IEnumerator, IntPtr)

[58] 當前回合 : 14
UnityEngine.Logger:Log(LogType, Object)
UnityEngine.Debug:Log(Object)
OHD.GameActions.<Process>d__2:MoveNext()
UnityEngine.SetupCoroutine:InvokeMoveNext(IEnumerator, IntPtr)

[34] 當前回合 : 15
UnityEngine.Logger:Log(LogType, Object)
UnityEngine.Debug:Log(Object)
OHD.GameActions.<Process>d__2:MoveNext()
UnityEngine.SetupCoroutine:InvokeMoveNext(IEnumerator, IntPtr)

[555] [GA_General_Attack] Deal 32 DMG x 1  time.
UnityEngine.Logger:Log(LogType, Object)
UnityEngine.Debug:Log(Object)
OHD.Dungeons.Monster.PatternizedMonsterBase:GA_General_Attack(BattleCreature, ActionExecutionData)
OHD.Dungeons.Monster.Monster291:MA_General_Sacrifice_Attack(ActionExecutionData)
System.Func`2:Invoke(T)
OHD.Dungeons.Monster.ActionPattern:CreateAction(Int32)
OHD.Dungeons.Monster.ActionPatternExecutor:FlushNextAction()
OHD.Dungeons.Monster.PatternizedMonsterBase:OnExecuteOperation(BattleRoomPlayer)
OHD.Dungeons.Monster.<ExecuteOperation>d__65:MoveNext()
UnityEngine.SetupCoroutine:InvokeMoveNext(IEnumerator, IntPtr)

[793] Vampire Queen <=35% Hit = 1
UnityEngine.Logger:Log(LogType, Object)
UnityEngine.Debug:Log(Object)
OHD.Dungeons.Monster.Achievement410Checker:CheckDamageResult(DamageResult)
OHD.Dungeons.BattleCreature:Internal_ProcessDamageInfo(DamageInfo)
OHD.Dungeons.<ProcessDamage>d__174:MoveNext()
UnityEngine.SetupCoroutine:InvokeMoveNext(IEnumerator, IntPtr)

[40] [GA_General_Attack] Deal 20 DMG x 1  time.
UnityEngine.Logger:Log(LogType, Object)
UnityEngine.Debug:Log(Object)
OHD.Dungeons.Monster.PatternizedMonsterBase:GA_General_Attack(BattleCreature, ActionExecutionData)
OHD.Dungeons.Monster.PatternizedMonsterBase:MA_General_Attack(ActionExecutionData)
System.Func`2:Invoke(T)
OHD.Dungeons.Monster.ActionPattern:CreateAction(Int32)
OHD.Dungeons.Monster.ActionPatternExecutor:FlushNextAction()
OHD.Dungeons.Monster.PatternizedMonsterBase:OnExecuteOperation(BattleRoomPlayer)
OHD.Dungeons.Monster.<ExecuteOperation>d__65:MoveNext()
UnityEngine.SetupCoroutine:InvokeMoveNext(IEnumerator, IntPtr)

[217] 當前回合 : 16
UnityEngine.Logger:Log(LogType, Object)
UnityEngine.Debug:Log(Object)
OHD.GameActions.<Process>d__2:MoveNext()
UnityEngine.SetupCoroutine:InvokeMoveNext(IEnumerator, IntPtr)

[499] [GA_General_Attack] Deal 32 DMG x 1  time.
UnityEngine.Logger:Log(LogType, Object)
UnityEngine.Debug:Log(Object)
OHD.Dungeons.Monster.PatternizedMonsterBase:GA_General_Attack(BattleCreature, ActionExecutionData)
OHD.Dungeons.Monster.Monster291:MA_General_Sacrifice_Attack(ActionExecutionData)
System.Func`2:Invoke(T)
OHD.Dungeons.Monster.ActionPattern:CreateAction(Int32)
OHD.Dungeons.Monster.ActionPatternExecutor:FlushNextAction()
OHD.Dungeons.Monster.PatternizedMonsterBase:OnExecuteOperation(BattleRoomPlayer)
OHD.Dungeons.Monster.<ExecuteOperation>d__65:MoveNext()
UnityEngine.SetupCoroutine:InvokeMoveNext(IEnumerator, IntPtr)

[737] Vampire Queen <=35% Hit = 2
UnityEngine.Logger:Log(LogType, Object)
UnityEngine.Debug:Log(Object)
OHD.Dungeons.Monster.Achievement410Checker:CheckDamageResult(DamageResult)
OHD.Dungeons.BattleCreature:Internal_ProcessDamageInfo(DamageInfo)
OHD.Dungeons.<ProcessDamage>d__174:MoveNext()
UnityEngine.SetupCoroutine:InvokeMoveNext(IEnumerator, IntPtr)

[884] [GA_General_Attack] Deal 20 DMG x 1  time.
UnityEngine.Logger:Log(LogType, Object)
UnityEngine.Debug:Log(Object)
OHD.Dungeons.Monster.PatternizedMonsterBase:GA_General_Attack(BattleCreature, ActionExecutionData)
OHD.Dungeons.Monster.PatternizedMonsterBase:MA_General_Attack(ActionExecutionData)
System.Func`2:Invoke(T)
OHD.Dungeons.Monster.ActionPattern:CreateAction(Int32)
OHD.Dungeons.Monster.ActionPatternExecutor:FlushNextAction()
OHD.Dungeons.Monster.PatternizedMonsterBase:OnExecuteOperation(BattleRoomPlayer)
OHD.Dungeons.Monster.<ExecuteOperation>d__65:MoveNext()
UnityEngine.SetupCoroutine:InvokeMoveNext(IEnumerator, IntPtr)

[50] Clear Midway State
UnityEngine.Logger:Log(LogType, Object)
UnityEngine.Debug:Log(Object)
OHD.Dungeons.HundrenDungeon:OnTriggerFinish(DungeonFinishState)
UnityEngine.AndroidJavaRunnable:Invoke()
OHD.GameActions.<Process>d__2:MoveNext()
UnityEngine.SetupCoroutine:InvokeMoveNext(IEnumerator, IntPtr)

[327] [Dungeon : HundrenDungeon] Leave
UnityEngine.Logger:Log(LogType, Object)
UnityEngine.Debug:Log(Object)
OHD.Dungeons.DungeonBase:Leave(SceneTranslation)
OHD.Dungeons.HundrenDungeon:<Internal_TriggerFinish_Normal>g__PushFreeModeStoryPlotId|18_3(FinishEvent)
System.Action`1:Invoke(T)
OHD.UI.ChoiceUIViewModel:RaiseOnClickChoice(Int32)
OHD.UI.<>c__DisplayClass15_0:<OnViewModelChanged>b__3(Choice_ChoiceButtonUIViewModel)
System.Action`1:Invoke(T)
OHD.UI.Choice_ChoiceButtonUIViewModel:TriggerOnSelectEvent()
OHD.UI.<ProcessSelect>d__8:MoveNext()
UnityEngine.SetupCoroutine:InvokeMoveNext(IEnumerator, IntPtr)
OHD.UI.Choice_ChoiceButtonUIView:OnClickSelectButton()
UnityEngine.AndroidJavaRunnable:Invoke()
UnityEngine.Events.InvokableCall:Invoke()
UnityEngine.Events.UnityEvent:Invoke()
System.Xml.XmlNodeChangedEventHandler:Invoke(Object, XmlNodeChangedEventArgs)
UnityEngine.EventSystems.ExecuteEvents:Execute(GameObject, BaseEventData, EventFunction`1)
UnityEngine.InputSystem.UI.InputSystemUIInputModule:ProcessPointerButton(ButtonState&, PointerEventData)
UnityEngine.InputSystem.UI.InputSystemUIInputModule:ProcessPointer(PointerModel&)
UnityEngine.InputSystem.UI.InputSystemUIInputModule:Process()
UnityEngine.EventSystems.EventSystem:Update()

[327] [Room : BattleRoom] Leave
UnityEngine.Logger:Log(LogType, Object)
UnityEngine.Debug:Log(Object)
OHD.Dungeons.DungeonRoomBase:Leave()
OHD.Dungeons.DungeonBase:LeaveRoom(ISceneInfo)
OHD.Dungeons.DungeonBase:Leave(SceneTranslation)
OHD.Dungeons.HundrenDungeon:<Internal_TriggerFinish_Normal>g__PushFreeModeStoryPlotId|18_3(FinishEvent)
System.Action`1:Invoke(T)
OHD.UI.ChoiceUIViewModel:RaiseOnClickChoice(Int32)
OHD.UI.<>c__DisplayClass15_0:<OnViewModelChanged>b__3(Choice_ChoiceButtonUIViewModel)
System.Action`1:Invoke(T)
OHD.UI.Choice_ChoiceButtonUIViewModel:TriggerOnSelectEvent()
OHD.UI.<ProcessSelect>d__8:MoveNext()
UnityEngine.SetupCoroutine:InvokeMoveNext(IEnumerator, IntPtr)
OHD.UI.Choice_ChoiceButtonUIView:OnClickSelectButton()
UnityEngine.AndroidJavaRunnable:Invoke()
UnityEngine.Events.InvokableCall:Invoke()
UnityEngine.Events.UnityEvent:Invoke()
System.Xml.XmlNodeChangedEventHandler:Invoke(Object, XmlNodeChangedEventArgs)
UnityEngine.EventSystems.ExecuteEvents:Execute(GameObject, BaseEventData, EventFunction`1)
UnityEngine.InputSystem.UI.InputSystemUIInputModule:ProcessPointerButton(ButtonState&, PointerEventData)
UnityEngine.InputSystem.UI.InputSystemUIInputModule:ProcessPointer(PointerModel&)
UnityEngine.InputSystem.UI.InputSystemUIInputModule:Process()
UnityEngine.EventSystems.EventSystem:Update()

[327] Change Update Type = Room -> Dungeon
UnityEngine.Logger:Log(LogType, Object)
UnityEngine.Debug:Log(Object)
OHD.GameObjects.GameUpdateDelegator:Switch(TargetType, Boolean)
OHD.Dungeons.DungeonBase:LeaveRoom(ISceneInfo)
OHD.Dungeons.DungeonBase:Leave(SceneTranslation)
OHD.Dungeons.HundrenDungeon:<Internal_TriggerFinish_Normal>g__PushFreeModeStoryPlotId|18_3(FinishEvent)
System.Action`1:Invoke(T)
OHD.UI.ChoiceUIViewModel:RaiseOnClickChoice(Int32)
OHD.UI.<>c__DisplayClass15_0:<OnViewModelChanged>b__3(Choice_ChoiceButtonUIViewModel)
System.Action`1:Invoke(T)
OHD.UI.Choice_ChoiceButtonUIViewModel:TriggerOnSelectEvent()
OHD.UI.<ProcessSelect>d__8:MoveNext()
UnityEngine.SetupCoroutine:InvokeMoveNext(IEnumerator, IntPtr)
OHD.UI.Choice_ChoiceButtonUIView:OnClickSelectButton()
UnityEngine.AndroidJavaRunnable:Invoke()
UnityEngine.Events.InvokableCall:Invoke()
UnityEngine.Events.UnityEvent:Invoke()
System.Xml.XmlNodeChangedEventHandler:Invoke(Object, XmlNodeChangedEventArgs)
UnityEngine.EventSystems.ExecuteEvents:Execute(GameObject, BaseEventData, EventFunction`1)
UnityEngine.InputSystem.UI.InputSystemUIInputModule:ProcessPointerButton(ButtonState&, PointerEventData)
UnityEngine.InputSystem.UI.InputSystemUIInputModule:ProcessPointer(PointerModel&)
UnityEngine.InputSystem.UI.InputSystemUIInputModule:Process()
UnityEngine.EventSystems.EventSystem:Update()

[327] Change Update Type = Dungeon -> None
UnityEngine.Logger:Log(LogType, Object)
UnityEngine.Debug:Log(Object)
OHD.GameObjects.GameUpdateDelegator:Switch(TargetType, Boolean)
OHD.Dungeons.DungeonBase:Leave(SceneTranslation)
OHD.Dungeons.HundrenDungeon:<Internal_TriggerFinish_Normal>g__PushFreeModeStoryPlotId|18_3(FinishEvent)
System.Action`1:Invoke(T)
OHD.UI.ChoiceUIViewModel:RaiseOnClickChoice(Int32)
OHD.UI.<>c__DisplayClass15_0:<OnViewModelChanged>b__3(Choice_ChoiceButtonUIViewModel)
System.Action`1:Invoke(T)
OHD.UI.Choice_ChoiceButtonUIViewModel:TriggerOnSelectEvent()
OHD.UI.<ProcessSelect>d__8:MoveNext()
UnityEngine.SetupCoroutine:InvokeMoveNext(IEnumerator, IntPtr)
OHD.UI.Choice_ChoiceButtonUIView:OnClickSelectButton()
UnityEngine.AndroidJavaRunnable:Invoke()
UnityEngine.Events.InvokableCall:Invoke()
UnityEngine.Events.UnityEvent:Invoke()
System.Xml.XmlNodeChangedEventHandler:Invoke(Object, XmlNodeChangedEventArgs)
UnityEngine.EventSystems.ExecuteEvents:Execute(GameObject, BaseEventData, EventFunction`1)
UnityEngine.InputSystem.UI.InputSystemUIInputModule:ProcessPointerButton(ButtonState&, PointerEventData)
UnityEngine.InputSystem.UI.InputSystemUIInputModule:ProcessPointer(PointerModel&)
UnityEngine.InputSystem.UI.InputSystemUIInputModule:Process()
UnityEngine.EventSystems.EventSystem:Update()

[447] Change Update Type = None -> City
UnityEngine.Logger:Log(LogType, Object)
UnityEngine.Debug:Log(Object)
OHD.GameObjects.GameUpdateDelegator:Switch(TargetType, Boolean)
SceneTransitInfo:RaiseOnPrepared()
OHD.Scenes.<<CheckTransit>g__ProcessTransit|18_0>d:MoveNext()
UnityEngine.SetupCoroutine:InvokeMoveNext(IEnumerator, IntPtr)

[511] Execute Event -> ani01
UnityEngine.Logger:Log(LogType, Object)
UnityEngine.Debug:Log(Object)
OHD.GameObjects.Spines.AnimatedCG:ExecuteEvent(String)
OHD.UI.AnimatedCGUIViewController:SetStageId(Int32)
OHD.UI.AnimatedCGUIViewController:Internal_Load(AnimatedCG)
OHD.UI.AnimatedCGUIViewController:Load(String)
OHD.UI.<OnTransitShow>d__49:MoveNext()
UnityEngine.SetupCoroutine:InvokeMoveNext(IEnumerator, IntPtr)

[511] Spine Object Event Start : AnimatedCGEvent_PlayAnimation
UnityEngine.Logger:Log(LogType, Object)
UnityEngine.Debug:Log(Object)
OHD.GameObjects.Spines.AnimatedCGEventAsset:StartEvent(AnimatedCG)
OHD.GameObjects.Spines.EventEntry:Start(AnimatedCG)
OHD.GameObjects.Spines.AnimatedCG:SetCurrentEventEntry(EventEntry, Boolean)
OHD.GameObjects.Spines.AnimatedCG:ExecuteEvent(String)
OHD.UI.AnimatedCGUIViewController:SetStageId(Int32)
OHD.UI.AnimatedCGUIViewController:Internal_Load(AnimatedCG)
OHD.UI.AnimatedCGUIViewController:Load(String)
OHD.UI.<OnTransitShow>d__49:MoveNext()
UnityEngine.SetupCoroutine:InvokeMoveNext(IEnumerator, IntPtr)

[511] Play Anim -> animation01 []
UnityEngine.Logger:Log(LogType, Object)
UnityEngine.Debug:Log(Object)
OHD.GameObjects.Spines.AnimatedCGEvent_PlayAnimation:OnExecuteEvent(AnimatedCG)
OHD.GameObjects.Spines.EventEntry:Execute(AnimatedCG)
OHD.GameObjects.Spines.AnimatedCG:SetCurrentEventEntry(EventEntry, Boolean)
OHD.GameObjects.Spines.AnimatedCG:ExecuteEvent(String)
OHD.UI.AnimatedCGUIViewController:SetStageId(Int32)
OHD.UI.AnimatedCGUIViewController:Internal_Load(AnimatedCG)
OHD.UI.AnimatedCGUIViewController:Load(String)
OHD.UI.<OnTransitShow>d__49:MoveNext()
UnityEngine.SetupCoroutine:InvokeMoveNext(IEnumerator, IntPtr)

[775] Execute Event -> ani02
UnityEngine.Logger:Log(LogType, Object)
UnityEngine.Debug:Log(Object)
OHD.GameObjects.Spines.AnimatedCG:ExecuteEvent(String)
OHD.UI.AnimatedCGUIViewController:SetStageId(Int32)
UnityEngine.AndroidJavaRunnable:Invoke()
UnityEngine.Events.InvokableCall:Invoke()
UnityEngine.Events.UnityEvent:Invoke()
System.Xml.XmlNodeChangedEventHandler:Invoke(Object, XmlNodeChangedEventArgs)
UnityEngine.EventSystems.ExecuteEvents:Execute(GameObject, BaseEventData, EventFunction`1)
UnityEngine.InputSystem.UI.InputSystemUIInputModule:ProcessPointerButton(ButtonState&, PointerEventData)
UnityEngine.InputSystem.UI.InputSystemUIInputModule:ProcessPointer(PointerModel&)
UnityEngine.InputSystem.UI.InputSystemUIInputModule:Process()
UnityEngine.EventSystems.EventSystem:Update()

[775] Spine Object Event Start : AnimatedCGEvent_PlayAnimation
UnityEngine.Logger:Log(LogType, Object)
UnityEngine.Debug:Log(Object)
OHD.GameObjects.Spines.AnimatedCGEventAsset:StartEvent(AnimatedCG)
OHD.GameObjects.Spines.EventEntry:Start(AnimatedCG)
OHD.GameObjects.Spines.AnimatedCG:SetCurrentEventEntry(EventEntry, Boolean)
OHD.GameObjects.Spines.AnimatedCG:ExecuteEvent(String)
OHD.UI.AnimatedCGUIViewController:SetStageId(Int32)
UnityEngine.AndroidJavaRunnable:Invoke()
UnityEngine.Events.InvokableCall:Invoke()
UnityEngine.Events.UnityEvent:Invoke()
System.Xml.XmlNodeChangedEventHandler:Invoke(Object, XmlNodeChangedEventArgs)
UnityEngine.EventSystems.ExecuteEvents:Execute(GameObject, BaseEventData, EventFunction`1)
UnityEngine.InputSystem.UI.InputSystemUIInputModule:ProcessPointerButton(ButtonState&, PointerEventData)
UnityEngine.InputSystem.UI.InputSystemUIInputModule:ProcessPointer(PointerModel&)
UnityEngine.InputSystem.UI.InputSystemUIInputModule:Process()
UnityEngine.EventSystems.EventSystem:Update()

[775] Play Anim -> animation02 []
UnityEngine.Logger:Log(LogType, Object)
UnityEngine.Debug:Log(Object)
OHD.GameObjects.Spines.AnimatedCGEvent_PlayAnimation:OnExecuteEvent(AnimatedCG)
OHD.GameObjects.Spines.EventEntry:Execute(AnimatedCG)
OHD.GameObjects.Spines.AnimatedCG:SetCurrentEventEntry(EventEntry, Boolean)
OHD.GameObjects.Spines.AnimatedCG:ExecuteEvent(String)
OHD.UI.AnimatedCGUIViewController:SetStageId(Int32)
UnityEngine.AndroidJavaRunnable:Invoke()
UnityEngine.Events.InvokableCall:Invoke()
UnityEngine.Events.UnityEvent:Invoke()
System.Xml.XmlNodeChangedEventHandler:Invoke(Object, XmlNodeChangedEventArgs)
UnityEngine.EventSystems.ExecuteEvents:Execute(GameObject, BaseEventData, EventFunction`1)
UnityEngine.InputSystem.UI.InputSystemUIInputModule:ProcessPointerButton(ButtonState&, PointerEventData)
UnityEngine.InputSystem.UI.InputSystemUIInputModule:ProcessPointer(PointerModel&)
UnityEngine.InputSystem.UI.InputSystemUIInputModule:Process()
UnityEngine.EventSystems.EventSystem:Update()

[803] Execute Event -> ani03
UnityEngine.Logger:Log(LogType, Object)
UnityEngine.Debug:Log(Object)
OHD.GameObjects.Spines.AnimatedCG:ExecuteEvent(String)
OHD.UI.AnimatedCGUIViewController:SetStageId(Int32)
UnityEngine.AndroidJavaRunnable:Invoke()
UnityEngine.Events.InvokableCall:Invoke()
UnityEngine.Events.UnityEvent:Invoke()
System.Xml.XmlNodeChangedEventHandler:Invoke(Object, XmlNodeChangedEventArgs)
UnityEngine.EventSystems.ExecuteEvents:Execute(GameObject, BaseEventData, EventFunction`1)
UnityEngine.InputSystem.UI.InputSystemUIInputModule:ProcessPointerButton(ButtonState&, PointerEventData)
UnityEngine.InputSystem.UI.InputSystemUIInputModule:ProcessPointer(PointerModel&)
UnityEngine.InputSystem.UI.InputSystemUIInputModule:Process()
UnityEngine.EventSystems.EventSystem:Update()

[803] Spine Object Event Start : AnimatedCGEvent_PlayAnimation
UnityEngine.Logger:Log(LogType, Object)
UnityEngine.Debug:Log(Object)
OHD.GameObjects.Spines.AnimatedCGEventAsset:StartEvent(AnimatedCG)
OHD.GameObjects.Spines.EventEntry:Start(AnimatedCG)
OHD.GameObjects.Spines.AnimatedCG:SetCurrentEventEntry(EventEntry, Boolean)
OHD.GameObjects.Spines.AnimatedCG:ExecuteEvent(String)
OHD.UI.AnimatedCGUIViewController:SetStageId(Int32)
UnityEngine.AndroidJavaRunnable:Invoke()
UnityEngine.Events.InvokableCall:Invoke()
UnityEngine.Events.UnityEvent:Invoke()
System.Xml.XmlNodeChangedEventHandler:Invoke(Object, XmlNodeChangedEventArgs)
UnityEngine.EventSystems.ExecuteEvents:Execute(GameObject, BaseEventData, EventFunction`1)
UnityEngine.InputSystem.UI.InputSystemUIInputModule:ProcessPointerButton(ButtonState&, PointerEventData)
UnityEngine.InputSystem.UI.InputSystemUIInputModule:ProcessPointer(PointerModel&)
UnityEngine.InputSystem.UI.InputSystemUIInputModule:Process()
UnityEngine.EventSystems.EventSystem:Update()

[803] Play Anim -> animation03 []
UnityEngine.Logger:Log(LogType, Object)
UnityEngine.Debug:Log(Object)
OHD.GameObjects.Spines.AnimatedCGEvent_PlayAnimation:OnExecuteEvent(AnimatedCG)
OHD.GameObjects.Spines.EventEntry:Execute(AnimatedCG)
OHD.GameObjects.Spines.AnimatedCG:SetCurrentEventEntry(EventEntry, Boolean)
OHD.GameObjects.Spines.AnimatedCG:ExecuteEvent(String)
OHD.UI.AnimatedCGUIViewController:SetStageId(Int32)
UnityEngine.AndroidJavaRunnable:Invoke()
UnityEngine.Events.InvokableCall:Invoke()
UnityEngine.Events.UnityEvent:Invoke()
System.Xml.XmlNodeChangedEventHandler:Invoke(Object, XmlNodeChangedEventArgs)
UnityEngine.EventSystems.ExecuteEvents:Execute(GameObject, BaseEventData, EventFunction`1)
UnityEngine.InputSystem.UI.InputSystemUIInputModule:ProcessPointerButton(ButtonState&, PointerEventData)
UnityEngine.InputSystem.UI.InputSystemUIInputModule:ProcessPointer(PointerModel&)
UnityEngine.InputSystem.UI.InputSystemUIInputModule:Process()
UnityEngine.EventSystems.EventSystem:Update()

[829] Execute Event -> ani04
UnityEngine.Logger:Log(LogType, Object)
UnityEngine.Debug:Log(Object)
OHD.GameObjects.Spines.AnimatedCG:ExecuteEvent(String)
OHD.UI.AnimatedCGUIViewController:SetStageId(Int32)
UnityEngine.AndroidJavaRunnable:Invoke()
UnityEngine.Events.InvokableCall:Invoke()
UnityEngine.Events.UnityEvent:Invoke()
System.Xml.XmlNodeChangedEventHandler:Invoke(Object, XmlNodeChangedEventArgs)
UnityEngine.EventSystems.ExecuteEvents:Execute(GameObject, BaseEventData, EventFunction`1)
UnityEngine.InputSystem.UI.InputSystemUIInputModule:ProcessPointerButton(ButtonState&, PointerEventData)
UnityEngine.InputSystem.UI.InputSystemUIInputModule:ProcessPointer(PointerModel&)
UnityEngine.InputSystem.UI.InputSystemUIInputModule:Process()
UnityEngine.EventSystems.EventSystem:Update()

[829] Spine Object Event Start : AnimatedCGEvent_PlayAnimation
UnityEngine.Logger:Log(LogType, Object)
UnityEngine.Debug:Log(Object)
OHD.GameObjects.Spines.AnimatedCGEventAsset:StartEvent(AnimatedCG)
OHD.GameObjects.Spines.EventEntry:Start(AnimatedCG)
OHD.GameObjects.Spines.AnimatedCG:SetCurrentEventEntry(EventEntry, Boolean)
OHD.GameObjects.Spines.AnimatedCG:ExecuteEvent(String)
OHD.UI.AnimatedCGUIViewController:SetStageId(Int32)
UnityEngine.AndroidJavaRunnable:Invoke()
UnityEngine.Events.InvokableCall:Invoke()
UnityEngine.Events.UnityEvent:Invoke()
System.Xml.XmlNodeChangedEventHandler:Invoke(Object, XmlNodeChangedEventArgs)
UnityEngine.EventSystems.ExecuteEvents:Execute(GameObject, BaseEventData, EventFunction`1)
UnityEngine.InputSystem.UI.InputSystemUIInputModule:ProcessPointerButton(ButtonState&, PointerEventData)
UnityEngine.InputSystem.UI.InputSystemUIInputModule:ProcessPointer(PointerModel&)
UnityEngine.InputSystem.UI.InputSystemUIInputModule:Process()
UnityEngine.EventSystems.EventSystem:Update()

[829] Spine Object Event Start : AnimatedCGEvent_PlayAnimation
UnityEngine.Logger:Log(LogType, Object)
UnityEngine.Debug:Log(Object)
OHD.GameObjects.Spines.AnimatedCGEventAsset:StartEvent(AnimatedCG)
OHD.GameObjects.Spines.EventEntry:Start(AnimatedCG)
OHD.GameObjects.Spines.AnimatedCG:SetCurrentEventEntry(EventEntry, Boolean)
OHD.GameObjects.Spines.AnimatedCG:ExecuteEvent(String)
OHD.UI.AnimatedCGUIViewController:SetStageId(Int32)
UnityEngine.AndroidJavaRunnable:Invoke()
UnityEngine.Events.InvokableCall:Invoke()
UnityEngine.Events.UnityEvent:Invoke()
System.Xml.XmlNodeChangedEventHandler:Invoke(Object, XmlNodeChangedEventArgs)
UnityEngine.EventSystems.ExecuteEvents:Execute(GameObject, BaseEventData, EventFunction`1)
UnityEngine.InputSystem.UI.InputSystemUIInputModule:ProcessPointerButton(ButtonState&, PointerEventData)
UnityEngine.InputSystem.UI.InputSystemUIInputModule:ProcessPointer(PointerModel&)
UnityEngine.InputSystem.UI.InputSystemUIInputModule:Process()
UnityEngine.EventSystems.EventSystem:Update()

[829] Play Anim -> animation04 []
UnityEngine.Logger:Log(LogType, Object)
UnityEngine.Debug:Log(Object)
OHD.GameObjects.Spines.AnimatedCGEvent_PlayAnimation:OnExecuteEvent(AnimatedCG)
OHD.GameObjects.Spines.EventEntry:Execute(AnimatedCG)
OHD.GameObjects.Spines.AnimatedCG:SetCurrentEventEntry(EventEntry, Boolean)
OHD.GameObjects.Spines.AnimatedCG:ExecuteEvent(String)
OHD.UI.AnimatedCGUIViewController:SetStageId(Int32)
UnityEngine.AndroidJavaRunnable:Invoke()
UnityEngine.Events.InvokableCall:Invoke()
UnityEngine.Events.UnityEvent:Invoke()
System.Xml.XmlNodeChangedEventHandler:Invoke(Object, XmlNodeChangedEventArgs)
UnityEngine.EventSystems.ExecuteEvents:Execute(GameObject, BaseEventData, EventFunction`1)
UnityEngine.InputSystem.UI.InputSystemUIInputModule:ProcessPointerButton(ButtonState&, PointerEventData)
UnityEngine.InputSystem.UI.InputSystemUIInputModule:ProcessPointer(PointerModel&)
UnityEngine.InputSystem.UI.InputSystemUIInputModule:Process()
UnityEngine.EventSystems.EventSystem:Update()

[829] Play Anim -> animation04 [Part2]
UnityEngine.Logger:Log(LogType, Object)
UnityEngine.Debug:Log(Object)
OHD.GameObjects.Spines.AnimatedCGEvent_PlayAnimation:OnExecuteEvent(AnimatedCG)
OHD.GameObjects.Spines.EventEntry:Execute(AnimatedCG)
OHD.GameObjects.Spines.AnimatedCG:SetCurrentEventEntry(EventEntry, Boolean)
OHD.GameObjects.Spines.AnimatedCG:ExecuteEvent(String)
OHD.UI.AnimatedCGUIViewController:SetStageId(Int32)
UnityEngine.AndroidJavaRunnable:Invoke()
UnityEngine.Events.InvokableCall:Invoke()
UnityEngine.Events.UnityEvent:Invoke()
System.Xml.XmlNodeChangedEventHandler:Invoke(Object, XmlNodeChangedEventArgs)
UnityEngine.EventSystems.ExecuteEvents:Execute(GameObject, BaseEventData, EventFunction`1)
UnityEngine.InputSystem.UI.InputSystemUIInputModule:ProcessPointerButton(ButtonState&, PointerEventData)
UnityEngine.InputSystem.UI.InputSystemUIInputModule:ProcessPointer(PointerModel&)
UnityEngine.InputSystem.UI.InputSystemUIInputModule:Process()
UnityEngine.EventSystems.EventSystem:Update()

[859] Execute Event -> ani05
UnityEngine.Logger:Log(LogType, Object)
UnityEngine.Debug:Log(Object)
OHD.GameObjects.Spines.AnimatedCG:ExecuteEvent(String)
OHD.UI.AnimatedCGUIViewController:SetStageId(Int32)
UnityEngine.AndroidJavaRunnable:Invoke()
UnityEngine.Events.InvokableCall:Invoke()
UnityEngine.Events.UnityEvent:Invoke()
System.Xml.XmlNodeChangedEventHandler:Invoke(Object, XmlNodeChangedEventArgs)
UnityEngine.EventSystems.ExecuteEvents:Execute(GameObject, BaseEventData, EventFunction`1)
UnityEngine.InputSystem.UI.InputSystemUIInputModule:ProcessPointerButton(ButtonState&, PointerEventData)
UnityEngine.InputSystem.UI.InputSystemUIInputModule:ProcessPointer(PointerModel&)
UnityEngine.InputSystem.UI.InputSystemUIInputModule:Process()
UnityEngine.EventSystems.EventSystem:Update()

[859] Spine Object Event Start : AnimatedCGEvent_PlayAnimation
UnityEngine.Logger:Log(LogType, Object)
UnityEngine.Debug:Log(Object)
OHD.GameObjects.Spines.AnimatedCGEventAsset:StartEvent(AnimatedCG)
OHD.GameObjects.Spines.EventEntry:Start(AnimatedCG)
OHD.GameObjects.Spines.AnimatedCG:SetCurrentEventEntry(EventEntry, Boolean)
OHD.GameObjects.Spines.AnimatedCG:ExecuteEvent(String)
OHD.UI.AnimatedCGUIViewController:SetStageId(Int32)
UnityEngine.AndroidJavaRunnable:Invoke()
UnityEngine.Events.InvokableCall:Invoke()
UnityEngine.Events.UnityEvent:Invoke()
System.Xml.XmlNodeChangedEventHandler:Invoke(Object, XmlNodeChangedEventArgs)
UnityEngine.EventSystems.ExecuteEvents:Execute(GameObject, BaseEventData, EventFunction`1)
UnityEngine.InputSystem.UI.InputSystemUIInputModule:ProcessPointerButton(ButtonState&, PointerEventData)
UnityEngine.InputSystem.UI.InputSystemUIInputModule:ProcessPointer(PointerModel&)
UnityEngine.InputSystem.UI.InputSystemUIInputModule:Process()
UnityEngine.EventSystems.EventSystem:Update()

[859] Spine Object Event Start : AnimatedCGEvent_PlayAnimation
UnityEngine.Logger:Log(LogType, Object)
UnityEngine.Debug:Log(Object)
OHD.GameObjects.Spines.AnimatedCGEventAsset:StartEvent(AnimatedCG)
OHD.GameObjects.Spines.EventEntry:Start(AnimatedCG)
OHD.GameObjects.Spines.AnimatedCG:SetCurrentEventEntry(EventEntry, Boolean)
OHD.GameObjects.Spines.AnimatedCG:ExecuteEvent(String)
OHD.UI.AnimatedCGUIViewController:SetStageId(Int32)
UnityEngine.AndroidJavaRunnable:Invoke()
UnityEngine.Events.InvokableCall:Invoke()
UnityEngine.Events.UnityEvent:Invoke()
System.Xml.XmlNodeChangedEventHandler:Invoke(Object, XmlNodeChangedEventArgs)
UnityEngine.EventSystems.ExecuteEvents:Execute(GameObject, BaseEventData, EventFunction`1)
UnityEngine.InputSystem.UI.InputSystemUIInputModule:ProcessPointerButton(ButtonState&, PointerEventData)
UnityEngine.InputSystem.UI.InputSystemUIInputModule:ProcessPointer(PointerModel&)
UnityEngine.InputSystem.UI.InputSystemUIInputModule:Process()
UnityEngine.EventSystems.EventSystem:Update()

[859] Play Anim -> animation05 []
UnityEngine.Logger:Log(LogType, Object)
UnityEngine.Debug:Log(Object)
OHD.GameObjects.Spines.AnimatedCGEvent_PlayAnimation:OnExecuteEvent(AnimatedCG)
OHD.GameObjects.Spines.EventEntry:Execute(AnimatedCG)
OHD.GameObjects.Spines.AnimatedCG:SetCurrentEventEntry(EventEntry, Boolean)
OHD.GameObjects.Spines.AnimatedCG:ExecuteEvent(String)
OHD.UI.AnimatedCGUIViewController:SetStageId(Int32)
UnityEngine.AndroidJavaRunnable:Invoke()
UnityEngine.Events.InvokableCall:Invoke()
UnityEngine.Events.UnityEvent:Invoke()
System.Xml.XmlNodeChangedEventHandler:Invoke(Object, XmlNodeChangedEventArgs)
UnityEngine.EventSystems.ExecuteEvents:Execute(GameObject, BaseEventData, EventFunction`1)
UnityEngine.InputSystem.UI.InputSystemUIInputModule:ProcessPointerButton(ButtonState&, PointerEventData)
UnityEngine.InputSystem.UI.InputSystemUIInputModule:ProcessPointer(PointerModel&)
UnityEngine.InputSystem.UI.InputSystemUIInputModule:Process()
UnityEngine.EventSystems.EventSystem:Update()

[859] Play Anim -> animation05 [Part2]
UnityEngine.Logger:Log(LogType, Object)
UnityEngine.Debug:Log(Object)
OHD.GameObjects.Spines.AnimatedCGEvent_PlayAnimation:OnExecuteEvent(AnimatedCG)
OHD.GameObjects.Spines.EventEntry:Execute(AnimatedCG)
OHD.GameObjects.Spines.AnimatedCG:SetCurrentEventEntry(EventEntry, Boolean)
OHD.GameObjects.Spines.AnimatedCG:ExecuteEvent(String)
OHD.UI.AnimatedCGUIViewController:SetStageId(Int32)
UnityEngine.AndroidJavaRunnable:Invoke()
UnityEngine.Events.InvokableCall:Invoke()
UnityEngine.Events.UnityEvent:Invoke()
System.Xml.XmlNodeChangedEventHandler:Invoke(Object, XmlNodeChangedEventArgs)
UnityEngine.EventSystems.ExecuteEvents:Execute(GameObject, BaseEventData, EventFunction`1)
UnityEngine.InputSystem.UI.InputSystemUIInputModule:ProcessPointerButton(ButtonState&, PointerEventData)
UnityEngine.InputSystem.UI.InputSystemUIInputModule:ProcessPointer(PointerModel&)
UnityEngine.InputSystem.UI.InputSystemUIInputModule:Process()
UnityEngine.EventSystems.EventSystem:Update()

[118] Broadcast_SendStop
UnityEngine.Logger:Log(LogType, Object)
UnityEngine.Debug:Log(Object)
OHD.ThirdPartySupport.Lovenses.LovenseToy:Broadcast_SendStop(List`1)

[119] Broadcast_SendStop
UnityEngine.Logger:Log(LogType, Object)
UnityEngine.Debug:Log(Object)
OHD.ThirdPartySupport.Lovenses.LovenseToy:Broadcast_SendStop(List`1)
OHD.Dungeons.PlotMachines.PlotMachine:DoPlotEnd()
OHD.Dungeons.PlotMachines.PlotCmd_PlotSignal_EndPlot:OnExecute()
OHD.Dungeons.PlotMachines.<ProcessExecute>d__38:MoveNext()
UnityEngine.SetupCoroutine:InvokeMoveNext(IEnumerator, IntPtr)

Main Camera: 3 camera overlays no longer exists and will be removed from the camera stack.
UnityEngine.Logger:Log(LogType, Object)
UnityEngine.Debug:LogWarning(Object)
UnityEngine.Rendering.Universal.UniversalAdditionalCameraData:UpdateCameraStack()
UnityEngine.Rendering.Universal.UniversalRenderPipeline:RenderCameraStack(ScriptableRenderContext, Camera)
UnityEngine.Rendering.Universal.UniversalRenderPipeline:Render(ScriptableRenderContext, Camera[])
UnityEngine.Rendering.RenderPipelineManager:DoRenderLoop_Internal(RenderPipelineAsset, IntPtr, List`1)

[814] Change Update Type = City -> Dungeon
UnityEngine.Logger:Log(LogType, Object)
UnityEngine.Debug:Log(Object)
OHD.GameObjects.GameUpdateDelegator:Switch(TargetType, Boolean)
OHD.Dungeons.DungeonBase:Enter(Boolean)
GameInstance:EnterDungeon(DungeonBase, Boolean)
UnityEngine.AndroidJavaRunnable:Invoke()
UnityEngine.Events.InvokableCall:Invoke()
UnityEngine.Events.UnityEvent:Invoke()
System.Xml.XmlNodeChangedEventHandler:Invoke(Object, XmlNodeChangedEventArgs)
UnityEngine.EventSystems.ExecuteEvents:Execute(GameObject, BaseEventData, EventFunction`1)
UnityEngine.InputSystem.UI.InputSystemUIInputModule:ProcessPointerButton(ButtonState&, PointerEventData)
UnityEngine.InputSystem.UI.InputSystemUIInputModule:ProcessPointer(PointerModel&)
UnityEngine.InputSystem.UI.InputSystemUIInputModule:Process()
UnityEngine.EventSystems.EventSystem:Update()

[814] [Hundren Dungeon : HundrenDungeon] Init New
UnityEngine.Logger:Log(LogType, Object)
UnityEngine.Debug:Log(Object)
OHD.Dungeons.HundrenDungeon:OnInit()
OHD.Dungeons.DungeonBase:Enter(Boolean)
GameInstance:EnterDungeon(DungeonBase, Boolean)
UnityEngine.AndroidJavaRunnable:Invoke()
UnityEngine.Events.InvokableCall:Invoke()
UnityEngine.Events.UnityEvent:Invoke()
System.Xml.XmlNodeChangedEventHandler:Invoke(Object, XmlNodeChangedEventArgs)
UnityEngine.EventSystems.ExecuteEvents:Execute(GameObject, BaseEventData, EventFunction`1)
UnityEngine.InputSystem.UI.InputSystemUIInputModule:ProcessPointerButton(ButtonState&, PointerEventData)
UnityEngine.InputSystem.UI.InputSystemUIInputModule:ProcessPointer(PointerModel&)
UnityEngine.InputSystem.UI.InputSystemUIInputModule:Process()
UnityEngine.EventSystems.EventSystem:Update()

[814] Random State = Raw:1778670 | Global:1778669 | Dungeon:2671228627 | DuncDraw:3416088579
UnityEngine.Logger:Log(LogType, Object)
UnityEngine.Debug:Log(Object)
OHD.Dungeons.HundrenDungeon:OnInit()
OHD.Dungeons.DungeonBase:Enter(Boolean)
GameInstance:EnterDungeon(DungeonBase, Boolean)
UnityEngine.AndroidJavaRunnable:Invoke()
UnityEngine.Events.InvokableCall:Invoke()
UnityEngine.Events.UnityEvent:Invoke()
System.Xml.XmlNodeChangedEventHandler:Invoke(Object, XmlNodeChangedEventArgs)
UnityEngine.EventSystems.ExecuteEvents:Execute(GameObject, BaseEventData, EventFunction`1)
UnityEngine.InputSystem.UI.InputSystemUIInputModule:ProcessPointerButton(ButtonState&, PointerEventData)
UnityEngine.InputSystem.UI.InputSystemUIInputModule:ProcessPointer(PointerModel&)
UnityEngine.InputSystem.UI.InputSystemUIInputModule:Process()
UnityEngine.EventSystems.EventSystem:Update()

[814] [Dungeon : HundrenDungeon] Enter
UnityEngine.Logger:Log(LogType, Object)
UnityEngine.Debug:Log(Object)
OHD.Dungeons.DungeonBase:Enter(Boolean)
GameInstance:EnterDungeon(DungeonBase, Boolean)
UnityEngine.AndroidJavaRunnable:Invoke()
UnityEngine.Events.InvokableCall:Invoke()
UnityEngine.Events.UnityEvent:Invoke()
System.Xml.XmlNodeChangedEventHandler:Invoke(Object, XmlNodeChangedEventArgs)
UnityEngine.EventSystems.ExecuteEvents:Execute(GameObject, BaseEventData, EventFunction`1)
UnityEngine.InputSystem.UI.InputSystemUIInputModule:ProcessPointerButton(ButtonState&, PointerEventData)
UnityEngine.InputSystem.UI.InputSystemUIInputModule:ProcessPointer(PointerModel&)
UnityEngine.InputSystem.UI.InputSystemUIInputModule:Process()
UnityEngine.EventSystems.EventSystem:Update()

[938] Save Midway State. 0.043 s
UnityEngine.Logger:Log(LogType, Object)
UnityEngine.Debug:Log(Object)
OHD.Dungeons.HundrenDungeon:SaveMidwayState()
OHD.Dungeons.HundrenDungeon:OnEnterDungeonScene(SceneBase)
System.Action`1:Invoke(T)
SceneTransitInfo:RaiseOnLoadSuccess(SceneBase)
OHD.Scenes.<<CheckTransit>g__ProcessTransit|18_0>d:MoveNext()
UnityEngine.SetupCoroutine:InvokeMoveNext(IEnumerator, IntPtr)

[883] Enter Room [x:7 y:0]
UnityEngine.Logger:Log(LogType, Object)
UnityEngine.Debug:Log(Object)
OHD.Dungeons.DungeonBase:EnterRoom(Int32, Int32)
HundrenDungeonScene:OnClickCell(ChessCellObject)
System.Action`1:Invoke(T)
OHD.GameObjects.ChessGridObject:ProcessCheckHover()

[883] [Room : BattleRoom] Init
UnityEngine.Logger:Log(LogType, Object)
UnityEngine.Debug:Log(Object)
OHD.Dungeons.DungeonRoomBase:Init()
OHD.Dungeons.DungeonBase:EnterRoom(Int32, Int32)
HundrenDungeonScene:OnClickCell(ChessCellObject)
System.Action`1:Invoke(T)
OHD.GameObjects.ChessGridObject:ProcessCheckHover()

[883] Change Update Type = Dungeon -> Room
UnityEngine.Logger:Log(LogType, Object)
UnityEngine.Debug:Log(Object)
OHD.GameObjects.GameUpdateDelegator:Switch(TargetType, Boolean)
OHD.Dungeons.DungeonBase:EnterRoom(Int32, Int32)
HundrenDungeonScene:OnClickCell(ChessCellObject)
System.Action`1:Invoke(T)
OHD.GameObjects.ChessGridObject:ProcessCheckHover()

Material Crystal Fire doesn't have _Stencil property
UnityEngine.Logger:Log(LogType, Object, Object)
UnityEngine.Debug:LogWarning(Object, Object)
UnityEngine.UI.StencilMaterial:LogWarningWhenNotInBatchmode(String, Object)
UnityEngine.UI.StencilMaterial:Add(Material, Int32, StencilOp, CompareFunction, ColorWriteMask, Int32, Int32)
UnityEngine.UI.MaskableGraphic:GetModifiedMaterial(Material)
UnityEngine.UI.Graphic:get_materialForRendering()
UnityEngine.UI.Graphic:UpdateMaterial()
UnityEngine.UI.Image:UpdateMaterial()
UnityEngine.UI.Graphic:Rebuild(CanvasUpdate)
UnityEngine.UI.CanvasUpdateRegistry:PerformUpdate()
Effekseer.EffekseerSoundPlayerStopAll:Invoke()
UnityEngine.UI.ScrollRect:SetNormalizedPosition(Single, Int32)
UnityEngine.UI.ScrollRect:set_normalizedPosition(Vector2)
OHD.UI.LayoutGroupCtrl`1:ResetScrollPos(Single, Single)
OHD.UI.LayoutGroupCtrl`1:Reload(IEnumerable`1, Action`2)
OHD.UI.BattlePowerListPanelUIView:OnViewModelChanged()
OHD.UI.UIView:TriggerStartAction()
OHD.UI.UIView:Awake()

[104] [Room : BattleRoom] Enter
UnityEngine.Logger:Log(LogType, Object)
UnityEngine.Debug:Log(Object)
OHD.Dungeons.DungeonRoomBase:Enter(SceneBase)
System.Action`1:Invoke(T)
SceneTransitInfo:RaiseOnLoadSuccess(SceneBase)
OHD.Scenes.<<CheckTransit>g__ProcessTransit|18_0>d:MoveNext()
UnityEngine.SetupCoroutine:InvokeMoveNext(IEnumerator, IntPtr)

[333] 當前回合 : 1
UnityEngine.Logger:Log(LogType, Object)
UnityEngine.Debug:Log(Object)
OHD.GameActions.<Process>d__2:MoveNext()
UnityEngine.SetupCoroutine:InvokeMoveNext(IEnumerator, IntPtr)

[653] 當前回合 : 2
UnityEngine.Logger:Log(LogType, Object)
UnityEngine.Debug:Log(Object)
OHD.GameActions.<Process>d__2:MoveNext()
UnityEngine.SetupCoroutine:InvokeMoveNext(IEnumerator, IntPtr)

[639] Flayer Goblin Kill!
UnityEngine.Logger:Log(LogType, Object)
UnityEngine.Debug:Log(Object)
OHD.GameActions.<Process>d__6:MoveNext()
UnityEngine.SetupCoroutine:InvokeMoveNext(IEnumerator, IntPtr)

[139] [Room : BattleRoom] Leave
UnityEngine.Logger:Log(LogType, Object)
UnityEngine.Debug:Log(Object)
OHD.Dungeons.DungeonRoomBase:Leave()
OHD.Dungeons.DungeonBase:LeaveRoom(ISceneInfo)
UnityEngine.AndroidJavaRunnable:Invoke()
OHD.UI.CraftRuneUIViewModel:RaiseOnCraftEvent()
OHD.UI.RewardReceiveUIViewController:OnClickConfirmButton()
UnityEngine.AndroidJavaRunnable:Invoke()
UnityEngine.Events.InvokableCall:Invoke()
UnityEngine.Events.UnityEvent:Invoke()
System.Xml.XmlNodeChangedEventHandler:Invoke(Object, XmlNodeChangedEventArgs)
UnityEngine.EventSystems.ExecuteEvents:Execute(GameObject, BaseEventData, EventFunction`1)
UnityEngine.InputSystem.UI.InputSystemUIInputModule:ProcessPointerButton(ButtonState&, PointerEventData)
UnityEngine.InputSystem.UI.InputSystemUIInputModule:ProcessPointer(PointerModel&)
UnityEngine.InputSystem.UI.InputSystemUIInputModule:Process()
UnityEngine.EventSystems.EventSystem:Update()

[139] Change Update Type = Room -> Dungeon
UnityEngine.Logger:Log(LogType, Object)
UnityEngine.Debug:Log(Object)
OHD.GameObjects.GameUpdateDelegator:Switch(TargetType, Boolean)
OHD.Dungeons.DungeonBase:LeaveRoom(ISceneInfo)
UnityEngine.AndroidJavaRunnable:Invoke()
OHD.UI.CraftRuneUIViewModel:RaiseOnCraftEvent()
OHD.UI.RewardReceiveUIViewController:OnClickConfirmButton()
UnityEngine.AndroidJavaRunnable:Invoke()
UnityEngine.Events.InvokableCall:Invoke()
UnityEngine.Events.UnityEvent:Invoke()
System.Xml.XmlNodeChangedEventHandler:Invoke(Object, XmlNodeChangedEventArgs)
UnityEngine.EventSystems.ExecuteEvents:Execute(GameObject, BaseEventData, EventFunction`1)
UnityEngine.InputSystem.UI.InputSystemUIInputModule:ProcessPointerButton(ButtonState&, PointerEventData)
UnityEngine.InputSystem.UI.InputSystemUIInputModule:ProcessPointer(PointerModel&)
UnityEngine.InputSystem.UI.InputSystemUIInputModule:Process()
UnityEngine.EventSystems.EventSystem:Update()

[235] Save Midway State. 0.044 s
UnityEngine.Logger:Log(LogType, Object)
UnityEngine.Debug:Log(Object)
OHD.Dungeons.HundrenDungeon:SaveMidwayState()
OHD.Dungeons.HundrenDungeon:OnEnterDungeonScene(SceneBase)
System.Action`1:Invoke(T)
SceneTransitInfo:RaiseOnLoadSuccess(SceneBase)
OHD.Scenes.<<CheckTransit>g__ProcessTransit|18_0>d:MoveNext()
UnityEngine.SetupCoroutine:InvokeMoveNext(IEnumerator, IntPtr)

[719] Clear Midway State
UnityEngine.Logger:Log(LogType, Object)
UnityEngine.Debug:Log(Object)
OHD.Dungeons.HundrenDungeon:OnTriggerFinish(DungeonFinishState)
OHD.UI.<ExecuteLeaveDungeon>d__17:MoveNext()
UnityEngine.AndroidJavaRunnable:Invoke()
System.Action`1:Invoke(T)
Cysharp.Threading.Tasks.UniTaskCompletionSourceCore`1:TrySetResult(TResult)
<ShowDialogAsync>d__20:MoveNext()
UnityEngine.AndroidJavaRunnable:Invoke()
System.Action`1:Invoke(T)
Cysharp.Threading.Tasks.UniTaskCompletionSourceCore`1:TrySetResult(TResult)
Cysharp.Threading.Tasks.WaitUntilPromise:MoveNext()
Cysharp.Threading.Tasks.Internal.PlayerLoopRunner:RunCore()
Steamworks.ServerFailedToRespond:Invoke()

[565] [Dungeon : HundrenDungeon] Leave
UnityEngine.Logger:Log(LogType, Object)
UnityEngine.Debug:Log(Object)
OHD.Dungeons.DungeonBase:Leave(SceneTranslation)
System.Action`1:Invoke(T)
OHD.UI.DungeonResultShowcaseUIViewModel:TriggerOnCloseEvt(DungeonResultShowcaseUIViewController)
System.Action`1:Invoke(T)
OHD.UI.DungeonResultUIViewModel:TriggerOnConfirmEvt()
UnityEngine.AndroidJavaRunnable:Invoke()
UnityEngine.Events.InvokableCall:Invoke()
UnityEngine.Events.UnityEvent:Invoke()
System.Xml.XmlNodeChangedEventHandler:Invoke(Object, XmlNodeChangedEventArgs)
UnityEngine.EventSystems.ExecuteEvents:Execute(GameObject, BaseEventData, EventFunction`1)
UnityEngine.InputSystem.UI.InputSystemUIInputModule:ProcessPointerButton(ButtonState&, PointerEventData)
UnityEngine.InputSystem.UI.InputSystemUIInputModule:ProcessPointer(PointerModel&)
UnityEngine.InputSystem.UI.InputSystemUIInputModule:Process()
UnityEngine.EventSystems.EventSystem:Update()

[565] Change Update Type = Dungeon -> None
UnityEngine.Logger:Log(LogType, Object)
UnityEngine.Debug:Log(Object)
OHD.GameObjects.GameUpdateDelegator:Switch(TargetType, Boolean)
OHD.Dungeons.DungeonBase:Leave(SceneTranslation)
System.Action`1:Invoke(T)
OHD.UI.DungeonResultShowcaseUIViewModel:TriggerOnCloseEvt(DungeonResultShowcaseUIViewController)
System.Action`1:Invoke(T)
OHD.UI.DungeonResultUIViewModel:TriggerOnConfirmEvt()
UnityEngine.AndroidJavaRunnable:Invoke()
UnityEngine.Events.InvokableCall:Invoke()
UnityEngine.Events.UnityEvent:Invoke()
System.Xml.XmlNodeChangedEventHandler:Invoke(Object, XmlNodeChangedEventArgs)
UnityEngine.EventSystems.ExecuteEvents:Execute(GameObject, BaseEventData, EventFunction`1)
UnityEngine.InputSystem.UI.InputSystemUIInputModule:ProcessPointerButton(ButtonState&, PointerEventData)
UnityEngine.InputSystem.UI.InputSystemUIInputModule:ProcessPointer(PointerModel&)
UnityEngine.InputSystem.UI.InputSystemUIInputModule:Process()
UnityEngine.EventSystems.EventSystem:Update()

[685] Change Update Type = None -> City
UnityEngine.Logger:Log(LogType, Object)
UnityEngine.Debug:Log(Object)
OHD.GameObjects.GameUpdateDelegator:Switch(TargetType, Boolean)
SceneTransitInfo:RaiseOnPrepared()
OHD.Scenes.<<CheckTransit>g__ProcessTransit|18_0>d:MoveNext()
UnityEngine.SetupCoroutine:InvokeMoveNext(IEnumerator, IntPtr)

[239] Change Update Type = City -> Dungeon
UnityEngine.Logger:Log(LogType, Object)
UnityEngine.Debug:Log(Object)
OHD.GameObjects.GameUpdateDelegator:Switch(TargetType, Boolean)
OHD.Dungeons.DungeonBase:Enter(Boolean)
GameInstance:EnterDungeon(DungeonBase, Boolean)
UnityEngine.AndroidJavaRunnable:Invoke()
UnityEngine.Events.InvokableCall:Invoke()
UnityEngine.Events.UnityEvent:Invoke()
System.Xml.XmlNodeChangedEventHandler:Invoke(Object, XmlNodeChangedEventArgs)
UnityEngine.EventSystems.ExecuteEvents:Execute(GameObject, BaseEventData, EventFunction`1)
UnityEngine.InputSystem.UI.InputSystemUIInputModule:ProcessPointerButton(ButtonState&, PointerEventData)
UnityEngine.InputSystem.UI.InputSystemUIInputModule:ProcessPointer(PointerModel&)
UnityEngine.InputSystem.UI.InputSystemUIInputModule:Process()
UnityEngine.EventSystems.EventSystem:Update()

[239] [Hundren Dungeon : HundrenDungeon] Init New
UnityEngine.Logger:Log(LogType, Object)
UnityEngine.Debug:Log(Object)
OHD.Dungeons.HundrenDungeon:OnInit()
OHD.Dungeons.DungeonBase:Enter(Boolean)
GameInstance:EnterDungeon(DungeonBase, Boolean)
UnityEngine.AndroidJavaRunnable:Invoke()
UnityEngine.Events.InvokableCall:Invoke()
UnityEngine.Events.UnityEvent:Invoke()
System.Xml.XmlNodeChangedEventHandler:Invoke(Object, XmlNodeChangedEventArgs)
UnityEngine.EventSystems.ExecuteEvents:Execute(GameObject, BaseEventData, EventFunction`1)
UnityEngine.InputSystem.UI.InputSystemUIInputModule:ProcessPointerButton(ButtonState&, PointerEventData)
UnityEngine.InputSystem.UI.InputSystemUIInputModule:ProcessPointer(PointerModel&)
UnityEngine.InputSystem.UI.InputSystemUIInputModule:Process()
UnityEngine.EventSystems.EventSystem:Update()

[239] Random State = Raw:1866367 | Global:1866366 | Dungeon:364485866 | DuncDraw:1352199570
UnityEngine.Logger:Log(LogType, Object)
UnityEngine.Debug:Log(Object)
OHD.Dungeons.HundrenDungeon:OnInit()
OHD.Dungeons.DungeonBase:Enter(Boolean)
GameInstance:EnterDungeon(DungeonBase, Boolean)
UnityEngine.AndroidJavaRunnable:Invoke()
UnityEngine.Events.InvokableCall:Invoke()
UnityEngine.Events.UnityEvent:Invoke()
System.Xml.XmlNodeChangedEventHandler:Invoke(Object, XmlNodeChangedEventArgs)
UnityEngine.EventSystems.ExecuteEvents:Execute(GameObject, BaseEventData, EventFunction`1)
UnityEngine.InputSystem.UI.InputSystemUIInputModule:ProcessPointerButton(ButtonState&, PointerEventData)
UnityEngine.InputSystem.UI.InputSystemUIInputModule:ProcessPointer(PointerModel&)
UnityEngine.InputSystem.UI.InputSystemUIInputModule:Process()
UnityEngine.EventSystems.EventSystem:Update()

[239] [Dungeon : HundrenDungeon] Enter
UnityEngine.Logger:Log(LogType, Object)
UnityEngine.Debug:Log(Object)
OHD.Dungeons.DungeonBase:Enter(Boolean)
GameInstance:EnterDungeon(DungeonBase, Boolean)
UnityEngine.AndroidJavaRunnable:Invoke()
UnityEngine.Events.InvokableCall:Invoke()
UnityEngine.Events.UnityEvent:Invoke()
System.Xml.XmlNodeChangedEventHandler:Invoke(Object, XmlNodeChangedEventArgs)
UnityEngine.EventSystems.ExecuteEvents:Execute(GameObject, BaseEventData, EventFunction`1)
UnityEngine.InputSystem.UI.InputSystemUIInputModule:ProcessPointerButton(ButtonState&, PointerEventData)
UnityEngine.InputSystem.UI.InputSystemUIInputModule:ProcessPointer(PointerModel&)
UnityEngine.InputSystem.UI.InputSystemUIInputModule:Process()
UnityEngine.EventSystems.EventSystem:Update()

[361] Save Midway State. 0.048 s
UnityEngine.Logger:Log(LogType, Object)
UnityEngine.Debug:Log(Object)
OHD.Dungeons.HundrenDungeon:SaveMidwayState()
OHD.Dungeons.HundrenDungeon:OnEnterDungeonScene(SceneBase)
System.Action`1:Invoke(T)
SceneTransitInfo:RaiseOnLoadSuccess(SceneBase)
OHD.Scenes.<<CheckTransit>g__ProcessTransit|18_0>d:MoveNext()
UnityEngine.SetupCoroutine:InvokeMoveNext(IEnumerator, IntPtr)

[806] Enter Room [x:7 y:0]
UnityEngine.Logger:Log(LogType, Object)
UnityEngine.Debug:Log(Object)
OHD.Dungeons.DungeonBase:EnterRoom(Int32, Int32)
HundrenDungeonScene:OnClickCell(ChessCellObject)
System.Action`1:Invoke(T)
OHD.GameObjects.ChessGridObject:ProcessCheckHover()

[806] [Room : BattleRoom] Init
UnityEngine.Logger:Log(LogType, Object)
UnityEngine.Debug:Log(Object)
OHD.Dungeons.DungeonRoomBase:Init()
OHD.Dungeons.DungeonBase:EnterRoom(Int32, Int32)
HundrenDungeonScene:OnClickCell(ChessCellObject)
System.Action`1:Invoke(T)
OHD.GameObjects.ChessGridObject:ProcessCheckHover()

[806] Change Update Type = Dungeon -> Room
UnityEngine.Logger:Log(LogType, Object)
UnityEngine.Debug:Log(Object)
OHD.GameObjects.GameUpdateDelegator:Switch(TargetType, Boolean)
OHD.Dungeons.DungeonBase:EnterRoom(Int32, Int32)
HundrenDungeonScene:OnClickCell(ChessCellObject)
System.Action`1:Invoke(T)
OHD.GameObjects.ChessGridObject:ProcessCheckHover()

Material Crystal Fire doesn't have _Stencil property
UnityEngine.Logger:Log(LogType, Object, Object)
UnityEngine.Debug:LogWarning(Object, Object)
UnityEngine.UI.StencilMaterial:LogWarningWhenNotInBatchmode(String, Object)
UnityEngine.UI.StencilMaterial:Add(Material, Int32, StencilOp, CompareFunction, ColorWriteMask, Int32, Int32)
UnityEngine.UI.MaskableGraphic:GetModifiedMaterial(Material)
UnityEngine.UI.Graphic:get_materialForRendering()
UnityEngine.UI.Graphic:UpdateMaterial()
UnityEngine.UI.Image:UpdateMaterial()
UnityEngine.UI.Graphic:Rebuild(CanvasUpdate)
UnityEngine.UI.CanvasUpdateRegistry:PerformUpdate()
Effekseer.EffekseerSoundPlayerStopAll:Invoke()
UnityEngine.UI.ScrollRect:SetNormalizedPosition(Single, Int32)
UnityEngine.UI.ScrollRect:set_normalizedPosition(Vector2)
OHD.UI.LayoutGroupCtrl`1:ResetScrollPos(Single, Single)
OHD.UI.LayoutGroupCtrl`1:Reload(IEnumerable`1, Action`2)
OHD.UI.BattlePowerListPanelUIView:OnViewModelChanged()
OHD.UI.UIView:TriggerStartAction()
OHD.UI.UIView:Awake()

[27] [Room : BattleRoom] Enter
UnityEngine.Logger:Log(LogType, Object)
UnityEngine.Debug:Log(Object)
OHD.Dungeons.DungeonRoomBase:Enter(SceneBase)
System.Action`1:Invoke(T)
SceneTransitInfo:RaiseOnLoadSuccess(SceneBase)
OHD.Scenes.<<CheckTransit>g__ProcessTransit|18_0>d:MoveNext()
UnityEngine.SetupCoroutine:InvokeMoveNext(IEnumerator, IntPtr)

[256] 當前回合 : 1
UnityEngine.Logger:Log(LogType, Object)
UnityEngine.Debug:Log(Object)
OHD.GameActions.<Process>d__2:MoveNext()
UnityEngine.SetupCoroutine:InvokeMoveNext(IEnumerator, IntPtr)

[665] [GA_General_Attack] Deal 26 DMG x 1  time.
UnityEngine.Logger:Log(LogType, Object)
UnityEngine.Debug:Log(Object)
OHD.Dungeons.Monster.PatternizedMonsterBase:GA_General_Attack(BattleCreature, ActionExecutionData)
OHD.Dungeons.Monster.PatternizedMonsterBase:MA_General_Attack(ActionExecutionData)
System.Func`2:Invoke(T)
OHD.Dungeons.Monster.ActionPattern:CreateAction(Int32)
OHD.Dungeons.Monster.ActionPatternExecutor:FlushNextAction()
OHD.Dungeons.Monster.PatternizedMonsterBase:OnExecuteOperation(BattleRoomPlayer)
OHD.Dungeons.Monster.<ExecuteOperation>d__65:MoveNext()
UnityEngine.SetupCoroutine:InvokeMoveNext(IEnumerator, IntPtr)

[57] 當前回合 : 2
UnityEngine.Logger:Log(LogType, Object)
UnityEngine.Debug:Log(Object)
OHD.GameActions.<Process>d__2:MoveNext()
UnityEngine.SetupCoroutine:InvokeMoveNext(IEnumerator, IntPtr)

[800] Berserker Kitten Kill!
UnityEngine.Logger:Log(LogType, Object)
UnityEngine.Debug:Log(Object)
OHD.GameActions.<Process>d__6:MoveNext()
UnityEngine.SetupCoroutine:InvokeMoveNext(IEnumerator, IntPtr)

[369] [Room : BattleRoom] Leave
UnityEngine.Logger:Log(LogType, Object)
UnityEngine.Debug:Log(Object)
OHD.Dungeons.DungeonRoomBase:Leave()
OHD.Dungeons.DungeonBase:LeaveRoom(ISceneInfo)
UnityEngine.AndroidJavaRunnable:Invoke()
OHD.UI.CraftRuneUIViewModel:RaiseOnCraftEvent()
OHD.UI.RewardReceiveUIViewController:OnClickConfirmButton()
UnityEngine.AndroidJavaRunnable:Invoke()
UnityEngine.Events.InvokableCall:Invoke()
UnityEngine.Events.UnityEvent:Invoke()
System.Xml.XmlNodeChangedEventHandler:Invoke(Object, XmlNodeChangedEventArgs)
UnityEngine.EventSystems.ExecuteEvents:Execute(GameObject, BaseEventData, EventFunction`1)
UnityEngine.InputSystem.UI.InputSystemUIInputModule:ProcessPointerButton(ButtonState&, PointerEventData)
UnityEngine.InputSystem.UI.InputSystemUIInputModule:ProcessPointer(PointerModel&)
UnityEngine.InputSystem.UI.InputSystemUIInputModule:Process()
UnityEngine.EventSystems.EventSystem:Update()

[369] Change Update Type = Room -> Dungeon
UnityEngine.Logger:Log(LogType, Object)
UnityEngine.Debug:Log(Object)
OHD.GameObjects.GameUpdateDelegator:Switch(TargetType, Boolean)
OHD.Dungeons.DungeonBase:LeaveRoom(ISceneInfo)
UnityEngine.AndroidJavaRunnable:Invoke()
OHD.UI.CraftRuneUIViewModel:RaiseOnCraftEvent()
OHD.UI.RewardReceiveUIViewController:OnClickConfirmButton()
UnityEngine.AndroidJavaRunnable:Invoke()
UnityEngine.Events.InvokableCall:Invoke()
UnityEngine.Events.UnityEvent:Invoke()
System.Xml.XmlNodeChangedEventHandler:Invoke(Object, XmlNodeChangedEventArgs)
UnityEngine.EventSystems.ExecuteEvents:Execute(GameObject, BaseEventData, EventFunction`1)
UnityEngine.InputSystem.UI.InputSystemUIInputModule:ProcessPointerButton(ButtonState&, PointerEventData)
UnityEngine.InputSystem.UI.InputSystemUIInputModule:ProcessPointer(PointerModel&)
UnityEngine.InputSystem.UI.InputSystemUIInputModule:Process()
UnityEngine.EventSystems.EventSystem:Update()

[464] Save Midway State. 0.044 s
UnityEngine.Logger:Log(LogType, Object)
UnityEngine.Debug:Log(Object)
OHD.Dungeons.HundrenDungeon:SaveMidwayState()
OHD.Dungeons.HundrenDungeon:OnEnterDungeonScene(SceneBase)
System.Action`1:Invoke(T)
SceneTransitInfo:RaiseOnLoadSuccess(SceneBase)
OHD.Scenes.<<CheckTransit>g__ProcessTransit|18_0>d:MoveNext()
UnityEngine.SetupCoroutine:InvokeMoveNext(IEnumerator, IntPtr)

[714] Enter Room [x:8 y:1]
UnityEngine.Logger:Log(LogType, Object)
UnityEngine.Debug:Log(Object)
OHD.Dungeons.DungeonBase:EnterRoom(Int32, Int32)
HundrenDungeonScene:OnClickCell(ChessCellObject)
System.Action`1:Invoke(T)
OHD.GameObjects.ChessGridObject:ProcessCheckHover()

[714] [Room : EventRoom] Init
UnityEngine.Logger:Log(LogType, Object)
UnityEngine.Debug:Log(Object)
OHD.Dungeons.DungeonRoomBase:Init()
OHD.Dungeons.DungeonBase:EnterRoom(Int32, Int32)
HundrenDungeonScene:OnClickCell(ChessCellObject)
System.Action`1:Invoke(T)
OHD.GameObjects.ChessGridObject:ProcessCheckHover()

[714] Change Update Type = Dungeon -> Room
UnityEngine.Logger:Log(LogType, Object)
UnityEngine.Debug:Log(Object)
OHD.GameObjects.GameUpdateDelegator:Switch(TargetType, Boolean)
OHD.Dungeons.DungeonBase:EnterRoom(Int32, Int32)
HundrenDungeonScene:OnClickCell(ChessCellObject)
System.Action`1:Invoke(T)
OHD.GameObjects.ChessGridObject:ProcessCheckHover()

[933] [Room : EventRoom] Enter
UnityEngine.Logger:Log(LogType, Object)
UnityEngine.Debug:Log(Object)
OHD.Dungeons.DungeonRoomBase:Enter(SceneBase)
System.Action`1:Invoke(T)
SceneTransitInfo:RaiseOnLoadSuccess(SceneBase)
OHD.Scenes.<<CheckTransit>g__ProcessTransit|18_0>d:MoveNext()
UnityEngine.SetupCoroutine:InvokeMoveNext(IEnumerator, IntPtr)

[185] Broadcast_SendStop
UnityEngine.Logger:Log(LogType, Object)
UnityEngine.Debug:Log(Object)
OHD.ThirdPartySupport.Lovenses.LovenseToy:Broadcast_SendStop(List`1)
OHD.Dungeons.PlotMachines.PlotMachine:DoPlotEnd()
OHD.Dungeons.PlotMachines.PlotCmd_Dialog_ShowSkip:<OnClickSkip>b__22_0(AlertDialogResult)
System.Action`1:Invoke(T)
OHD.UI.AlertDialogUIViewModel:RaiseOnClickEvent(AlertDialogResult)
OHD.UI.AlertDialogUIViewController:OnClickPositiveButton()
UnityEngine.AndroidJavaRunnable:Invoke()
UnityEngine.Events.InvokableCall:Invoke()
UnityEngine.Events.UnityEvent:Invoke()
System.Xml.XmlNodeChangedEventHandler:Invoke(Object, XmlNodeChangedEventArgs)
UnityEngine.EventSystems.ExecuteEvents:Execute(GameObject, BaseEventData, EventFunction`1)
UnityEngine.InputSystem.UI.InputSystemUIInputModule:ProcessPointerButton(ButtonState&, PointerEventData)
UnityEngine.InputSystem.UI.InputSystemUIInputModule:ProcessPointer(PointerModel&)
UnityEngine.InputSystem.UI.InputSystemUIInputModule:Process()
UnityEngine.EventSystems.EventSystem:Update()

Main Camera: 3 camera overlays no longer exists and will be removed from the camera stack.
UnityEngine.Logger:Log(LogType, Object)
UnityEngine.Debug:LogWarning(Object)
UnityEngine.Rendering.Universal.UniversalAdditionalCameraData:UpdateCameraStack()
UnityEngine.Rendering.Universal.UniversalRenderPipeline:RenderCameraStack(ScriptableRenderContext, Camera)
UnityEngine.Rendering.Universal.UniversalRenderPipeline:Render(ScriptableRenderContext, Camera[])
UnityEngine.Rendering.RenderPipelineManager:DoRenderLoop_Internal(RenderPipelineAsset, IntPtr, List`1)

[35] Yeah
UnityEngine.Logger:Log(LogType, Object)
UnityEngine.Debug:LogError(Object)
OHD.UI.CardInstallSuffixUIViewController:OnClickInstallButton()
UnityEngine.AndroidJavaRunnable:Invoke()
UnityEngine.Events.InvokableCall:Invoke()
UnityEngine.Events.UnityEvent:Invoke()
System.Xml.XmlNodeChangedEventHandler:Invoke(Object, XmlNodeChangedEventArgs)
UnityEngine.EventSystems.ExecuteEvents:Execute(GameObject, BaseEventData, EventFunction`1)
UnityEngine.InputSystem.UI.InputSystemUIInputModule:ProcessPointerButton(ButtonState&, PointerEventData)
UnityEngine.InputSystem.UI.InputSystemUIInputModule:ProcessPointer(PointerModel&)
UnityEngine.InputSystem.UI.InputSystemUIInputModule:Process()
UnityEngine.EventSystems.EventSystem:Update()

[297] [Room : EventRoom] Leave
UnityEngine.Logger:Log(LogType, Object)
UnityEngine.Debug:Log(Object)
OHD.Dungeons.DungeonRoomBase:Leave()
OHD.Dungeons.DungeonBase:LeaveRoom(ISceneInfo)
UnityEngine.AndroidJavaRunnable:Invoke()
OHD.UI.CardInstallSuffixUIViewModel:TriggerInstalledEvt()
OHD.UI.CardInstallSuffixUIViewController:<OnClickInstallButton>b__38_0(List`1)
System.Action`1:Invoke(T)
OHD.UI.SelectCardUIViewModel:RaiseOnSelectEvent()
OHD.UI.SelectCardUIViewController:<OnCreate>b__20_2()
UnityEngine.AndroidJavaRunnable:Invoke()
UnityEngine.Events.InvokableCall:Invoke()
UnityEngine.Events.UnityEvent:Invoke()
System.Xml.XmlNodeChangedEventHandler:Invoke(Object, XmlNodeChangedEventArgs)
UnityEngine.EventSystems.ExecuteEvents:Execute(GameObject, BaseEventData, EventFunction`1)
UnityEngine.InputSystem.UI.InputSystemUIInputModule:ProcessPointerButton(ButtonState&, PointerEventData)
UnityEngine.InputSystem.UI.InputSystemUIInputModule:ProcessPointer(PointerModel&)
UnityEngine.InputSystem.UI.InputSystemUIInputModule:Process()
UnityEngine.EventSystems.EventSystem:Update()

[297] Change Update Type = Room -> Dungeon
UnityEngine.Logger:Log(LogType, Object)
UnityEngine.Debug:Log(Object)
OHD.GameObjects.GameUpdateDelegator:Switch(TargetType, Boolean)
OHD.Dungeons.DungeonBase:LeaveRoom(ISceneInfo)
UnityEngine.AndroidJavaRunnable:Invoke()
OHD.UI.CardInstallSuffixUIViewModel:TriggerInstalledEvt()
OHD.UI.CardInstallSuffixUIViewController:<OnClickInstallButton>b__38_0(List`1)
System.Action`1:Invoke(T)
OHD.UI.SelectCardUIViewModel:RaiseOnSelectEvent()
OHD.UI.SelectCardUIViewController:<OnCreate>b__20_2()
UnityEngine.AndroidJavaRunnable:Invoke()
UnityEngine.Events.InvokableCall:Invoke()
UnityEngine.Events.UnityEvent:Invoke()
System.Xml.XmlNodeChangedEventHandler:Invoke(Object, XmlNodeChangedEventArgs)
UnityEngine.EventSystems.ExecuteEvents:Execute(GameObject, BaseEventData, EventFunction`1)
UnityEngine.InputSystem.UI.InputSystemUIInputModule:ProcessPointerButton(ButtonState&, PointerEventData)
UnityEngine.InputSystem.UI.InputSystemUIInputModule:ProcessPointer(PointerModel&)
UnityEngine.InputSystem.UI.InputSystemUIInputModule:Process()
UnityEngine.EventSystems.EventSystem:Update()

[480] Save Midway State. 0.044 s
UnityEngine.Logger:Log(LogType, Object)
UnityEngine.Debug:Log(Object)
OHD.Dungeons.HundrenDungeon:SaveMidwayState()
OHD.Dungeons.HundrenDungeon:OnEnterDungeonScene(SceneBase)
System.Action`1:Invoke(T)
SceneTransitInfo:RaiseOnLoadSuccess(SceneBase)
OHD.Scenes.<<CheckTransit>g__ProcessTransit|18_0>d:MoveNext()
UnityEngine.SetupCoroutine:InvokeMoveNext(IEnumerator, IntPtr)

[723] Enter Room [x:9 y:2]
UnityEngine.Logger:Log(LogType, Object)
UnityEngine.Debug:Log(Object)
OHD.Dungeons.DungeonBase:EnterRoom(Int32, Int32)
HundrenDungeonScene:OnClickCell(ChessCellObject)
System.Action`1:Invoke(T)
OHD.GameObjects.ChessGridObject:ProcessCheckHover()

[723] [Room : TreasureRoom] Init
UnityEngine.Logger:Log(LogType, Object)
UnityEngine.Debug:Log(Object)
OHD.Dungeons.DungeonRoomBase:Init()
OHD.Dungeons.DungeonBase:EnterRoom(Int32, Int32)
HundrenDungeonScene:OnClickCell(ChessCellObject)
System.Action`1:Invoke(T)
OHD.GameObjects.ChessGridObject:ProcessCheckHover()

[723] Change Update Type = Dungeon -> Room
UnityEngine.Logger:Log(LogType, Object)
UnityEngine.Debug:Log(Object)
OHD.GameObjects.GameUpdateDelegator:Switch(TargetType, Boolean)
OHD.Dungeons.DungeonBase:EnterRoom(Int32, Int32)
HundrenDungeonScene:OnClickCell(ChessCellObject)
System.Action`1:Invoke(T)
OHD.GameObjects.ChessGridObject:ProcessCheckHover()

[947] [Room : TreasureRoom] Enter
UnityEngine.Logger:Log(LogType, Object)
UnityEngine.Debug:Log(Object)
OHD.Dungeons.DungeonRoomBase:Enter(SceneBase)
System.Action`1:Invoke(T)
SceneTransitInfo:RaiseOnLoadSuccess(SceneBase)
OHD.Scenes.<<CheckTransit>g__ProcessTransit|18_0>d:MoveNext()
UnityEngine.SetupCoroutine:InvokeMoveNext(IEnumerator, IntPtr)

[104] [Room : TreasureRoom] Leave
UnityEngine.Logger:Log(LogType, Object)
UnityEngine.Debug:Log(Object)
OHD.Dungeons.DungeonRoomBase:Leave()
OHD.Dungeons.DungeonBase:LeaveRoom(ISceneInfo)
OHD.UI.<ProcessReceiveReward>d__49:MoveNext()
UnityEngine.SetupCoroutine:InvokeMoveNext(IEnumerator, IntPtr)

[104] Change Update Type = Room -> Dungeon
UnityEngine.Logger:Log(LogType, Object)
UnityEngine.Debug:Log(Object)
OHD.GameObjects.GameUpdateDelegator:Switch(TargetType, Boolean)
OHD.Dungeons.DungeonBase:LeaveRoom(ISceneInfo)
OHD.UI.<ProcessReceiveReward>d__49:MoveNext()
UnityEngine.SetupCoroutine:InvokeMoveNext(IEnumerator, IntPtr)

[287] Save Midway State. 0.055 s
UnityEngine.Logger:Log(LogType, Object)
UnityEngine.Debug:Log(Object)
OHD.Dungeons.HundrenDungeon:SaveMidwayState()
OHD.Dungeons.HundrenDungeon:OnEnterDungeonScene(SceneBase)
System.Action`1:Invoke(T)
SceneTransitInfo:RaiseOnLoadSuccess(SceneBase)
OHD.Scenes.<<CheckTransit>g__ProcessTransit|18_0>d:MoveNext()
UnityEngine.SetupCoroutine:InvokeMoveNext(IEnumerator, IntPtr)

[241] Enter Room [x:8 y:3]
UnityEngine.Logger:Log(LogType, Object)
UnityEngine.Debug:Log(Object)
OHD.Dungeons.DungeonBase:EnterRoom(Int32, Int32)
HundrenDungeonScene:OnClickCell(ChessCellObject)
System.Action`1:Invoke(T)
OHD.GameObjects.ChessGridObject:ProcessCheckHover()

[241] [Room : BattleRoom] Init
UnityEngine.Logger:Log(LogType, Object)
UnityEngine.Debug:Log(Object)
OHD.Dungeons.DungeonRoomBase:Init()
OHD.Dungeons.DungeonBase:EnterRoom(Int32, Int32)
HundrenDungeonScene:OnClickCell(ChessCellObject)
System.Action`1:Invoke(T)
OHD.GameObjects.ChessGridObject:ProcessCheckHover()

[241] Change Update Type = Dungeon -> Room
UnityEngine.Logger:Log(LogType, Object)
UnityEngine.Debug:Log(Object)
OHD.GameObjects.GameUpdateDelegator:Switch(TargetType, Boolean)
OHD.Dungeons.DungeonBase:EnterRoom(Int32, Int32)
HundrenDungeonScene:OnClickCell(ChessCellObject)
System.Action`1:Invoke(T)
OHD.GameObjects.ChessGridObject:ProcessCheckHover()

Material Crystal Fire doesn't have _Stencil property
UnityEngine.Logger:Log(LogType, Object, Object)
UnityEngine.Debug:LogWarning(Object, Object)
UnityEngine.UI.StencilMaterial:LogWarningWhenNotInBatchmode(String, Object)
UnityEngine.UI.StencilMaterial:Add(Material, Int32, StencilOp, CompareFunction, ColorWriteMask, Int32, Int32)
UnityEngine.UI.MaskableGraphic:GetModifiedMaterial(Material)
UnityEngine.UI.Graphic:get_materialForRendering()
UnityEngine.UI.Graphic:UpdateMaterial()
UnityEngine.UI.Image:UpdateMaterial()
UnityEngine.UI.Graphic:Rebuild(CanvasUpdate)
UnityEngine.UI.CanvasUpdateRegistry:PerformUpdate()
Effekseer.EffekseerSoundPlayerStopAll:Invoke()
UnityEngine.UI.ScrollRect:SetNormalizedPosition(Single, Int32)
UnityEngine.UI.ScrollRect:set_normalizedPosition(Vector2)
OHD.UI.LayoutGroupCtrl`1:ResetScrollPos(Single, Single)
OHD.UI.LayoutGroupCtrl`1:Reload(IEnumerable`1, Action`2)
OHD.UI.BattlePowerListPanelUIView:OnViewModelChanged()
OHD.UI.UIView:TriggerStartAction()
OHD.UI.UIView:Awake()

[461] [Room : BattleRoom] Enter
UnityEngine.Logger:Log(LogType, Object)
UnityEngine.Debug:Log(Object)
OHD.Dungeons.DungeonRoomBase:Enter(SceneBase)
System.Action`1:Invoke(T)
SceneTransitInfo:RaiseOnLoadSuccess(SceneBase)
OHD.Scenes.<<CheckTransit>g__ProcessTransit|18_0>d:MoveNext()
UnityEngine.SetupCoroutine:InvokeMoveNext(IEnumerator, IntPtr)

[690] 當前回合 : 1
UnityEngine.Logger:Log(LogType, Object)
UnityEngine.Debug:Log(Object)
OHD.GameActions.<Process>d__2:MoveNext()
UnityEngine.SetupCoroutine:InvokeMoveNext(IEnumerator, IntPtr)

[815] [GA_General_Attack] Deal 26 DMG x 1  time.
UnityEngine.Logger:Log(LogType, Object)
UnityEngine.Debug:Log(Object)
OHD.Dungeons.Monster.PatternizedMonsterBase:GA_General_Attack(BattleCreature, ActionExecutionData)
OHD.Dungeons.Monster.PatternizedMonsterBase:MA_General_Attack(ActionExecutionData)
System.Func`2:Invoke(T)
OHD.Dungeons.Monster.ActionPattern:CreateAction(Int32)
OHD.Dungeons.Monster.ActionPatternExecutor:FlushNextAction()
OHD.Dungeons.Monster.PatternizedMonsterBase:OnExecuteOperation(BattleRoomPlayer)
OHD.Dungeons.Monster.<ExecuteOperation>d__65:MoveNext()
UnityEngine.SetupCoroutine:InvokeMoveNext(IEnumerator, IntPtr)

[304] 當前回合 : 2
UnityEngine.Logger:Log(LogType, Object)
UnityEngine.Debug:Log(Object)
OHD.GameActions.<Process>d__2:MoveNext()
UnityEngine.SetupCoroutine:InvokeMoveNext(IEnumerator, IntPtr)

Material 'AllySummonFire_top' with Shader 'Shader Graphs/ZeldaFire_Unlit' doesn't have a texture property '_MainTex'
UnityEngine.Material:get_mainTexture()
UnityEngine.UI.Image:get_mainTexture()
UnityEngine.UI.Graphic:UpdateMaterial()
UnityEngine.UI.Image:UpdateMaterial()
UnityEngine.UI.Graphic:Rebuild(CanvasUpdate)
UnityEngine.UI.CanvasUpdateRegistry:PerformUpdate()
Effekseer.EffekseerSoundPlayerStopAll:Invoke()

[ line 1926229080]

Material 'AllySummonFire_bottom' with Shader 'Shader Graphs/ZeldaFire_Unlit' doesn't have a texture property '_MainTex'
UnityEngine.Material:get_mainTexture()
UnityEngine.UI.Image:get_mainTexture()
UnityEngine.UI.Graphic:UpdateMaterial()
UnityEngine.UI.Image:UpdateMaterial()
UnityEngine.UI.Graphic:Rebuild(CanvasUpdate)
UnityEngine.UI.CanvasUpdateRegistry:PerformUpdate()
Effekseer.EffekseerSoundPlayerStopAll:Invoke()

[ line 1926229080]

Material 'AllySummonFire_top' with Shader 'Shader Graphs/ZeldaFire_Unlit' doesn't have a texture property '_MainTex'
UnityEngine.Material:get_mainTexture()
UnityEngine.UI.Image:get_mainTexture()
UnityEngine.UI.Graphic:UpdateMaterial()
UnityEngine.UI.Image:UpdateMaterial()
UnityEngine.UI.Graphic:Rebuild(CanvasUpdate)
UnityEngine.UI.CanvasUpdateRegistry:PerformUpdate()
Effekseer.EffekseerSoundPlayerStopAll:Invoke()

[ line 1926229080]

Material 'AllySummonFire_bottom_reverse' with Shader 'Shader Graphs/ZeldaFire_Unlit' doesn't have a texture property '_MainTex'
UnityEngine.Material:get_mainTexture()
UnityEngine.UI.Image:get_mainTexture()
UnityEngine.UI.Graphic:UpdateMaterial()
UnityEngine.UI.Image:UpdateMaterial()
UnityEngine.UI.Graphic:Rebuild(CanvasUpdate)
UnityEngine.UI.CanvasUpdateRegistry:PerformUpdate()
Effekseer.EffekseerSoundPlayerStopAll:Invoke()

[ line 1926229080]

[215] [GA_General_Attack] Deal 26 DMG x 1  time.
UnityEngine.Logger:Log(LogType, Object)
UnityEngine.Debug:Log(Object)
OHD.Dungeons.Monster.PatternizedMonsterBase:GA_General_Attack(BattleCreature, ActionExecutionData)
OHD.Dungeons.Monster.PatternizedMonsterBase:MA_General_Attack(ActionExecutionData)
System.Func`2:Invoke(T)
OHD.Dungeons.Monster.ActionPattern:CreateAction(Int32)
OHD.Dungeons.Monster.ActionPatternExecutor:FlushNextAction()
OHD.Dungeons.Monster.PatternizedMonsterBase:OnExecuteOperation(BattleRoomPlayer)
OHD.Dungeons.Monster.<ExecuteOperation>d__65:MoveNext()
UnityEngine.SetupCoroutine:InvokeMoveNext(IEnumerator, IntPtr)

[479] [GA_General_Attack] Deal 24 DMG x 1  time.
UnityEngine.Logger:Log(LogType, Object)
UnityEngine.Debug:Log(Object)
OHD.Dungeons.Monster.PatternizedMonsterBase:GA_General_Attack(BattleCreature, ActionExecutionData)
OHD.Dungeons.Monster.PatternizedMonsterBase:MA_General_Attack(ActionExecutionData)
OHD.Dungeons.Monster.Monster362:MA_Attack(ActionExecutionData)
System.Func`2:Invoke(T)
OHD.Dungeons.Monster.ActionPattern:CreateAction(Int32)
OHD.Dungeons.Monster.ActionPatternExecutor:FlushNextAction()
OHD.Dungeons.Monster.PatternizedMonsterBase:OnExecuteOperation(BattleRoomPlayer)
OHD.Dungeons.Monster.<ExecuteOperation>d__65:MoveNext()
UnityEngine.SetupCoroutine:InvokeMoveNext(IEnumerator, IntPtr)

[739] 當前回合 : 3
UnityEngine.Logger:Log(LogType, Object)
UnityEngine.Debug:Log(Object)
OHD.GameActions.<Process>d__2:MoveNext()
UnityEngine.SetupCoroutine:InvokeMoveNext(IEnumerator, IntPtr)

[253] [GA_General_Attack] Deal 26 DMG x 1  time.
UnityEngine.Logger:Log(LogType, Object)
UnityEngine.Debug:Log(Object)
OHD.Dungeons.Monster.PatternizedMonsterBase:GA_General_Attack(BattleCreature, ActionExecutionData)
OHD.Dungeons.Monster.PatternizedMonsterBase:MA_General_Attack(ActionExecutionData)
System.Func`2:Invoke(T)
OHD.Dungeons.Monster.ActionPattern:CreateAction(Int32)
OHD.Dungeons.Monster.ActionPatternExecutor:FlushNextAction()
OHD.Dungeons.Monster.PatternizedMonsterBase:OnExecuteOperation(BattleRoomPlayer)
OHD.Dungeons.Monster.<ExecuteOperation>d__65:MoveNext()
UnityEngine.SetupCoroutine:InvokeMoveNext(IEnumerator, IntPtr)

[516] Berserker Kitten Kill!
UnityEngine.Logger:Log(LogType, Object)
UnityEngine.Debug:Log(Object)
OHD.GameActions.<Process>d__6:MoveNext()
UnityEngine.SetupCoroutine:InvokeMoveNext(IEnumerator, IntPtr)

[702] [GA_General_Attack] Deal 24 DMG x 1  time.
UnityEngine.Logger:Log(LogType, Object)
UnityEngine.Debug:Log(Object)
OHD.Dungeons.Monster.PatternizedMonsterBase:GA_General_Attack(BattleCreature, ActionExecutionData)
OHD.Dungeons.Monster.PatternizedMonsterBase:MA_General_Attack(ActionExecutionData)
OHD.Dungeons.Monster.Monster362:MA_Attack(ActionExecutionData)
System.Func`2:Invoke(T)
OHD.Dungeons.Monster.ActionPattern:CreateAction(Int32)
OHD.Dungeons.Monster.ActionPatternExecutor:FlushNextAction()
OHD.Dungeons.Monster.PatternizedMonsterBase:OnExecuteOperation(BattleRoomPlayer)
OHD.Dungeons.Monster.<ExecuteOperation>d__65:MoveNext()
UnityEngine.SetupCoroutine:InvokeMoveNext(IEnumerator, IntPtr)

[19] 當前回合 : 4
UnityEngine.Logger:Log(LogType, Object)
UnityEngine.Debug:Log(Object)
OHD.GameActions.<Process>d__2:MoveNext()
UnityEngine.SetupCoroutine:InvokeMoveNext(IEnumerator, IntPtr)

Material 'AllySummonFire_top' with Shader 'Shader Graphs/ZeldaFire_Unlit' doesn't have a texture property '_MainTex'
UnityEngine.Material:get_mainTexture()
UnityEngine.UI.Image:get_mainTexture()
UnityEngine.UI.Graphic:UpdateMaterial()
UnityEngine.UI.Image:UpdateMaterial()
UnityEngine.UI.Graphic:Rebuild(CanvasUpdate)
UnityEngine.UI.CanvasUpdateRegistry:PerformUpdate()
Effekseer.EffekseerSoundPlayerStopAll:Invoke()

[ line 1926229080]

Material 'AllySummonFire_bottom_reverse' with Shader 'Shader Graphs/ZeldaFire_Unlit' doesn't have a texture property '_MainTex'
UnityEngine.Material:get_mainTexture()
UnityEngine.UI.Image:get_mainTexture()
UnityEngine.UI.Graphic:UpdateMaterial()
UnityEngine.UI.Image:UpdateMaterial()
UnityEngine.UI.Graphic:Rebuild(CanvasUpdate)
UnityEngine.UI.CanvasUpdateRegistry:PerformUpdate()
Effekseer.EffekseerSoundPlayerStopAll:Invoke()

[ line 1926229080]

[81] Flayer Goblin Kill!
UnityEngine.Logger:Log(LogType, Object)
UnityEngine.Debug:Log(Object)
OHD.GameActions.<Process>d__6:MoveNext()
UnityEngine.SetupCoroutine:InvokeMoveNext(IEnumerator, IntPtr)

[732] [Room : BattleRoom] Leave
UnityEngine.Logger:Log(LogType, Object)
UnityEngine.Debug:Log(Object)
OHD.Dungeons.DungeonRoomBase:Leave()
OHD.Dungeons.DungeonBase:LeaveRoom(ISceneInfo)
UnityEngine.AndroidJavaRunnable:Invoke()
OHD.UI.CraftRuneUIViewModel:RaiseOnCraftEvent()
OHD.UI.RewardReceiveUIViewController:OnClickConfirmButton()
UnityEngine.AndroidJavaRunnable:Invoke()
UnityEngine.Events.InvokableCall:Invoke()
UnityEngine.Events.UnityEvent:Invoke()
System.Xml.XmlNodeChangedEventHandler:Invoke(Object, XmlNodeChangedEventArgs)
UnityEngine.EventSystems.ExecuteEvents:Execute(GameObject, BaseEventData, EventFunction`1)
UnityEngine.InputSystem.UI.InputSystemUIInputModule:ProcessPointerButton(ButtonState&, PointerEventData)
UnityEngine.InputSystem.UI.InputSystemUIInputModule:ProcessPointer(PointerModel&)
UnityEngine.InputSystem.UI.InputSystemUIInputModule:Process()
UnityEngine.EventSystems.EventSystem:Update()

[732] Change Update Type = Room -> Dungeon
UnityEngine.Logger:Log(LogType, Object)
UnityEngine.Debug:Log(Object)
OHD.GameObjects.GameUpdateDelegator:Switch(TargetType, Boolean)
OHD.Dungeons.DungeonBase:LeaveRoom(ISceneInfo)
UnityEngine.AndroidJavaRunnable:Invoke()
OHD.UI.CraftRuneUIViewModel:RaiseOnCraftEvent()
OHD.UI.RewardReceiveUIViewController:OnClickConfirmButton()
UnityEngine.AndroidJavaRunnable:Invoke()
UnityEngine.Events.InvokableCall:Invoke()
UnityEngine.Events.UnityEvent:Invoke()
System.Xml.XmlNodeChangedEventHandler:Invoke(Object, XmlNodeChangedEventArgs)
UnityEngine.EventSystems.ExecuteEvents:Execute(GameObject, BaseEventData, EventFunction`1)
UnityEngine.InputSystem.UI.InputSystemUIInputModule:ProcessPointerButton(ButtonState&, PointerEventData)
UnityEngine.InputSystem.UI.InputSystemUIInputModule:ProcessPointer(PointerModel&)
UnityEngine.InputSystem.UI.InputSystemUIInputModule:Process()
UnityEngine.EventSystems.EventSystem:Update()

[828] Save Midway State. 0.045 s
UnityEngine.Logger:Log(LogType, Object)
UnityEngine.Debug:Log(Object)
OHD.Dungeons.HundrenDungeon:SaveMidwayState()
OHD.Dungeons.HundrenDungeon:OnEnterDungeonScene(SceneBase)
System.Action`1:Invoke(T)
SceneTransitInfo:RaiseOnLoadSuccess(SceneBase)
OHD.Scenes.<<CheckTransit>g__ProcessTransit|18_0>d:MoveNext()
UnityEngine.SetupCoroutine:InvokeMoveNext(IEnumerator, IntPtr)

[678] Enter Room [x:7 y:4]
UnityEngine.Logger:Log(LogType, Object)
UnityEngine.Debug:Log(Object)
OHD.Dungeons.DungeonBase:EnterRoom(Int32, Int32)
HundrenDungeonScene:OnClickCell(ChessCellObject)
System.Action`1:Invoke(T)
OHD.GameObjects.ChessGridObject:ProcessCheckHover()

[678] [Room : BattleRoom] Init
UnityEngine.Logger:Log(LogType, Object)
UnityEngine.Debug:Log(Object)
OHD.Dungeons.DungeonRoomBase:Init()
OHD.Dungeons.DungeonBase:EnterRoom(Int32, Int32)
HundrenDungeonScene:OnClickCell(ChessCellObject)
System.Action`1:Invoke(T)
OHD.GameObjects.ChessGridObject:ProcessCheckHover()

[678] Change Update Type = Dungeon -> Room
UnityEngine.Logger:Log(LogType, Object)
UnityEngine.Debug:Log(Object)
OHD.GameObjects.GameUpdateDelegator:Switch(TargetType, Boolean)
OHD.Dungeons.DungeonBase:EnterRoom(Int32, Int32)
HundrenDungeonScene:OnClickCell(ChessCellObject)
System.Action`1:Invoke(T)
OHD.GameObjects.ChessGridObject:ProcessCheckHover()

Material Crystal Fire doesn't have _Stencil property
UnityEngine.Logger:Log(LogType, Object, Object)
UnityEngine.Debug:LogWarning(Object, Object)
UnityEngine.UI.StencilMaterial:LogWarningWhenNotInBatchmode(String, Object)
UnityEngine.UI.StencilMaterial:Add(Material, Int32, StencilOp, CompareFunction, ColorWriteMask, Int32, Int32)
UnityEngine.UI.MaskableGraphic:GetModifiedMaterial(Material)
UnityEngine.UI.Graphic:get_materialForRendering()
UnityEngine.UI.Graphic:UpdateMaterial()
UnityEngine.UI.Image:UpdateMaterial()
UnityEngine.UI.Graphic:Rebuild(CanvasUpdate)
UnityEngine.UI.CanvasUpdateRegistry:PerformUpdate()
Effekseer.EffekseerSoundPlayerStopAll:Invoke()
UnityEngine.UI.ScrollRect:SetNormalizedPosition(Single, Int32)
UnityEngine.UI.ScrollRect:set_normalizedPosition(Vector2)
OHD.UI.LayoutGroupCtrl`1:ResetScrollPos(Single, Single)
OHD.UI.LayoutGroupCtrl`1:Reload(IEnumerable`1, Action`2)
OHD.UI.BattlePowerListPanelUIView:OnViewModelChanged()
OHD.UI.UIView:TriggerStartAction()
OHD.UI.UIView:Awake()

[899] [Room : BattleRoom] Enter
UnityEngine.Logger:Log(LogType, Object)
UnityEngine.Debug:Log(Object)
OHD.Dungeons.DungeonRoomBase:Enter(SceneBase)
System.Action`1:Invoke(T)
SceneTransitInfo:RaiseOnLoadSuccess(SceneBase)
OHD.Scenes.<<CheckTransit>g__ProcessTransit|18_0>d:MoveNext()
UnityEngine.SetupCoroutine:InvokeMoveNext(IEnumerator, IntPtr)

[119] 當前回合 : 1
UnityEngine.Logger:Log(LogType, Object)
UnityEngine.Debug:Log(Object)
OHD.GameActions.<Process>d__2:MoveNext()
UnityEngine.SetupCoroutine:InvokeMoveNext(IEnumerator, IntPtr)

[250] [GA_General_Attack] Deal 2 DMG x 2  time.
UnityEngine.Logger:Log(LogType, Object)
UnityEngine.Debug:Log(Object)
OHD.Dungeons.Monster.PatternizedMonsterBase:GA_General_Attack(BattleCreature, ActionExecutionData)
OHD.Dungeons.Monster.Monster363:MA_Attack_And_ReduceAura(ActionExecutionData)
System.Func`2:Invoke(T)
OHD.Dungeons.Monster.ActionPattern:CreateAction(Int32)
OHD.Dungeons.Monster.ActionPatternExecutor:FlushNextAction()
OHD.Dungeons.Monster.PatternizedMonsterBase:OnExecuteOperation(BattleRoomPlayer)
OHD.Dungeons.Monster.<ExecuteOperation>d__65:MoveNext()
UnityEngine.SetupCoroutine:InvokeMoveNext(IEnumerator, IntPtr)

[756] 當前回合 : 2
UnityEngine.Logger:Log(LogType, Object)
UnityEngine.Debug:Log(Object)
OHD.GameActions.<Process>d__2:MoveNext()
UnityEngine.SetupCoroutine:InvokeMoveNext(IEnumerator, IntPtr)

[744] [GA_General_Attack] Deal 2 DMG x 4  time.
UnityEngine.Logger:Log(LogType, Object)
UnityEngine.Debug:Log(Object)
OHD.Dungeons.Monster.PatternizedMonsterBase:GA_General_Attack(BattleCreature, ActionExecutionData)
OHD.Dungeons.Monster.Monster363:MA_Attack_And_ReduceAura(ActionExecutionData)
System.Func`2:Invoke(T)
OHD.Dungeons.Monster.ActionPattern:CreateAction(Int32)
OHD.Dungeons.Monster.ActionPatternExecutor:FlushNextAction()
OHD.Dungeons.Monster.PatternizedMonsterBase:OnExecuteOperation(BattleRoomPlayer)
OHD.Dungeons.Monster.<ExecuteOperation>d__65:MoveNext()
UnityEngine.SetupCoroutine:InvokeMoveNext(IEnumerator, IntPtr)

[120] [GA_General_Attack] Deal 24 DMG x 1  time.
UnityEngine.Logger:Log(LogType, Object)
UnityEngine.Debug:Log(Object)
OHD.Dungeons.Monster.PatternizedMonsterBase:GA_General_Attack(BattleCreature, ActionExecutionData)
OHD.Dungeons.Monster.PatternizedMonsterBase:MA_General_Attack(ActionExecutionData)
OHD.Dungeons.Monster.Monster362:MA_Attack(ActionExecutionData)
System.Func`2:Invoke(T)
OHD.Dungeons.Monster.ActionPattern:CreateAction(Int32)
OHD.Dungeons.Monster.ActionPatternExecutor:FlushNextAction()
OHD.Dungeons.Monster.PatternizedMonsterBase:OnExecuteOperation(BattleRoomPlayer)
OHD.Dungeons.Monster.<ExecuteOperation>d__65:MoveNext()
UnityEngine.SetupCoroutine:InvokeMoveNext(IEnumerator, IntPtr)

[325] 當前回合 : 3
UnityEngine.Logger:Log(LogType, Object)
UnityEngine.Debug:Log(Object)
OHD.GameActions.<Process>d__2:MoveNext()
UnityEngine.SetupCoroutine:InvokeMoveNext(IEnumerator, IntPtr)

[561] [GA_General_Attack] Deal 2 DMG x 5  time.
UnityEngine.Logger:Log(LogType, Object)
UnityEngine.Debug:Log(Object)
OHD.Dungeons.Monster.PatternizedMonsterBase:GA_General_Attack(BattleCreature, ActionExecutionData)
OHD.Dungeons.Monster.Monster363:MA_Attack_And_ReduceAura(ActionExecutionData)
System.Func`2:Invoke(T)
OHD.Dungeons.Monster.ActionPattern:CreateAction(Int32)
OHD.Dungeons.Monster.ActionPatternExecutor:FlushNextAction()
OHD.Dungeons.Monster.PatternizedMonsterBase:OnExecuteOperation(BattleRoomPlayer)
OHD.Dungeons.Monster.<ExecuteOperation>d__65:MoveNext()
UnityEngine.SetupCoroutine:InvokeMoveNext(IEnumerator, IntPtr)

[985] [GA_General_Attack] Deal 24 DMG x 1  time.
UnityEngine.Logger:Log(LogType, Object)
UnityEngine.Debug:Log(Object)
OHD.Dungeons.Monster.PatternizedMonsterBase:GA_General_Attack(BattleCreature, ActionExecutionData)
OHD.Dungeons.Monster.PatternizedMonsterBase:MA_General_Attack(ActionExecutionData)
OHD.Dungeons.Monster.Monster362:MA_Attack(ActionExecutionData)
System.Func`2:Invoke(T)
OHD.Dungeons.Monster.ActionPattern:CreateAction(Int32)
OHD.Dungeons.Monster.ActionPatternExecutor:FlushNextAction()
OHD.Dungeons.Monster.PatternizedMonsterBase:OnExecuteOperation(BattleRoomPlayer)
OHD.Dungeons.Monster.<ExecuteOperation>d__65:MoveNext()
UnityEngine.SetupCoroutine:InvokeMoveNext(IEnumerator, IntPtr)

[415] 當前回合 : 4
UnityEngine.Logger:Log(LogType, Object)
UnityEngine.Debug:Log(Object)
OHD.GameActions.<Process>d__2:MoveNext()
UnityEngine.SetupCoroutine:InvokeMoveNext(IEnumerator, IntPtr)

[150] [GA_General_Attack] Deal 2 DMG x 5  time.
UnityEngine.Logger:Log(LogType, Object)
UnityEngine.Debug:Log(Object)
OHD.Dungeons.Monster.PatternizedMonsterBase:GA_General_Attack(BattleCreature, ActionExecutionData)
OHD.Dungeons.Monster.Monster363:MA_Attack_And_ReduceAura(ActionExecutionData)
System.Func`2:Invoke(T)
OHD.Dungeons.Monster.ActionPattern:CreateAction(Int32)
OHD.Dungeons.Monster.ActionPatternExecutor:FlushNextAction()
OHD.Dungeons.Monster.PatternizedMonsterBase:OnExecuteOperation(BattleRoomPlayer)
OHD.Dungeons.Monster.<ExecuteOperation>d__65:MoveNext()
UnityEngine.SetupCoroutine:InvokeMoveNext(IEnumerator, IntPtr)

[912] 當前回合 : 5
UnityEngine.Logger:Log(LogType, Object)
UnityEngine.Debug:Log(Object)
OHD.GameActions.<Process>d__2:MoveNext()
UnityEngine.SetupCoroutine:InvokeMoveNext(IEnumerator, IntPtr)

[695] [GA_General_Attack] Deal 2 DMG x 4  time.
UnityEngine.Logger:Log(LogType, Object)
UnityEngine.Debug:Log(Object)
OHD.Dungeons.Monster.PatternizedMonsterBase:GA_General_Attack(BattleCreature, ActionExecutionData)
OHD.Dungeons.Monster.Monster363:MA_Attack_And_ReduceAura(ActionExecutionData)
System.Func`2:Invoke(T)
OHD.Dungeons.Monster.ActionPattern:CreateAction(Int32)
OHD.Dungeons.Monster.ActionPatternExecutor:FlushNextAction()
OHD.Dungeons.Monster.PatternizedMonsterBase:OnExecuteOperation(BattleRoomPlayer)
OHD.Dungeons.Monster.<ExecuteOperation>d__65:MoveNext()
UnityEngine.SetupCoroutine:InvokeMoveNext(IEnumerator, IntPtr)

[71] [GA_General_Attack] Deal 24 DMG x 1  time.
UnityEngine.Logger:Log(LogType, Object)
UnityEngine.Debug:Log(Object)
OHD.Dungeons.Monster.PatternizedMonsterBase:GA_General_Attack(BattleCreature, ActionExecutionData)
OHD.Dungeons.Monster.PatternizedMonsterBase:MA_General_Attack(ActionExecutionData)
OHD.Dungeons.Monster.Monster362:MA_Attack(ActionExecutionData)
System.Func`2:Invoke(T)
OHD.Dungeons.Monster.ActionPattern:CreateAction(Int32)
OHD.Dungeons.Monster.ActionPatternExecutor:FlushNextAction()
OHD.Dungeons.Monster.PatternizedMonsterBase:OnExecuteOperation(BattleRoomPlayer)
OHD.Dungeons.Monster.<ExecuteOperation>d__65:MoveNext()
UnityEngine.SetupCoroutine:InvokeMoveNext(IEnumerator, IntPtr)

[377] Flayer Goblin Kill!
UnityEngine.Logger:Log(LogType, Object)
UnityEngine.Debug:Log(Object)
OHD.GameActions.<Process>d__6:MoveNext()
UnityEngine.SetupCoroutine:InvokeMoveNext(IEnumerator, IntPtr)

[447] 當前回合 : 6
UnityEngine.Logger:Log(LogType, Object)
UnityEngine.Debug:Log(Object)
OHD.GameActions.<Process>d__2:MoveNext()
UnityEngine.SetupCoroutine:InvokeMoveNext(IEnumerator, IntPtr)

[503] [GA_General_Attack] Deal 2 DMG x 4  time.
UnityEngine.Logger:Log(LogType, Object)
UnityEngine.Debug:Log(Object)
OHD.Dungeons.Monster.PatternizedMonsterBase:GA_General_Attack(BattleCreature, ActionExecutionData)
OHD.Dungeons.Monster.Monster363:MA_Attack_And_ReduceAura(ActionExecutionData)
System.Func`2:Invoke(T)
OHD.Dungeons.Monster.ActionPattern:CreateAction(Int32)
OHD.Dungeons.Monster.ActionPatternExecutor:FlushNextAction()
OHD.Dungeons.Monster.PatternizedMonsterBase:OnExecuteOperation(BattleRoomPlayer)
OHD.Dungeons.Monster.<ExecuteOperation>d__65:MoveNext()
UnityEngine.SetupCoroutine:InvokeMoveNext(IEnumerator, IntPtr)

[946] 當前回合 : 7
UnityEngine.Logger:Log(LogType, Object)
UnityEngine.Debug:Log(Object)
OHD.GameActions.<Process>d__2:MoveNext()
UnityEngine.SetupCoroutine:InvokeMoveNext(IEnumerator, IntPtr)

[115] [GA_General_Attack] Deal 2 DMG x 4  time.
UnityEngine.Logger:Log(LogType, Object)
UnityEngine.Debug:Log(Object)
OHD.Dungeons.Monster.PatternizedMonsterBase:GA_General_Attack(BattleCreature, ActionExecutionData)
OHD.Dungeons.Monster.Monster363:MA_Attack_And_ReduceAura(ActionExecutionData)
System.Func`2:Invoke(T)
OHD.Dungeons.Monster.ActionPattern:CreateAction(Int32)
OHD.Dungeons.Monster.ActionPatternExecutor:FlushNextAction()
OHD.Dungeons.Monster.PatternizedMonsterBase:OnExecuteOperation(BattleRoomPlayer)
OHD.Dungeons.Monster.<ExecuteOperation>d__65:MoveNext()
UnityEngine.SetupCoroutine:InvokeMoveNext(IEnumerator, IntPtr)

[558] 當前回合 : 8
UnityEngine.Logger:Log(LogType, Object)
UnityEngine.Debug:Log(Object)
OHD.GameActions.<Process>d__2:MoveNext()
UnityEngine.SetupCoroutine:InvokeMoveNext(IEnumerator, IntPtr)

[674] Nimble Tentacle Kill!
UnityEngine.Logger:Log(LogType, Object)
UnityEngine.Debug:Log(Object)
OHD.GameActions.<Process>d__6:MoveNext()
UnityEngine.SetupCoroutine:InvokeMoveNext(IEnumerator, IntPtr)

[257] [Room : BattleRoom] Leave
UnityEngine.Logger:Log(LogType, Object)
UnityEngine.Debug:Log(Object)
OHD.Dungeons.DungeonRoomBase:Leave()
OHD.Dungeons.DungeonBase:LeaveRoom(ISceneInfo)
UnityEngine.AndroidJavaRunnable:Invoke()
OHD.UI.CraftRuneUIViewModel:RaiseOnCraftEvent()
OHD.UI.RewardReceiveUIViewController:OnClickConfirmButton()
UnityEngine.AndroidJavaRunnable:Invoke()
UnityEngine.Events.InvokableCall:Invoke()
UnityEngine.Events.UnityEvent:Invoke()
System.Xml.XmlNodeChangedEventHandler:Invoke(Object, XmlNodeChangedEventArgs)
UnityEngine.EventSystems.ExecuteEvents:Execute(GameObject, BaseEventData, EventFunction`1)
UnityEngine.InputSystem.UI.InputSystemUIInputModule:ProcessPointerButton(ButtonState&, PointerEventData)
UnityEngine.InputSystem.UI.InputSystemUIInputModule:ProcessPointer(PointerModel&)
UnityEngine.InputSystem.UI.InputSystemUIInputModule:Process()
UnityEngine.EventSystems.EventSystem:Update()

[257] Change Update Type = Room -> Dungeon
UnityEngine.Logger:Log(LogType, Object)
UnityEngine.Debug:Log(Object)
OHD.GameObjects.GameUpdateDelegator:Switch(TargetType, Boolean)
OHD.Dungeons.DungeonBase:LeaveRoom(ISceneInfo)
UnityEngine.AndroidJavaRunnable:Invoke()
OHD.UI.CraftRuneUIViewModel:RaiseOnCraftEvent()
OHD.UI.RewardReceiveUIViewController:OnClickConfirmButton()
UnityEngine.AndroidJavaRunnable:Invoke()
UnityEngine.Events.InvokableCall:Invoke()
UnityEngine.Events.UnityEvent:Invoke()
System.Xml.XmlNodeChangedEventHandler:Invoke(Object, XmlNodeChangedEventArgs)
UnityEngine.EventSystems.ExecuteEvents:Execute(GameObject, BaseEventData, EventFunction`1)
UnityEngine.InputSystem.UI.InputSystemUIInputModule:ProcessPointerButton(ButtonState&, PointerEventData)
UnityEngine.InputSystem.UI.InputSystemUIInputModule:ProcessPointer(PointerModel&)
UnityEngine.InputSystem.UI.InputSystemUIInputModule:Process()
UnityEngine.EventSystems.EventSystem:Update()

[352] Save Midway State. 0.045 s
UnityEngine.Logger:Log(LogType, Object)
UnityEngine.Debug:Log(Object)
OHD.Dungeons.HundrenDungeon:SaveMidwayState()
OHD.Dungeons.HundrenDungeon:OnEnterDungeonScene(SceneBase)
System.Action`1:Invoke(T)
SceneTransitInfo:RaiseOnLoadSuccess(SceneBase)
OHD.Scenes.<<CheckTransit>g__ProcessTransit|18_0>d:MoveNext()
UnityEngine.SetupCoroutine:InvokeMoveNext(IEnumerator, IntPtr)

[326] Enter Room [x:7 y:5]
UnityEngine.Logger:Log(LogType, Object)
UnityEngine.Debug:Log(Object)
OHD.Dungeons.DungeonBase:EnterRoom(Int32, Int32)
HundrenDungeonScene:OnClickCell(ChessCellObject)
System.Action`1:Invoke(T)
OHD.GameObjects.ChessGridObject:ProcessCheckHover()

[326] [Room : BattleRoom] Init
UnityEngine.Logger:Log(LogType, Object)
UnityEngine.Debug:Log(Object)
OHD.Dungeons.DungeonRoomBase:Init()
OHD.Dungeons.DungeonBase:EnterRoom(Int32, Int32)
HundrenDungeonScene:OnClickCell(ChessCellObject)
System.Action`1:Invoke(T)
OHD.GameObjects.ChessGridObject:ProcessCheckHover()

[326] Change Update Type = Dungeon -> Room
UnityEngine.Logger:Log(LogType, Object)
UnityEngine.Debug:Log(Object)
OHD.GameObjects.GameUpdateDelegator:Switch(TargetType, Boolean)
OHD.Dungeons.DungeonBase:EnterRoom(Int32, Int32)
HundrenDungeonScene:OnClickCell(ChessCellObject)
System.Action`1:Invoke(T)
OHD.GameObjects.ChessGridObject:ProcessCheckHover()

Material Crystal Fire doesn't have _Stencil property
UnityEngine.Logger:Log(LogType, Object, Object)
UnityEngine.Debug:LogWarning(Object, Object)
UnityEngine.UI.StencilMaterial:LogWarningWhenNotInBatchmode(String, Object)
UnityEngine.UI.StencilMaterial:Add(Material, Int32, StencilOp, CompareFunction, ColorWriteMask, Int32, Int32)
UnityEngine.UI.MaskableGraphic:GetModifiedMaterial(Material)
UnityEngine.UI.Graphic:get_materialForRendering()
UnityEngine.UI.Graphic:UpdateMaterial()
UnityEngine.UI.Image:UpdateMaterial()
UnityEngine.UI.Graphic:Rebuild(CanvasUpdate)
UnityEngine.UI.CanvasUpdateRegistry:PerformUpdate()
Effekseer.EffekseerSoundPlayerStopAll:Invoke()
UnityEngine.UI.ScrollRect:SetNormalizedPosition(Single, Int32)
UnityEngine.UI.ScrollRect:set_normalizedPosition(Vector2)
OHD.UI.LayoutGroupCtrl`1:ResetScrollPos(Single, Single)
OHD.UI.LayoutGroupCtrl`1:Reload(IEnumerable`1, Action`2)
OHD.UI.BattlePowerListPanelUIView:OnViewModelChanged()
OHD.UI.UIView:TriggerStartAction()
OHD.UI.UIView:Awake()

[546] [Room : BattleRoom] Enter
UnityEngine.Logger:Log(LogType, Object)
UnityEngine.Debug:Log(Object)
OHD.Dungeons.DungeonRoomBase:Enter(SceneBase)
System.Action`1:Invoke(T)
SceneTransitInfo:RaiseOnLoadSuccess(SceneBase)
OHD.Scenes.<<CheckTransit>g__ProcessTransit|18_0>d:MoveNext()
UnityEngine.SetupCoroutine:InvokeMoveNext(IEnumerator, IntPtr)

[770] 當前回合 : 1
UnityEngine.Logger:Log(LogType, Object)
UnityEngine.Debug:Log(Object)
OHD.GameActions.<Process>d__2:MoveNext()
UnityEngine.SetupCoroutine:InvokeMoveNext(IEnumerator, IntPtr)

[993] Lurker Banshee Kill!
UnityEngine.Logger:Log(LogType, Object)
UnityEngine.Debug:Log(Object)
OHD.GameActions.<Process>d__6:MoveNext()
UnityEngine.SetupCoroutine:InvokeMoveNext(IEnumerator, IntPtr)

[210] [GA_General_Attack] Deal 26 DMG x 1  time.
UnityEngine.Logger:Log(LogType, Object)
UnityEngine.Debug:Log(Object)
OHD.Dungeons.Monster.PatternizedMonsterBase:GA_General_Attack(BattleCreature, ActionExecutionData)
OHD.Dungeons.Monster.PatternizedMonsterBase:MA_General_Attack(ActionExecutionData)
System.Func`2:Invoke(T)
OHD.Dungeons.Monster.ActionPattern:CreateAction(Int32)
OHD.Dungeons.Monster.ActionPatternExecutor:FlushNextAction()
OHD.Dungeons.Monster.PatternizedMonsterBase:OnExecuteOperation(BattleRoomPlayer)
OHD.Dungeons.Monster.<ExecuteOperation>d__65:MoveNext()
UnityEngine.SetupCoroutine:InvokeMoveNext(IEnumerator, IntPtr)

[484] 當前回合 : 2
UnityEngine.Logger:Log(LogType, Object)
UnityEngine.Debug:Log(Object)
OHD.GameActions.<Process>d__2:MoveNext()
UnityEngine.SetupCoroutine:InvokeMoveNext(IEnumerator, IntPtr)

[35] [GA_General_Attack] Deal 26 DMG x 1  time.
UnityEngine.Logger:Log(LogType, Object)
UnityEngine.Debug:Log(Object)
OHD.Dungeons.Monster.PatternizedMonsterBase:GA_General_Attack(BattleCreature, ActionExecutionData)
OHD.Dungeons.Monster.PatternizedMonsterBase:MA_General_Attack(ActionExecutionData)
System.Func`2:Invoke(T)
OHD.Dungeons.Monster.ActionPattern:CreateAction(Int32)
OHD.Dungeons.Monster.ActionPatternExecutor:FlushNextAction()
OHD.Dungeons.Monster.PatternizedMonsterBase:OnExecuteOperation(BattleRoomPlayer)
OHD.Dungeons.Monster.<ExecuteOperation>d__65:MoveNext()
UnityEngine.SetupCoroutine:InvokeMoveNext(IEnumerator, IntPtr)

[309] 當前回合 : 3
UnityEngine.Logger:Log(LogType, Object)
UnityEngine.Debug:Log(Object)
OHD.GameActions.<Process>d__2:MoveNext()
UnityEngine.SetupCoroutine:InvokeMoveNext(IEnumerator, IntPtr)

[417] Berserker Kitten Kill!
UnityEngine.Logger:Log(LogType, Object)
UnityEngine.Debug:Log(Object)
OHD.GameActions.<Process>d__6:MoveNext()
UnityEngine.SetupCoroutine:InvokeMoveNext(IEnumerator, IntPtr)

[62] [Room : BattleRoom] Leave
UnityEngine.Logger:Log(LogType, Object)
UnityEngine.Debug:Log(Object)
OHD.Dungeons.DungeonRoomBase:Leave()
OHD.Dungeons.DungeonBase:LeaveRoom(ISceneInfo)
UnityEngine.AndroidJavaRunnable:Invoke()
OHD.UI.CraftRuneUIViewModel:RaiseOnCraftEvent()
OHD.UI.RewardReceiveUIViewController:OnClickConfirmButton()
UnityEngine.AndroidJavaRunnable:Invoke()
UnityEngine.Events.InvokableCall:Invoke()
UnityEngine.Events.UnityEvent:Invoke()
System.Xml.XmlNodeChangedEventHandler:Invoke(Object, XmlNodeChangedEventArgs)
UnityEngine.EventSystems.ExecuteEvents:Execute(GameObject, BaseEventData, EventFunction`1)
UnityEngine.InputSystem.UI.InputSystemUIInputModule:ProcessPointerButton(ButtonState&, PointerEventData)
UnityEngine.InputSystem.UI.InputSystemUIInputModule:ProcessPointer(PointerModel&)
UnityEngine.InputSystem.UI.InputSystemUIInputModule:Process()
UnityEngine.EventSystems.EventSystem:Update()

[62] Change Update Type = Room -> Dungeon
UnityEngine.Logger:Log(LogType, Object)
UnityEngine.Debug:Log(Object)
OHD.GameObjects.GameUpdateDelegator:Switch(TargetType, Boolean)
OHD.Dungeons.DungeonBase:LeaveRoom(ISceneInfo)
UnityEngine.AndroidJavaRunnable:Invoke()
OHD.UI.CraftRuneUIViewModel:RaiseOnCraftEvent()
OHD.UI.RewardReceiveUIViewController:OnClickConfirmButton()
UnityEngine.AndroidJavaRunnable:Invoke()
UnityEngine.Events.InvokableCall:Invoke()
UnityEngine.Events.UnityEvent:Invoke()
System.Xml.XmlNodeChangedEventHandler:Invoke(Object, XmlNodeChangedEventArgs)
UnityEngine.EventSystems.ExecuteEvents:Execute(GameObject, BaseEventData, EventFunction`1)
UnityEngine.InputSystem.UI.InputSystemUIInputModule:ProcessPointerButton(ButtonState&, PointerEventData)
UnityEngine.InputSystem.UI.InputSystemUIInputModule:ProcessPointer(PointerModel&)
UnityEngine.InputSystem.UI.InputSystemUIInputModule:Process()
UnityEngine.EventSystems.EventSystem:Update()

[157] Save Midway State. 0.045 s
UnityEngine.Logger:Log(LogType, Object)
UnityEngine.Debug:Log(Object)
OHD.Dungeons.HundrenDungeon:SaveMidwayState()
OHD.Dungeons.HundrenDungeon:OnEnterDungeonScene(SceneBase)
System.Action`1:Invoke(T)
SceneTransitInfo:RaiseOnLoadSuccess(SceneBase)
OHD.Scenes.<<CheckTransit>g__ProcessTransit|18_0>d:MoveNext()
UnityEngine.SetupCoroutine:InvokeMoveNext(IEnumerator, IntPtr)

[554] Enter Room [x:6 y:6]
UnityEngine.Logger:Log(LogType, Object)
UnityEngine.Debug:Log(Object)
OHD.Dungeons.DungeonBase:EnterRoom(Int32, Int32)
HundrenDungeonScene:OnClickCell(ChessCellObject)
System.Action`1:Invoke(T)
OHD.GameObjects.ChessGridObject:ProcessCheckHover()

[554] [Room : EventRoom] Init
UnityEngine.Logger:Log(LogType, Object)
UnityEngine.Debug:Log(Object)
OHD.Dungeons.DungeonRoomBase:Init()
OHD.Dungeons.DungeonBase:EnterRoom(Int32, Int32)
HundrenDungeonScene:OnClickCell(ChessCellObject)
System.Action`1:Invoke(T)
OHD.GameObjects.ChessGridObject:ProcessCheckHover()

[554] Change Update Type = Dungeon -> Room
UnityEngine.Logger:Log(LogType, Object)
UnityEngine.Debug:Log(Object)
OHD.GameObjects.GameUpdateDelegator:Switch(TargetType, Boolean)
OHD.Dungeons.DungeonBase:EnterRoom(Int32, Int32)
HundrenDungeonScene:OnClickCell(ChessCellObject)
System.Action`1:Invoke(T)
OHD.GameObjects.ChessGridObject:ProcessCheckHover()

[773] [Room : EventRoom] Enter
UnityEngine.Logger:Log(LogType, Object)
UnityEngine.Debug:Log(Object)
OHD.Dungeons.DungeonRoomBase:Enter(SceneBase)
System.Action`1:Invoke(T)
SceneTransitInfo:RaiseOnLoadSuccess(SceneBase)
OHD.Scenes.<<CheckTransit>g__ProcessTransit|18_0>d:MoveNext()
UnityEngine.SetupCoroutine:InvokeMoveNext(IEnumerator, IntPtr)

[193] Broadcast_SendStop
UnityEngine.Logger:Log(LogType, Object)
UnityEngine.Debug:Log(Object)
OHD.ThirdPartySupport.Lovenses.LovenseToy:Broadcast_SendStop(List`1)
OHD.Dungeons.PlotMachines.PlotMachine:DoPlotEnd()
OHD.Dungeons.PlotMachines.PlotCmd_Dialog_ShowSkip:<OnClickSkip>b__22_0(AlertDialogResult)
System.Action`1:Invoke(T)
OHD.UI.AlertDialogUIViewModel:RaiseOnClickEvent(AlertDialogResult)
OHD.UI.AlertDialogUIViewController:OnClickPositiveButton()
UnityEngine.AndroidJavaRunnable:Invoke()
UnityEngine.Events.InvokableCall:Invoke()
UnityEngine.Events.UnityEvent:Invoke()
System.Xml.XmlNodeChangedEventHandler:Invoke(Object, XmlNodeChangedEventArgs)
UnityEngine.EventSystems.ExecuteEvents:Execute(GameObject, BaseEventData, EventFunction`1)
UnityEngine.InputSystem.UI.InputSystemUIInputModule:ProcessPointerButton(ButtonState&, PointerEventData)
UnityEngine.InputSystem.UI.InputSystemUIInputModule:ProcessPointer(PointerModel&)
UnityEngine.InputSystem.UI.InputSystemUIInputModule:Process()
UnityEngine.EventSystems.EventSystem:Update()

Main Camera: 3 camera overlays no longer exists and will be removed from the camera stack.
UnityEngine.Logger:Log(LogType, Object)
UnityEngine.Debug:LogWarning(Object)
UnityEngine.Rendering.Universal.UniversalAdditionalCameraData:UpdateCameraStack()
UnityEngine.Rendering.Universal.UniversalRenderPipeline:RenderCameraStack(ScriptableRenderContext, Camera)
UnityEngine.Rendering.Universal.UniversalRenderPipeline:Render(ScriptableRenderContext, Camera[])
UnityEngine.Rendering.RenderPipelineManager:DoRenderLoop_Internal(RenderPipelineAsset, IntPtr, List`1)

[557] Yeah
UnityEngine.Logger:Log(LogType, Object)
UnityEngine.Debug:LogError(Object)
OHD.UI.CardInstallSuffixUIViewController:OnClickInstallButton()
UnityEngine.AndroidJavaRunnable:Invoke()
UnityEngine.Events.InvokableCall:Invoke()
UnityEngine.Events.UnityEvent:Invoke()
System.Xml.XmlNodeChangedEventHandler:Invoke(Object, XmlNodeChangedEventArgs)
UnityEngine.EventSystems.ExecuteEvents:Execute(GameObject, BaseEventData, EventFunction`1)
UnityEngine.InputSystem.UI.InputSystemUIInputModule:ProcessPointerButton(ButtonState&, PointerEventData)
UnityEngine.InputSystem.UI.InputSystemUIInputModule:ProcessPointer(PointerModel&)
UnityEngine.InputSystem.UI.InputSystemUIInputModule:Process()
UnityEngine.EventSystems.EventSystem:Update()

[921] [Room : EventRoom] Leave
UnityEngine.Logger:Log(LogType, Object)
UnityEngine.Debug:Log(Object)
OHD.Dungeons.DungeonRoomBase:Leave()
OHD.Dungeons.DungeonBase:LeaveRoom(ISceneInfo)
UnityEngine.AndroidJavaRunnable:Invoke()
OHD.UI.CardInstallSuffixUIViewModel:TriggerInstalledEvt()
OHD.UI.CardInstallSuffixUIViewController:<OnClickInstallButton>b__38_0(List`1)
System.Action`1:Invoke(T)
OHD.UI.SelectCardUIViewModel:RaiseOnSelectEvent()
OHD.UI.SelectCardUIViewController:<OnCreate>b__20_2()
UnityEngine.AndroidJavaRunnable:Invoke()
UnityEngine.Events.InvokableCall:Invoke()
UnityEngine.Events.UnityEvent:Invoke()
System.Xml.XmlNodeChangedEventHandler:Invoke(Object, XmlNodeChangedEventArgs)
UnityEngine.EventSystems.ExecuteEvents:Execute(GameObject, BaseEventData, EventFunction`1)
UnityEngine.InputSystem.UI.InputSystemUIInputModule:ProcessPointerButton(ButtonState&, PointerEventData)
UnityEngine.InputSystem.UI.InputSystemUIInputModule:ProcessPointer(PointerModel&)
UnityEngine.InputSystem.UI.InputSystemUIInputModule:Process()
UnityEngine.EventSystems.EventSystem:Update()

[921] Change Update Type = Room -> Dungeon
UnityEngine.Logger:Log(LogType, Object)
UnityEngine.Debug:Log(Object)
OHD.GameObjects.GameUpdateDelegator:Switch(TargetType, Boolean)
OHD.Dungeons.DungeonBase:LeaveRoom(ISceneInfo)
UnityEngine.AndroidJavaRunnable:Invoke()
OHD.UI.CardInstallSuffixUIViewModel:TriggerInstalledEvt()
OHD.UI.CardInstallSuffixUIViewController:<OnClickInstallButton>b__38_0(List`1)
System.Action`1:Invoke(T)
OHD.UI.SelectCardUIViewModel:RaiseOnSelectEvent()
OHD.UI.SelectCardUIViewController:<OnCreate>b__20_2()
UnityEngine.AndroidJavaRunnable:Invoke()
UnityEngine.Events.InvokableCall:Invoke()
UnityEngine.Events.UnityEvent:Invoke()
System.Xml.XmlNodeChangedEventHandler:Invoke(Object, XmlNodeChangedEventArgs)
UnityEngine.EventSystems.ExecuteEvents:Execute(GameObject, BaseEventData, EventFunction`1)
UnityEngine.InputSystem.UI.InputSystemUIInputModule:ProcessPointerButton(ButtonState&, PointerEventData)
UnityEngine.InputSystem.UI.InputSystemUIInputModule:ProcessPointer(PointerModel&)
UnityEngine.InputSystem.UI.InputSystemUIInputModule:Process()
UnityEngine.EventSystems.EventSystem:Update()

[104] Save Midway State. 0.046 s
UnityEngine.Logger:Log(LogType, Object)
UnityEngine.Debug:Log(Object)
OHD.Dungeons.HundrenDungeon:SaveMidwayState()
OHD.Dungeons.HundrenDungeon:OnEnterDungeonScene(SceneBase)
System.Action`1:Invoke(T)
SceneTransitInfo:RaiseOnLoadSuccess(SceneBase)
OHD.Scenes.<<CheckTransit>g__ProcessTransit|18_0>d:MoveNext()
UnityEngine.SetupCoroutine:InvokeMoveNext(IEnumerator, IntPtr)

[642] Enter Room [x:6 y:7]
UnityEngine.Logger:Log(LogType, Object)
UnityEngine.Debug:Log(Object)
OHD.Dungeons.DungeonBase:EnterRoom(Int32, Int32)
HundrenDungeonScene:OnClickCell(ChessCellObject)
System.Action`1:Invoke(T)
OHD.GameObjects.ChessGridObject:ProcessCheckHover()

[642] [Room : BattleRoom] Init
UnityEngine.Logger:Log(LogType, Object)
UnityEngine.Debug:Log(Object)
OHD.Dungeons.DungeonRoomBase:Init()
OHD.Dungeons.DungeonBase:EnterRoom(Int32, Int32)
HundrenDungeonScene:OnClickCell(ChessCellObject)
System.Action`1:Invoke(T)
OHD.GameObjects.ChessGridObject:ProcessCheckHover()

[642] Change Update Type = Dungeon -> Room
UnityEngine.Logger:Log(LogType, Object)
UnityEngine.Debug:Log(Object)
OHD.GameObjects.GameUpdateDelegator:Switch(TargetType, Boolean)
OHD.Dungeons.DungeonBase:EnterRoom(Int32, Int32)
HundrenDungeonScene:OnClickCell(ChessCellObject)
System.Action`1:Invoke(T)
OHD.GameObjects.ChessGridObject:ProcessCheckHover()

Material Crystal Fire doesn't have _Stencil property
UnityEngine.Logger:Log(LogType, Object, Object)
UnityEngine.Debug:LogWarning(Object, Object)
UnityEngine.UI.StencilMaterial:LogWarningWhenNotInBatchmode(String, Object)
UnityEngine.UI.StencilMaterial:Add(Material, Int32, StencilOp, CompareFunction, ColorWriteMask, Int32, Int32)
UnityEngine.UI.MaskableGraphic:GetModifiedMaterial(Material)
UnityEngine.UI.Graphic:get_materialForRendering()
UnityEngine.UI.Graphic:UpdateMaterial()
UnityEngine.UI.Image:UpdateMaterial()
UnityEngine.UI.Graphic:Rebuild(CanvasUpdate)
UnityEngine.UI.CanvasUpdateRegistry:PerformUpdate()
Effekseer.EffekseerSoundPlayerStopAll:Invoke()
UnityEngine.UI.ScrollRect:SetNormalizedPosition(Single, Int32)
UnityEngine.UI.ScrollRect:set_normalizedPosition(Vector2)
OHD.UI.LayoutGroupCtrl`1:ResetScrollPos(Single, Single)
OHD.UI.LayoutGroupCtrl`1:Reload(IEnumerable`1, Action`2)
OHD.UI.BattlePowerListPanelUIView:OnViewModelChanged()
OHD.UI.UIView:TriggerStartAction()
OHD.UI.UIView:Awake()

[862] [Room : BattleRoom] Enter
UnityEngine.Logger:Log(LogType, Object)
UnityEngine.Debug:Log(Object)
OHD.Dungeons.DungeonRoomBase:Enter(SceneBase)
System.Action`1:Invoke(T)
SceneTransitInfo:RaiseOnLoadSuccess(SceneBase)
OHD.Scenes.<<CheckTransit>g__ProcessTransit|18_0>d:MoveNext()
UnityEngine.SetupCoroutine:InvokeMoveNext(IEnumerator, IntPtr)

[73] 當前回合 : 1
UnityEngine.Logger:Log(LogType, Object)
UnityEngine.Debug:Log(Object)
OHD.GameActions.<Process>d__2:MoveNext()
UnityEngine.SetupCoroutine:InvokeMoveNext(IEnumerator, IntPtr)

[889] [GA_General_Attack] Deal 2 DMG x 3  time.
UnityEngine.Logger:Log(LogType, Object)
UnityEngine.Debug:Log(Object)
OHD.Dungeons.Monster.PatternizedMonsterBase:GA_General_Attack(BattleCreature, ActionExecutionData)
OHD.Dungeons.Monster.Monster363:MA_Attack_And_ReduceAura(ActionExecutionData)
System.Func`2:Invoke(T)
OHD.Dungeons.Monster.ActionPattern:CreateAction(Int32)
OHD.Dungeons.Monster.ActionPatternExecutor:FlushNextAction()
OHD.Dungeons.Monster.PatternizedMonsterBase:OnExecuteOperation(BattleRoomPlayer)
OHD.Dungeons.Monster.<ExecuteOperation>d__65:MoveNext()
UnityEngine.SetupCoroutine:InvokeMoveNext(IEnumerator, IntPtr)

[228] 當前回合 : 2
UnityEngine.Logger:Log(LogType, Object)
UnityEngine.Debug:Log(Object)
OHD.GameActions.<Process>d__2:MoveNext()
UnityEngine.SetupCoroutine:InvokeMoveNext(IEnumerator, IntPtr)

[460] Flayer Goblin Kill!
UnityEngine.Logger:Log(LogType, Object)
UnityEngine.Debug:Log(Object)
OHD.GameActions.<Process>d__6:MoveNext()
UnityEngine.SetupCoroutine:InvokeMoveNext(IEnumerator, IntPtr)

[127] [GA_General_Attack] Deal 2 DMG x 2  time.
UnityEngine.Logger:Log(LogType, Object)
UnityEngine.Debug:Log(Object)
OHD.Dungeons.Monster.PatternizedMonsterBase:GA_General_Attack(BattleCreature, ActionExecutionData)
OHD.Dungeons.Monster.Monster363:MA_Attack_And_ReduceAura(ActionExecutionData)
System.Func`2:Invoke(T)
OHD.Dungeons.Monster.ActionPattern:CreateAction(Int32)
OHD.Dungeons.Monster.ActionPatternExecutor:FlushNextAction()
OHD.Dungeons.Monster.PatternizedMonsterBase:OnExecuteOperation(BattleRoomPlayer)
OHD.Dungeons.Monster.<ExecuteOperation>d__65:MoveNext()
UnityEngine.SetupCoroutine:InvokeMoveNext(IEnumerator, IntPtr)

[418] 當前回合 : 3
UnityEngine.Logger:Log(LogType, Object)
UnityEngine.Debug:Log(Object)
OHD.GameActions.<Process>d__2:MoveNext()
UnityEngine.SetupCoroutine:InvokeMoveNext(IEnumerator, IntPtr)

[664] Nimble Tentacle Kill!
UnityEngine.Logger:Log(LogType, Object)
UnityEngine.Debug:Log(Object)
OHD.GameActions.<Process>d__6:MoveNext()
UnityEngine.SetupCoroutine:InvokeMoveNext(IEnumerator, IntPtr)

[210] [Room : BattleRoom] Leave
UnityEngine.Logger:Log(LogType, Object)
UnityEngine.Debug:Log(Object)
OHD.Dungeons.DungeonRoomBase:Leave()
OHD.Dungeons.DungeonBase:LeaveRoom(ISceneInfo)
UnityEngine.AndroidJavaRunnable:Invoke()
OHD.UI.CraftRuneUIViewModel:RaiseOnCraftEvent()
OHD.UI.RewardReceiveUIViewController:OnClickConfirmButton()
UnityEngine.AndroidJavaRunnable:Invoke()
UnityEngine.Events.InvokableCall:Invoke()
UnityEngine.Events.UnityEvent:Invoke()
System.Xml.XmlNodeChangedEventHandler:Invoke(Object, XmlNodeChangedEventArgs)
UnityEngine.EventSystems.ExecuteEvents:Execute(GameObject, BaseEventData, EventFunction`1)
UnityEngine.InputSystem.UI.InputSystemUIInputModule:ProcessPointerButton(ButtonState&, PointerEventData)
UnityEngine.InputSystem.UI.InputSystemUIInputModule:ProcessPointer(PointerModel&)
UnityEngine.InputSystem.UI.InputSystemUIInputModule:Process()
UnityEngine.EventSystems.EventSystem:Update()

[210] Change Update Type = Room -> Dungeon
UnityEngine.Logger:Log(LogType, Object)
UnityEngine.Debug:Log(Object)
OHD.GameObjects.GameUpdateDelegator:Switch(TargetType, Boolean)
OHD.Dungeons.DungeonBase:LeaveRoom(ISceneInfo)
UnityEngine.AndroidJavaRunnable:Invoke()
OHD.UI.CraftRuneUIViewModel:RaiseOnCraftEvent()
OHD.UI.RewardReceiveUIViewController:OnClickConfirmButton()
UnityEngine.AndroidJavaRunnable:Invoke()
UnityEngine.Events.InvokableCall:Invoke()
UnityEngine.Events.UnityEvent:Invoke()
System.Xml.XmlNodeChangedEventHandler:Invoke(Object, XmlNodeChangedEventArgs)
UnityEngine.EventSystems.ExecuteEvents:Execute(GameObject, BaseEventData, EventFunction`1)
UnityEngine.InputSystem.UI.InputSystemUIInputModule:ProcessPointerButton(ButtonState&, PointerEventData)
UnityEngine.InputSystem.UI.InputSystemUIInputModule:ProcessPointer(PointerModel&)
UnityEngine.InputSystem.UI.InputSystemUIInputModule:Process()
UnityEngine.EventSystems.EventSystem:Update()

[305] Save Midway State. 0.042 s
UnityEngine.Logger:Log(LogType, Object)
UnityEngine.Debug:Log(Object)
OHD.Dungeons.HundrenDungeon:SaveMidwayState()
OHD.Dungeons.HundrenDungeon:OnEnterDungeonScene(SceneBase)
System.Action`1:Invoke(T)
SceneTransitInfo:RaiseOnLoadSuccess(SceneBase)
OHD.Scenes.<<CheckTransit>g__ProcessTransit|18_0>d:MoveNext()
UnityEngine.SetupCoroutine:InvokeMoveNext(IEnumerator, IntPtr)

[581] Enter Room [x:6 y:8]
UnityEngine.Logger:Log(LogType, Object)
UnityEngine.Debug:Log(Object)
OHD.Dungeons.DungeonBase:EnterRoom(Int32, Int32)
HundrenDungeonScene:OnClickCell(ChessCellObject)
System.Action`1:Invoke(T)
OHD.GameObjects.ChessGridObject:ProcessCheckHover()

[581] [Room : EventRoom] Init
UnityEngine.Logger:Log(LogType, Object)
UnityEngine.Debug:Log(Object)
OHD.Dungeons.DungeonRoomBase:Init()
OHD.Dungeons.DungeonBase:EnterRoom(Int32, Int32)
HundrenDungeonScene:OnClickCell(ChessCellObject)
System.Action`1:Invoke(T)
OHD.GameObjects.ChessGridObject:ProcessCheckHover()

[581] Change Update Type = Dungeon -> Room
UnityEngine.Logger:Log(LogType, Object)
UnityEngine.Debug:Log(Object)
OHD.GameObjects.GameUpdateDelegator:Switch(TargetType, Boolean)
OHD.Dungeons.DungeonBase:EnterRoom(Int32, Int32)
HundrenDungeonScene:OnClickCell(ChessCellObject)
System.Action`1:Invoke(T)
OHD.GameObjects.ChessGridObject:ProcessCheckHover()

[800] [Room : EventRoom] Enter
UnityEngine.Logger:Log(LogType, Object)
UnityEngine.Debug:Log(Object)
OHD.Dungeons.DungeonRoomBase:Enter(SceneBase)
System.Action`1:Invoke(T)
SceneTransitInfo:RaiseOnLoadSuccess(SceneBase)
OHD.Scenes.<<CheckTransit>g__ProcessTransit|18_0>d:MoveNext()
UnityEngine.SetupCoroutine:InvokeMoveNext(IEnumerator, IntPtr)

[344] Game User Saved
UnityEngine.Logger:Log(LogType, Object)
UnityEngine.Debug:Log(Object)
GameUser:Save()
GameUser:AutoSave()
OHD.Dungeons.PlotMachines.PlotCmd_GameAction_UnlockGalleryByHealth:OnExecute()
OHD.Dungeons.PlotMachines.<ProcessExecute>d__38:MoveNext()
UnityEngine.SetupCoroutine:InvokeMoveNext(IEnumerator, IntPtr)

[576] Broadcast_SendStop
UnityEngine.Logger:Log(LogType, Object)
UnityEngine.Debug:Log(Object)
OHD.ThirdPartySupport.Lovenses.LovenseToy:Broadcast_SendStop(List`1)
OHD.Dungeons.PlotMachines.PlotMachine:DoPlotEnd()
OHD.Dungeons.PlotMachines.PlotCmd_PlotSignal_EndPlot:OnExecute()
OHD.Dungeons.PlotMachines.<ProcessExecute>d__38:MoveNext()
UnityEngine.SetupCoroutine:InvokeMoveNext(IEnumerator, IntPtr)

[576] [Room : EventRoom] Leave
UnityEngine.Logger:Log(LogType, Object)
UnityEngine.Debug:Log(Object)
OHD.Dungeons.DungeonRoomBase:Leave()
OHD.Dungeons.DungeonBase:LeaveRoom(ISceneInfo)
OHD.Dungeons.EventRoom:OnDungeonEventFinish()
UnityEngine.AndroidJavaRunnable:Invoke()
OHD.GameActions.PlayPlotAction:<OnStart>b__22_0(PlotMachine)
System.Xml.Serialization.XmlSerializationWriteCallback:Invoke(Object)
OHD.Dungeons.PlotMachines.PlotMachine:DoPlotEnd()
OHD.Dungeons.PlotMachines.PlotCmd_PlotSignal_EndPlot:OnExecute()
OHD.Dungeons.PlotMachines.<ProcessExecute>d__38:MoveNext()
UnityEngine.SetupCoroutine:InvokeMoveNext(IEnumerator, IntPtr)

[576] Change Update Type = Room -> Dungeon
UnityEngine.Logger:Log(LogType, Object)
UnityEngine.Debug:Log(Object)
OHD.GameObjects.GameUpdateDelegator:Switch(TargetType, Boolean)
OHD.Dungeons.DungeonBase:LeaveRoom(ISceneInfo)
OHD.Dungeons.EventRoom:OnDungeonEventFinish()
UnityEngine.AndroidJavaRunnable:Invoke()
OHD.GameActions.PlayPlotAction:<OnStart>b__22_0(PlotMachine)
System.Xml.Serialization.XmlSerializationWriteCallback:Invoke(Object)
OHD.Dungeons.PlotMachines.PlotMachine:DoPlotEnd()
OHD.Dungeons.PlotMachines.PlotCmd_PlotSignal_EndPlot:OnExecute()
OHD.Dungeons.PlotMachines.<ProcessExecute>d__38:MoveNext()
UnityEngine.SetupCoroutine:InvokeMoveNext(IEnumerator, IntPtr)

[760] Game User Saved
UnityEngine.Logger:Log(LogType, Object)
UnityEngine.Debug:Log(Object)
GameUser:Save()
GamePlayer:Save()
GamePlayer:AutoSave()
OHD.Dungeons.HundrenDungeon:SaveMidwayState()
OHD.Dungeons.HundrenDungeon:OnEnterDungeonScene(SceneBase)
System.Action`1:Invoke(T)
SceneTransitInfo:RaiseOnLoadSuccess(SceneBase)
OHD.Scenes.<<CheckTransit>g__ProcessTransit|18_0>d:MoveNext()
UnityEngine.SetupCoroutine:InvokeMoveNext(IEnumerator, IntPtr)

[760] Save Midway State. 0.045 s
UnityEngine.Logger:Log(LogType, Object)
UnityEngine.Debug:Log(Object)
OHD.Dungeons.HundrenDungeon:SaveMidwayState()
OHD.Dungeons.HundrenDungeon:OnEnterDungeonScene(SceneBase)
System.Action`1:Invoke(T)
SceneTransitInfo:RaiseOnLoadSuccess(SceneBase)
OHD.Scenes.<<CheckTransit>g__ProcessTransit|18_0>d:MoveNext()
UnityEngine.SetupCoroutine:InvokeMoveNext(IEnumerator, IntPtr)

[976] Enter Room [x:6 y:9]
UnityEngine.Logger:Log(LogType, Object)
UnityEngine.Debug:Log(Object)
OHD.Dungeons.DungeonBase:EnterRoom(Int32, Int32)
HundrenDungeonScene:OnClickCell(ChessCellObject)
System.Action`1:Invoke(T)
OHD.GameObjects.ChessGridObject:ProcessCheckHover()

[976] [Room : BattleRoom] Init
UnityEngine.Logger:Log(LogType, Object)
UnityEngine.Debug:Log(Object)
OHD.Dungeons.DungeonRoomBase:Init()
OHD.Dungeons.DungeonBase:EnterRoom(Int32, Int32)
HundrenDungeonScene:OnClickCell(ChessCellObject)
System.Action`1:Invoke(T)
OHD.GameObjects.ChessGridObject:ProcessCheckHover()

[976] Change Update Type = Dungeon -> Room
UnityEngine.Logger:Log(LogType, Object)
UnityEngine.Debug:Log(Object)
OHD.GameObjects.GameUpdateDelegator:Switch(TargetType, Boolean)
OHD.Dungeons.DungeonBase:EnterRoom(Int32, Int32)
HundrenDungeonScene:OnClickCell(ChessCellObject)
System.Action`1:Invoke(T)
OHD.GameObjects.ChessGridObject:ProcessCheckHover()

Material Crystal Fire doesn't have _Stencil property
UnityEngine.Logger:Log(LogType, Object, Object)
UnityEngine.Debug:LogWarning(Object, Object)
UnityEngine.UI.StencilMaterial:LogWarningWhenNotInBatchmode(String, Object)
UnityEngine.UI.StencilMaterial:Add(Material, Int32, StencilOp, CompareFunction, ColorWriteMask, Int32, Int32)
UnityEngine.UI.MaskableGraphic:GetModifiedMaterial(Material)
UnityEngine.UI.Graphic:get_materialForRendering()
UnityEngine.UI.Graphic:UpdateMaterial()
UnityEngine.UI.Image:UpdateMaterial()
UnityEngine.UI.Graphic:Rebuild(CanvasUpdate)
UnityEngine.UI.CanvasUpdateRegistry:PerformUpdate()
Effekseer.EffekseerSoundPlayerStopAll:Invoke()
UnityEngine.UI.ScrollRect:SetNormalizedPosition(Single, Int32)
UnityEngine.UI.ScrollRect:set_normalizedPosition(Vector2)
OHD.UI.LayoutGroupCtrl`1:ResetScrollPos(Single, Single)
OHD.UI.LayoutGroupCtrl`1:Reload(IEnumerable`1, Action`2)
OHD.UI.BattlePowerListPanelUIView:OnViewModelChanged()
OHD.UI.UIView:TriggerStartAction()
OHD.UI.UIView:Awake()

[196] [Room : BattleRoom] Enter
UnityEngine.Logger:Log(LogType, Object)
UnityEngine.Debug:Log(Object)
OHD.Dungeons.DungeonRoomBase:Enter(SceneBase)
System.Action`1:Invoke(T)
SceneTransitInfo:RaiseOnLoadSuccess(SceneBase)
OHD.Scenes.<<CheckTransit>g__ProcessTransit|18_0>d:MoveNext()
UnityEngine.SetupCoroutine:InvokeMoveNext(IEnumerator, IntPtr)

[290] 當前回合 : 1
UnityEngine.Logger:Log(LogType, Object)
UnityEngine.Debug:Log(Object)
OHD.GameActions.<Process>d__2:MoveNext()
UnityEngine.SetupCoroutine:InvokeMoveNext(IEnumerator, IntPtr)

[3] [GA_General_Attack] Deal 32 DMG x 1  time.
UnityEngine.Logger:Log(LogType, Object)
UnityEngine.Debug:Log(Object)
OHD.Dungeons.Monster.PatternizedMonsterBase:GA_General_Attack(BattleCreature, ActionExecutionData)
OHD.Dungeons.Monster.Monster291:MA_General_Sacrifice_Attack(ActionExecutionData)
System.Func`2:Invoke(T)
OHD.Dungeons.Monster.ActionPattern:CreateAction(Int32)
OHD.Dungeons.Monster.ActionPatternExecutor:FlushNextAction()
OHD.Dungeons.Monster.PatternizedMonsterBase:OnExecuteOperation(BattleRoomPlayer)
OHD.Dungeons.Monster.<ExecuteOperation>d__65:MoveNext()
UnityEngine.SetupCoroutine:InvokeMoveNext(IEnumerator, IntPtr)

[388] [GA_General_Attack] Deal 20 DMG x 1  time.
UnityEngine.Logger:Log(LogType, Object)
UnityEngine.Debug:Log(Object)
OHD.Dungeons.Monster.PatternizedMonsterBase:GA_General_Attack(BattleCreature, ActionExecutionData)
OHD.Dungeons.Monster.PatternizedMonsterBase:MA_General_Attack(ActionExecutionData)
System.Func`2:Invoke(T)
OHD.Dungeons.Monster.ActionPattern:CreateAction(Int32)
OHD.Dungeons.Monster.ActionPatternExecutor:FlushNextAction()
OHD.Dungeons.Monster.PatternizedMonsterBase:OnExecuteOperation(BattleRoomPlayer)
OHD.Dungeons.Monster.<ExecuteOperation>d__65:MoveNext()
UnityEngine.SetupCoroutine:InvokeMoveNext(IEnumerator, IntPtr)

[792] 當前回合 : 2
UnityEngine.Logger:Log(LogType, Object)
UnityEngine.Debug:Log(Object)
OHD.GameActions.<Process>d__2:MoveNext()
UnityEngine.SetupCoroutine:InvokeMoveNext(IEnumerator, IntPtr)

Material 'AllySummonFire_top' with Shader 'Shader Graphs/ZeldaFire_Unlit' doesn't have a texture property '_MainTex'
UnityEngine.Material:get_mainTexture()
UnityEngine.UI.Image:get_mainTexture()
UnityEngine.UI.Graphic:UpdateMaterial()
UnityEngine.UI.Image:UpdateMaterial()
UnityEngine.UI.Graphic:Rebuild(CanvasUpdate)
UnityEngine.UI.CanvasUpdateRegistry:PerformUpdate()
Effekseer.EffekseerSoundPlayerStopAll:Invoke()

[ line 1926229080]

Material 'AllySummonFire_bottom' with Shader 'Shader Graphs/ZeldaFire_Unlit' doesn't have a texture property '_MainTex'
UnityEngine.Material:get_mainTexture()
UnityEngine.UI.Image:get_mainTexture()
UnityEngine.UI.Graphic:UpdateMaterial()
UnityEngine.UI.Image:UpdateMaterial()
UnityEngine.UI.Graphic:Rebuild(CanvasUpdate)
UnityEngine.UI.CanvasUpdateRegistry:PerformUpdate()
Effekseer.EffekseerSoundPlayerStopAll:Invoke()

[ line 1926229080]

[820] Crazy Bat Kill!
UnityEngine.Logger:Log(LogType, Object)
UnityEngine.Debug:Log(Object)
OHD.GameActions.<Process>d__6:MoveNext()
UnityEngine.SetupCoroutine:InvokeMoveNext(IEnumerator, IntPtr)

[144] [GA_General_Attack] Deal 32 DMG x 1  time.
UnityEngine.Logger:Log(LogType, Object)
UnityEngine.Debug:Log(Object)
OHD.Dungeons.Monster.PatternizedMonsterBase:GA_General_Attack(BattleCreature, ActionExecutionData)
OHD.Dungeons.Monster.Monster291:MA_General_RemoveShield_Attack(ActionExecutionData)
System.Func`2:Invoke(T)
OHD.Dungeons.Monster.ActionPattern:CreateAction(Int32)
OHD.Dungeons.Monster.ActionPatternExecutor:FlushNextAction()
OHD.Dungeons.Monster.PatternizedMonsterBase:OnExecuteOperation(BattleRoomPlayer)
OHD.Dungeons.Monster.<ExecuteOperation>d__65:MoveNext()
UnityEngine.SetupCoroutine:InvokeMoveNext(IEnumerator, IntPtr)

[542] 當前回合 : 3
UnityEngine.Logger:Log(LogType, Object)
UnityEngine.Debug:Log(Object)
OHD.GameActions.<Process>d__2:MoveNext()
UnityEngine.SetupCoroutine:InvokeMoveNext(IEnumerator, IntPtr)

[788] [GA_General_Attack] Deal 32 DMG x 1  time.
UnityEngine.Logger:Log(LogType, Object)
UnityEngine.Debug:Log(Object)
OHD.Dungeons.Monster.PatternizedMonsterBase:GA_General_Attack(BattleCreature, ActionExecutionData)
OHD.Dungeons.Monster.Monster291:MA_General_Sacrifice_Attack(ActionExecutionData)
System.Func`2:Invoke(T)
OHD.Dungeons.Monster.ActionPattern:CreateAction(Int32)
OHD.Dungeons.Monster.ActionPatternExecutor:FlushNextAction()
OHD.Dungeons.Monster.PatternizedMonsterBase:OnExecuteOperation(BattleRoomPlayer)
OHD.Dungeons.Monster.<ExecuteOperation>d__65:MoveNext()
UnityEngine.SetupCoroutine:InvokeMoveNext(IEnumerator, IntPtr)

[240] 當前回合 : 4
UnityEngine.Logger:Log(LogType, Object)
UnityEngine.Debug:Log(Object)
OHD.GameActions.<Process>d__2:MoveNext()
UnityEngine.SetupCoroutine:InvokeMoveNext(IEnumerator, IntPtr)

Material 'AllySummonFire_top' with Shader 'Shader Graphs/ZeldaFire_Unlit' doesn't have a texture property '_MainTex'
UnityEngine.Material:get_mainTexture()
UnityEngine.UI.Image:get_mainTexture()
UnityEngine.UI.Graphic:UpdateMaterial()
UnityEngine.UI.Image:UpdateMaterial()
UnityEngine.UI.Graphic:Rebuild(CanvasUpdate)
UnityEngine.UI.CanvasUpdateRegistry:PerformUpdate()
Effekseer.EffekseerSoundPlayerStopAll:Invoke()

[ line 1926229080]

Material 'AllySummonFire_bottom_reverse' with Shader 'Shader Graphs/ZeldaFire_Unlit' doesn't have a texture property '_MainTex'
UnityEngine.Material:get_mainTexture()
UnityEngine.UI.Image:get_mainTexture()
UnityEngine.UI.Graphic:UpdateMaterial()
UnityEngine.UI.Image:UpdateMaterial()
UnityEngine.UI.Graphic:Rebuild(CanvasUpdate)
UnityEngine.UI.CanvasUpdateRegistry:PerformUpdate()
Effekseer.EffekseerSoundPlayerStopAll:Invoke()

[ line 1926229080]

[702] 當前回合 : 5
UnityEngine.Logger:Log(LogType, Object)
UnityEngine.Debug:Log(Object)
OHD.GameActions.<Process>d__2:MoveNext()
UnityEngine.SetupCoroutine:InvokeMoveNext(IEnumerator, IntPtr)

Material 'AllySummonFire_top' with Shader 'Shader Graphs/ZeldaFire_Unlit' doesn't have a texture property '_MainTex'
UnityEngine.Material:get_mainTexture()
UnityEngine.UI.Image:get_mainTexture()
UnityEngine.UI.Graphic:UpdateMaterial()
UnityEngine.UI.Image:UpdateMaterial()
UnityEngine.UI.Graphic:Rebuild(CanvasUpdate)
UnityEngine.UI.CanvasUpdateRegistry:PerformUpdate()
Effekseer.EffekseerSoundPlayerStopAll:Invoke()

[ line 1926229080]

Material 'AllySummonFire_bottom_reverse' with Shader 'Shader Graphs/ZeldaFire_Unlit' doesn't have a texture property '_MainTex'
UnityEngine.Material:get_mainTexture()
UnityEngine.UI.Image:get_mainTexture()
UnityEngine.UI.Graphic:UpdateMaterial()
UnityEngine.UI.Image:UpdateMaterial()
UnityEngine.UI.Graphic:Rebuild(CanvasUpdate)
UnityEngine.UI.CanvasUpdateRegistry:PerformUpdate()
Effekseer.EffekseerSoundPlayerStopAll:Invoke()

[ line 1926229080]

[819] [GA_General_Attack] Deal 32 DMG x 1  time.
UnityEngine.Logger:Log(LogType, Object)
UnityEngine.Debug:Log(Object)
OHD.Dungeons.Monster.PatternizedMonsterBase:GA_General_Attack(BattleCreature, ActionExecutionData)
OHD.Dungeons.Monster.Monster291:MA_General_Sacrifice_Attack(ActionExecutionData)
System.Func`2:Invoke(T)
OHD.Dungeons.Monster.ActionPattern:CreateAction(Int32)
OHD.Dungeons.Monster.ActionPatternExecutor:FlushNextAction()
OHD.Dungeons.Monster.PatternizedMonsterBase:OnExecuteOperation(BattleRoomPlayer)
OHD.Dungeons.Monster.<ExecuteOperation>d__65:MoveNext()
UnityEngine.SetupCoroutine:InvokeMoveNext(IEnumerator, IntPtr)

[204] [GA_General_Attack] Deal 20 DMG x 1  time.
UnityEngine.Logger:Log(LogType, Object)
UnityEngine.Debug:Log(Object)
OHD.Dungeons.Monster.PatternizedMonsterBase:GA_General_Attack(BattleCreature, ActionExecutionData)
OHD.Dungeons.Monster.PatternizedMonsterBase:MA_General_Attack(ActionExecutionData)
System.Func`2:Invoke(T)
OHD.Dungeons.Monster.ActionPattern:CreateAction(Int32)
OHD.Dungeons.Monster.ActionPatternExecutor:FlushNextAction()
OHD.Dungeons.Monster.PatternizedMonsterBase:OnExecuteOperation(BattleRoomPlayer)
OHD.Dungeons.Monster.<ExecuteOperation>d__65:MoveNext()
UnityEngine.SetupCoroutine:InvokeMoveNext(IEnumerator, IntPtr)

[572] 當前回合 : 6
UnityEngine.Logger:Log(LogType, Object)
UnityEngine.Debug:Log(Object)
OHD.GameActions.<Process>d__2:MoveNext()
UnityEngine.SetupCoroutine:InvokeMoveNext(IEnumerator, IntPtr)

[747] [GA_General_Attack] Deal 32 DMG x 1  time.
UnityEngine.Logger:Log(LogType, Object)
UnityEngine.Debug:Log(Object)
OHD.Dungeons.Monster.PatternizedMonsterBase:GA_General_Attack(BattleCreature, ActionExecutionData)
OHD.Dungeons.Monster.Monster291:MA_General_Sacrifice_Attack(ActionExecutionData)
System.Func`2:Invoke(T)
OHD.Dungeons.Monster.ActionPattern:CreateAction(Int32)
OHD.Dungeons.Monster.ActionPatternExecutor:FlushNextAction()
OHD.Dungeons.Monster.PatternizedMonsterBase:OnExecuteOperation(BattleRoomPlayer)
OHD.Dungeons.Monster.<ExecuteOperation>d__65:MoveNext()
UnityEngine.SetupCoroutine:InvokeMoveNext(IEnumerator, IntPtr)

[133] [GA_General_Attack] Deal 20 DMG x 1  time.
UnityEngine.Logger:Log(LogType, Object)
UnityEngine.Debug:Log(Object)
OHD.Dungeons.Monster.PatternizedMonsterBase:GA_General_Attack(BattleCreature, ActionExecutionData)
OHD.Dungeons.Monster.PatternizedMonsterBase:MA_General_Attack(ActionExecutionData)
System.Func`2:Invoke(T)
OHD.Dungeons.Monster.ActionPattern:CreateAction(Int32)
OHD.Dungeons.Monster.ActionPatternExecutor:FlushNextAction()
OHD.Dungeons.Monster.PatternizedMonsterBase:OnExecuteOperation(BattleRoomPlayer)
OHD.Dungeons.Monster.<ExecuteOperation>d__65:MoveNext()
UnityEngine.SetupCoroutine:InvokeMoveNext(IEnumerator, IntPtr)

[423] 當前回合 : 7
UnityEngine.Logger:Log(LogType, Object)
UnityEngine.Debug:Log(Object)
OHD.GameActions.<Process>d__2:MoveNext()
UnityEngine.SetupCoroutine:InvokeMoveNext(IEnumerator, IntPtr)

[159] [GA_General_Attack] Deal 32 DMG x 1  time.
UnityEngine.Logger:Log(LogType, Object)
UnityEngine.Debug:Log(Object)
OHD.Dungeons.Monster.PatternizedMonsterBase:GA_General_Attack(BattleCreature, ActionExecutionData)
OHD.Dungeons.Monster.Monster291:MA_General_RemoveShield_Attack(ActionExecutionData)
System.Func`2:Invoke(T)
OHD.Dungeons.Monster.ActionPattern:CreateAction(Int32)
OHD.Dungeons.Monster.ActionPatternExecutor:FlushNextAction()
OHD.Dungeons.Monster.PatternizedMonsterBase:OnExecuteOperation(BattleRoomPlayer)
OHD.Dungeons.Monster.<ExecuteOperation>d__65:MoveNext()
UnityEngine.SetupCoroutine:InvokeMoveNext(IEnumerator, IntPtr)

[490] [GA_General_Attack] Deal 20 DMG x 1  time.
UnityEngine.Logger:Log(LogType, Object)
UnityEngine.Debug:Log(Object)
OHD.Dungeons.Monster.PatternizedMonsterBase:GA_General_Attack(BattleCreature, ActionExecutionData)
OHD.Dungeons.Monster.PatternizedMonsterBase:MA_General_Attack(ActionExecutionData)
System.Func`2:Invoke(T)
OHD.Dungeons.Monster.ActionPattern:CreateAction(Int32)
OHD.Dungeons.Monster.ActionPatternExecutor:FlushNextAction()
OHD.Dungeons.Monster.PatternizedMonsterBase:OnExecuteOperation(BattleRoomPlayer)
OHD.Dungeons.Monster.<ExecuteOperation>d__65:MoveNext()
UnityEngine.SetupCoroutine:InvokeMoveNext(IEnumerator, IntPtr)

[723] 當前回合 : 8
UnityEngine.Logger:Log(LogType, Object)
UnityEngine.Debug:Log(Object)
OHD.GameActions.<Process>d__2:MoveNext()
UnityEngine.SetupCoroutine:InvokeMoveNext(IEnumerator, IntPtr)

[219] Crazy Bat Kill!
UnityEngine.Logger:Log(LogType, Object)
UnityEngine.Debug:Log(Object)
OHD.GameActions.<Process>d__6:MoveNext()
UnityEngine.SetupCoroutine:InvokeMoveNext(IEnumerator, IntPtr)

[423] [GA_General_Attack] Deal 32 DMG x 1  time.
UnityEngine.Logger:Log(LogType, Object)
UnityEngine.Debug:Log(Object)
OHD.Dungeons.Monster.PatternizedMonsterBase:GA_General_Attack(BattleCreature, ActionExecutionData)
OHD.Dungeons.Monster.Monster291:MA_General_Sacrifice_Attack(ActionExecutionData)
System.Func`2:Invoke(T)
OHD.Dungeons.Monster.ActionPattern:CreateAction(Int32)
OHD.Dungeons.Monster.ActionPatternExecutor:FlushNextAction()
OHD.Dungeons.Monster.PatternizedMonsterBase:OnExecuteOperation(BattleRoomPlayer)
OHD.Dungeons.Monster.<ExecuteOperation>d__65:MoveNext()
UnityEngine.SetupCoroutine:InvokeMoveNext(IEnumerator, IntPtr)

[875] 當前回合 : 9
UnityEngine.Logger:Log(LogType, Object)
UnityEngine.Debug:Log(Object)
OHD.GameActions.<Process>d__2:MoveNext()
UnityEngine.SetupCoroutine:InvokeMoveNext(IEnumerator, IntPtr)

[747] 當前回合 : 10
UnityEngine.Logger:Log(LogType, Object)
UnityEngine.Debug:Log(Object)
OHD.GameActions.<Process>d__2:MoveNext()
UnityEngine.SetupCoroutine:InvokeMoveNext(IEnumerator, IntPtr)

[844] [GA_General_Attack] Deal 32 DMG x 1  time.
UnityEngine.Logger:Log(LogType, Object)
UnityEngine.Debug:Log(Object)
OHD.Dungeons.Monster.PatternizedMonsterBase:GA_General_Attack(BattleCreature, ActionExecutionData)
OHD.Dungeons.Monster.Monster291:MA_General_Sacrifice_Attack(ActionExecutionData)
System.Func`2:Invoke(T)
OHD.Dungeons.Monster.ActionPattern:CreateAction(Int32)
OHD.Dungeons.Monster.ActionPatternExecutor:FlushNextAction()
OHD.Dungeons.Monster.PatternizedMonsterBase:OnExecuteOperation(BattleRoomPlayer)
OHD.Dungeons.Monster.<ExecuteOperation>d__65:MoveNext()
UnityEngine.SetupCoroutine:InvokeMoveNext(IEnumerator, IntPtr)

[230] [GA_General_Attack] Deal 20 DMG x 1  time.
UnityEngine.Logger:Log(LogType, Object)
UnityEngine.Debug:Log(Object)
OHD.Dungeons.Monster.PatternizedMonsterBase:GA_General_Attack(BattleCreature, ActionExecutionData)
OHD.Dungeons.Monster.PatternizedMonsterBase:MA_General_Attack(ActionExecutionData)
System.Func`2:Invoke(T)
OHD.Dungeons.Monster.ActionPattern:CreateAction(Int32)
OHD.Dungeons.Monster.ActionPatternExecutor:FlushNextAction()
OHD.Dungeons.Monster.PatternizedMonsterBase:OnExecuteOperation(BattleRoomPlayer)
OHD.Dungeons.Monster.<ExecuteOperation>d__65:MoveNext()
UnityEngine.SetupCoroutine:InvokeMoveNext(IEnumerator, IntPtr)

[519] 當前回合 : 11
UnityEngine.Logger:Log(LogType, Object)
UnityEngine.Debug:Log(Object)
OHD.GameActions.<Process>d__2:MoveNext()
UnityEngine.SetupCoroutine:InvokeMoveNext(IEnumerator, IntPtr)

[910] [GA_General_Attack] Deal 32 DMG x 1  time.
UnityEngine.Logger:Log(LogType, Object)
UnityEngine.Debug:Log(Object)
OHD.Dungeons.Monster.PatternizedMonsterBase:GA_General_Attack(BattleCreature, ActionExecutionData)
OHD.Dungeons.Monster.Monster291:MA_General_Sacrifice_Attack(ActionExecutionData)
System.Func`2:Invoke(T)
OHD.Dungeons.Monster.ActionPattern:CreateAction(Int32)
OHD.Dungeons.Monster.ActionPatternExecutor:FlushNextAction()
OHD.Dungeons.Monster.PatternizedMonsterBase:OnExecuteOperation(BattleRoomPlayer)
OHD.Dungeons.Monster.<ExecuteOperation>d__65:MoveNext()
UnityEngine.SetupCoroutine:InvokeMoveNext(IEnumerator, IntPtr)

[295] [GA_General_Attack] Deal 20 DMG x 1  time.
UnityEngine.Logger:Log(LogType, Object)
UnityEngine.Debug:Log(Object)
OHD.Dungeons.Monster.PatternizedMonsterBase:GA_General_Attack(BattleCreature, ActionExecutionData)
OHD.Dungeons.Monster.PatternizedMonsterBase:MA_General_Attack(ActionExecutionData)
System.Func`2:Invoke(T)
OHD.Dungeons.Monster.ActionPattern:CreateAction(Int32)
OHD.Dungeons.Monster.ActionPatternExecutor:FlushNextAction()
OHD.Dungeons.Monster.PatternizedMonsterBase:OnExecuteOperation(BattleRoomPlayer)
OHD.Dungeons.Monster.<ExecuteOperation>d__65:MoveNext()
UnityEngine.SetupCoroutine:InvokeMoveNext(IEnumerator, IntPtr)

[584] 當前回合 : 12
UnityEngine.Logger:Log(LogType, Object)
UnityEngine.Debug:Log(Object)
OHD.GameActions.<Process>d__2:MoveNext()
UnityEngine.SetupCoroutine:InvokeMoveNext(IEnumerator, IntPtr)

[927] Crazy Bat Kill!
UnityEngine.Logger:Log(LogType, Object)
UnityEngine.Debug:Log(Object)
OHD.GameActions.<Process>d__6:MoveNext()
UnityEngine.SetupCoroutine:InvokeMoveNext(IEnumerator, IntPtr)

[454] [GA_General_Attack] Deal 32 DMG x 1  time.
UnityEngine.Logger:Log(LogType, Object)
UnityEngine.Debug:Log(Object)
OHD.Dungeons.Monster.PatternizedMonsterBase:GA_General_Attack(BattleCreature, ActionExecutionData)
OHD.Dungeons.Monster.Monster291:MA_General_RemoveShield_Attack(ActionExecutionData)
System.Func`2:Invoke(T)
OHD.Dungeons.Monster.ActionPattern:CreateAction(Int32)
OHD.Dungeons.Monster.ActionPatternExecutor:FlushNextAction()
OHD.Dungeons.Monster.PatternizedMonsterBase:OnExecuteOperation(BattleRoomPlayer)
OHD.Dungeons.Monster.<ExecuteOperation>d__65:MoveNext()
UnityEngine.SetupCoroutine:InvokeMoveNext(IEnumerator, IntPtr)

[909] 當前回合 : 13
UnityEngine.Logger:Log(LogType, Object)
UnityEngine.Debug:Log(Object)
OHD.GameActions.<Process>d__2:MoveNext()
UnityEngine.SetupCoroutine:InvokeMoveNext(IEnumerator, IntPtr)

[649] [GA_General_Attack] Deal 32 DMG x 1  time.
UnityEngine.Logger:Log(LogType, Object)
UnityEngine.Debug:Log(Object)
OHD.Dungeons.Monster.PatternizedMonsterBase:GA_General_Attack(BattleCreature, ActionExecutionData)
OHD.Dungeons.Monster.Monster291:MA_General_Sacrifice_Attack(ActionExecutionData)
System.Func`2:Invoke(T)
OHD.Dungeons.Monster.ActionPattern:CreateAction(Int32)
OHD.Dungeons.Monster.ActionPatternExecutor:FlushNextAction()
OHD.Dungeons.Monster.PatternizedMonsterBase:OnExecuteOperation(BattleRoomPlayer)
OHD.Dungeons.Monster.<ExecuteOperation>d__65:MoveNext()
UnityEngine.SetupCoroutine:InvokeMoveNext(IEnumerator, IntPtr)

[293] 當前回合 : 14
UnityEngine.Logger:Log(LogType, Object)
UnityEngine.Debug:Log(Object)
OHD.GameActions.<Process>d__2:MoveNext()
UnityEngine.SetupCoroutine:InvokeMoveNext(IEnumerator, IntPtr)

[177] 當前回合 : 15
UnityEngine.Logger:Log(LogType, Object)
UnityEngine.Debug:Log(Object)
OHD.GameActions.<Process>d__2:MoveNext()
UnityEngine.SetupCoroutine:InvokeMoveNext(IEnumerator, IntPtr)

[473] [GA_General_Attack] Deal 32 DMG x 1  time.
UnityEngine.Logger:Log(LogType, Object)
UnityEngine.Debug:Log(Object)
OHD.Dungeons.Monster.PatternizedMonsterBase:GA_General_Attack(BattleCreature, ActionExecutionData)
OHD.Dungeons.Monster.Monster291:MA_General_Sacrifice_Attack(ActionExecutionData)
System.Func`2:Invoke(T)
OHD.Dungeons.Monster.ActionPattern:CreateAction(Int32)
OHD.Dungeons.Monster.ActionPatternExecutor:FlushNextAction()
OHD.Dungeons.Monster.PatternizedMonsterBase:OnExecuteOperation(BattleRoomPlayer)
OHD.Dungeons.Monster.<ExecuteOperation>d__65:MoveNext()
UnityEngine.SetupCoroutine:InvokeMoveNext(IEnumerator, IntPtr)

[711] Vampire Queen <=35% Hit = 1
UnityEngine.Logger:Log(LogType, Object)
UnityEngine.Debug:Log(Object)
OHD.Dungeons.Monster.Achievement410Checker:CheckDamageResult(DamageResult)
OHD.Dungeons.BattleCreature:Internal_ProcessDamageInfo(DamageInfo)
OHD.Dungeons.<ProcessDamage>d__174:MoveNext()
UnityEngine.SetupCoroutine:InvokeMoveNext(IEnumerator, IntPtr)

[858] [GA_General_Attack] Deal 20 DMG x 1  time.
UnityEngine.Logger:Log(LogType, Object)
UnityEngine.Debug:Log(Object)
OHD.Dungeons.Monster.PatternizedMonsterBase:GA_General_Attack(BattleCreature, ActionExecutionData)
OHD.Dungeons.Monster.PatternizedMonsterBase:MA_General_Attack(ActionExecutionData)
System.Func`2:Invoke(T)
OHD.Dungeons.Monster.ActionPattern:CreateAction(Int32)
OHD.Dungeons.Monster.ActionPatternExecutor:FlushNextAction()
OHD.Dungeons.Monster.PatternizedMonsterBase:OnExecuteOperation(BattleRoomPlayer)
OHD.Dungeons.Monster.<ExecuteOperation>d__65:MoveNext()
UnityEngine.SetupCoroutine:InvokeMoveNext(IEnumerator, IntPtr)

[147] 當前回合 : 16
UnityEngine.Logger:Log(LogType, Object)
UnityEngine.Debug:Log(Object)
OHD.GameActions.<Process>d__2:MoveNext()
UnityEngine.SetupCoroutine:InvokeMoveNext(IEnumerator, IntPtr)

[801] [GA_General_Attack] Deal 32 DMG x 1  time.
UnityEngine.Logger:Log(LogType, Object)
UnityEngine.Debug:Log(Object)
OHD.Dungeons.Monster.PatternizedMonsterBase:GA_General_Attack(BattleCreature, ActionExecutionData)
OHD.Dungeons.Monster.Monster291:MA_General_Sacrifice_Attack(ActionExecutionData)
System.Func`2:Invoke(T)
OHD.Dungeons.Monster.ActionPattern:CreateAction(Int32)
OHD.Dungeons.Monster.ActionPatternExecutor:FlushNextAction()
OHD.Dungeons.Monster.PatternizedMonsterBase:OnExecuteOperation(BattleRoomPlayer)
OHD.Dungeons.Monster.<ExecuteOperation>d__65:MoveNext()
UnityEngine.SetupCoroutine:InvokeMoveNext(IEnumerator, IntPtr)

[39] Vampire Queen <=35% Hit = 2
UnityEngine.Logger:Log(LogType, Object)
UnityEngine.Debug:Log(Object)
OHD.Dungeons.Monster.Achievement410Checker:CheckDamageResult(DamageResult)
OHD.Dungeons.BattleCreature:Internal_ProcessDamageInfo(DamageInfo)
OHD.Dungeons.<ProcessDamage>d__174:MoveNext()
UnityEngine.SetupCoroutine:InvokeMoveNext(IEnumerator, IntPtr)

[186] [GA_General_Attack] Deal 20 DMG x 1  time.
UnityEngine.Logger:Log(LogType, Object)
UnityEngine.Debug:Log(Object)
OHD.Dungeons.Monster.PatternizedMonsterBase:GA_General_Attack(BattleCreature, ActionExecutionData)
OHD.Dungeons.Monster.PatternizedMonsterBase:MA_General_Attack(ActionExecutionData)
System.Func`2:Invoke(T)
OHD.Dungeons.Monster.ActionPattern:CreateAction(Int32)
OHD.Dungeons.Monster.ActionPatternExecutor:FlushNextAction()
OHD.Dungeons.Monster.PatternizedMonsterBase:OnExecuteOperation(BattleRoomPlayer)
OHD.Dungeons.Monster.<ExecuteOperation>d__65:MoveNext()
UnityEngine.SetupCoroutine:InvokeMoveNext(IEnumerator, IntPtr)

[476] 當前回合 : 17
UnityEngine.Logger:Log(LogType, Object)
UnityEngine.Debug:Log(Object)
OHD.GameActions.<Process>d__2:MoveNext()
UnityEngine.SetupCoroutine:InvokeMoveNext(IEnumerator, IntPtr)

[796] [GA_General_Attack] Deal 32 DMG x 1  time.
UnityEngine.Logger:Log(LogType, Object)
UnityEngine.Debug:Log(Object)
OHD.Dungeons.Monster.PatternizedMonsterBase:GA_General_Attack(BattleCreature, ActionExecutionData)
OHD.Dungeons.Monster.Monster291:MA_General_RemoveShield_Attack(ActionExecutionData)
System.Func`2:Invoke(T)
OHD.Dungeons.Monster.ActionPattern:CreateAction(Int32)
OHD.Dungeons.Monster.ActionPatternExecutor:FlushNextAction()
OHD.Dungeons.Monster.PatternizedMonsterBase:OnExecuteOperation(BattleRoomPlayer)
OHD.Dungeons.Monster.<ExecuteOperation>d__65:MoveNext()
UnityEngine.SetupCoroutine:InvokeMoveNext(IEnumerator, IntPtr)

[25] Vampire Queen <=35% Hit = 3
UnityEngine.Logger:Log(LogType, Object)
UnityEngine.Debug:Log(Object)
OHD.Dungeons.Monster.Achievement410Checker:CheckDamageResult(DamageResult)
OHD.Dungeons.BattleCreature:Internal_ProcessDamageInfo(DamageInfo)
OHD.Dungeons.<ProcessDamage>d__174:MoveNext()
UnityEngine.SetupCoroutine:InvokeMoveNext(IEnumerator, IntPtr)

[127] [GA_General_Attack] Deal 20 DMG x 1  time.
UnityEngine.Logger:Log(LogType, Object)
UnityEngine.Debug:Log(Object)
OHD.Dungeons.Monster.PatternizedMonsterBase:GA_General_Attack(BattleCreature, ActionExecutionData)
OHD.Dungeons.Monster.PatternizedMonsterBase:MA_General_Attack(ActionExecutionData)
System.Func`2:Invoke(T)
OHD.Dungeons.Monster.ActionPattern:CreateAction(Int32)
OHD.Dungeons.Monster.ActionPatternExecutor:FlushNextAction()
OHD.Dungeons.Monster.PatternizedMonsterBase:OnExecuteOperation(BattleRoomPlayer)
OHD.Dungeons.Monster.<ExecuteOperation>d__65:MoveNext()
UnityEngine.SetupCoroutine:InvokeMoveNext(IEnumerator, IntPtr)

[416] 當前回合 : 18
UnityEngine.Logger:Log(LogType, Object)
UnityEngine.Debug:Log(Object)
OHD.GameActions.<Process>d__2:MoveNext()
UnityEngine.SetupCoroutine:InvokeMoveNext(IEnumerator, IntPtr)

[148] [GA_General_Attack] Deal 32 DMG x 1  time.
UnityEngine.Logger:Log(LogType, Object)
UnityEngine.Debug:Log(Object)
OHD.Dungeons.Monster.PatternizedMonsterBase:GA_General_Attack(BattleCreature, ActionExecutionData)
OHD.Dungeons.Monster.Monster291:MA_General_Sacrifice_Attack(ActionExecutionData)
System.Func`2:Invoke(T)
OHD.Dungeons.Monster.ActionPattern:CreateAction(Int32)
OHD.Dungeons.Monster.ActionPatternExecutor:FlushNextAction()
OHD.Dungeons.Monster.PatternizedMonsterBase:OnExecuteOperation(BattleRoomPlayer)
OHD.Dungeons.Monster.<ExecuteOperation>d__65:MoveNext()
UnityEngine.SetupCoroutine:InvokeMoveNext(IEnumerator, IntPtr)

[386] Vampire Queen <=35% Hit = 4
UnityEngine.Logger:Log(LogType, Object)
UnityEngine.Debug:Log(Object)
OHD.Dungeons.Monster.Achievement410Checker:CheckDamageResult(DamageResult)
OHD.Dungeons.BattleCreature:Internal_ProcessDamageInfo(DamageInfo)
OHD.Dungeons.<ProcessDamage>d__174:MoveNext()
UnityEngine.SetupCoroutine:InvokeMoveNext(IEnumerator, IntPtr)

[534] [GA_General_Attack] Deal 20 DMG x 1  time.
UnityEngine.Logger:Log(LogType, Object)
UnityEngine.Debug:Log(Object)
OHD.Dungeons.Monster.PatternizedMonsterBase:GA_General_Attack(BattleCreature, ActionExecutionData)
OHD.Dungeons.Monster.PatternizedMonsterBase:MA_General_Attack(ActionExecutionData)
System.Func`2:Invoke(T)
OHD.Dungeons.Monster.ActionPattern:CreateAction(Int32)
OHD.Dungeons.Monster.ActionPatternExecutor:FlushNextAction()
OHD.Dungeons.Monster.PatternizedMonsterBase:OnExecuteOperation(BattleRoomPlayer)
OHD.Dungeons.Monster.<ExecuteOperation>d__65:MoveNext()
UnityEngine.SetupCoroutine:InvokeMoveNext(IEnumerator, IntPtr)

[823] 當前回合 : 19
UnityEngine.Logger:Log(LogType, Object)
UnityEngine.Debug:Log(Object)
OHD.GameActions.<Process>d__2:MoveNext()
UnityEngine.SetupCoroutine:InvokeMoveNext(IEnumerator, IntPtr)

[188] [GA_General_Attack] Deal 20 DMG x 1  time.
UnityEngine.Logger:Log(LogType, Object)
UnityEngine.Debug:Log(Object)
OHD.Dungeons.Monster.PatternizedMonsterBase:GA_General_Attack(BattleCreature, ActionExecutionData)
OHD.Dungeons.Monster.PatternizedMonsterBase:MA_General_Attack(ActionExecutionData)
System.Func`2:Invoke(T)
OHD.Dungeons.Monster.ActionPattern:CreateAction(Int32)
OHD.Dungeons.Monster.ActionPatternExecutor:FlushNextAction()
OHD.Dungeons.Monster.PatternizedMonsterBase:OnExecuteOperation(BattleRoomPlayer)
OHD.Dungeons.Monster.<ExecuteOperation>d__65:MoveNext()
UnityEngine.SetupCoroutine:InvokeMoveNext(IEnumerator, IntPtr)

[477] 當前回合 : 20
UnityEngine.Logger:Log(LogType, Object)
UnityEngine.Debug:Log(Object)
OHD.GameActions.<Process>d__2:MoveNext()
UnityEngine.SetupCoroutine:InvokeMoveNext(IEnumerator, IntPtr)

[983] [GA_General_Attack] Deal 32 DMG x 1  time.
UnityEngine.Logger:Log(LogType, Object)
UnityEngine.Debug:Log(Object)
OHD.Dungeons.Monster.PatternizedMonsterBase:GA_General_Attack(BattleCreature, ActionExecutionData)
OHD.Dungeons.Monster.Monster291:MA_General_Sacrifice_Attack(ActionExecutionData)
System.Func`2:Invoke(T)
OHD.Dungeons.Monster.ActionPattern:CreateAction(Int32)
OHD.Dungeons.Monster.ActionPatternExecutor:FlushNextAction()
OHD.Dungeons.Monster.PatternizedMonsterBase:OnExecuteOperation(BattleRoomPlayer)
OHD.Dungeons.Monster.<ExecuteOperation>d__65:MoveNext()
UnityEngine.SetupCoroutine:InvokeMoveNext(IEnumerator, IntPtr)

[221] Vampire Queen <=35% Hit = 5
UnityEngine.Logger:Log(LogType, Object)
UnityEngine.Debug:Log(Object)
OHD.Dungeons.Monster.Achievement410Checker:CheckDamageResult(DamageResult)
OHD.Dungeons.BattleCreature:Internal_ProcessDamageInfo(DamageInfo)
OHD.Dungeons.<ProcessDamage>d__174:MoveNext()
UnityEngine.SetupCoroutine:InvokeMoveNext(IEnumerator, IntPtr)

[368] [GA_General_Attack] Deal 20 DMG x 1  time.
UnityEngine.Logger:Log(LogType, Object)
UnityEngine.Debug:Log(Object)
OHD.Dungeons.Monster.PatternizedMonsterBase:GA_General_Attack(BattleCreature, ActionExecutionData)
OHD.Dungeons.Monster.PatternizedMonsterBase:MA_General_Attack(ActionExecutionData)
System.Func`2:Invoke(T)
OHD.Dungeons.Monster.ActionPattern:CreateAction(Int32)
OHD.Dungeons.Monster.ActionPatternExecutor:FlushNextAction()
OHD.Dungeons.Monster.PatternizedMonsterBase:OnExecuteOperation(BattleRoomPlayer)
OHD.Dungeons.Monster.<ExecuteOperation>d__65:MoveNext()
UnityEngine.SetupCoroutine:InvokeMoveNext(IEnumerator, IntPtr)

[534] [GA_General_Attack] Deal 20 DMG x 1  time.
UnityEngine.Logger:Log(LogType, Object)
UnityEngine.Debug:Log(Object)
OHD.Dungeons.Monster.PatternizedMonsterBase:GA_General_Attack(BattleCreature, ActionExecutionData)
OHD.Dungeons.Monster.PatternizedMonsterBase:MA_General_Attack(ActionExecutionData)
System.Func`2:Invoke(T)
OHD.Dungeons.Monster.ActionPattern:CreateAction(Int32)
OHD.Dungeons.Monster.ActionPatternExecutor:FlushNextAction()
OHD.Dungeons.Monster.PatternizedMonsterBase:OnExecuteOperation(BattleRoomPlayer)
OHD.Dungeons.Monster.<ExecuteOperation>d__65:MoveNext()
UnityEngine.SetupCoroutine:InvokeMoveNext(IEnumerator, IntPtr)

[823] 當前回合 : 21
UnityEngine.Logger:Log(LogType, Object)
UnityEngine.Debug:Log(Object)
OHD.GameActions.<Process>d__2:MoveNext()
UnityEngine.SetupCoroutine:InvokeMoveNext(IEnumerator, IntPtr)

[173] [GA_General_Attack] Deal 32 DMG x 1  time.
UnityEngine.Logger:Log(LogType, Object)
UnityEngine.Debug:Log(Object)
OHD.Dungeons.Monster.PatternizedMonsterBase:GA_General_Attack(BattleCreature, ActionExecutionData)
OHD.Dungeons.Monster.Monster291:MA_General_Sacrifice_Attack(ActionExecutionData)
System.Func`2:Invoke(T)
OHD.Dungeons.Monster.ActionPattern:CreateAction(Int32)
OHD.Dungeons.Monster.ActionPatternExecutor:FlushNextAction()
OHD.Dungeons.Monster.PatternizedMonsterBase:OnExecuteOperation(BattleRoomPlayer)
OHD.Dungeons.Monster.<ExecuteOperation>d__65:MoveNext()
UnityEngine.SetupCoroutine:InvokeMoveNext(IEnumerator, IntPtr)

[411] Vampire Queen <=35% Hit = 6
UnityEngine.Logger:Log(LogType, Object)
UnityEngine.Debug:Log(Object)
OHD.Dungeons.Monster.Achievement410Checker:CheckDamageResult(DamageResult)
OHD.Dungeons.BattleCreature:Internal_ProcessDamageInfo(DamageInfo)
OHD.Dungeons.<ProcessDamage>d__174:MoveNext()
UnityEngine.SetupCoroutine:InvokeMoveNext(IEnumerator, IntPtr)

[559] [GA_General_Attack] Deal 20 DMG x 1  time.
UnityEngine.Logger:Log(LogType, Object)
UnityEngine.Debug:Log(Object)
OHD.Dungeons.Monster.PatternizedMonsterBase:GA_General_Attack(BattleCreature, ActionExecutionData)
OHD.Dungeons.Monster.PatternizedMonsterBase:MA_General_Attack(ActionExecutionData)
System.Func`2:Invoke(T)
OHD.Dungeons.Monster.ActionPattern:CreateAction(Int32)
OHD.Dungeons.Monster.ActionPatternExecutor:FlushNextAction()
OHD.Dungeons.Monster.PatternizedMonsterBase:OnExecuteOperation(BattleRoomPlayer)
OHD.Dungeons.Monster.<ExecuteOperation>d__65:MoveNext()
UnityEngine.SetupCoroutine:InvokeMoveNext(IEnumerator, IntPtr)

[726] [GA_General_Attack] Deal 20 DMG x 1  time.
UnityEngine.Logger:Log(LogType, Object)
UnityEngine.Debug:Log(Object)
OHD.Dungeons.Monster.PatternizedMonsterBase:GA_General_Attack(BattleCreature, ActionExecutionData)
OHD.Dungeons.Monster.PatternizedMonsterBase:MA_General_Attack(ActionExecutionData)
System.Func`2:Invoke(T)
OHD.Dungeons.Monster.ActionPattern:CreateAction(Int32)
OHD.Dungeons.Monster.ActionPatternExecutor:FlushNextAction()
OHD.Dungeons.Monster.PatternizedMonsterBase:OnExecuteOperation(BattleRoomPlayer)
OHD.Dungeons.Monster.<ExecuteOperation>d__65:MoveNext()
UnityEngine.SetupCoroutine:InvokeMoveNext(IEnumerator, IntPtr)

[892] Clear Midway State
UnityEngine.Logger:Log(LogType, Object)
UnityEngine.Debug:Log(Object)
OHD.Dungeons.HundrenDungeon:OnTriggerFinish(DungeonFinishState)
UnityEngine.AndroidJavaRunnable:Invoke()
OHD.GameActions.<Process>d__2:MoveNext()
UnityEngine.SetupCoroutine:InvokeMoveNext(IEnumerator, IntPtr)

[294] [Dungeon : HundrenDungeon] Leave
UnityEngine.Logger:Log(LogType, Object)
UnityEngine.Debug:Log(Object)
OHD.Dungeons.DungeonBase:Leave(SceneTranslation)
OHD.Dungeons.HundrenDungeon:<Internal_TriggerFinish_Normal>g__PushFreeModeStoryPlotId|18_3(FinishEvent)
System.Action`1:Invoke(T)
OHD.UI.ChoiceUIViewModel:RaiseOnClickChoice(Int32)
OHD.UI.<>c__DisplayClass15_0:<OnViewModelChanged>b__3(Choice_ChoiceButtonUIViewModel)
System.Action`1:Invoke(T)
OHD.UI.Choice_ChoiceButtonUIViewModel:TriggerOnSelectEvent()
OHD.UI.<ProcessSelect>d__8:MoveNext()
UnityEngine.SetupCoroutine:InvokeMoveNext(IEnumerator, IntPtr)
OHD.UI.Choice_ChoiceButtonUIView:OnClickSelectButton()
UnityEngine.AndroidJavaRunnable:Invoke()
UnityEngine.Events.InvokableCall:Invoke()
UnityEngine.Events.UnityEvent:Invoke()
System.Xml.XmlNodeChangedEventHandler:Invoke(Object, XmlNodeChangedEventArgs)
UnityEngine.EventSystems.ExecuteEvents:Execute(GameObject, BaseEventData, EventFunction`1)
UnityEngine.InputSystem.UI.InputSystemUIInputModule:ProcessPointerButton(ButtonState&, PointerEventData)
UnityEngine.InputSystem.UI.InputSystemUIInputModule:ProcessPointer(PointerModel&)
UnityEngine.InputSystem.UI.InputSystemUIInputModule:Process()
UnityEngine.EventSystems.EventSystem:Update()

[294] [Room : BattleRoom] Leave
UnityEngine.Logger:Log(LogType, Object)
UnityEngine.Debug:Log(Object)
OHD.Dungeons.DungeonRoomBase:Leave()
OHD.Dungeons.DungeonBase:LeaveRoom(ISceneInfo)
OHD.Dungeons.DungeonBase:Leave(SceneTranslation)
OHD.Dungeons.HundrenDungeon:<Internal_TriggerFinish_Normal>g__PushFreeModeStoryPlotId|18_3(FinishEvent)
System.Action`1:Invoke(T)
OHD.UI.ChoiceUIViewModel:RaiseOnClickChoice(Int32)
OHD.UI.<>c__DisplayClass15_0:<OnViewModelChanged>b__3(Choice_ChoiceButtonUIViewModel)
System.Action`1:Invoke(T)
OHD.UI.Choice_ChoiceButtonUIViewModel:TriggerOnSelectEvent()
OHD.UI.<ProcessSelect>d__8:MoveNext()
UnityEngine.SetupCoroutine:InvokeMoveNext(IEnumerator, IntPtr)
OHD.UI.Choice_ChoiceButtonUIView:OnClickSelectButton()
UnityEngine.AndroidJavaRunnable:Invoke()
UnityEngine.Events.InvokableCall:Invoke()
UnityEngine.Events.UnityEvent:Invoke()
System.Xml.XmlNodeChangedEventHandler:Invoke(Object, XmlNodeChangedEventArgs)
UnityEngine.EventSystems.ExecuteEvents:Execute(GameObject, BaseEventData, EventFunction`1)
UnityEngine.InputSystem.UI.InputSystemUIInputModule:ProcessPointerButton(ButtonState&, PointerEventData)
UnityEngine.InputSystem.UI.InputSystemUIInputModule:ProcessPointer(PointerModel&)
UnityEngine.InputSystem.UI.InputSystemUIInputModule:Process()
UnityEngine.EventSystems.EventSystem:Update()

[294] Change Update Type = Room -> Dungeon
UnityEngine.Logger:Log(LogType, Object)
UnityEngine.Debug:Log(Object)
OHD.GameObjects.GameUpdateDelegator:Switch(TargetType, Boolean)
OHD.Dungeons.DungeonBase:LeaveRoom(ISceneInfo)
OHD.Dungeons.DungeonBase:Leave(SceneTranslation)
OHD.Dungeons.HundrenDungeon:<Internal_TriggerFinish_Normal>g__PushFreeModeStoryPlotId|18_3(FinishEvent)
System.Action`1:Invoke(T)
OHD.UI.ChoiceUIViewModel:RaiseOnClickChoice(Int32)
OHD.UI.<>c__DisplayClass15_0:<OnViewModelChanged>b__3(Choice_ChoiceButtonUIViewModel)
System.Action`1:Invoke(T)
OHD.UI.Choice_ChoiceButtonUIViewModel:TriggerOnSelectEvent()
OHD.UI.<ProcessSelect>d__8:MoveNext()
UnityEngine.SetupCoroutine:InvokeMoveNext(IEnumerator, IntPtr)
OHD.UI.Choice_ChoiceButtonUIView:OnClickSelectButton()
UnityEngine.AndroidJavaRunnable:Invoke()
UnityEngine.Events.InvokableCall:Invoke()
UnityEngine.Events.UnityEvent:Invoke()
System.Xml.XmlNodeChangedEventHandler:Invoke(Object, XmlNodeChangedEventArgs)
UnityEngine.EventSystems.ExecuteEvents:Execute(GameObject, BaseEventData, EventFunction`1)
UnityEngine.InputSystem.UI.InputSystemUIInputModule:ProcessPointerButton(ButtonState&, PointerEventData)
UnityEngine.InputSystem.UI.InputSystemUIInputModule:ProcessPointer(PointerModel&)
UnityEngine.InputSystem.UI.InputSystemUIInputModule:Process()
UnityEngine.EventSystems.EventSystem:Update()

[294] Change Update Type = Dungeon -> None
UnityEngine.Logger:Log(LogType, Object)
UnityEngine.Debug:Log(Object)
OHD.GameObjects.GameUpdateDelegator:Switch(TargetType, Boolean)
OHD.Dungeons.DungeonBase:Leave(SceneTranslation)
OHD.Dungeons.HundrenDungeon:<Internal_TriggerFinish_Normal>g__PushFreeModeStoryPlotId|18_3(FinishEvent)
System.Action`1:Invoke(T)
OHD.UI.ChoiceUIViewModel:RaiseOnClickChoice(Int32)
OHD.UI.<>c__DisplayClass15_0:<OnViewModelChanged>b__3(Choice_ChoiceButtonUIViewModel)
System.Action`1:Invoke(T)
OHD.UI.Choice_ChoiceButtonUIViewModel:TriggerOnSelectEvent()
OHD.UI.<ProcessSelect>d__8:MoveNext()
UnityEngine.SetupCoroutine:InvokeMoveNext(IEnumerator, IntPtr)
OHD.UI.Choice_ChoiceButtonUIView:OnClickSelectButton()
UnityEngine.AndroidJavaRunnable:Invoke()
UnityEngine.Events.InvokableCall:Invoke()
UnityEngine.Events.UnityEvent:Invoke()
System.Xml.XmlNodeChangedEventHandler:Invoke(Object, XmlNodeChangedEventArgs)
UnityEngine.EventSystems.ExecuteEvents:Execute(GameObject, BaseEventData, EventFunction`1)
UnityEngine.InputSystem.UI.InputSystemUIInputModule:ProcessPointerButton(ButtonState&, PointerEventData)
UnityEngine.InputSystem.UI.InputSystemUIInputModule:ProcessPointer(PointerModel&)
UnityEngine.InputSystem.UI.InputSystemUIInputModule:Process()
UnityEngine.EventSystems.EventSystem:Update()

[414] Change Update Type = None -> City
UnityEngine.Logger:Log(LogType, Object)
UnityEngine.Debug:Log(Object)
OHD.GameObjects.GameUpdateDelegator:Switch(TargetType, Boolean)
SceneTransitInfo:RaiseOnPrepared()
OHD.Scenes.<<CheckTransit>g__ProcessTransit|18_0>d:MoveNext()
UnityEngine.SetupCoroutine:InvokeMoveNext(IEnumerator, IntPtr)

[477] Execute Event -> ani01
UnityEngine.Logger:Log(LogType, Object)
UnityEngine.Debug:Log(Object)
OHD.GameObjects.Spines.AnimatedCG:ExecuteEvent(String)
OHD.UI.AnimatedCGUIViewController:SetStageId(Int32)
OHD.UI.AnimatedCGUIViewController:Internal_Load(AnimatedCG)
OHD.UI.AnimatedCGUIViewController:Load(String)
OHD.UI.<OnTransitShow>d__49:MoveNext()
UnityEngine.SetupCoroutine:InvokeMoveNext(IEnumerator, IntPtr)

[477] Spine Object Event Start : AnimatedCGEvent_PlayAnimation
UnityEngine.Logger:Log(LogType, Object)
UnityEngine.Debug:Log(Object)
OHD.GameObjects.Spines.AnimatedCGEventAsset:StartEvent(AnimatedCG)
OHD.GameObjects.Spines.EventEntry:Start(AnimatedCG)
OHD.GameObjects.Spines.AnimatedCG:SetCurrentEventEntry(EventEntry, Boolean)
OHD.GameObjects.Spines.AnimatedCG:ExecuteEvent(String)
OHD.UI.AnimatedCGUIViewController:SetStageId(Int32)
OHD.UI.AnimatedCGUIViewController:Internal_Load(AnimatedCG)
OHD.UI.AnimatedCGUIViewController:Load(String)
OHD.UI.<OnTransitShow>d__49:MoveNext()
UnityEngine.SetupCoroutine:InvokeMoveNext(IEnumerator, IntPtr)

[477] Play Anim -> animation01 []
UnityEngine.Logger:Log(LogType, Object)
UnityEngine.Debug:Log(Object)
OHD.GameObjects.Spines.AnimatedCGEvent_PlayAnimation:OnExecuteEvent(AnimatedCG)
OHD.GameObjects.Spines.EventEntry:Execute(AnimatedCG)
OHD.GameObjects.Spines.AnimatedCG:SetCurrentEventEntry(EventEntry, Boolean)
OHD.GameObjects.Spines.AnimatedCG:ExecuteEvent(String)
OHD.UI.AnimatedCGUIViewController:SetStageId(Int32)
OHD.UI.AnimatedCGUIViewController:Internal_Load(AnimatedCG)
OHD.UI.AnimatedCGUIViewController:Load(String)
OHD.UI.<OnTransitShow>d__49:MoveNext()
UnityEngine.SetupCoroutine:InvokeMoveNext(IEnumerator, IntPtr)

[688] Broadcast_SendStop
UnityEngine.Logger:Log(LogType, Object)
UnityEngine.Debug:Log(Object)
OHD.ThirdPartySupport.Lovenses.LovenseToy:Broadcast_SendStop(List`1)

[689] Broadcast_SendStop
UnityEngine.Logger:Log(LogType, Object)
UnityEngine.Debug:Log(Object)
OHD.ThirdPartySupport.Lovenses.LovenseToy:Broadcast_SendStop(List`1)
OHD.Dungeons.PlotMachines.PlotMachine:DoPlotEnd()
OHD.Dungeons.PlotMachines.PlotCmd_PlotSignal_EndPlot:OnExecute()
OHD.Dungeons.PlotMachines.<ProcessExecute>d__38:MoveNext()
UnityEngine.SetupCoroutine:InvokeMoveNext(IEnumerator, IntPtr)

Main Camera: 3 camera overlays no longer exists and will be removed from the camera stack.
UnityEngine.Logger:Log(LogType, Object)
UnityEngine.Debug:LogWarning(Object)
UnityEngine.Rendering.Universal.UniversalAdditionalCameraData:UpdateCameraStack()
UnityEngine.Rendering.Universal.UniversalRenderPipeline:RenderCameraStack(ScriptableRenderContext, Camera)
UnityEngine.Rendering.Universal.UniversalRenderPipeline:Render(ScriptableRenderContext, Camera[])
UnityEngine.Rendering.RenderPipelineManager:DoRenderLoop_Internal(RenderPipelineAsset, IntPtr, List`1)

[736] Change Update Type = City -> Dungeon
UnityEngine.Logger:Log(LogType, Object)
UnityEngine.Debug:Log(Object)
OHD.GameObjects.GameUpdateDelegator:Switch(TargetType, Boolean)
OHD.Dungeons.DungeonBase:Enter(Boolean)
GameInstance:EnterDungeon(DungeonBase, Boolean)
UnityEngine.AndroidJavaRunnable:Invoke()
UnityEngine.Events.InvokableCall:Invoke()
UnityEngine.Events.UnityEvent:Invoke()
System.Xml.XmlNodeChangedEventHandler:Invoke(Object, XmlNodeChangedEventArgs)
UnityEngine.EventSystems.ExecuteEvents:Execute(GameObject, BaseEventData, EventFunction`1)
UnityEngine.InputSystem.UI.InputSystemUIInputModule:ProcessPointerButton(ButtonState&, PointerEventData)
UnityEngine.InputSystem.UI.InputSystemUIInputModule:ProcessPointer(PointerModel&)
UnityEngine.InputSystem.UI.InputSystemUIInputModule:Process()
UnityEngine.EventSystems.EventSystem:Update()

[736] [Hundren Dungeon : HundrenDungeon] Init New
UnityEngine.Logger:Log(LogType, Object)
UnityEngine.Debug:Log(Object)
OHD.Dungeons.HundrenDungeon:OnInit()
OHD.Dungeons.DungeonBase:Enter(Boolean)
GameInstance:EnterDungeon(DungeonBase, Boolean)
UnityEngine.AndroidJavaRunnable:Invoke()
UnityEngine.Events.InvokableCall:Invoke()
UnityEngine.Events.UnityEvent:Invoke()
System.Xml.XmlNodeChangedEventHandler:Invoke(Object, XmlNodeChangedEventArgs)
UnityEngine.EventSystems.ExecuteEvents:Execute(GameObject, BaseEventData, EventFunction`1)
UnityEngine.InputSystem.UI.InputSystemUIInputModule:ProcessPointerButton(ButtonState&, PointerEventData)
UnityEngine.InputSystem.UI.InputSystemUIInputModule:ProcessPointer(PointerModel&)
UnityEngine.InputSystem.UI.InputSystemUIInputModule:Process()
UnityEngine.EventSystems.EventSystem:Update()

[736] Random State = Raw:2747361 | Global:2747360 | Dungeon:1047842805 | DuncDraw:1965958109
UnityEngine.Logger:Log(LogType, Object)
UnityEngine.Debug:Log(Object)
OHD.Dungeons.HundrenDungeon:OnInit()
OHD.Dungeons.DungeonBase:Enter(Boolean)
GameInstance:EnterDungeon(DungeonBase, Boolean)
UnityEngine.AndroidJavaRunnable:Invoke()
UnityEngine.Events.InvokableCall:Invoke()
UnityEngine.Events.UnityEvent:Invoke()
System.Xml.XmlNodeChangedEventHandler:Invoke(Object, XmlNodeChangedEventArgs)
UnityEngine.EventSystems.ExecuteEvents:Execute(GameObject, BaseEventData, EventFunction`1)
UnityEngine.InputSystem.UI.InputSystemUIInputModule:ProcessPointerButton(ButtonState&, PointerEventData)
UnityEngine.InputSystem.UI.InputSystemUIInputModule:ProcessPointer(PointerModel&)
UnityEngine.InputSystem.UI.InputSystemUIInputModule:Process()
UnityEngine.EventSystems.EventSystem:Update()

[736] [Dungeon : HundrenDungeon] Enter
UnityEngine.Logger:Log(LogType, Object)
UnityEngine.Debug:Log(Object)
OHD.Dungeons.DungeonBase:Enter(Boolean)
GameInstance:EnterDungeon(DungeonBase, Boolean)
UnityEngine.AndroidJavaRunnable:Invoke()
UnityEngine.Events.InvokableCall:Invoke()
UnityEngine.Events.UnityEvent:Invoke()
System.Xml.XmlNodeChangedEventHandler:Invoke(Object, XmlNodeChangedEventArgs)
UnityEngine.EventSystems.ExecuteEvents:Execute(GameObject, BaseEventData, EventFunction`1)
UnityEngine.InputSystem.UI.InputSystemUIInputModule:ProcessPointerButton(ButtonState&, PointerEventData)
UnityEngine.InputSystem.UI.InputSystemUIInputModule:ProcessPointer(PointerModel&)
UnityEngine.InputSystem.UI.InputSystemUIInputModule:Process()
UnityEngine.EventSystems.EventSystem:Update()

[858] Save Midway State. 0.050 s
UnityEngine.Logger:Log(LogType, Object)
UnityEngine.Debug:Log(Object)
OHD.Dungeons.HundrenDungeon:SaveMidwayState()
OHD.Dungeons.HundrenDungeon:OnEnterDungeonScene(SceneBase)
System.Action`1:Invoke(T)
SceneTransitInfo:RaiseOnLoadSuccess(SceneBase)
OHD.Scenes.<<CheckTransit>g__ProcessTransit|18_0>d:MoveNext()
UnityEngine.SetupCoroutine:InvokeMoveNext(IEnumerator, IntPtr)

[386] Enter Room [x:6 y:0]
UnityEngine.Logger:Log(LogType, Object)
UnityEngine.Debug:Log(Object)
OHD.Dungeons.DungeonBase:EnterRoom(Int32, Int32)
HundrenDungeonScene:OnClickCell(ChessCellObject)
System.Action`1:Invoke(T)
OHD.GameObjects.ChessGridObject:ProcessCheckHover()

[386] [Room : BattleRoom] Init
UnityEngine.Logger:Log(LogType, Object)
UnityEngine.Debug:Log(Object)
OHD.Dungeons.DungeonRoomBase:Init()
OHD.Dungeons.DungeonBase:EnterRoom(Int32, Int32)
HundrenDungeonScene:OnClickCell(ChessCellObject)
System.Action`1:Invoke(T)
OHD.GameObjects.ChessGridObject:ProcessCheckHover()

[386] Change Update Type = Dungeon -> Room
UnityEngine.Logger:Log(LogType, Object)
UnityEngine.Debug:Log(Object)
OHD.GameObjects.GameUpdateDelegator:Switch(TargetType, Boolean)
OHD.Dungeons.DungeonBase:EnterRoom(Int32, Int32)
HundrenDungeonScene:OnClickCell(ChessCellObject)
System.Action`1:Invoke(T)
OHD.GameObjects.ChessGridObject:ProcessCheckHover()

Material Crystal Fire doesn't have _Stencil property
UnityEngine.Logger:Log(LogType, Object, Object)
UnityEngine.Debug:LogWarning(Object, Object)
UnityEngine.UI.StencilMaterial:LogWarningWhenNotInBatchmode(String, Object)
UnityEngine.UI.StencilMaterial:Add(Material, Int32, StencilOp, CompareFunction, ColorWriteMask, Int32, Int32)
UnityEngine.UI.MaskableGraphic:GetModifiedMaterial(Material)
UnityEngine.UI.Graphic:get_materialForRendering()
UnityEngine.UI.Graphic:UpdateMaterial()
UnityEngine.UI.Image:UpdateMaterial()
UnityEngine.UI.Graphic:Rebuild(CanvasUpdate)
UnityEngine.UI.CanvasUpdateRegistry:PerformUpdate()
Effekseer.EffekseerSoundPlayerStopAll:Invoke()
UnityEngine.UI.ScrollRect:SetNormalizedPosition(Single, Int32)
UnityEngine.UI.ScrollRect:set_normalizedPosition(Vector2)
OHD.UI.LayoutGroupCtrl`1:ResetScrollPos(Single, Single)
OHD.UI.LayoutGroupCtrl`1:Reload(IEnumerable`1, Action`2)
OHD.UI.BattlePowerListPanelUIView:OnViewModelChanged()
OHD.UI.UIView:TriggerStartAction()
OHD.UI.UIView:Awake()

[607] [Room : BattleRoom] Enter
UnityEngine.Logger:Log(LogType, Object)
UnityEngine.Debug:Log(Object)
OHD.Dungeons.DungeonRoomBase:Enter(SceneBase)
System.Action`1:Invoke(T)
SceneTransitInfo:RaiseOnLoadSuccess(SceneBase)
OHD.Scenes.<<CheckTransit>g__ProcessTransit|18_0>d:MoveNext()
UnityEngine.SetupCoroutine:InvokeMoveNext(IEnumerator, IntPtr)

[836] 當前回合 : 1
UnityEngine.Logger:Log(LogType, Object)
UnityEngine.Debug:Log(Object)
OHD.GameActions.<Process>d__2:MoveNext()
UnityEngine.SetupCoroutine:InvokeMoveNext(IEnumerator, IntPtr)

[736] 當前回合 : 2
UnityEngine.Logger:Log(LogType, Object)
UnityEngine.Debug:Log(Object)
OHD.GameActions.<Process>d__2:MoveNext()
UnityEngine.SetupCoroutine:InvokeMoveNext(IEnumerator, IntPtr)

Material 'AllySummonFire_top' with Shader 'Shader Graphs/ZeldaFire_Unlit' doesn't have a texture property '_MainTex'
UnityEngine.Material:get_mainTexture()
UnityEngine.UI.Image:get_mainTexture()
UnityEngine.UI.Graphic:UpdateMaterial()
UnityEngine.UI.Image:UpdateMaterial()
UnityEngine.UI.Graphic:Rebuild(CanvasUpdate)
UnityEngine.UI.CanvasUpdateRegistry:PerformUpdate()
Effekseer.EffekseerSoundPlayerStopAll:Invoke()

[ line 1926229080]

Material 'AllySummonFire_bottom' with Shader 'Shader Graphs/ZeldaFire_Unlit' doesn't have a texture property '_MainTex'
UnityEngine.Material:get_mainTexture()
UnityEngine.UI.Image:get_mainTexture()
UnityEngine.UI.Graphic:UpdateMaterial()
UnityEngine.UI.Image:UpdateMaterial()
UnityEngine.UI.Graphic:Rebuild(CanvasUpdate)
UnityEngine.UI.CanvasUpdateRegistry:PerformUpdate()
Effekseer.EffekseerSoundPlayerStopAll:Invoke()

[ line 1926229080]

Material 'AllySummonFire_top' with Shader 'Shader Graphs/ZeldaFire_Unlit' doesn't have a texture property '_MainTex'
UnityEngine.Material:get_mainTexture()
UnityEngine.UI.Image:get_mainTexture()
UnityEngine.UI.Graphic:UpdateMaterial()
UnityEngine.UI.Image:UpdateMaterial()
UnityEngine.UI.Graphic:Rebuild(CanvasUpdate)
UnityEngine.UI.CanvasUpdateRegistry:PerformUpdate()
Effekseer.EffekseerSoundPlayerStopAll:Invoke()

[ line 1926229080]

Material 'AllySummonFire_bottom_reverse' with Shader 'Shader Graphs/ZeldaFire_Unlit' doesn't have a texture property '_MainTex'
UnityEngine.Material:get_mainTexture()
UnityEngine.UI.Image:get_mainTexture()
UnityEngine.UI.Graphic:UpdateMaterial()
UnityEngine.UI.Image:UpdateMaterial()
UnityEngine.UI.Graphic:Rebuild(CanvasUpdate)
UnityEngine.UI.CanvasUpdateRegistry:PerformUpdate()
Effekseer.EffekseerSoundPlayerStopAll:Invoke()

[ line 1926229080]

[826] [GA_General_Attack] Deal 24 DMG x 1  time.
UnityEngine.Logger:Log(LogType, Object)
UnityEngine.Debug:Log(Object)
OHD.Dungeons.Monster.PatternizedMonsterBase:GA_General_Attack(BattleCreature, ActionExecutionData)
OHD.Dungeons.Monster.PatternizedMonsterBase:MA_General_Attack(ActionExecutionData)
OHD.Dungeons.Monster.Monster362:MA_Attack(ActionExecutionData)
System.Func`2:Invoke(T)
OHD.Dungeons.Monster.ActionPattern:CreateAction(Int32)
OHD.Dungeons.Monster.ActionPatternExecutor:FlushNextAction()
OHD.Dungeons.Monster.PatternizedMonsterBase:OnExecuteOperation(BattleRoomPlayer)
OHD.Dungeons.Monster.<ExecuteOperation>d__65:MoveNext()
UnityEngine.SetupCoroutine:InvokeMoveNext(IEnumerator, IntPtr)

[31] 當前回合 : 3
UnityEngine.Logger:Log(LogType, Object)
UnityEngine.Debug:Log(Object)
OHD.GameActions.<Process>d__2:MoveNext()
UnityEngine.SetupCoroutine:InvokeMoveNext(IEnumerator, IntPtr)

[381] Flayer Goblin Kill!
UnityEngine.Logger:Log(LogType, Object)
UnityEngine.Debug:Log(Object)
OHD.GameActions.<Process>d__6:MoveNext()
UnityEngine.SetupCoroutine:InvokeMoveNext(IEnumerator, IntPtr)

[0] [Room : BattleRoom] Leave
UnityEngine.Logger:Log(LogType, Object)
UnityEngine.Debug:Log(Object)
OHD.Dungeons.DungeonRoomBase:Leave()
OHD.Dungeons.DungeonBase:LeaveRoom(ISceneInfo)
UnityEngine.AndroidJavaRunnable:Invoke()
OHD.UI.CraftRuneUIViewModel:RaiseOnCraftEvent()
OHD.UI.RewardReceiveUIViewController:OnClickConfirmButton()
UnityEngine.AndroidJavaRunnable:Invoke()
UnityEngine.Events.InvokableCall:Invoke()
UnityEngine.Events.UnityEvent:Invoke()
System.Xml.XmlNodeChangedEventHandler:Invoke(Object, XmlNodeChangedEventArgs)
UnityEngine.EventSystems.ExecuteEvents:Execute(GameObject, BaseEventData, EventFunction`1)
UnityEngine.InputSystem.UI.InputSystemUIInputModule:ProcessPointerButton(ButtonState&, PointerEventData)
UnityEngine.InputSystem.UI.InputSystemUIInputModule:ProcessPointer(PointerModel&)
UnityEngine.InputSystem.UI.InputSystemUIInputModule:Process()
UnityEngine.EventSystems.EventSystem:Update()

[0] Change Update Type = Room -> Dungeon
UnityEngine.Logger:Log(LogType, Object)
UnityEngine.Debug:Log(Object)
OHD.GameObjects.GameUpdateDelegator:Switch(TargetType, Boolean)
OHD.Dungeons.DungeonBase:LeaveRoom(ISceneInfo)
UnityEngine.AndroidJavaRunnable:Invoke()
OHD.UI.CraftRuneUIViewModel:RaiseOnCraftEvent()
OHD.UI.RewardReceiveUIViewController:OnClickConfirmButton()
UnityEngine.AndroidJavaRunnable:Invoke()
UnityEngine.Events.InvokableCall:Invoke()
UnityEngine.Events.UnityEvent:Invoke()
System.Xml.XmlNodeChangedEventHandler:Invoke(Object, XmlNodeChangedEventArgs)
UnityEngine.EventSystems.ExecuteEvents:Execute(GameObject, BaseEventData, EventFunction`1)
UnityEngine.InputSystem.UI.InputSystemUIInputModule:ProcessPointerButton(ButtonState&, PointerEventData)
UnityEngine.InputSystem.UI.InputSystemUIInputModule:ProcessPointer(PointerModel&)
UnityEngine.InputSystem.UI.InputSystemUIInputModule:Process()
UnityEngine.EventSystems.EventSystem:Update()

[96] Save Midway State. 0.044 s
UnityEngine.Logger:Log(LogType, Object)
UnityEngine.Debug:Log(Object)
OHD.Dungeons.HundrenDungeon:SaveMidwayState()
OHD.Dungeons.HundrenDungeon:OnEnterDungeonScene(SceneBase)
System.Action`1:Invoke(T)
SceneTransitInfo:RaiseOnLoadSuccess(SceneBase)
OHD.Scenes.<<CheckTransit>g__ProcessTransit|18_0>d:MoveNext()
UnityEngine.SetupCoroutine:InvokeMoveNext(IEnumerator, IntPtr)

[652] Enter Room [x:5 y:1]
UnityEngine.Logger:Log(LogType, Object)
UnityEngine.Debug:Log(Object)
OHD.Dungeons.DungeonBase:EnterRoom(Int32, Int32)
HundrenDungeonScene:OnClickCell(ChessCellObject)
System.Action`1:Invoke(T)
OHD.GameObjects.ChessGridObject:ProcessCheckHover()

[652] [Room : TreasureRoom] Init
UnityEngine.Logger:Log(LogType, Object)
UnityEngine.Debug:Log(Object)
OHD.Dungeons.DungeonRoomBase:Init()
OHD.Dungeons.DungeonBase:EnterRoom(Int32, Int32)
HundrenDungeonScene:OnClickCell(ChessCellObject)
System.Action`1:Invoke(T)
OHD.GameObjects.ChessGridObject:ProcessCheckHover()

[652] Change Update Type = Dungeon -> Room
UnityEngine.Logger:Log(LogType, Object)
UnityEngine.Debug:Log(Object)
OHD.GameObjects.GameUpdateDelegator:Switch(TargetType, Boolean)
OHD.Dungeons.DungeonBase:EnterRoom(Int32, Int32)
HundrenDungeonScene:OnClickCell(ChessCellObject)
System.Action`1:Invoke(T)
OHD.GameObjects.ChessGridObject:ProcessCheckHover()

[872] [Room : TreasureRoom] Enter
UnityEngine.Logger:Log(LogType, Object)
UnityEngine.Debug:Log(Object)
OHD.Dungeons.DungeonRoomBase:Enter(SceneBase)
System.Action`1:Invoke(T)
SceneTransitInfo:RaiseOnLoadSuccess(SceneBase)
OHD.Scenes.<<CheckTransit>g__ProcessTransit|18_0>d:MoveNext()
UnityEngine.SetupCoroutine:InvokeMoveNext(IEnumerator, IntPtr)

[890] [Room : TreasureRoom] Leave
UnityEngine.Logger:Log(LogType, Object)
UnityEngine.Debug:Log(Object)
OHD.Dungeons.DungeonRoomBase:Leave()
OHD.Dungeons.DungeonBase:LeaveRoom(ISceneInfo)
OHD.UI.<ProcessReceiveReward>d__49:MoveNext()
UnityEngine.SetupCoroutine:InvokeMoveNext(IEnumerator, IntPtr)

[890] Change Update Type = Room -> Dungeon
UnityEngine.Logger:Log(LogType, Object)
UnityEngine.Debug:Log(Object)
OHD.GameObjects.GameUpdateDelegator:Switch(TargetType, Boolean)
OHD.Dungeons.DungeonBase:LeaveRoom(ISceneInfo)
OHD.UI.<ProcessReceiveReward>d__49:MoveNext()
UnityEngine.SetupCoroutine:InvokeMoveNext(IEnumerator, IntPtr)

[74] Save Midway State. 0.042 s
UnityEngine.Logger:Log(LogType, Object)
UnityEngine.Debug:Log(Object)
OHD.Dungeons.HundrenDungeon:SaveMidwayState()
OHD.Dungeons.HundrenDungeon:OnEnterDungeonScene(SceneBase)
System.Action`1:Invoke(T)
SceneTransitInfo:RaiseOnLoadSuccess(SceneBase)
OHD.Scenes.<<CheckTransit>g__ProcessTransit|18_0>d:MoveNext()
UnityEngine.SetupCoroutine:InvokeMoveNext(IEnumerator, IntPtr)

[547] Enter Room [x:4 y:2]
UnityEngine.Logger:Log(LogType, Object)
UnityEngine.Debug:Log(Object)
OHD.Dungeons.DungeonBase:EnterRoom(Int32, Int32)
HundrenDungeonScene:OnClickCell(ChessCellObject)
System.Action`1:Invoke(T)
OHD.GameObjects.ChessGridObject:ProcessCheckHover()

[547] [Room : EventRoom] Init
UnityEngine.Logger:Log(LogType, Object)
UnityEngine.Debug:Log(Object)
OHD.Dungeons.DungeonRoomBase:Init()
OHD.Dungeons.DungeonBase:EnterRoom(Int32, Int32)
HundrenDungeonScene:OnClickCell(ChessCellObject)
System.Action`1:Invoke(T)
OHD.GameObjects.ChessGridObject:ProcessCheckHover()

[547] Change Update Type = Dungeon -> Room
UnityEngine.Logger:Log(LogType, Object)
UnityEngine.Debug:Log(Object)
OHD.GameObjects.GameUpdateDelegator:Switch(TargetType, Boolean)
OHD.Dungeons.DungeonBase:EnterRoom(Int32, Int32)
HundrenDungeonScene:OnClickCell(ChessCellObject)
System.Action`1:Invoke(T)
OHD.GameObjects.ChessGridObject:ProcessCheckHover()

[766] [Room : EventRoom] Enter
UnityEngine.Logger:Log(LogType, Object)
UnityEngine.Debug:Log(Object)
OHD.Dungeons.DungeonRoomBase:Enter(SceneBase)
System.Action`1:Invoke(T)
SceneTransitInfo:RaiseOnLoadSuccess(SceneBase)
OHD.Scenes.<<CheckTransit>g__ProcessTransit|18_0>d:MoveNext()
UnityEngine.SetupCoroutine:InvokeMoveNext(IEnumerator, IntPtr)

[691] Broadcast_SendStop
UnityEngine.Logger:Log(LogType, Object)
UnityEngine.Debug:Log(Object)
OHD.ThirdPartySupport.Lovenses.LovenseToy:Broadcast_SendStop(List`1)
OHD.Dungeons.PlotMachines.PlotMachine:DoPlotEnd()
OHD.Dungeons.PlotMachines.PlotCmd_Dialog_ShowSkip:<OnClickSkip>b__22_0(AlertDialogResult)
System.Action`1:Invoke(T)
OHD.UI.AlertDialogUIViewModel:RaiseOnClickEvent(AlertDialogResult)
OHD.UI.AlertDialogUIViewController:OnClickPositiveButton()
UnityEngine.AndroidJavaRunnable:Invoke()
UnityEngine.Events.InvokableCall:Invoke()
UnityEngine.Events.UnityEvent:Invoke()
System.Xml.XmlNodeChangedEventHandler:Invoke(Object, XmlNodeChangedEventArgs)
UnityEngine.EventSystems.ExecuteEvents:Execute(GameObject, BaseEventData, EventFunction`1)
UnityEngine.InputSystem.UI.InputSystemUIInputModule:ProcessPointerButton(ButtonState&, PointerEventData)
UnityEngine.InputSystem.UI.InputSystemUIInputModule:ProcessPointer(PointerModel&)
UnityEngine.InputSystem.UI.InputSystemUIInputModule:Process()
UnityEngine.EventSystems.EventSystem:Update()

Main Camera: 3 camera overlays no longer exists and will be removed from the camera stack.
UnityEngine.Logger:Log(LogType, Object)
UnityEngine.Debug:LogWarning(Object)
UnityEngine.Rendering.Universal.UniversalAdditionalCameraData:UpdateCameraStack()
UnityEngine.Rendering.Universal.UniversalRenderPipeline:RenderCameraStack(ScriptableRenderContext, Camera)
UnityEngine.Rendering.Universal.UniversalRenderPipeline:Render(ScriptableRenderContext, Camera[])
UnityEngine.Rendering.RenderPipelineManager:DoRenderLoop_Internal(RenderPipelineAsset, IntPtr, List`1)

[466] Yeah
UnityEngine.Logger:Log(LogType, Object)
UnityEngine.Debug:LogError(Object)
OHD.UI.CardInstallSuffixUIViewController:OnClickInstallButton()
UnityEngine.AndroidJavaRunnable:Invoke()
UnityEngine.Events.InvokableCall:Invoke()
UnityEngine.Events.UnityEvent:Invoke()
System.Xml.XmlNodeChangedEventHandler:Invoke(Object, XmlNodeChangedEventArgs)
UnityEngine.EventSystems.ExecuteEvents:Execute(GameObject, BaseEventData, EventFunction`1)
UnityEngine.InputSystem.UI.InputSystemUIInputModule:ProcessPointerButton(ButtonState&, PointerEventData)
UnityEngine.InputSystem.UI.InputSystemUIInputModule:ProcessPointer(PointerModel&)
UnityEngine.InputSystem.UI.InputSystemUIInputModule:Process()
UnityEngine.EventSystems.EventSystem:Update()

[751] [Room : EventRoom] Leave
UnityEngine.Logger:Log(LogType, Object)
UnityEngine.Debug:Log(Object)
OHD.Dungeons.DungeonRoomBase:Leave()
OHD.Dungeons.DungeonBase:LeaveRoom(ISceneInfo)
UnityEngine.AndroidJavaRunnable:Invoke()
OHD.UI.CardInstallSuffixUIViewModel:TriggerInstalledEvt()
OHD.UI.CardInstallSuffixUIViewController:<OnClickInstallButton>b__38_0(List`1)
System.Action`1:Invoke(T)
OHD.UI.SelectCardUIViewModel:RaiseOnSelectEvent()
OHD.UI.SelectCardUIViewController:<OnCreate>b__20_2()
UnityEngine.AndroidJavaRunnable:Invoke()
UnityEngine.Events.InvokableCall:Invoke()
UnityEngine.Events.UnityEvent:Invoke()
System.Xml.XmlNodeChangedEventHandler:Invoke(Object, XmlNodeChangedEventArgs)
UnityEngine.EventSystems.ExecuteEvents:Execute(GameObject, BaseEventData, EventFunction`1)
UnityEngine.InputSystem.UI.InputSystemUIInputModule:ProcessPointerButton(ButtonState&, PointerEventData)
UnityEngine.InputSystem.UI.InputSystemUIInputModule:ProcessPointer(PointerModel&)
UnityEngine.InputSystem.UI.InputSystemUIInputModule:Process()
UnityEngine.EventSystems.EventSystem:Update()

[751] Change Update Type = Room -> Dungeon
UnityEngine.Logger:Log(LogType, Object)
UnityEngine.Debug:Log(Object)
OHD.GameObjects.GameUpdateDelegator:Switch(TargetType, Boolean)
OHD.Dungeons.DungeonBase:LeaveRoom(ISceneInfo)
UnityEngine.AndroidJavaRunnable:Invoke()
OHD.UI.CardInstallSuffixUIViewModel:TriggerInstalledEvt()
OHD.UI.CardInstallSuffixUIViewController:<OnClickInstallButton>b__38_0(List`1)
System.Action`1:Invoke(T)
OHD.UI.SelectCardUIViewModel:RaiseOnSelectEvent()
OHD.UI.SelectCardUIViewController:<OnCreate>b__20_2()
UnityEngine.AndroidJavaRunnable:Invoke()
UnityEngine.Events.InvokableCall:Invoke()
UnityEngine.Events.UnityEvent:Invoke()
System.Xml.XmlNodeChangedEventHandler:Invoke(Object, XmlNodeChangedEventArgs)
UnityEngine.EventSystems.ExecuteEvents:Execute(GameObject, BaseEventData, EventFunction`1)
UnityEngine.InputSystem.UI.InputSystemUIInputModule:ProcessPointerButton(ButtonState&, PointerEventData)
UnityEngine.InputSystem.UI.InputSystemUIInputModule:ProcessPointer(PointerModel&)
UnityEngine.InputSystem.UI.InputSystemUIInputModule:Process()
UnityEngine.EventSystems.EventSystem:Update()

[934] Save Midway State. 0.052 s
UnityEngine.Logger:Log(LogType, Object)
UnityEngine.Debug:Log(Object)
OHD.Dungeons.HundrenDungeon:SaveMidwayState()
OHD.Dungeons.HundrenDungeon:OnEnterDungeonScene(SceneBase)
System.Action`1:Invoke(T)
SceneTransitInfo:RaiseOnLoadSuccess(SceneBase)
OHD.Scenes.<<CheckTransit>g__ProcessTransit|18_0>d:MoveNext()
UnityEngine.SetupCoroutine:InvokeMoveNext(IEnumerator, IntPtr)

[218] Enter Room [x:3 y:3]
UnityEngine.Logger:Log(LogType, Object)
UnityEngine.Debug:Log(Object)
OHD.Dungeons.DungeonBase:EnterRoom(Int32, Int32)
HundrenDungeonScene:OnClickCell(ChessCellObject)
System.Action`1:Invoke(T)
OHD.GameObjects.ChessGridObject:ProcessCheckHover()

[218] [Room : BattleRoom] Init
UnityEngine.Logger:Log(LogType, Object)
UnityEngine.Debug:Log(Object)
OHD.Dungeons.DungeonRoomBase:Init()
OHD.Dungeons.DungeonBase:EnterRoom(Int32, Int32)
HundrenDungeonScene:OnClickCell(ChessCellObject)
System.Action`1:Invoke(T)
OHD.GameObjects.ChessGridObject:ProcessCheckHover()

[218] Change Update Type = Dungeon -> Room
UnityEngine.Logger:Log(LogType, Object)
UnityEngine.Debug:Log(Object)
OHD.GameObjects.GameUpdateDelegator:Switch(TargetType, Boolean)
OHD.Dungeons.DungeonBase:EnterRoom(Int32, Int32)
HundrenDungeonScene:OnClickCell(ChessCellObject)
System.Action`1:Invoke(T)
OHD.GameObjects.ChessGridObject:ProcessCheckHover()

Material Crystal Fire doesn't have _Stencil property
UnityEngine.Logger:Log(LogType, Object, Object)
UnityEngine.Debug:LogWarning(Object, Object)
UnityEngine.UI.StencilMaterial:LogWarningWhenNotInBatchmode(String, Object)
UnityEngine.UI.StencilMaterial:Add(Material, Int32, StencilOp, CompareFunction, ColorWriteMask, Int32, Int32)
UnityEngine.UI.MaskableGraphic:GetModifiedMaterial(Material)
UnityEngine.UI.Graphic:get_materialForRendering()
UnityEngine.UI.Graphic:UpdateMaterial()
UnityEngine.UI.Image:UpdateMaterial()
UnityEngine.UI.Graphic:Rebuild(CanvasUpdate)
UnityEngine.UI.CanvasUpdateRegistry:PerformUpdate()
Effekseer.EffekseerSoundPlayerStopAll:Invoke()
UnityEngine.UI.ScrollRect:SetNormalizedPosition(Single, Int32)
UnityEngine.UI.ScrollRect:set_normalizedPosition(Vector2)
OHD.UI.LayoutGroupCtrl`1:ResetScrollPos(Single, Single)
OHD.UI.LayoutGroupCtrl`1:Reload(IEnumerable`1, Action`2)
OHD.UI.BattlePowerListPanelUIView:OnViewModelChanged()
OHD.UI.UIView:TriggerStartAction()
OHD.UI.UIView:Awake()

[439] [Room : BattleRoom] Enter
UnityEngine.Logger:Log(LogType, Object)
UnityEngine.Debug:Log(Object)
OHD.Dungeons.DungeonRoomBase:Enter(SceneBase)
System.Action`1:Invoke(T)
SceneTransitInfo:RaiseOnLoadSuccess(SceneBase)
OHD.Scenes.<<CheckTransit>g__ProcessTransit|18_0>d:MoveNext()
UnityEngine.SetupCoroutine:InvokeMoveNext(IEnumerator, IntPtr)

[685] 當前回合 : 1
UnityEngine.Logger:Log(LogType, Object)
UnityEngine.Debug:Log(Object)
OHD.GameActions.<Process>d__2:MoveNext()
UnityEngine.SetupCoroutine:InvokeMoveNext(IEnumerator, IntPtr)

[297] Lurker Banshee Kill!
UnityEngine.Logger:Log(LogType, Object)
UnityEngine.Debug:Log(Object)
OHD.GameActions.<Process>d__6:MoveNext()
UnityEngine.SetupCoroutine:InvokeMoveNext(IEnumerator, IntPtr)

[526] [GA_General_Attack] Deal 2 DMG x 2  time.
UnityEngine.Logger:Log(LogType, Object)
UnityEngine.Debug:Log(Object)
OHD.Dungeons.Monster.PatternizedMonsterBase:GA_General_Attack(BattleCreature, ActionExecutionData)
OHD.Dungeons.Monster.Monster363:MA_Attack_And_ReduceAura(ActionExecutionData)
System.Func`2:Invoke(T)
OHD.Dungeons.Monster.ActionPattern:CreateAction(Int32)
OHD.Dungeons.Monster.ActionPatternExecutor:FlushNextAction()
OHD.Dungeons.Monster.PatternizedMonsterBase:OnExecuteOperation(BattleRoomPlayer)
OHD.Dungeons.Monster.<ExecuteOperation>d__65:MoveNext()
UnityEngine.SetupCoroutine:InvokeMoveNext(IEnumerator, IntPtr)

[817] 當前回合 : 2
UnityEngine.Logger:Log(LogType, Object)
UnityEngine.Debug:Log(Object)
OHD.GameActions.<Process>d__2:MoveNext()
UnityEngine.SetupCoroutine:InvokeMoveNext(IEnumerator, IntPtr)

[276] [GA_General_Attack] Deal 2 DMG x 4  time.
UnityEngine.Logger:Log(LogType, Object)
UnityEngine.Debug:Log(Object)
OHD.Dungeons.Monster.PatternizedMonsterBase:GA_General_Attack(BattleCreature, ActionExecutionData)
OHD.Dungeons.Monster.Monster363:MA_Attack_And_ReduceAura(ActionExecutionData)
System.Func`2:Invoke(T)
OHD.Dungeons.Monster.ActionPattern:CreateAction(Int32)
OHD.Dungeons.Monster.ActionPatternExecutor:FlushNextAction()
OHD.Dungeons.Monster.PatternizedMonsterBase:OnExecuteOperation(BattleRoomPlayer)
OHD.Dungeons.Monster.<ExecuteOperation>d__65:MoveNext()
UnityEngine.SetupCoroutine:InvokeMoveNext(IEnumerator, IntPtr)

[667] 當前回合 : 3
UnityEngine.Logger:Log(LogType, Object)
UnityEngine.Debug:Log(Object)
OHD.GameActions.<Process>d__2:MoveNext()
UnityEngine.SetupCoroutine:InvokeMoveNext(IEnumerator, IntPtr)

Material 'AllySummonFire_top' with Shader 'Shader Graphs/ZeldaFire_Unlit' doesn't have a texture property '_MainTex'
UnityEngine.Material:get_mainTexture()
UnityEngine.UI.Image:get_mainTexture()
UnityEngine.UI.Graphic:UpdateMaterial()
UnityEngine.UI.Image:UpdateMaterial()
UnityEngine.UI.Graphic:Rebuild(CanvasUpdate)
UnityEngine.UI.CanvasUpdateRegistry:PerformUpdate()
Effekseer.EffekseerSoundPlayerStopAll:Invoke()

[ line 1926229080]

Material 'AllySummonFire_bottom' with Shader 'Shader Graphs/ZeldaFire_Unlit' doesn't have a texture property '_MainTex'
UnityEngine.Material:get_mainTexture()
UnityEngine.UI.Image:get_mainTexture()
UnityEngine.UI.Graphic:UpdateMaterial()
UnityEngine.UI.Image:UpdateMaterial()
UnityEngine.UI.Graphic:Rebuild(CanvasUpdate)
UnityEngine.UI.CanvasUpdateRegistry:PerformUpdate()
Effekseer.EffekseerSoundPlayerStopAll:Invoke()

[ line 1926229080]

[708] [GA_General_Attack] Deal 2 DMG x 2  time.
UnityEngine.Logger:Log(LogType, Object)
UnityEngine.Debug:Log(Object)
OHD.Dungeons.Monster.PatternizedMonsterBase:GA_General_Attack(BattleCreature, ActionExecutionData)
OHD.Dungeons.Monster.Monster363:MA_Attack_And_ReduceAura(ActionExecutionData)
System.Func`2:Invoke(T)
OHD.Dungeons.Monster.ActionPattern:CreateAction(Int32)
OHD.Dungeons.Monster.ActionPatternExecutor:FlushNextAction()
OHD.Dungeons.Monster.PatternizedMonsterBase:OnExecuteOperation(BattleRoomPlayer)
OHD.Dungeons.Monster.<ExecuteOperation>d__65:MoveNext()
UnityEngine.SetupCoroutine:InvokeMoveNext(IEnumerator, IntPtr)

[112] 當前回合 : 4
UnityEngine.Logger:Log(LogType, Object)
UnityEngine.Debug:Log(Object)
OHD.GameActions.<Process>d__2:MoveNext()
UnityEngine.SetupCoroutine:InvokeMoveNext(IEnumerator, IntPtr)

Material 'AllySummonFire_top' with Shader 'Shader Graphs/ZeldaFire_Unlit' doesn't have a texture property '_MainTex'
UnityEngine.Material:get_mainTexture()
UnityEngine.UI.Image:get_mainTexture()
UnityEngine.UI.Graphic:UpdateMaterial()
UnityEngine.UI.Image:UpdateMaterial()
UnityEngine.UI.Graphic:Rebuild(CanvasUpdate)
UnityEngine.UI.CanvasUpdateRegistry:PerformUpdate()
Effekseer.EffekseerSoundPlayerStopAll:Invoke()

[ line 1926229080]

Material 'AllySummonFire_bottom_reverse' with Shader 'Shader Graphs/ZeldaFire_Unlit' doesn't have a texture property '_MainTex'
UnityEngine.Material:get_mainTexture()
UnityEngine.UI.Image:get_mainTexture()
UnityEngine.UI.Graphic:UpdateMaterial()
UnityEngine.UI.Image:UpdateMaterial()
UnityEngine.UI.Graphic:Rebuild(CanvasUpdate)
UnityEngine.UI.CanvasUpdateRegistry:PerformUpdate()
Effekseer.EffekseerSoundPlayerStopAll:Invoke()

[ line 1926229080]

[588] [GA_General_Attack] Deal 2 DMG x 5  time.
UnityEngine.Logger:Log(LogType, Object)
UnityEngine.Debug:Log(Object)
OHD.Dungeons.Monster.PatternizedMonsterBase:GA_General_Attack(BattleCreature, ActionExecutionData)
OHD.Dungeons.Monster.Monster363:MA_Attack_And_ReduceAura(ActionExecutionData)
System.Func`2:Invoke(T)
OHD.Dungeons.Monster.ActionPattern:CreateAction(Int32)
OHD.Dungeons.Monster.ActionPatternExecutor:FlushNextAction()
OHD.Dungeons.Monster.PatternizedMonsterBase:OnExecuteOperation(BattleRoomPlayer)
OHD.Dungeons.Monster.<ExecuteOperation>d__65:MoveNext()
UnityEngine.SetupCoroutine:InvokeMoveNext(IEnumerator, IntPtr)

[79] 當前回合 : 5
UnityEngine.Logger:Log(LogType, Object)
UnityEngine.Debug:Log(Object)
OHD.GameActions.<Process>d__2:MoveNext()
UnityEngine.SetupCoroutine:InvokeMoveNext(IEnumerator, IntPtr)

Material 'AllySummonFire_top' with Shader 'Shader Graphs/ZeldaFire_Unlit' doesn't have a texture property '_MainTex'
UnityEngine.Material:get_mainTexture()
UnityEngine.UI.Image:get_mainTexture()
UnityEngine.UI.Graphic:UpdateMaterial()
UnityEngine.UI.Image:UpdateMaterial()
UnityEngine.UI.Graphic:Rebuild(CanvasUpdate)
UnityEngine.UI.CanvasUpdateRegistry:PerformUpdate()
Effekseer.EffekseerSoundPlayerStopAll:Invoke()

[ line 1926229080]

Material 'AllySummonFire_bottom_reverse' with Shader 'Shader Graphs/ZeldaFire_Unlit' doesn't have a texture property '_MainTex'
UnityEngine.Material:get_mainTexture()
UnityEngine.UI.Image:get_mainTexture()
UnityEngine.UI.Graphic:UpdateMaterial()
UnityEngine.UI.Image:UpdateMaterial()
UnityEngine.UI.Graphic:Rebuild(CanvasUpdate)
UnityEngine.UI.CanvasUpdateRegistry:PerformUpdate()
Effekseer.EffekseerSoundPlayerStopAll:Invoke()

[ line 1926229080]

[138] [GA_General_Attack] Deal 2 DMG x 4  time.
UnityEngine.Logger:Log(LogType, Object)
UnityEngine.Debug:Log(Object)
OHD.Dungeons.Monster.PatternizedMonsterBase:GA_General_Attack(BattleCreature, ActionExecutionData)
OHD.Dungeons.Monster.Monster363:MA_Attack_And_ReduceAura(ActionExecutionData)
System.Func`2:Invoke(T)
OHD.Dungeons.Monster.ActionPattern:CreateAction(Int32)
OHD.Dungeons.Monster.ActionPatternExecutor:FlushNextAction()
OHD.Dungeons.Monster.PatternizedMonsterBase:OnExecuteOperation(BattleRoomPlayer)
OHD.Dungeons.Monster.<ExecuteOperation>d__65:MoveNext()
UnityEngine.SetupCoroutine:InvokeMoveNext(IEnumerator, IntPtr)

[581] 當前回合 : 6
UnityEngine.Logger:Log(LogType, Object)
UnityEngine.Debug:Log(Object)
OHD.GameActions.<Process>d__2:MoveNext()
UnityEngine.SetupCoroutine:InvokeMoveNext(IEnumerator, IntPtr)

[418] [GA_General_Attack] Deal 2 DMG x 2  time.
UnityEngine.Logger:Log(LogType, Object)
UnityEngine.Debug:Log(Object)
OHD.Dungeons.Monster.PatternizedMonsterBase:GA_General_Attack(BattleCreature, ActionExecutionData)
OHD.Dungeons.Monster.Monster363:MA_Attack_And_ReduceAura(ActionExecutionData)
System.Func`2:Invoke(T)
OHD.Dungeons.Monster.ActionPattern:CreateAction(Int32)
OHD.Dungeons.Monster.ActionPatternExecutor:FlushNextAction()
OHD.Dungeons.Monster.PatternizedMonsterBase:OnExecuteOperation(BattleRoomPlayer)
OHD.Dungeons.Monster.<ExecuteOperation>d__65:MoveNext()
UnityEngine.SetupCoroutine:InvokeMoveNext(IEnumerator, IntPtr)

[767] 當前回合 : 7
UnityEngine.Logger:Log(LogType, Object)
UnityEngine.Debug:Log(Object)
OHD.GameActions.<Process>d__2:MoveNext()
UnityEngine.SetupCoroutine:InvokeMoveNext(IEnumerator, IntPtr)

[173] Nimble Tentacle Kill!
UnityEngine.Logger:Log(LogType, Object)
UnityEngine.Debug:Log(Object)
OHD.GameActions.<Process>d__6:MoveNext()
UnityEngine.SetupCoroutine:InvokeMoveNext(IEnumerator, IntPtr)

[659] [Room : BattleRoom] Leave
UnityEngine.Logger:Log(LogType, Object)
UnityEngine.Debug:Log(Object)
OHD.Dungeons.DungeonRoomBase:Leave()
OHD.Dungeons.DungeonBase:LeaveRoom(ISceneInfo)
UnityEngine.AndroidJavaRunnable:Invoke()
OHD.UI.CraftRuneUIViewModel:RaiseOnCraftEvent()
OHD.UI.RewardReceiveUIViewController:OnClickConfirmButton()
UnityEngine.AndroidJavaRunnable:Invoke()
UnityEngine.Events.InvokableCall:Invoke()
UnityEngine.Events.UnityEvent:Invoke()
System.Xml.XmlNodeChangedEventHandler:Invoke(Object, XmlNodeChangedEventArgs)
UnityEngine.EventSystems.ExecuteEvents:Execute(GameObject, BaseEventData, EventFunction`1)
UnityEngine.InputSystem.UI.InputSystemUIInputModule:ProcessPointerButton(ButtonState&, PointerEventData)
UnityEngine.InputSystem.UI.InputSystemUIInputModule:ProcessPointer(PointerModel&)
UnityEngine.InputSystem.UI.InputSystemUIInputModule:Process()
UnityEngine.EventSystems.EventSystem:Update()

[659] Change Update Type = Room -> Dungeon
UnityEngine.Logger:Log(LogType, Object)
UnityEngine.Debug:Log(Object)
OHD.GameObjects.GameUpdateDelegator:Switch(TargetType, Boolean)
OHD.Dungeons.DungeonBase:LeaveRoom(ISceneInfo)
UnityEngine.AndroidJavaRunnable:Invoke()
OHD.UI.CraftRuneUIViewModel:RaiseOnCraftEvent()
OHD.UI.RewardReceiveUIViewController:OnClickConfirmButton()
UnityEngine.AndroidJavaRunnable:Invoke()
UnityEngine.Events.InvokableCall:Invoke()
UnityEngine.Events.UnityEvent:Invoke()
System.Xml.XmlNodeChangedEventHandler:Invoke(Object, XmlNodeChangedEventArgs)
UnityEngine.EventSystems.ExecuteEvents:Execute(GameObject, BaseEventData, EventFunction`1)
UnityEngine.InputSystem.UI.InputSystemUIInputModule:ProcessPointerButton(ButtonState&, PointerEventData)
UnityEngine.InputSystem.UI.InputSystemUIInputModule:ProcessPointer(PointerModel&)
UnityEngine.InputSystem.UI.InputSystemUIInputModule:Process()
UnityEngine.EventSystems.EventSystem:Update()

[754] Save Midway State. 0.042 s
UnityEngine.Logger:Log(LogType, Object)
UnityEngine.Debug:Log(Object)
OHD.Dungeons.HundrenDungeon:SaveMidwayState()
OHD.Dungeons.HundrenDungeon:OnEnterDungeonScene(SceneBase)
System.Action`1:Invoke(T)
SceneTransitInfo:RaiseOnLoadSuccess(SceneBase)
OHD.Scenes.<<CheckTransit>g__ProcessTransit|18_0>d:MoveNext()
UnityEngine.SetupCoroutine:InvokeMoveNext(IEnumerator, IntPtr)

[924] Enter Room [x:4 y:4]
UnityEngine.Logger:Log(LogType, Object)
UnityEngine.Debug:Log(Object)
OHD.Dungeons.DungeonBase:EnterRoom(Int32, Int32)
HundrenDungeonScene:OnClickCell(ChessCellObject)
System.Action`1:Invoke(T)
OHD.GameObjects.ChessGridObject:ProcessCheckHover()

[924] [Room : BattleRoom] Init
UnityEngine.Logger:Log(LogType, Object)
UnityEngine.Debug:Log(Object)
OHD.Dungeons.DungeonRoomBase:Init()
OHD.Dungeons.DungeonBase:EnterRoom(Int32, Int32)
HundrenDungeonScene:OnClickCell(ChessCellObject)
System.Action`1:Invoke(T)
OHD.GameObjects.ChessGridObject:ProcessCheckHover()

[924] Change Update Type = Dungeon -> Room
UnityEngine.Logger:Log(LogType, Object)
UnityEngine.Debug:Log(Object)
OHD.GameObjects.GameUpdateDelegator:Switch(TargetType, Boolean)
OHD.Dungeons.DungeonBase:EnterRoom(Int32, Int32)
HundrenDungeonScene:OnClickCell(ChessCellObject)
System.Action`1:Invoke(T)
OHD.GameObjects.ChessGridObject:ProcessCheckHover()

Material Crystal Fire doesn't have _Stencil property
UnityEngine.Logger:Log(LogType, Object, Object)
UnityEngine.Debug:LogWarning(Object, Object)
UnityEngine.UI.StencilMaterial:LogWarningWhenNotInBatchmode(String, Object)
UnityEngine.UI.StencilMaterial:Add(Material, Int32, StencilOp, CompareFunction, ColorWriteMask, Int32, Int32)
UnityEngine.UI.MaskableGraphic:GetModifiedMaterial(Material)
UnityEngine.UI.Graphic:get_materialForRendering()
UnityEngine.UI.Graphic:UpdateMaterial()
UnityEngine.UI.Image:UpdateMaterial()
UnityEngine.UI.Graphic:Rebuild(CanvasUpdate)
UnityEngine.UI.CanvasUpdateRegistry:PerformUpdate()
Effekseer.EffekseerSoundPlayerStopAll:Invoke()
UnityEngine.UI.ScrollRect:SetNormalizedPosition(Single, Int32)
UnityEngine.UI.ScrollRect:set_normalizedPosition(Vector2)
OHD.UI.LayoutGroupCtrl`1:ResetScrollPos(Single, Single)
OHD.UI.LayoutGroupCtrl`1:Reload(IEnumerable`1, Action`2)
OHD.UI.BattlePowerListPanelUIView:OnViewModelChanged()
OHD.UI.UIView:TriggerStartAction()
OHD.UI.UIView:Awake()

[144] [Room : BattleRoom] Enter
UnityEngine.Logger:Log(LogType, Object)
UnityEngine.Debug:Log(Object)
OHD.Dungeons.DungeonRoomBase:Enter(SceneBase)
System.Action`1:Invoke(T)
SceneTransitInfo:RaiseOnLoadSuccess(SceneBase)
OHD.Scenes.<<CheckTransit>g__ProcessTransit|18_0>d:MoveNext()
UnityEngine.SetupCoroutine:InvokeMoveNext(IEnumerator, IntPtr)

[364] 當前回合 : 1
UnityEngine.Logger:Log(LogType, Object)
UnityEngine.Debug:Log(Object)
OHD.GameActions.<Process>d__2:MoveNext()
UnityEngine.SetupCoroutine:InvokeMoveNext(IEnumerator, IntPtr)

[933] [GA_General_Attack] Deal 26 DMG x 1  time.
UnityEngine.Logger:Log(LogType, Object)
UnityEngine.Debug:Log(Object)
OHD.Dungeons.Monster.PatternizedMonsterBase:GA_General_Attack(BattleCreature, ActionExecutionData)
OHD.Dungeons.Monster.PatternizedMonsterBase:MA_General_Attack(ActionExecutionData)
System.Func`2:Invoke(T)
OHD.Dungeons.Monster.ActionPattern:CreateAction(Int32)
OHD.Dungeons.Monster.ActionPatternExecutor:FlushNextAction()
OHD.Dungeons.Monster.PatternizedMonsterBase:OnExecuteOperation(BattleRoomPlayer)
OHD.Dungeons.Monster.<ExecuteOperation>d__65:MoveNext()
UnityEngine.SetupCoroutine:InvokeMoveNext(IEnumerator, IntPtr)

[196] [GA_General_Attack] Deal 2 DMG x 5  time.
UnityEngine.Logger:Log(LogType, Object)
UnityEngine.Debug:Log(Object)
OHD.Dungeons.Monster.PatternizedMonsterBase:GA_General_Attack(BattleCreature, ActionExecutionData)
OHD.Dungeons.Monster.Monster363:MA_Attack_And_ReduceAura(ActionExecutionData)
System.Func`2:Invoke(T)
OHD.Dungeons.Monster.ActionPattern:CreateAction(Int32)
OHD.Dungeons.Monster.ActionPatternExecutor:FlushNextAction()
OHD.Dungeons.Monster.PatternizedMonsterBase:OnExecuteOperation(BattleRoomPlayer)
OHD.Dungeons.Monster.<ExecuteOperation>d__65:MoveNext()
UnityEngine.SetupCoroutine:InvokeMoveNext(IEnumerator, IntPtr)

[862] 當前回合 : 2
UnityEngine.Logger:Log(LogType, Object)
UnityEngine.Debug:Log(Object)
OHD.GameActions.<Process>d__2:MoveNext()
UnityEngine.SetupCoroutine:InvokeMoveNext(IEnumerator, IntPtr)

[448] Nimble Tentacle Kill!
UnityEngine.Logger:Log(LogType, Object)
UnityEngine.Debug:Log(Object)
OHD.GameActions.<Process>d__6:MoveNext()
UnityEngine.SetupCoroutine:InvokeMoveNext(IEnumerator, IntPtr)

[844] [GA_General_Attack] Deal 26 DMG x 1  time.
UnityEngine.Logger:Log(LogType, Object)
UnityEngine.Debug:Log(Object)
OHD.Dungeons.Monster.PatternizedMonsterBase:GA_General_Attack(BattleCreature, ActionExecutionData)
OHD.Dungeons.Monster.PatternizedMonsterBase:MA_General_Attack(ActionExecutionData)
System.Func`2:Invoke(T)
OHD.Dungeons.Monster.ActionPattern:CreateAction(Int32)
OHD.Dungeons.Monster.ActionPatternExecutor:FlushNextAction()
OHD.Dungeons.Monster.PatternizedMonsterBase:OnExecuteOperation(BattleRoomPlayer)
OHD.Dungeons.Monster.<ExecuteOperation>d__65:MoveNext()
UnityEngine.SetupCoroutine:InvokeMoveNext(IEnumerator, IntPtr)

[174] 當前回合 : 3
UnityEngine.Logger:Log(LogType, Object)
UnityEngine.Debug:Log(Object)
OHD.GameActions.<Process>d__2:MoveNext()
UnityEngine.SetupCoroutine:InvokeMoveNext(IEnumerator, IntPtr)

[270] [GA_General_Attack] Deal 26 DMG x 1  time.
UnityEngine.Logger:Log(LogType, Object)
UnityEngine.Debug:Log(Object)
OHD.Dungeons.Monster.PatternizedMonsterBase:GA_General_Attack(BattleCreature, ActionExecutionData)
OHD.Dungeons.Monster.PatternizedMonsterBase:MA_General_Attack(ActionExecutionData)
System.Func`2:Invoke(T)
OHD.Dungeons.Monster.ActionPattern:CreateAction(Int32)
OHD.Dungeons.Monster.ActionPatternExecutor:FlushNextAction()
OHD.Dungeons.Monster.PatternizedMonsterBase:OnExecuteOperation(BattleRoomPlayer)
OHD.Dungeons.Monster.<ExecuteOperation>d__65:MoveNext()
UnityEngine.SetupCoroutine:InvokeMoveNext(IEnumerator, IntPtr)

[600] 當前回合 : 4
UnityEngine.Logger:Log(LogType, Object)
UnityEngine.Debug:Log(Object)
OHD.GameActions.<Process>d__2:MoveNext()
UnityEngine.SetupCoroutine:InvokeMoveNext(IEnumerator, IntPtr)

[149] [GA_General_Attack] Deal 26 DMG x 1  time.
UnityEngine.Logger:Log(LogType, Object)
UnityEngine.Debug:Log(Object)
OHD.Dungeons.Monster.PatternizedMonsterBase:GA_General_Attack(BattleCreature, ActionExecutionData)
OHD.Dungeons.Monster.PatternizedMonsterBase:MA_General_Attack(ActionExecutionData)
System.Func`2:Invoke(T)
OHD.Dungeons.Monster.ActionPattern:CreateAction(Int32)
OHD.Dungeons.Monster.ActionPatternExecutor:FlushNextAction()
OHD.Dungeons.Monster.PatternizedMonsterBase:OnExecuteOperation(BattleRoomPlayer)
OHD.Dungeons.Monster.<ExecuteOperation>d__65:MoveNext()
UnityEngine.SetupCoroutine:InvokeMoveNext(IEnumerator, IntPtr)

[412] Berserker Kitten Kill!
UnityEngine.Logger:Log(LogType, Object)
UnityEngine.Debug:Log(Object)
OHD.GameActions.<Process>d__6:MoveNext()
UnityEngine.SetupCoroutine:InvokeMoveNext(IEnumerator, IntPtr)

[114] [Room : BattleRoom] Leave
UnityEngine.Logger:Log(LogType, Object)
UnityEngine.Debug:Log(Object)
OHD.Dungeons.DungeonRoomBase:Leave()
OHD.Dungeons.DungeonBase:LeaveRoom(ISceneInfo)
UnityEngine.AndroidJavaRunnable:Invoke()
OHD.UI.CraftRuneUIViewModel:RaiseOnCraftEvent()
OHD.UI.RewardReceiveUIViewController:OnClickConfirmButton()
UnityEngine.AndroidJavaRunnable:Invoke()
UnityEngine.Events.InvokableCall:Invoke()
UnityEngine.Events.UnityEvent:Invoke()
System.Xml.XmlNodeChangedEventHandler:Invoke(Object, XmlNodeChangedEventArgs)
UnityEngine.EventSystems.ExecuteEvents:Execute(GameObject, BaseEventData, EventFunction`1)
UnityEngine.InputSystem.UI.InputSystemUIInputModule:ProcessPointerButton(ButtonState&, PointerEventData)
UnityEngine.InputSystem.UI.InputSystemUIInputModule:ProcessPointer(PointerModel&)
UnityEngine.InputSystem.UI.InputSystemUIInputModule:Process()
UnityEngine.EventSystems.EventSystem:Update()

[114] Change Update Type = Room -> Dungeon
UnityEngine.Logger:Log(LogType, Object)
UnityEngine.Debug:Log(Object)
OHD.GameObjects.GameUpdateDelegator:Switch(TargetType, Boolean)
OHD.Dungeons.DungeonBase:LeaveRoom(ISceneInfo)
UnityEngine.AndroidJavaRunnable:Invoke()
OHD.UI.CraftRuneUIViewModel:RaiseOnCraftEvent()
OHD.UI.RewardReceiveUIViewController:OnClickConfirmButton()
UnityEngine.AndroidJavaRunnable:Invoke()
UnityEngine.Events.InvokableCall:Invoke()
UnityEngine.Events.UnityEvent:Invoke()
System.Xml.XmlNodeChangedEventHandler:Invoke(Object, XmlNodeChangedEventArgs)
UnityEngine.EventSystems.ExecuteEvents:Execute(GameObject, BaseEventData, EventFunction`1)
UnityEngine.InputSystem.UI.InputSystemUIInputModule:ProcessPointerButton(ButtonState&, PointerEventData)
UnityEngine.InputSystem.UI.InputSystemUIInputModule:ProcessPointer(PointerModel&)
UnityEngine.InputSystem.UI.InputSystemUIInputModule:Process()
UnityEngine.EventSystems.EventSystem:Update()

[210] Save Midway State. 0.047 s
UnityEngine.Logger:Log(LogType, Object)
UnityEngine.Debug:Log(Object)
OHD.Dungeons.HundrenDungeon:SaveMidwayState()
OHD.Dungeons.HundrenDungeon:OnEnterDungeonScene(SceneBase)
System.Action`1:Invoke(T)
SceneTransitInfo:RaiseOnLoadSuccess(SceneBase)
OHD.Scenes.<<CheckTransit>g__ProcessTransit|18_0>d:MoveNext()
UnityEngine.SetupCoroutine:InvokeMoveNext(IEnumerator, IntPtr)

[514] Enter Room [x:4 y:5]
UnityEngine.Logger:Log(LogType, Object)
UnityEngine.Debug:Log(Object)
OHD.Dungeons.DungeonBase:EnterRoom(Int32, Int32)
HundrenDungeonScene:OnClickCell(ChessCellObject)
System.Action`1:Invoke(T)
OHD.GameObjects.ChessGridObject:ProcessCheckHover()

[514] [Room : ShopRoom] Init
UnityEngine.Logger:Log(LogType, Object)
UnityEngine.Debug:Log(Object)
OHD.Dungeons.DungeonRoomBase:Init()
OHD.Dungeons.DungeonBase:EnterRoom(Int32, Int32)
HundrenDungeonScene:OnClickCell(ChessCellObject)
System.Action`1:Invoke(T)
OHD.GameObjects.ChessGridObject:ProcessCheckHover()

[514] Change Update Type = Dungeon -> Room
UnityEngine.Logger:Log(LogType, Object)
UnityEngine.Debug:Log(Object)
OHD.GameObjects.GameUpdateDelegator:Switch(TargetType, Boolean)
OHD.Dungeons.DungeonBase:EnterRoom(Int32, Int32)
HundrenDungeonScene:OnClickCell(ChessCellObject)
System.Action`1:Invoke(T)
OHD.GameObjects.ChessGridObject:ProcessCheckHover()

[733] [Room : ShopRoom] Enter
UnityEngine.Logger:Log(LogType, Object)
UnityEngine.Debug:Log(Object)
OHD.Dungeons.DungeonRoomBase:Enter(SceneBase)
System.Action`1:Invoke(T)
SceneTransitInfo:RaiseOnLoadSuccess(SceneBase)
OHD.Scenes.<<CheckTransit>g__ProcessTransit|18_0>d:MoveNext()
UnityEngine.SetupCoroutine:InvokeMoveNext(IEnumerator, IntPtr)

[689] [Room : ShopRoom] Leave
UnityEngine.Logger:Log(LogType, Object)
UnityEngine.Debug:Log(Object)
OHD.Dungeons.DungeonRoomBase:Leave()
OHD.Dungeons.DungeonBase:LeaveRoom(ISceneInfo)
OHD.UI.GameFrameHolderViewController:Internal_ProcessReturnGameFrame(Boolean)
OHD.UI.GameFrameHolderViewController:ProcessReturnGameFrame(Boolean)
System.Action`1:Invoke(T)
OHD.UI.GameFrameUIView:OnClickBackButton()
OHD.UI.DungeonShopUIViewController:RefreshActionTime()
OHD.UI.DungeonShopUIViewController:ReduceActionTime()
System.Action`1:Invoke(T)
OHD.UI.UIView:Internal_Dismiss(Boolean)
UnityEngine.AndroidJavaRunnable:Invoke()
OHD.UI.<<Hide>g__TransitToHide|0>d:MoveNext()
UnityEngine.SetupCoroutine:InvokeMoveNext(IEnumerator, IntPtr)

[689] Change Update Type = Room -> Dungeon
UnityEngine.Logger:Log(LogType, Object)
UnityEngine.Debug:Log(Object)
OHD.GameObjects.GameUpdateDelegator:Switch(TargetType, Boolean)
OHD.Dungeons.DungeonBase:LeaveRoom(ISceneInfo)
OHD.UI.GameFrameHolderViewController:Internal_ProcessReturnGameFrame(Boolean)
OHD.UI.GameFrameHolderViewController:ProcessReturnGameFrame(Boolean)
System.Action`1:Invoke(T)
OHD.UI.GameFrameUIView:OnClickBackButton()
OHD.UI.DungeonShopUIViewController:RefreshActionTime()
OHD.UI.DungeonShopUIViewController:ReduceActionTime()
System.Action`1:Invoke(T)
OHD.UI.UIView:Internal_Dismiss(Boolean)
UnityEngine.AndroidJavaRunnable:Invoke()
OHD.UI.<<Hide>g__TransitToHide|0>d:MoveNext()
UnityEngine.SetupCoroutine:InvokeMoveNext(IEnumerator, IntPtr)

[872] Save Midway State. 0.042 s
UnityEngine.Logger:Log(LogType, Object)
UnityEngine.Debug:Log(Object)
OHD.Dungeons.HundrenDungeon:SaveMidwayState()
OHD.Dungeons.HundrenDungeon:OnEnterDungeonScene(SceneBase)
System.Action`1:Invoke(T)
SceneTransitInfo:RaiseOnLoadSuccess(SceneBase)
OHD.Scenes.<<CheckTransit>g__ProcessTransit|18_0>d:MoveNext()
UnityEngine.SetupCoroutine:InvokeMoveNext(IEnumerator, IntPtr)

[154] Enter Room [x:3 y:6]
UnityEngine.Logger:Log(LogType, Object)
UnityEngine.Debug:Log(Object)
OHD.Dungeons.DungeonBase:EnterRoom(Int32, Int32)
HundrenDungeonScene:OnClickCell(ChessCellObject)
System.Action`1:Invoke(T)
OHD.GameObjects.ChessGridObject:ProcessCheckHover()

[154] [Room : BattleRoom] Init
UnityEngine.Logger:Log(LogType, Object)
UnityEngine.Debug:Log(Object)
OHD.Dungeons.DungeonRoomBase:Init()
OHD.Dungeons.DungeonBase:EnterRoom(Int32, Int32)
HundrenDungeonScene:OnClickCell(ChessCellObject)
System.Action`1:Invoke(T)
OHD.GameObjects.ChessGridObject:ProcessCheckHover()

[154] Change Update Type = Dungeon -> Room
UnityEngine.Logger:Log(LogType, Object)
UnityEngine.Debug:Log(Object)
OHD.GameObjects.GameUpdateDelegator:Switch(TargetType, Boolean)
OHD.Dungeons.DungeonBase:EnterRoom(Int32, Int32)
HundrenDungeonScene:OnClickCell(ChessCellObject)
System.Action`1:Invoke(T)
OHD.GameObjects.ChessGridObject:ProcessCheckHover()

Material Crystal Fire doesn't have _Stencil property
UnityEngine.Logger:Log(LogType, Object, Object)
UnityEngine.Debug:LogWarning(Object, Object)
UnityEngine.UI.StencilMaterial:LogWarningWhenNotInBatchmode(String, Object)
UnityEngine.UI.StencilMaterial:Add(Material, Int32, StencilOp, CompareFunction, ColorWriteMask, Int32, Int32)
UnityEngine.UI.MaskableGraphic:GetModifiedMaterial(Material)
UnityEngine.UI.Graphic:get_materialForRendering()
UnityEngine.UI.Graphic:UpdateMaterial()
UnityEngine.UI.Image:UpdateMaterial()
UnityEngine.UI.Graphic:Rebuild(CanvasUpdate)
UnityEngine.UI.CanvasUpdateRegistry:PerformUpdate()
Effekseer.EffekseerSoundPlayerStopAll:Invoke()
UnityEngine.UI.ScrollRect:SetNormalizedPosition(Single, Int32)
UnityEngine.UI.ScrollRect:set_normalizedPosition(Vector2)
OHD.UI.LayoutGroupCtrl`1:ResetScrollPos(Single, Single)
OHD.UI.LayoutGroupCtrl`1:Reload(IEnumerable`1, Action`2)
OHD.UI.BattlePowerListPanelUIView:OnViewModelChanged()
OHD.UI.UIView:TriggerStartAction()
OHD.UI.UIView:Awake()

[374] [Room : BattleRoom] Enter
UnityEngine.Logger:Log(LogType, Object)
UnityEngine.Debug:Log(Object)
OHD.Dungeons.DungeonRoomBase:Enter(SceneBase)
System.Action`1:Invoke(T)
SceneTransitInfo:RaiseOnLoadSuccess(SceneBase)
OHD.Scenes.<<CheckTransit>g__ProcessTransit|18_0>d:MoveNext()
UnityEngine.SetupCoroutine:InvokeMoveNext(IEnumerator, IntPtr)

[630] 當前回合 : 1
UnityEngine.Logger:Log(LogType, Object)
UnityEngine.Debug:Log(Object)
OHD.GameActions.<Process>d__2:MoveNext()
UnityEngine.SetupCoroutine:InvokeMoveNext(IEnumerator, IntPtr)

[122] Nimble Tentacle Kill!
UnityEngine.Logger:Log(LogType, Object)
UnityEngine.Debug:Log(Object)
OHD.GameActions.<Process>d__6:MoveNext()
UnityEngine.SetupCoroutine:InvokeMoveNext(IEnumerator, IntPtr)

[661] 當前回合 : 2
UnityEngine.Logger:Log(LogType, Object)
UnityEngine.Debug:Log(Object)
OHD.GameActions.<Process>d__2:MoveNext()
UnityEngine.SetupCoroutine:InvokeMoveNext(IEnumerator, IntPtr)

[708] [GA_General_Attack] Deal 24 DMG x 1  time.
UnityEngine.Logger:Log(LogType, Object)
UnityEngine.Debug:Log(Object)
OHD.Dungeons.Monster.PatternizedMonsterBase:GA_General_Attack(BattleCreature, ActionExecutionData)
OHD.Dungeons.Monster.PatternizedMonsterBase:MA_General_Attack(ActionExecutionData)
OHD.Dungeons.Monster.Monster362:MA_Attack(ActionExecutionData)
System.Func`2:Invoke(T)
OHD.Dungeons.Monster.ActionPattern:CreateAction(Int32)
OHD.Dungeons.Monster.ActionPatternExecutor:FlushNextAction()
OHD.Dungeons.Monster.PatternizedMonsterBase:OnExecuteOperation(BattleRoomPlayer)
OHD.Dungeons.Monster.<ExecuteOperation>d__65:MoveNext()
UnityEngine.SetupCoroutine:InvokeMoveNext(IEnumerator, IntPtr)

[969] 當前回合 : 3
UnityEngine.Logger:Log(LogType, Object)
UnityEngine.Debug:Log(Object)
OHD.GameActions.<Process>d__2:MoveNext()
UnityEngine.SetupCoroutine:InvokeMoveNext(IEnumerator, IntPtr)

[643] Flayer Goblin Kill!
UnityEngine.Logger:Log(LogType, Object)
UnityEngine.Debug:Log(Object)
OHD.GameActions.<Process>d__6:MoveNext()
UnityEngine.SetupCoroutine:InvokeMoveNext(IEnumerator, IntPtr)

[197] [Room : BattleRoom] Leave
UnityEngine.Logger:Log(LogType, Object)
UnityEngine.Debug:Log(Object)
OHD.Dungeons.DungeonRoomBase:Leave()
OHD.Dungeons.DungeonBase:LeaveRoom(ISceneInfo)
UnityEngine.AndroidJavaRunnable:Invoke()
OHD.UI.CraftRuneUIViewModel:RaiseOnCraftEvent()
OHD.UI.RewardReceiveUIViewController:OnClickConfirmButton()
UnityEngine.AndroidJavaRunnable:Invoke()
UnityEngine.Events.InvokableCall:Invoke()
UnityEngine.Events.UnityEvent:Invoke()
System.Xml.XmlNodeChangedEventHandler:Invoke(Object, XmlNodeChangedEventArgs)
UnityEngine.EventSystems.ExecuteEvents:Execute(GameObject, BaseEventData, EventFunction`1)
UnityEngine.InputSystem.UI.InputSystemUIInputModule:ProcessPointerButton(ButtonState&, PointerEventData)
UnityEngine.InputSystem.UI.InputSystemUIInputModule:ProcessPointer(PointerModel&)
UnityEngine.InputSystem.UI.InputSystemUIInputModule:Process()
UnityEngine.EventSystems.EventSystem:Update()

[197] Change Update Type = Room -> Dungeon
UnityEngine.Logger:Log(LogType, Object)
UnityEngine.Debug:Log(Object)
OHD.GameObjects.GameUpdateDelegator:Switch(TargetType, Boolean)
OHD.Dungeons.DungeonBase:LeaveRoom(ISceneInfo)
UnityEngine.AndroidJavaRunnable:Invoke()
OHD.UI.CraftRuneUIViewModel:RaiseOnCraftEvent()
OHD.UI.RewardReceiveUIViewController:OnClickConfirmButton()
UnityEngine.AndroidJavaRunnable:Invoke()
UnityEngine.Events.InvokableCall:Invoke()
UnityEngine.Events.UnityEvent:Invoke()
System.Xml.XmlNodeChangedEventHandler:Invoke(Object, XmlNodeChangedEventArgs)
UnityEngine.EventSystems.ExecuteEvents:Execute(GameObject, BaseEventData, EventFunction`1)
UnityEngine.InputSystem.UI.InputSystemUIInputModule:ProcessPointerButton(ButtonState&, PointerEventData)
UnityEngine.InputSystem.UI.InputSystemUIInputModule:ProcessPointer(PointerModel&)
UnityEngine.InputSystem.UI.InputSystemUIInputModule:Process()
UnityEngine.EventSystems.EventSystem:Update()

[293] Save Midway State. 0.042 s
UnityEngine.Logger:Log(LogType, Object)
UnityEngine.Debug:Log(Object)
OHD.Dungeons.HundrenDungeon:SaveMidwayState()
OHD.Dungeons.HundrenDungeon:OnEnterDungeonScene(SceneBase)
System.Action`1:Invoke(T)
SceneTransitInfo:RaiseOnLoadSuccess(SceneBase)
OHD.Scenes.<<CheckTransit>g__ProcessTransit|18_0>d:MoveNext()
UnityEngine.SetupCoroutine:InvokeMoveNext(IEnumerator, IntPtr)

[542] Enter Room [x:2 y:7]
UnityEngine.Logger:Log(LogType, Object)
UnityEngine.Debug:Log(Object)
OHD.Dungeons.DungeonBase:EnterRoom(Int32, Int32)
HundrenDungeonScene:OnClickCell(ChessCellObject)
System.Action`1:Invoke(T)
OHD.GameObjects.ChessGridObject:ProcessCheckHover()

[542] [Room : TreasureRoom] Init
UnityEngine.Logger:Log(LogType, Object)
UnityEngine.Debug:Log(Object)
OHD.Dungeons.DungeonRoomBase:Init()
OHD.Dungeons.DungeonBase:EnterRoom(Int32, Int32)
HundrenDungeonScene:OnClickCell(ChessCellObject)
System.Action`1:Invoke(T)
OHD.GameObjects.ChessGridObject:ProcessCheckHover()

[542] Change Update Type = Dungeon -> Room
UnityEngine.Logger:Log(LogType, Object)
UnityEngine.Debug:Log(Object)
OHD.GameObjects.GameUpdateDelegator:Switch(TargetType, Boolean)
OHD.Dungeons.DungeonBase:EnterRoom(Int32, Int32)
HundrenDungeonScene:OnClickCell(ChessCellObject)
System.Action`1:Invoke(T)
OHD.GameObjects.ChessGridObject:ProcessCheckHover()

[762] [Room : TreasureRoom] Enter
UnityEngine.Logger:Log(LogType, Object)
UnityEngine.Debug:Log(Object)
OHD.Dungeons.DungeonRoomBase:Enter(SceneBase)
System.Action`1:Invoke(T)
SceneTransitInfo:RaiseOnLoadSuccess(SceneBase)
OHD.Scenes.<<CheckTransit>g__ProcessTransit|18_0>d:MoveNext()
UnityEngine.SetupCoroutine:InvokeMoveNext(IEnumerator, IntPtr)

[520] [Room : TreasureRoom] Leave
UnityEngine.Logger:Log(LogType, Object)
UnityEngine.Debug:Log(Object)
OHD.Dungeons.DungeonRoomBase:Leave()
OHD.Dungeons.DungeonBase:LeaveRoom(ISceneInfo)
OHD.UI.<ProcessReceiveReward>d__49:MoveNext()
UnityEngine.SetupCoroutine:InvokeMoveNext(IEnumerator, IntPtr)

[520] Change Update Type = Room -> Dungeon
UnityEngine.Logger:Log(LogType, Object)
UnityEngine.Debug:Log(Object)
OHD.GameObjects.GameUpdateDelegator:Switch(TargetType, Boolean)
OHD.Dungeons.DungeonBase:LeaveRoom(ISceneInfo)
OHD.UI.<ProcessReceiveReward>d__49:MoveNext()
UnityEngine.SetupCoroutine:InvokeMoveNext(IEnumerator, IntPtr)

[704] Save Midway State. 0.052 s
UnityEngine.Logger:Log(LogType, Object)
UnityEngine.Debug:Log(Object)
OHD.Dungeons.HundrenDungeon:SaveMidwayState()
OHD.Dungeons.HundrenDungeon:OnEnterDungeonScene(SceneBase)
System.Action`1:Invoke(T)
SceneTransitInfo:RaiseOnLoadSuccess(SceneBase)
OHD.Scenes.<<CheckTransit>g__ProcessTransit|18_0>d:MoveNext()
UnityEngine.SetupCoroutine:InvokeMoveNext(IEnumerator, IntPtr)

[898] Enter Room [x:1 y:8]
UnityEngine.Logger:Log(LogType, Object)
UnityEngine.Debug:Log(Object)
OHD.Dungeons.DungeonBase:EnterRoom(Int32, Int32)
HundrenDungeonScene:OnClickCell(ChessCellObject)
System.Action`1:Invoke(T)
OHD.GameObjects.ChessGridObject:ProcessCheckHover()

[898] [Room : EventRoom] Init
UnityEngine.Logger:Log(LogType, Object)
UnityEngine.Debug:Log(Object)
OHD.Dungeons.DungeonRoomBase:Init()
OHD.Dungeons.DungeonBase:EnterRoom(Int32, Int32)
HundrenDungeonScene:OnClickCell(ChessCellObject)
System.Action`1:Invoke(T)
OHD.GameObjects.ChessGridObject:ProcessCheckHover()

[898] Change Update Type = Dungeon -> Room
UnityEngine.Logger:Log(LogType, Object)
UnityEngine.Debug:Log(Object)
OHD.GameObjects.GameUpdateDelegator:Switch(TargetType, Boolean)
OHD.Dungeons.DungeonBase:EnterRoom(Int32, Int32)
HundrenDungeonScene:OnClickCell(ChessCellObject)
System.Action`1:Invoke(T)
OHD.GameObjects.ChessGridObject:ProcessCheckHover()

[117] [Room : EventRoom] Enter
UnityEngine.Logger:Log(LogType, Object)
UnityEngine.Debug:Log(Object)
OHD.Dungeons.DungeonRoomBase:Enter(SceneBase)
System.Action`1:Invoke(T)
SceneTransitInfo:RaiseOnLoadSuccess(SceneBase)
OHD.Scenes.<<CheckTransit>g__ProcessTransit|18_0>d:MoveNext()
UnityEngine.SetupCoroutine:InvokeMoveNext(IEnumerator, IntPtr)

[661] Game User Saved
UnityEngine.Logger:Log(LogType, Object)
UnityEngine.Debug:Log(Object)
GameUser:Save()
GameUser:AutoSave()
OHD.Dungeons.PlotMachines.PlotCmd_GameAction_UnlockGalleryByHealth:OnExecute()
OHD.Dungeons.PlotMachines.<ProcessExecute>d__38:MoveNext()
UnityEngine.SetupCoroutine:InvokeMoveNext(IEnumerator, IntPtr)

[904] Broadcast_SendStop
UnityEngine.Logger:Log(LogType, Object)
UnityEngine.Debug:Log(Object)
OHD.ThirdPartySupport.Lovenses.LovenseToy:Broadcast_SendStop(List`1)
OHD.Dungeons.PlotMachines.PlotMachine:DoPlotEnd()
OHD.Dungeons.PlotMachines.PlotCmd_PlotSignal_EndPlot:OnExecute()
OHD.Dungeons.PlotMachines.<ProcessExecute>d__38:MoveNext()
UnityEngine.SetupCoroutine:InvokeMoveNext(IEnumerator, IntPtr)

[904] [Room : EventRoom] Leave
UnityEngine.Logger:Log(LogType, Object)
UnityEngine.Debug:Log(Object)
OHD.Dungeons.DungeonRoomBase:Leave()
OHD.Dungeons.DungeonBase:LeaveRoom(ISceneInfo)
OHD.Dungeons.EventRoom:OnDungeonEventFinish()
UnityEngine.AndroidJavaRunnable:Invoke()
OHD.GameActions.PlayPlotAction:<OnStart>b__22_0(PlotMachine)
System.Xml.Serialization.XmlSerializationWriteCallback:Invoke(Object)
OHD.Dungeons.PlotMachines.PlotMachine:DoPlotEnd()
OHD.Dungeons.PlotMachines.PlotCmd_PlotSignal_EndPlot:OnExecute()
OHD.Dungeons.PlotMachines.<ProcessExecute>d__38:MoveNext()
UnityEngine.SetupCoroutine:InvokeMoveNext(IEnumerator, IntPtr)

[904] Change Update Type = Room -> Dungeon
UnityEngine.Logger:Log(LogType, Object)
UnityEngine.Debug:Log(Object)
OHD.GameObjects.GameUpdateDelegator:Switch(TargetType, Boolean)
OHD.Dungeons.DungeonBase:LeaveRoom(ISceneInfo)
OHD.Dungeons.EventRoom:OnDungeonEventFinish()
UnityEngine.AndroidJavaRunnable:Invoke()
OHD.GameActions.PlayPlotAction:<OnStart>b__22_0(PlotMachine)
System.Xml.Serialization.XmlSerializationWriteCallback:Invoke(Object)
OHD.Dungeons.PlotMachines.PlotMachine:DoPlotEnd()
OHD.Dungeons.PlotMachines.PlotCmd_PlotSignal_EndPlot:OnExecute()
OHD.Dungeons.PlotMachines.<ProcessExecute>d__38:MoveNext()
UnityEngine.SetupCoroutine:InvokeMoveNext(IEnumerator, IntPtr)

[88] Game User Saved
UnityEngine.Logger:Log(LogType, Object)
UnityEngine.Debug:Log(Object)
GameUser:Save()
GamePlayer:Save()
GamePlayer:AutoSave()
OHD.Dungeons.HundrenDungeon:SaveMidwayState()
OHD.Dungeons.HundrenDungeon:OnEnterDungeonScene(SceneBase)
System.Action`1:Invoke(T)
SceneTransitInfo:RaiseOnLoadSuccess(SceneBase)
OHD.Scenes.<<CheckTransit>g__ProcessTransit|18_0>d:MoveNext()
UnityEngine.SetupCoroutine:InvokeMoveNext(IEnumerator, IntPtr)

[88] Save Midway State. 0.044 s
UnityEngine.Logger:Log(LogType, Object)
UnityEngine.Debug:Log(Object)
OHD.Dungeons.HundrenDungeon:SaveMidwayState()
OHD.Dungeons.HundrenDungeon:OnEnterDungeonScene(SceneBase)
System.Action`1:Invoke(T)
SceneTransitInfo:RaiseOnLoadSuccess(SceneBase)
OHD.Scenes.<<CheckTransit>g__ProcessTransit|18_0>d:MoveNext()
UnityEngine.SetupCoroutine:InvokeMoveNext(IEnumerator, IntPtr)

[287] Enter Room [x:1 y:9]
UnityEngine.Logger:Log(LogType, Object)
UnityEngine.Debug:Log(Object)
OHD.Dungeons.DungeonBase:EnterRoom(Int32, Int32)
HundrenDungeonScene:OnClickCell(ChessCellObject)
System.Action`1:Invoke(T)
OHD.GameObjects.ChessGridObject:ProcessCheckHover()

[287] [Room : BattleRoom] Init
UnityEngine.Logger:Log(LogType, Object)
UnityEngine.Debug:Log(Object)
OHD.Dungeons.DungeonRoomBase:Init()
OHD.Dungeons.DungeonBase:EnterRoom(Int32, Int32)
HundrenDungeonScene:OnClickCell(ChessCellObject)
System.Action`1:Invoke(T)
OHD.GameObjects.ChessGridObject:ProcessCheckHover()

[287] Change Update Type = Dungeon -> Room
UnityEngine.Logger:Log(LogType, Object)
UnityEngine.Debug:Log(Object)
OHD.GameObjects.GameUpdateDelegator:Switch(TargetType, Boolean)
OHD.Dungeons.DungeonBase:EnterRoom(Int32, Int32)
HundrenDungeonScene:OnClickCell(ChessCellObject)
System.Action`1:Invoke(T)
OHD.GameObjects.ChessGridObject:ProcessCheckHover()

Material Crystal Fire doesn't have _Stencil property
UnityEngine.Logger:Log(LogType, Object, Object)
UnityEngine.Debug:LogWarning(Object, Object)
UnityEngine.UI.StencilMaterial:LogWarningWhenNotInBatchmode(String, Object)
UnityEngine.UI.StencilMaterial:Add(Material, Int32, StencilOp, CompareFunction, ColorWriteMask, Int32, Int32)
UnityEngine.UI.MaskableGraphic:GetModifiedMaterial(Material)
UnityEngine.UI.Graphic:get_materialForRendering()
UnityEngine.UI.Graphic:UpdateMaterial()
UnityEngine.UI.Image:UpdateMaterial()
UnityEngine.UI.Graphic:Rebuild(CanvasUpdate)
UnityEngine.UI.CanvasUpdateRegistry:PerformUpdate()
Effekseer.EffekseerSoundPlayerStopAll:Invoke()
UnityEngine.UI.ScrollRect:SetNormalizedPosition(Single, Int32)
UnityEngine.UI.ScrollRect:set_normalizedPosition(Vector2)
OHD.UI.LayoutGroupCtrl`1:ResetScrollPos(Single, Single)
OHD.UI.LayoutGroupCtrl`1:Reload(IEnumerable`1, Action`2)
OHD.UI.BattlePowerListPanelUIView:OnViewModelChanged()
OHD.UI.UIView:TriggerStartAction()
OHD.UI.UIView:Awake()

[507] [Room : BattleRoom] Enter
UnityEngine.Logger:Log(LogType, Object)
UnityEngine.Debug:Log(Object)
OHD.Dungeons.DungeonRoomBase:Enter(SceneBase)
System.Action`1:Invoke(T)
SceneTransitInfo:RaiseOnLoadSuccess(SceneBase)
OHD.Scenes.<<CheckTransit>g__ProcessTransit|18_0>d:MoveNext()
UnityEngine.SetupCoroutine:InvokeMoveNext(IEnumerator, IntPtr)

[631] 當前回合 : 1
UnityEngine.Logger:Log(LogType, Object)
UnityEngine.Debug:Log(Object)
OHD.GameActions.<Process>d__2:MoveNext()
UnityEngine.SetupCoroutine:InvokeMoveNext(IEnumerator, IntPtr)

Material 'AllySummonFire_top' with Shader 'Shader Graphs/ZeldaFire_Unlit' doesn't have a texture property '_MainTex'
UnityEngine.Material:get_mainTexture()
UnityEngine.UI.Image:get_mainTexture()
UnityEngine.UI.Graphic:UpdateMaterial()
UnityEngine.UI.Image:UpdateMaterial()
UnityEngine.UI.Graphic:Rebuild(CanvasUpdate)
UnityEngine.UI.CanvasUpdateRegistry:PerformUpdate()
Effekseer.EffekseerSoundPlayerStopAll:Invoke()

[ line 1926229080]

Material 'AllySummonFire_bottom' with Shader 'Shader Graphs/ZeldaFire_Unlit' doesn't have a texture property '_MainTex'
UnityEngine.Material:get_mainTexture()
UnityEngine.UI.Image:get_mainTexture()
UnityEngine.UI.Graphic:UpdateMaterial()
UnityEngine.UI.Image:UpdateMaterial()
UnityEngine.UI.Graphic:Rebuild(CanvasUpdate)
UnityEngine.UI.CanvasUpdateRegistry:PerformUpdate()
Effekseer.EffekseerSoundPlayerStopAll:Invoke()

[ line 1926229080]

Material 'AllySummonFire_top' with Shader 'Shader Graphs/ZeldaFire_Unlit' doesn't have a texture property '_MainTex'
UnityEngine.Material:get_mainTexture()
UnityEngine.UI.Image:get_mainTexture()
UnityEngine.UI.Graphic:UpdateMaterial()
UnityEngine.UI.Image:UpdateMaterial()
UnityEngine.UI.Graphic:Rebuild(CanvasUpdate)
UnityEngine.UI.CanvasUpdateRegistry:PerformUpdate()
Effekseer.EffekseerSoundPlayerStopAll:Invoke()

[ line 1926229080]

Material 'AllySummonFire_bottom_reverse' with Shader 'Shader Graphs/ZeldaFire_Unlit' doesn't have a texture property '_MainTex'
UnityEngine.Material:get_mainTexture()
UnityEngine.UI.Image:get_mainTexture()
UnityEngine.UI.Graphic:UpdateMaterial()
UnityEngine.UI.Image:UpdateMaterial()
UnityEngine.UI.Graphic:Rebuild(CanvasUpdate)
UnityEngine.UI.CanvasUpdateRegistry:PerformUpdate()
Effekseer.EffekseerSoundPlayerStopAll:Invoke()

[ line 1926229080]

[531] [GA_General_Attack] Deal 32 DMG x 1  time.
UnityEngine.Logger:Log(LogType, Object)
UnityEngine.Debug:Log(Object)
OHD.Dungeons.Monster.PatternizedMonsterBase:GA_General_Attack(BattleCreature, ActionExecutionData)
OHD.Dungeons.Monster.Monster291:MA_General_Sacrifice_Attack(ActionExecutionData)
System.Func`2:Invoke(T)
OHD.Dungeons.Monster.ActionPattern:CreateAction(Int32)
OHD.Dungeons.Monster.ActionPatternExecutor:FlushNextAction()
OHD.Dungeons.Monster.PatternizedMonsterBase:OnExecuteOperation(BattleRoomPlayer)
OHD.Dungeons.Monster.<ExecuteOperation>d__65:MoveNext()
UnityEngine.SetupCoroutine:InvokeMoveNext(IEnumerator, IntPtr)

[917] [GA_General_Attack] Deal 20 DMG x 1  time.
UnityEngine.Logger:Log(LogType, Object)
UnityEngine.Debug:Log(Object)
OHD.Dungeons.Monster.PatternizedMonsterBase:GA_General_Attack(BattleCreature, ActionExecutionData)
OHD.Dungeons.Monster.PatternizedMonsterBase:MA_General_Attack(ActionExecutionData)
System.Func`2:Invoke(T)
OHD.Dungeons.Monster.ActionPattern:CreateAction(Int32)
OHD.Dungeons.Monster.ActionPatternExecutor:FlushNextAction()
OHD.Dungeons.Monster.PatternizedMonsterBase:OnExecuteOperation(BattleRoomPlayer)
OHD.Dungeons.Monster.<ExecuteOperation>d__65:MoveNext()
UnityEngine.SetupCoroutine:InvokeMoveNext(IEnumerator, IntPtr)

[206] 當前回合 : 2
UnityEngine.Logger:Log(LogType, Object)
UnityEngine.Debug:Log(Object)
OHD.GameActions.<Process>d__2:MoveNext()
UnityEngine.SetupCoroutine:InvokeMoveNext(IEnumerator, IntPtr)

[690] Crazy Bat Kill!
UnityEngine.Logger:Log(LogType, Object)
UnityEngine.Debug:Log(Object)
OHD.GameActions.<Process>d__6:MoveNext()
UnityEngine.SetupCoroutine:InvokeMoveNext(IEnumerator, IntPtr)

[61] [GA_General_Attack] Deal 32 DMG x 1  time.
UnityEngine.Logger:Log(LogType, Object)
UnityEngine.Debug:Log(Object)
OHD.Dungeons.Monster.PatternizedMonsterBase:GA_General_Attack(BattleCreature, ActionExecutionData)
OHD.Dungeons.Monster.Monster291:MA_General_RemoveShield_Attack(ActionExecutionData)
System.Func`2:Invoke(T)
OHD.Dungeons.Monster.ActionPattern:CreateAction(Int32)
OHD.Dungeons.Monster.ActionPatternExecutor:FlushNextAction()
OHD.Dungeons.Monster.PatternizedMonsterBase:OnExecuteOperation(BattleRoomPlayer)
OHD.Dungeons.Monster.<ExecuteOperation>d__65:MoveNext()
UnityEngine.SetupCoroutine:InvokeMoveNext(IEnumerator, IntPtr)

[516] 當前回合 : 3
UnityEngine.Logger:Log(LogType, Object)
UnityEngine.Debug:Log(Object)
OHD.GameActions.<Process>d__2:MoveNext()
UnityEngine.SetupCoroutine:InvokeMoveNext(IEnumerator, IntPtr)

[589] [GA_General_Attack] Deal 32 DMG x 1  time.
UnityEngine.Logger:Log(LogType, Object)
UnityEngine.Debug:Log(Object)
OHD.Dungeons.Monster.PatternizedMonsterBase:GA_General_Attack(BattleCreature, ActionExecutionData)
OHD.Dungeons.Monster.Monster291:MA_General_Sacrifice_Attack(ActionExecutionData)
System.Func`2:Invoke(T)
OHD.Dungeons.Monster.ActionPattern:CreateAction(Int32)
OHD.Dungeons.Monster.ActionPatternExecutor:FlushNextAction()
OHD.Dungeons.Monster.PatternizedMonsterBase:OnExecuteOperation(BattleRoomPlayer)
OHD.Dungeons.Monster.<ExecuteOperation>d__65:MoveNext()
UnityEngine.SetupCoroutine:InvokeMoveNext(IEnumerator, IntPtr)

[41] 當前回合 : 4
UnityEngine.Logger:Log(LogType, Object)
UnityEngine.Debug:Log(Object)
OHD.GameActions.<Process>d__2:MoveNext()
UnityEngine.SetupCoroutine:InvokeMoveNext(IEnumerator, IntPtr)

Material 'AllySummonFire_top' with Shader 'Shader Graphs/ZeldaFire_Unlit' doesn't have a texture property '_MainTex'
UnityEngine.Material:get_mainTexture()
UnityEngine.UI.Image:get_mainTexture()
UnityEngine.UI.Graphic:UpdateMaterial()
UnityEngine.UI.Image:UpdateMaterial()
UnityEngine.UI.Graphic:Rebuild(CanvasUpdate)
UnityEngine.UI.CanvasUpdateRegistry:PerformUpdate()
Effekseer.EffekseerSoundPlayerStopAll:Invoke()

[ line 1926229080]

Material 'AllySummonFire_bottom_reverse' with Shader 'Shader Graphs/ZeldaFire_Unlit' doesn't have a texture property '_MainTex'
UnityEngine.Material:get_mainTexture()
UnityEngine.UI.Image:get_mainTexture()
UnityEngine.UI.Graphic:UpdateMaterial()
UnityEngine.UI.Image:UpdateMaterial()
UnityEngine.UI.Graphic:Rebuild(CanvasUpdate)
UnityEngine.UI.CanvasUpdateRegistry:PerformUpdate()
Effekseer.EffekseerSoundPlayerStopAll:Invoke()

[ line 1926229080]

[533] 當前回合 : 5
UnityEngine.Logger:Log(LogType, Object)
UnityEngine.Debug:Log(Object)
OHD.GameActions.<Process>d__2:MoveNext()
UnityEngine.SetupCoroutine:InvokeMoveNext(IEnumerator, IntPtr)

[93] [GA_General_Attack] Deal 32 DMG x 1  time.
UnityEngine.Logger:Log(LogType, Object)
UnityEngine.Debug:Log(Object)
OHD.Dungeons.Monster.PatternizedMonsterBase:GA_General_Attack(BattleCreature, ActionExecutionData)
OHD.Dungeons.Monster.Monster291:MA_General_Sacrifice_Attack(ActionExecutionData)
System.Func`2:Invoke(T)
OHD.Dungeons.Monster.ActionPattern:CreateAction(Int32)
OHD.Dungeons.Monster.ActionPatternExecutor:FlushNextAction()
OHD.Dungeons.Monster.PatternizedMonsterBase:OnExecuteOperation(BattleRoomPlayer)
OHD.Dungeons.Monster.<ExecuteOperation>d__65:MoveNext()
UnityEngine.SetupCoroutine:InvokeMoveNext(IEnumerator, IntPtr)

[479] [GA_General_Attack] Deal 20 DMG x 1  time.
UnityEngine.Logger:Log(LogType, Object)
UnityEngine.Debug:Log(Object)
OHD.Dungeons.Monster.PatternizedMonsterBase:GA_General_Attack(BattleCreature, ActionExecutionData)
OHD.Dungeons.Monster.PatternizedMonsterBase:MA_General_Attack(ActionExecutionData)
System.Func`2:Invoke(T)
OHD.Dungeons.Monster.ActionPattern:CreateAction(Int32)
OHD.Dungeons.Monster.ActionPatternExecutor:FlushNextAction()
OHD.Dungeons.Monster.PatternizedMonsterBase:OnExecuteOperation(BattleRoomPlayer)
OHD.Dungeons.Monster.<ExecuteOperation>d__65:MoveNext()
UnityEngine.SetupCoroutine:InvokeMoveNext(IEnumerator, IntPtr)

[880] 當前回合 : 6
UnityEngine.Logger:Log(LogType, Object)
UnityEngine.Debug:Log(Object)
OHD.GameActions.<Process>d__2:MoveNext()
UnityEngine.SetupCoroutine:InvokeMoveNext(IEnumerator, IntPtr)

[156] Crazy Bat Kill!
UnityEngine.Logger:Log(LogType, Object)
UnityEngine.Debug:Log(Object)
OHD.GameActions.<Process>d__6:MoveNext()
UnityEngine.SetupCoroutine:InvokeMoveNext(IEnumerator, IntPtr)

[76] [GA_General_Attack] Deal 32 DMG x 1  time.
UnityEngine.Logger:Log(LogType, Object)
UnityEngine.Debug:Log(Object)
OHD.Dungeons.Monster.PatternizedMonsterBase:GA_General_Attack(BattleCreature, ActionExecutionData)
OHD.Dungeons.Monster.Monster291:MA_General_Sacrifice_Attack(ActionExecutionData)
System.Func`2:Invoke(T)
OHD.Dungeons.Monster.ActionPattern:CreateAction(Int32)
OHD.Dungeons.Monster.ActionPatternExecutor:FlushNextAction()
OHD.Dungeons.Monster.PatternizedMonsterBase:OnExecuteOperation(BattleRoomPlayer)
OHD.Dungeons.Monster.<ExecuteOperation>d__65:MoveNext()
UnityEngine.SetupCoroutine:InvokeMoveNext(IEnumerator, IntPtr)

[584] 當前回合 : 7
UnityEngine.Logger:Log(LogType, Object)
UnityEngine.Debug:Log(Object)
OHD.GameActions.<Process>d__2:MoveNext()
UnityEngine.SetupCoroutine:InvokeMoveNext(IEnumerator, IntPtr)

[628] [GA_General_Attack] Deal 32 DMG x 1  time.
UnityEngine.Logger:Log(LogType, Object)
UnityEngine.Debug:Log(Object)
OHD.Dungeons.Monster.PatternizedMonsterBase:GA_General_Attack(BattleCreature, ActionExecutionData)
OHD.Dungeons.Monster.Monster291:MA_General_RemoveShield_Attack(ActionExecutionData)
System.Func`2:Invoke(T)
OHD.Dungeons.Monster.ActionPattern:CreateAction(Int32)
OHD.Dungeons.Monster.ActionPatternExecutor:FlushNextAction()
OHD.Dungeons.Monster.PatternizedMonsterBase:OnExecuteOperation(BattleRoomPlayer)
OHD.Dungeons.Monster.<ExecuteOperation>d__65:MoveNext()
UnityEngine.SetupCoroutine:InvokeMoveNext(IEnumerator, IntPtr)

[82] 當前回合 : 8
UnityEngine.Logger:Log(LogType, Object)
UnityEngine.Debug:Log(Object)
OHD.GameActions.<Process>d__2:MoveNext()
UnityEngine.SetupCoroutine:InvokeMoveNext(IEnumerator, IntPtr)

[103] [GA_General_Attack] Deal 32 DMG x 1  time.
UnityEngine.Logger:Log(LogType, Object)
UnityEngine.Debug:Log(Object)
OHD.Dungeons.Monster.PatternizedMonsterBase:GA_General_Attack(BattleCreature, ActionExecutionData)
OHD.Dungeons.Monster.Monster291:MA_General_Sacrifice_Attack(ActionExecutionData)
System.Func`2:Invoke(T)
OHD.Dungeons.Monster.ActionPattern:CreateAction(Int32)
OHD.Dungeons.Monster.ActionPatternExecutor:FlushNextAction()
OHD.Dungeons.Monster.PatternizedMonsterBase:OnExecuteOperation(BattleRoomPlayer)
OHD.Dungeons.Monster.<ExecuteOperation>d__65:MoveNext()
UnityEngine.SetupCoroutine:InvokeMoveNext(IEnumerator, IntPtr)

[611] 當前回合 : 9
UnityEngine.Logger:Log(LogType, Object)
UnityEngine.Debug:Log(Object)
OHD.GameActions.<Process>d__2:MoveNext()
UnityEngine.SetupCoroutine:InvokeMoveNext(IEnumerator, IntPtr)

[389] 當前回合 : 10
UnityEngine.Logger:Log(LogType, Object)
UnityEngine.Debug:Log(Object)
OHD.GameActions.<Process>d__2:MoveNext()
UnityEngine.SetupCoroutine:InvokeMoveNext(IEnumerator, IntPtr)

[508] [GA_General_Attack] Deal 32 DMG x 1  time.
UnityEngine.Logger:Log(LogType, Object)
UnityEngine.Debug:Log(Object)
OHD.Dungeons.Monster.PatternizedMonsterBase:GA_General_Attack(BattleCreature, ActionExecutionData)
OHD.Dungeons.Monster.Monster291:MA_General_Sacrifice_Attack(ActionExecutionData)
System.Func`2:Invoke(T)
OHD.Dungeons.Monster.ActionPattern:CreateAction(Int32)
OHD.Dungeons.Monster.ActionPatternExecutor:FlushNextAction()
OHD.Dungeons.Monster.PatternizedMonsterBase:OnExecuteOperation(BattleRoomPlayer)
OHD.Dungeons.Monster.<ExecuteOperation>d__65:MoveNext()
UnityEngine.SetupCoroutine:InvokeMoveNext(IEnumerator, IntPtr)

[746] Vampire Queen <=35% Hit = 1
UnityEngine.Logger:Log(LogType, Object)
UnityEngine.Debug:Log(Object)
OHD.Dungeons.Monster.Achievement410Checker:CheckDamageResult(DamageResult)
OHD.Dungeons.BattleCreature:Internal_ProcessDamageInfo(DamageInfo)
OHD.Dungeons.<ProcessDamage>d__174:MoveNext()
UnityEngine.SetupCoroutine:InvokeMoveNext(IEnumerator, IntPtr)

[893] [GA_General_Attack] Deal 20 DMG x 1  time.
UnityEngine.Logger:Log(LogType, Object)
UnityEngine.Debug:Log(Object)
OHD.Dungeons.Monster.PatternizedMonsterBase:GA_General_Attack(BattleCreature, ActionExecutionData)
OHD.Dungeons.Monster.PatternizedMonsterBase:MA_General_Attack(ActionExecutionData)
System.Func`2:Invoke(T)
OHD.Dungeons.Monster.ActionPattern:CreateAction(Int32)
OHD.Dungeons.Monster.ActionPatternExecutor:FlushNextAction()
OHD.Dungeons.Monster.PatternizedMonsterBase:OnExecuteOperation(BattleRoomPlayer)
OHD.Dungeons.Monster.<ExecuteOperation>d__65:MoveNext()
UnityEngine.SetupCoroutine:InvokeMoveNext(IEnumerator, IntPtr)

[294] 當前回合 : 11
UnityEngine.Logger:Log(LogType, Object)
UnityEngine.Debug:Log(Object)
OHD.GameActions.<Process>d__2:MoveNext()
UnityEngine.SetupCoroutine:InvokeMoveNext(IEnumerator, IntPtr)

[438] [GA_General_Attack] Deal 32 DMG x 1  time.
UnityEngine.Logger:Log(LogType, Object)
UnityEngine.Debug:Log(Object)
OHD.Dungeons.Monster.PatternizedMonsterBase:GA_General_Attack(BattleCreature, ActionExecutionData)
OHD.Dungeons.Monster.Monster291:MA_General_Sacrifice_Attack(ActionExecutionData)
System.Func`2:Invoke(T)
OHD.Dungeons.Monster.ActionPattern:CreateAction(Int32)
OHD.Dungeons.Monster.ActionPatternExecutor:FlushNextAction()
OHD.Dungeons.Monster.PatternizedMonsterBase:OnExecuteOperation(BattleRoomPlayer)
OHD.Dungeons.Monster.<ExecuteOperation>d__65:MoveNext()
UnityEngine.SetupCoroutine:InvokeMoveNext(IEnumerator, IntPtr)

[676] Vampire Queen <=35% Hit = 2
UnityEngine.Logger:Log(LogType, Object)
UnityEngine.Debug:Log(Object)
OHD.Dungeons.Monster.Achievement410Checker:CheckDamageResult(DamageResult)
OHD.Dungeons.BattleCreature:Internal_ProcessDamageInfo(DamageInfo)
OHD.Dungeons.<ProcessDamage>d__174:MoveNext()
UnityEngine.SetupCoroutine:InvokeMoveNext(IEnumerator, IntPtr)

[823] [GA_General_Attack] Deal 20 DMG x 1  time.
UnityEngine.Logger:Log(LogType, Object)
UnityEngine.Debug:Log(Object)
OHD.Dungeons.Monster.PatternizedMonsterBase:GA_General_Attack(BattleCreature, ActionExecutionData)
OHD.Dungeons.Monster.PatternizedMonsterBase:MA_General_Attack(ActionExecutionData)
System.Func`2:Invoke(T)
OHD.Dungeons.Monster.ActionPattern:CreateAction(Int32)
OHD.Dungeons.Monster.ActionPatternExecutor:FlushNextAction()
OHD.Dungeons.Monster.PatternizedMonsterBase:OnExecuteOperation(BattleRoomPlayer)
OHD.Dungeons.Monster.<ExecuteOperation>d__65:MoveNext()
UnityEngine.SetupCoroutine:InvokeMoveNext(IEnumerator, IntPtr)

[224] 當前回合 : 12
UnityEngine.Logger:Log(LogType, Object)
UnityEngine.Debug:Log(Object)
OHD.GameActions.<Process>d__2:MoveNext()
UnityEngine.SetupCoroutine:InvokeMoveNext(IEnumerator, IntPtr)

[908] [GA_General_Attack] Deal 32 DMG x 1  time.
UnityEngine.Logger:Log(LogType, Object)
UnityEngine.Debug:Log(Object)
OHD.Dungeons.Monster.PatternizedMonsterBase:GA_General_Attack(BattleCreature, ActionExecutionData)
OHD.Dungeons.Monster.Monster291:MA_General_RemoveShield_Attack(ActionExecutionData)
System.Func`2:Invoke(T)
OHD.Dungeons.Monster.ActionPattern:CreateAction(Int32)
OHD.Dungeons.Monster.ActionPatternExecutor:FlushNextAction()
OHD.Dungeons.Monster.PatternizedMonsterBase:OnExecuteOperation(BattleRoomPlayer)
OHD.Dungeons.Monster.<ExecuteOperation>d__65:MoveNext()
UnityEngine.SetupCoroutine:InvokeMoveNext(IEnumerator, IntPtr)

[137] Vampire Queen <=35% Hit = 3
UnityEngine.Logger:Log(LogType, Object)
UnityEngine.Debug:Log(Object)
OHD.Dungeons.Monster.Achievement410Checker:CheckDamageResult(DamageResult)
OHD.Dungeons.BattleCreature:Internal_ProcessDamageInfo(DamageInfo)
OHD.Dungeons.<ProcessDamage>d__174:MoveNext()
UnityEngine.SetupCoroutine:InvokeMoveNext(IEnumerator, IntPtr)

[239] [GA_General_Attack] Deal 20 DMG x 1  time.
UnityEngine.Logger:Log(LogType, Object)
UnityEngine.Debug:Log(Object)
OHD.Dungeons.Monster.PatternizedMonsterBase:GA_General_Attack(BattleCreature, ActionExecutionData)
OHD.Dungeons.Monster.PatternizedMonsterBase:MA_General_Attack(ActionExecutionData)
System.Func`2:Invoke(T)
OHD.Dungeons.Monster.ActionPattern:CreateAction(Int32)
OHD.Dungeons.Monster.ActionPatternExecutor:FlushNextAction()
OHD.Dungeons.Monster.PatternizedMonsterBase:OnExecuteOperation(BattleRoomPlayer)
OHD.Dungeons.Monster.<ExecuteOperation>d__65:MoveNext()
UnityEngine.SetupCoroutine:InvokeMoveNext(IEnumerator, IntPtr)

[640] 當前回合 : 13
UnityEngine.Logger:Log(LogType, Object)
UnityEngine.Debug:Log(Object)
OHD.GameActions.<Process>d__2:MoveNext()
UnityEngine.SetupCoroutine:InvokeMoveNext(IEnumerator, IntPtr)

[52] [GA_General_Attack] Deal 32 DMG x 1  time.
UnityEngine.Logger:Log(LogType, Object)
UnityEngine.Debug:Log(Object)
OHD.Dungeons.Monster.PatternizedMonsterBase:GA_General_Attack(BattleCreature, ActionExecutionData)
OHD.Dungeons.Monster.Monster291:MA_General_Sacrifice_Attack(ActionExecutionData)
System.Func`2:Invoke(T)
OHD.Dungeons.Monster.ActionPattern:CreateAction(Int32)
OHD.Dungeons.Monster.ActionPatternExecutor:FlushNextAction()
OHD.Dungeons.Monster.PatternizedMonsterBase:OnExecuteOperation(BattleRoomPlayer)
OHD.Dungeons.Monster.<ExecuteOperation>d__65:MoveNext()
UnityEngine.SetupCoroutine:InvokeMoveNext(IEnumerator, IntPtr)

[290] Vampire Queen <=35% Hit = 4
UnityEngine.Logger:Log(LogType, Object)
UnityEngine.Debug:Log(Object)
OHD.Dungeons.Monster.Achievement410Checker:CheckDamageResult(DamageResult)
OHD.Dungeons.BattleCreature:Internal_ProcessDamageInfo(DamageInfo)
OHD.Dungeons.<ProcessDamage>d__174:MoveNext()
UnityEngine.SetupCoroutine:InvokeMoveNext(IEnumerator, IntPtr)

[438] [GA_General_Attack] Deal 20 DMG x 1  time.
UnityEngine.Logger:Log(LogType, Object)
UnityEngine.Debug:Log(Object)
OHD.Dungeons.Monster.PatternizedMonsterBase:GA_General_Attack(BattleCreature, ActionExecutionData)
OHD.Dungeons.Monster.PatternizedMonsterBase:MA_General_Attack(ActionExecutionData)
System.Func`2:Invoke(T)
OHD.Dungeons.Monster.ActionPattern:CreateAction(Int32)
OHD.Dungeons.Monster.ActionPatternExecutor:FlushNextAction()
OHD.Dungeons.Monster.PatternizedMonsterBase:OnExecuteOperation(BattleRoomPlayer)
OHD.Dungeons.Monster.<ExecuteOperation>d__65:MoveNext()
UnityEngine.SetupCoroutine:InvokeMoveNext(IEnumerator, IntPtr)

[804] Crazy Bat Kill!
UnityEngine.Logger:Log(LogType, Object)
UnityEngine.Debug:Log(Object)
OHD.GameActions.<Process>d__6:MoveNext()
UnityEngine.SetupCoroutine:InvokeMoveNext(IEnumerator, IntPtr)

[843] 當前回合 : 14
UnityEngine.Logger:Log(LogType, Object)
UnityEngine.Debug:Log(Object)
OHD.GameActions.<Process>d__2:MoveNext()
UnityEngine.SetupCoroutine:InvokeMoveNext(IEnumerator, IntPtr)

[69] The Mad Queen Kill!
UnityEngine.Logger:Log(LogType, Object)
UnityEngine.Debug:Log(Object)
OHD.GameActions.<Process>d__6:MoveNext()
UnityEngine.SetupCoroutine:InvokeMoveNext(IEnumerator, IntPtr)

[215] Crazy Bat Kill!
UnityEngine.Logger:Log(LogType, Object)
UnityEngine.Debug:Log(Object)
OHD.GameActions.<Process>d__6:MoveNext()
UnityEngine.SetupCoroutine:InvokeMoveNext(IEnumerator, IntPtr)

[235] [Room : BattleRoom] Leave
UnityEngine.Logger:Log(LogType, Object)
UnityEngine.Debug:Log(Object)
OHD.Dungeons.DungeonRoomBase:Leave()
OHD.Dungeons.DungeonBase:LeaveRoom(ISceneInfo)
UnityEngine.AndroidJavaRunnable:Invoke()
OHD.UI.CraftRuneUIViewModel:RaiseOnCraftEvent()
OHD.UI.RewardReceiveUIViewController:OnClickConfirmButton()
UnityEngine.AndroidJavaRunnable:Invoke()
UnityEngine.Events.InvokableCall:Invoke()
UnityEngine.Events.UnityEvent:Invoke()
System.Xml.XmlNodeChangedEventHandler:Invoke(Object, XmlNodeChangedEventArgs)
UnityEngine.EventSystems.ExecuteEvents:Execute(GameObject, BaseEventData, EventFunction`1)
UnityEngine.InputSystem.UI.InputSystemUIInputModule:ProcessPointerButton(ButtonState&, PointerEventData)
UnityEngine.InputSystem.UI.InputSystemUIInputModule:ProcessPointer(PointerModel&)
UnityEngine.InputSystem.UI.InputSystemUIInputModule:Process()
UnityEngine.EventSystems.EventSystem:Update()

[235] Change Update Type = Room -> Dungeon
UnityEngine.Logger:Log(LogType, Object)
UnityEngine.Debug:Log(Object)
OHD.GameObjects.GameUpdateDelegator:Switch(TargetType, Boolean)
OHD.Dungeons.DungeonBase:LeaveRoom(ISceneInfo)
UnityEngine.AndroidJavaRunnable:Invoke()
OHD.UI.CraftRuneUIViewModel:RaiseOnCraftEvent()
OHD.UI.RewardReceiveUIViewController:OnClickConfirmButton()
UnityEngine.AndroidJavaRunnable:Invoke()
UnityEngine.Events.InvokableCall:Invoke()
UnityEngine.Events.UnityEvent:Invoke()
System.Xml.XmlNodeChangedEventHandler:Invoke(Object, XmlNodeChangedEventArgs)
UnityEngine.EventSystems.ExecuteEvents:Execute(GameObject, BaseEventData, EventFunction`1)
UnityEngine.InputSystem.UI.InputSystemUIInputModule:ProcessPointerButton(ButtonState&, PointerEventData)
UnityEngine.InputSystem.UI.InputSystemUIInputModule:ProcessPointer(PointerModel&)
UnityEngine.InputSystem.UI.InputSystemUIInputModule:Process()
UnityEngine.EventSystems.EventSystem:Update()

[330] Force Reload Dungeon Event Pool
UnityEngine.Logger:Log(LogType, Object)
UnityEngine.Debug:Log(Object)
OHD.Dungeons.HundrenDungeon:OnEnterDungeonScene(SceneBase)
System.Action`1:Invoke(T)
SceneTransitInfo:RaiseOnLoadSuccess(SceneBase)
OHD.Scenes.<<CheckTransit>g__ProcessTransit|18_0>d:MoveNext()
UnityEngine.SetupCoroutine:InvokeMoveNext(IEnumerator, IntPtr)

[330] Save Midway State. 0.045 s
UnityEngine.Logger:Log(LogType, Object)
UnityEngine.Debug:Log(Object)
OHD.Dungeons.HundrenDungeon:SaveMidwayState()
OHD.Dungeons.HundrenDungeon:OnEnterDungeonScene(SceneBase)
System.Action`1:Invoke(T)
SceneTransitInfo:RaiseOnLoadSuccess(SceneBase)
OHD.Scenes.<<CheckTransit>g__ProcessTransit|18_0>d:MoveNext()
UnityEngine.SetupCoroutine:InvokeMoveNext(IEnumerator, IntPtr)

[332] Notes : Part1
UnityEngine.Logger:Log(LogType, Object)
UnityEngine.Debug:Log(Object)
OHD.Dungeons.PlotMachines.PlotCmd_Common_Notes:OnExecute()
OHD.Dungeons.PlotMachines.<ProcessExecute>d__38:MoveNext()
UnityEngine.SetupCoroutine:InvokeMoveNext(IEnumerator, IntPtr)

[728] Notes : Part2
UnityEngine.Logger:Log(LogType, Object)
UnityEngine.Debug:Log(Object)
OHD.Dungeons.PlotMachines.PlotCmd_Common_Notes:OnExecute()
OHD.Dungeons.PlotMachines.<ProcessExecute>d__38:MoveNext()
UnityEngine.SetupCoroutine:InvokeMoveNext(IEnumerator, IntPtr)

[428] Notes : Part3
UnityEngine.Logger:Log(LogType, Object)
UnityEngine.Debug:Log(Object)
OHD.Dungeons.PlotMachines.PlotCmd_Common_Notes:OnExecute()
OHD.Dungeons.PlotMachines.<ProcessExecute>d__38:MoveNext()
UnityEngine.SetupCoroutine:InvokeMoveNext(IEnumerator, IntPtr)

[139] Notes : Part4
UnityEngine.Logger:Log(LogType, Object)
UnityEngine.Debug:Log(Object)
OHD.Dungeons.PlotMachines.PlotCmd_Common_Notes:OnExecute()
OHD.Dungeons.PlotMachines.<ProcessExecute>d__38:MoveNext()
UnityEngine.SetupCoroutine:InvokeMoveNext(IEnumerator, IntPtr)

[518] Broadcast_SendStop
UnityEngine.Logger:Log(LogType, Object)
UnityEngine.Debug:Log(Object)
OHD.ThirdPartySupport.Lovenses.LovenseToy:Broadcast_SendStop(List`1)
OHD.Dungeons.PlotMachines.PlotMachine:DoPlotEnd()
OHD.Dungeons.PlotMachines.PlotCmd_PlotSignal_EndPlot:OnExecute()
OHD.Dungeons.PlotMachines.<ProcessExecute>d__38:MoveNext()
UnityEngine.SetupCoroutine:InvokeMoveNext(IEnumerator, IntPtr)

Main Camera: 3 camera overlays no longer exists and will be removed from the camera stack.
UnityEngine.Logger:Log(LogType, Object)
UnityEngine.Debug:LogWarning(Object)
UnityEngine.Rendering.Universal.UniversalAdditionalCameraData:UpdateCameraStack()
UnityEngine.Rendering.Universal.UniversalRenderPipeline:RenderCameraStack(ScriptableRenderContext, Camera)
UnityEngine.Rendering.Universal.UniversalRenderPipeline:Render(ScriptableRenderContext, Camera[])
UnityEngine.Rendering.RenderPipelineManager:DoRenderLoop_Internal(RenderPipelineAsset, IntPtr, List`1)

[519] [Achievement Unlock] Blood Bond
UnityEngine.Logger:Log(LogType, Object)
UnityEngine.Debug:Log(Object)
OHD.Players.GamePlayer_Achievement:MarkAsFinish(Int32)
OHD.Players.GamePlayer_Achievement:CheckOwnableCardCount()
OHD.Players.GamePlayer_Card:AddToStore(CardBase)
GamePlayer:AddReward(Resource)
OHD.GameActions.<Process>d__5:MoveNext()
UnityEngine.SetupCoroutine:InvokeMoveNext(IEnumerator, IntPtr)

[775] Enter Room [x:1 y:10]
UnityEngine.Logger:Log(LogType, Object)
UnityEngine.Debug:Log(Object)
OHD.Dungeons.DungeonBase:EnterRoom(Int32, Int32)
HundrenDungeonScene:OnClickCell(ChessCellObject)
System.Action`1:Invoke(T)
OHD.GameObjects.ChessGridObject:ProcessCheckHover()

[775] [Room : BattleRoom] Init
UnityEngine.Logger:Log(LogType, Object)
UnityEngine.Debug:Log(Object)
OHD.Dungeons.DungeonRoomBase:Init()
OHD.Dungeons.DungeonBase:EnterRoom(Int32, Int32)
HundrenDungeonScene:OnClickCell(ChessCellObject)
System.Action`1:Invoke(T)
OHD.GameObjects.ChessGridObject:ProcessCheckHover()

[775] Change Update Type = Dungeon -> Room
UnityEngine.Logger:Log(LogType, Object)
UnityEngine.Debug:Log(Object)
OHD.GameObjects.GameUpdateDelegator:Switch(TargetType, Boolean)
OHD.Dungeons.DungeonBase:EnterRoom(Int32, Int32)
HundrenDungeonScene:OnClickCell(ChessCellObject)
System.Action`1:Invoke(T)
OHD.GameObjects.ChessGridObject:ProcessCheckHover()

Material Crystal Fire doesn't have _Stencil property
UnityEngine.Logger:Log(LogType, Object, Object)
UnityEngine.Debug:LogWarning(Object, Object)
UnityEngine.UI.StencilMaterial:LogWarningWhenNotInBatchmode(String, Object)
UnityEngine.UI.StencilMaterial:Add(Material, Int32, StencilOp, CompareFunction, ColorWriteMask, Int32, Int32)
UnityEngine.UI.MaskableGraphic:GetModifiedMaterial(Material)
UnityEngine.UI.Graphic:get_materialForRendering()
UnityEngine.UI.Graphic:UpdateMaterial()
UnityEngine.UI.Image:UpdateMaterial()
UnityEngine.UI.Graphic:Rebuild(CanvasUpdate)
UnityEngine.UI.CanvasUpdateRegistry:PerformUpdate()
Effekseer.EffekseerSoundPlayerStopAll:Invoke()
UnityEngine.UI.ScrollRect:SetNormalizedPosition(Single, Int32)
UnityEngine.UI.ScrollRect:set_normalizedPosition(Vector2)
OHD.UI.LayoutGroupCtrl`1:ResetScrollPos(Single, Single)
OHD.UI.LayoutGroupCtrl`1:Reload(IEnumerable`1, Action`2)
OHD.UI.BattlePowerListPanelUIView:OnViewModelChanged()
OHD.UI.UIView:TriggerStartAction()
OHD.UI.UIView:Awake()

[995] [Room : BattleRoom] Enter
UnityEngine.Logger:Log(LogType, Object)
UnityEngine.Debug:Log(Object)
OHD.Dungeons.DungeonRoomBase:Enter(SceneBase)
System.Action`1:Invoke(T)
SceneTransitInfo:RaiseOnLoadSuccess(SceneBase)
OHD.Scenes.<<CheckTransit>g__ProcessTransit|18_0>d:MoveNext()
UnityEngine.SetupCoroutine:InvokeMoveNext(IEnumerator, IntPtr)

[242] 當前回合 : 1
UnityEngine.Logger:Log(LogType, Object)
UnityEngine.Debug:Log(Object)
OHD.GameActions.<Process>d__2:MoveNext()
UnityEngine.SetupCoroutine:InvokeMoveNext(IEnumerator, IntPtr)

[484] Flame Wolf Kill!
UnityEngine.Logger:Log(LogType, Object)
UnityEngine.Debug:Log(Object)
OHD.GameActions.<Process>d__6:MoveNext()
UnityEngine.SetupCoroutine:InvokeMoveNext(IEnumerator, IntPtr)

[914] [Room : BattleRoom] Leave
UnityEngine.Logger:Log(LogType, Object)
UnityEngine.Debug:Log(Object)
OHD.Dungeons.DungeonRoomBase:Leave()
OHD.Dungeons.DungeonBase:LeaveRoom(ISceneInfo)
UnityEngine.AndroidJavaRunnable:Invoke()
OHD.UI.CraftRuneUIViewModel:RaiseOnCraftEvent()
OHD.UI.RewardReceiveUIViewController:OnClickConfirmButton()
UnityEngine.AndroidJavaRunnable:Invoke()
UnityEngine.Events.InvokableCall:Invoke()
UnityEngine.Events.UnityEvent:Invoke()
System.Xml.XmlNodeChangedEventHandler:Invoke(Object, XmlNodeChangedEventArgs)
UnityEngine.EventSystems.ExecuteEvents:Execute(GameObject, BaseEventData, EventFunction`1)
UnityEngine.InputSystem.UI.InputSystemUIInputModule:ProcessPointerButton(ButtonState&, PointerEventData)
UnityEngine.InputSystem.UI.InputSystemUIInputModule:ProcessPointer(PointerModel&)
UnityEngine.InputSystem.UI.InputSystemUIInputModule:Process()
UnityEngine.EventSystems.EventSystem:Update()

[914] Change Update Type = Room -> Dungeon
UnityEngine.Logger:Log(LogType, Object)
UnityEngine.Debug:Log(Object)
OHD.GameObjects.GameUpdateDelegator:Switch(TargetType, Boolean)
OHD.Dungeons.DungeonBase:LeaveRoom(ISceneInfo)
UnityEngine.AndroidJavaRunnable:Invoke()
OHD.UI.CraftRuneUIViewModel:RaiseOnCraftEvent()
OHD.UI.RewardReceiveUIViewController:OnClickConfirmButton()
UnityEngine.AndroidJavaRunnable:Invoke()
UnityEngine.Events.InvokableCall:Invoke()
UnityEngine.Events.UnityEvent:Invoke()
System.Xml.XmlNodeChangedEventHandler:Invoke(Object, XmlNodeChangedEventArgs)
UnityEngine.EventSystems.ExecuteEvents:Execute(GameObject, BaseEventData, EventFunction`1)
UnityEngine.InputSystem.UI.InputSystemUIInputModule:ProcessPointerButton(ButtonState&, PointerEventData)
UnityEngine.InputSystem.UI.InputSystemUIInputModule:ProcessPointer(PointerModel&)
UnityEngine.InputSystem.UI.InputSystemUIInputModule:Process()
UnityEngine.EventSystems.EventSystem:Update()

[9] Save Midway State. 0.060 s
UnityEngine.Logger:Log(LogType, Object)
UnityEngine.Debug:Log(Object)
OHD.Dungeons.HundrenDungeon:SaveMidwayState()
OHD.Dungeons.HundrenDungeon:OnEnterDungeonScene(SceneBase)
System.Action`1:Invoke(T)
SceneTransitInfo:RaiseOnLoadSuccess(SceneBase)
OHD.Scenes.<<CheckTransit>g__ProcessTransit|18_0>d:MoveNext()
UnityEngine.SetupCoroutine:InvokeMoveNext(IEnumerator, IntPtr)

[381] Enter Room [x:1 y:11]
UnityEngine.Logger:Log(LogType, Object)
UnityEngine.Debug:Log(Object)
OHD.Dungeons.DungeonBase:EnterRoom(Int32, Int32)
HundrenDungeonScene:OnClickCell(ChessCellObject)
System.Action`1:Invoke(T)
OHD.GameObjects.ChessGridObject:ProcessCheckHover()

[381] [Room : TreasureRoom] Init
UnityEngine.Logger:Log(LogType, Object)
UnityEngine.Debug:Log(Object)
OHD.Dungeons.DungeonRoomBase:Init()
OHD.Dungeons.DungeonBase:EnterRoom(Int32, Int32)
HundrenDungeonScene:OnClickCell(ChessCellObject)
System.Action`1:Invoke(T)
OHD.GameObjects.ChessGridObject:ProcessCheckHover()

[381] Change Update Type = Dungeon -> Room
UnityEngine.Logger:Log(LogType, Object)
UnityEngine.Debug:Log(Object)
OHD.GameObjects.GameUpdateDelegator:Switch(TargetType, Boolean)
OHD.Dungeons.DungeonBase:EnterRoom(Int32, Int32)
HundrenDungeonScene:OnClickCell(ChessCellObject)
System.Action`1:Invoke(T)
OHD.GameObjects.ChessGridObject:ProcessCheckHover()

[601] [Room : TreasureRoom] Enter
UnityEngine.Logger:Log(LogType, Object)
UnityEngine.Debug:Log(Object)
OHD.Dungeons.DungeonRoomBase:Enter(SceneBase)
System.Action`1:Invoke(T)
SceneTransitInfo:RaiseOnLoadSuccess(SceneBase)
OHD.Scenes.<<CheckTransit>g__ProcessTransit|18_0>d:MoveNext()
UnityEngine.SetupCoroutine:InvokeMoveNext(IEnumerator, IntPtr)

[304] [Room : TreasureRoom] Leave
UnityEngine.Logger:Log(LogType, Object)
UnityEngine.Debug:Log(Object)
OHD.Dungeons.DungeonRoomBase:Leave()
OHD.Dungeons.DungeonBase:LeaveRoom(ISceneInfo)
OHD.UI.<ProcessReceiveReward>d__49:MoveNext()
UnityEngine.SetupCoroutine:InvokeMoveNext(IEnumerator, IntPtr)

[304] Change Update Type = Room -> Dungeon
UnityEngine.Logger:Log(LogType, Object)
UnityEngine.Debug:Log(Object)
OHD.GameObjects.GameUpdateDelegator:Switch(TargetType, Boolean)
OHD.Dungeons.DungeonBase:LeaveRoom(ISceneInfo)
OHD.UI.<ProcessReceiveReward>d__49:MoveNext()
UnityEngine.SetupCoroutine:InvokeMoveNext(IEnumerator, IntPtr)

[488] Save Midway State. 0.045 s
UnityEngine.Logger:Log(LogType, Object)
UnityEngine.Debug:Log(Object)
OHD.Dungeons.HundrenDungeon:SaveMidwayState()
OHD.Dungeons.HundrenDungeon:OnEnterDungeonScene(SceneBase)
System.Action`1:Invoke(T)
SceneTransitInfo:RaiseOnLoadSuccess(SceneBase)
OHD.Scenes.<<CheckTransit>g__ProcessTransit|18_0>d:MoveNext()
UnityEngine.SetupCoroutine:InvokeMoveNext(IEnumerator, IntPtr)

[366] Enter Room [x:0 y:12]
UnityEngine.Logger:Log(LogType, Object)
UnityEngine.Debug:Log(Object)
OHD.Dungeons.DungeonBase:EnterRoom(Int32, Int32)
HundrenDungeonScene:OnClickCell(ChessCellObject)
System.Action`1:Invoke(T)
OHD.GameObjects.ChessGridObject:ProcessCheckHover()

[366] [Room : BattleRoom] Init
UnityEngine.Logger:Log(LogType, Object)
UnityEngine.Debug:Log(Object)
OHD.Dungeons.DungeonRoomBase:Init()
OHD.Dungeons.DungeonBase:EnterRoom(Int32, Int32)
HundrenDungeonScene:OnClickCell(ChessCellObject)
System.Action`1:Invoke(T)
OHD.GameObjects.ChessGridObject:ProcessCheckHover()

[366] Change Update Type = Dungeon -> Room
UnityEngine.Logger:Log(LogType, Object)
UnityEngine.Debug:Log(Object)
OHD.GameObjects.GameUpdateDelegator:Switch(TargetType, Boolean)
OHD.Dungeons.DungeonBase:EnterRoom(Int32, Int32)
HundrenDungeonScene:OnClickCell(ChessCellObject)
System.Action`1:Invoke(T)
OHD.GameObjects.ChessGridObject:ProcessCheckHover()

Material Crystal Fire doesn't have _Stencil property
UnityEngine.Logger:Log(LogType, Object, Object)
UnityEngine.Debug:LogWarning(Object, Object)
UnityEngine.UI.StencilMaterial:LogWarningWhenNotInBatchmode(String, Object)
UnityEngine.UI.StencilMaterial:Add(Material, Int32, StencilOp, CompareFunction, ColorWriteMask, Int32, Int32)
UnityEngine.UI.MaskableGraphic:GetModifiedMaterial(Material)
UnityEngine.UI.Graphic:get_materialForRendering()
UnityEngine.UI.Graphic:UpdateMaterial()
UnityEngine.UI.Image:UpdateMaterial()
UnityEngine.UI.Graphic:Rebuild(CanvasUpdate)
UnityEngine.UI.CanvasUpdateRegistry:PerformUpdate()
Effekseer.EffekseerSoundPlayerStopAll:Invoke()
UnityEngine.UI.ScrollRect:SetNormalizedPosition(Single, Int32)
UnityEngine.UI.ScrollRect:set_normalizedPosition(Vector2)
OHD.UI.LayoutGroupCtrl`1:ResetScrollPos(Single, Single)
OHD.UI.LayoutGroupCtrl`1:Reload(IEnumerable`1, Action`2)
OHD.UI.BattlePowerListPanelUIView:OnViewModelChanged()
OHD.UI.UIView:TriggerStartAction()
OHD.UI.UIView:Awake()

[587] [Room : BattleRoom] Enter
UnityEngine.Logger:Log(LogType, Object)
UnityEngine.Debug:Log(Object)
OHD.Dungeons.DungeonRoomBase:Enter(SceneBase)
System.Action`1:Invoke(T)
SceneTransitInfo:RaiseOnLoadSuccess(SceneBase)
OHD.Scenes.<<CheckTransit>g__ProcessTransit|18_0>d:MoveNext()
UnityEngine.SetupCoroutine:InvokeMoveNext(IEnumerator, IntPtr)

[869] 當前回合 : 1
UnityEngine.Logger:Log(LogType, Object)
UnityEngine.Debug:Log(Object)
OHD.GameActions.<Process>d__2:MoveNext()
UnityEngine.SetupCoroutine:InvokeMoveNext(IEnumerator, IntPtr)

[616] [GA_General_Attack] Deal 14 DMG x 1  time, [T]Power9x4.
UnityEngine.Logger:Log(LogType, Object)
UnityEngine.Debug:Log(Object)
OHD.Dungeons.Monster.PatternizedMonsterBase:GA_General_Attack(BattleCreature, ActionExecutionData)
OHD.Dungeons.Monster.PatternizedMonsterBase:MA_General_Attack(ActionExecutionData)
System.Func`2:Invoke(T)
OHD.Dungeons.Monster.ActionPattern:CreateAction(Int32)
OHD.Dungeons.Monster.ActionPatternExecutor:FlushNextAction()
OHD.Dungeons.Monster.PatternizedMonsterBase:OnExecuteOperation(BattleRoomPlayer)
OHD.Dungeons.Monster.<ExecuteOperation>d__65:MoveNext()
UnityEngine.SetupCoroutine:InvokeMoveNext(IEnumerator, IntPtr)

[961] 當前回合 : 2
UnityEngine.Logger:Log(LogType, Object)
UnityEngine.Debug:Log(Object)
OHD.GameActions.<Process>d__2:MoveNext()
UnityEngine.SetupCoroutine:InvokeMoveNext(IEnumerator, IntPtr)

[292] [GA_General_Attack] Deal 14 DMG x 1  time, [T]Power9x4.
UnityEngine.Logger:Log(LogType, Object)
UnityEngine.Debug:Log(Object)
OHD.Dungeons.Monster.PatternizedMonsterBase:GA_General_Attack(BattleCreature, ActionExecutionData)
OHD.Dungeons.Monster.PatternizedMonsterBase:MA_General_Attack(ActionExecutionData)
System.Func`2:Invoke(T)
OHD.Dungeons.Monster.ActionPattern:CreateAction(Int32)
OHD.Dungeons.Monster.ActionPatternExecutor:FlushNextAction()
OHD.Dungeons.Monster.PatternizedMonsterBase:OnExecuteOperation(BattleRoomPlayer)
OHD.Dungeons.Monster.<ExecuteOperation>d__65:MoveNext()
UnityEngine.SetupCoroutine:InvokeMoveNext(IEnumerator, IntPtr)

[659] Lurker Banshee Kill!
UnityEngine.Logger:Log(LogType, Object)
UnityEngine.Debug:Log(Object)
OHD.GameActions.<Process>d__6:MoveNext()
UnityEngine.SetupCoroutine:InvokeMoveNext(IEnumerator, IntPtr)

[698] 當前回合 : 3
UnityEngine.Logger:Log(LogType, Object)
UnityEngine.Debug:Log(Object)
OHD.GameActions.<Process>d__2:MoveNext()
UnityEngine.SetupCoroutine:InvokeMoveNext(IEnumerator, IntPtr)

[727] Flame Wolf Kill!
UnityEngine.Logger:Log(LogType, Object)
UnityEngine.Debug:Log(Object)
OHD.GameActions.<Process>d__6:MoveNext()
UnityEngine.SetupCoroutine:InvokeMoveNext(IEnumerator, IntPtr)

[327] [Room : BattleRoom] Leave
UnityEngine.Logger:Log(LogType, Object)
UnityEngine.Debug:Log(Object)
OHD.Dungeons.DungeonRoomBase:Leave()
OHD.Dungeons.DungeonBase:LeaveRoom(ISceneInfo)
UnityEngine.AndroidJavaRunnable:Invoke()
OHD.UI.CraftRuneUIViewModel:RaiseOnCraftEvent()
OHD.UI.RewardReceiveUIViewController:OnClickConfirmButton()
UnityEngine.AndroidJavaRunnable:Invoke()
UnityEngine.Events.InvokableCall:Invoke()
UnityEngine.Events.UnityEvent:Invoke()
System.Xml.XmlNodeChangedEventHandler:Invoke(Object, XmlNodeChangedEventArgs)
UnityEngine.EventSystems.ExecuteEvents:Execute(GameObject, BaseEventData, EventFunction`1)
UnityEngine.InputSystem.UI.InputSystemUIInputModule:ProcessPointerButton(ButtonState&, PointerEventData)
UnityEngine.InputSystem.UI.InputSystemUIInputModule:ProcessPointer(PointerModel&)
UnityEngine.InputSystem.UI.InputSystemUIInputModule:Process()
UnityEngine.EventSystems.EventSystem:Update()

[327] Change Update Type = Room -> Dungeon
UnityEngine.Logger:Log(LogType, Object)
UnityEngine.Debug:Log(Object)
OHD.GameObjects.GameUpdateDelegator:Switch(TargetType, Boolean)
OHD.Dungeons.DungeonBase:LeaveRoom(ISceneInfo)
UnityEngine.AndroidJavaRunnable:Invoke()
OHD.UI.CraftRuneUIViewModel:RaiseOnCraftEvent()
OHD.UI.RewardReceiveUIViewController:OnClickConfirmButton()
UnityEngine.AndroidJavaRunnable:Invoke()
UnityEngine.Events.InvokableCall:Invoke()
UnityEngine.Events.UnityEvent:Invoke()
System.Xml.XmlNodeChangedEventHandler:Invoke(Object, XmlNodeChangedEventArgs)
UnityEngine.EventSystems.ExecuteEvents:Execute(GameObject, BaseEventData, EventFunction`1)
UnityEngine.InputSystem.UI.InputSystemUIInputModule:ProcessPointerButton(ButtonState&, PointerEventData)
UnityEngine.InputSystem.UI.InputSystemUIInputModule:ProcessPointer(PointerModel&)
UnityEngine.InputSystem.UI.InputSystemUIInputModule:Process()
UnityEngine.EventSystems.EventSystem:Update()

[423] Save Midway State. 0.045 s
UnityEngine.Logger:Log(LogType, Object)
UnityEngine.Debug:Log(Object)
OHD.Dungeons.HundrenDungeon:SaveMidwayState()
OHD.Dungeons.HundrenDungeon:OnEnterDungeonScene(SceneBase)
System.Action`1:Invoke(T)
SceneTransitInfo:RaiseOnLoadSuccess(SceneBase)
OHD.Scenes.<<CheckTransit>g__ProcessTransit|18_0>d:MoveNext()
UnityEngine.SetupCoroutine:InvokeMoveNext(IEnumerator, IntPtr)

[936] Enter Room [x:0 y:13]
UnityEngine.Logger:Log(LogType, Object)
UnityEngine.Debug:Log(Object)
OHD.Dungeons.DungeonBase:EnterRoom(Int32, Int32)
HundrenDungeonScene:OnClickCell(ChessCellObject)
System.Action`1:Invoke(T)
OHD.GameObjects.ChessGridObject:ProcessCheckHover()

[936] [Room : EventRoom] Init
UnityEngine.Logger:Log(LogType, Object)
UnityEngine.Debug:Log(Object)
OHD.Dungeons.DungeonRoomBase:Init()
OHD.Dungeons.DungeonBase:EnterRoom(Int32, Int32)
HundrenDungeonScene:OnClickCell(ChessCellObject)
System.Action`1:Invoke(T)
OHD.GameObjects.ChessGridObject:ProcessCheckHover()

[936] Change Update Type = Dungeon -> Room
UnityEngine.Logger:Log(LogType, Object)
UnityEngine.Debug:Log(Object)
OHD.GameObjects.GameUpdateDelegator:Switch(TargetType, Boolean)
OHD.Dungeons.DungeonBase:EnterRoom(Int32, Int32)
HundrenDungeonScene:OnClickCell(ChessCellObject)
System.Action`1:Invoke(T)
OHD.GameObjects.ChessGridObject:ProcessCheckHover()

[155] [Room : EventRoom] Enter
UnityEngine.Logger:Log(LogType, Object)
UnityEngine.Debug:Log(Object)
OHD.Dungeons.DungeonRoomBase:Enter(SceneBase)
System.Action`1:Invoke(T)
SceneTransitInfo:RaiseOnLoadSuccess(SceneBase)
OHD.Scenes.<<CheckTransit>g__ProcessTransit|18_0>d:MoveNext()
UnityEngine.SetupCoroutine:InvokeMoveNext(IEnumerator, IntPtr)

[920] Broadcast_SendStop
UnityEngine.Logger:Log(LogType, Object)
UnityEngine.Debug:Log(Object)
OHD.ThirdPartySupport.Lovenses.LovenseToy:Broadcast_SendStop(List`1)
OHD.Dungeons.PlotMachines.PlotMachine:DoPlotEnd()
OHD.Dungeons.PlotMachines.PlotCmd_PlotSignal_EndPlot:OnExecute()
OHD.Dungeons.PlotMachines.<ProcessExecute>d__38:MoveNext()
UnityEngine.SetupCoroutine:InvokeMoveNext(IEnumerator, IntPtr)

Main Camera: 3 camera overlays no longer exists and will be removed from the camera stack.
UnityEngine.Logger:Log(LogType, Object)
UnityEngine.Debug:LogWarning(Object)
UnityEngine.Rendering.Universal.UniversalAdditionalCameraData:UpdateCameraStack()
UnityEngine.Rendering.Universal.UniversalRenderPipeline:RenderCameraStack(ScriptableRenderContext, Camera)
UnityEngine.Rendering.Universal.UniversalRenderPipeline:Render(ScriptableRenderContext, Camera[])
UnityEngine.Rendering.RenderPipelineManager:DoRenderLoop_Internal(RenderPipelineAsset, IntPtr, List`1)

[953] Yeah
UnityEngine.Logger:Log(LogType, Object)
UnityEngine.Debug:LogError(Object)
OHD.UI.CardInstallSuffixUIViewController:OnClickInstallButton()
UnityEngine.AndroidJavaRunnable:Invoke()
UnityEngine.Events.InvokableCall:Invoke()
UnityEngine.Events.UnityEvent:Invoke()
System.Xml.XmlNodeChangedEventHandler:Invoke(Object, XmlNodeChangedEventArgs)
UnityEngine.EventSystems.ExecuteEvents:Execute(GameObject, BaseEventData, EventFunction`1)
UnityEngine.InputSystem.UI.InputSystemUIInputModule:ProcessPointerButton(ButtonState&, PointerEventData)
UnityEngine.InputSystem.UI.InputSystemUIInputModule:ProcessPointer(PointerModel&)
UnityEngine.InputSystem.UI.InputSystemUIInputModule:Process()
UnityEngine.EventSystems.EventSystem:Update()

[213] [Room : EventRoom] Leave
UnityEngine.Logger:Log(LogType, Object)
UnityEngine.Debug:Log(Object)
OHD.Dungeons.DungeonRoomBase:Leave()
OHD.Dungeons.DungeonBase:LeaveRoom(ISceneInfo)
UnityEngine.AndroidJavaRunnable:Invoke()
OHD.UI.CardInstallSuffixUIViewModel:TriggerInstalledEvt()
OHD.UI.CardInstallSuffixUIViewController:<OnClickInstallButton>b__38_0(List`1)
System.Action`1:Invoke(T)
OHD.UI.SelectCardUIViewModel:RaiseOnSelectEvent()
OHD.UI.SelectCardUIViewController:<OnCreate>b__20_2()
UnityEngine.AndroidJavaRunnable:Invoke()
UnityEngine.Events.InvokableCall:Invoke()
UnityEngine.Events.UnityEvent:Invoke()
System.Xml.XmlNodeChangedEventHandler:Invoke(Object, XmlNodeChangedEventArgs)
UnityEngine.EventSystems.ExecuteEvents:Execute(GameObject, BaseEventData, EventFunction`1)
UnityEngine.InputSystem.UI.InputSystemUIInputModule:ProcessPointerButton(ButtonState&, PointerEventData)
UnityEngine.InputSystem.UI.InputSystemUIInputModule:ProcessPointer(PointerModel&)
UnityEngine.InputSystem.UI.InputSystemUIInputModule:Process()
UnityEngine.EventSystems.EventSystem:Update()

[213] Change Update Type = Room -> Dungeon
UnityEngine.Logger:Log(LogType, Object)
UnityEngine.Debug:Log(Object)
OHD.GameObjects.GameUpdateDelegator:Switch(TargetType, Boolean)
OHD.Dungeons.DungeonBase:LeaveRoom(ISceneInfo)
UnityEngine.AndroidJavaRunnable:Invoke()
OHD.UI.CardInstallSuffixUIViewModel:TriggerInstalledEvt()
OHD.UI.CardInstallSuffixUIViewController:<OnClickInstallButton>b__38_0(List`1)
System.Action`1:Invoke(T)
OHD.UI.SelectCardUIViewModel:RaiseOnSelectEvent()
OHD.UI.SelectCardUIViewController:<OnCreate>b__20_2()
UnityEngine.AndroidJavaRunnable:Invoke()
UnityEngine.Events.InvokableCall:Invoke()
UnityEngine.Events.UnityEvent:Invoke()
System.Xml.XmlNodeChangedEventHandler:Invoke(Object, XmlNodeChangedEventArgs)
UnityEngine.EventSystems.ExecuteEvents:Execute(GameObject, BaseEventData, EventFunction`1)
UnityEngine.InputSystem.UI.InputSystemUIInputModule:ProcessPointerButton(ButtonState&, PointerEventData)
UnityEngine.InputSystem.UI.InputSystemUIInputModule:ProcessPointer(PointerModel&)
UnityEngine.InputSystem.UI.InputSystemUIInputModule:Process()
UnityEngine.EventSystems.EventSystem:Update()

[396] Save Midway State. 0.044 s
UnityEngine.Logger:Log(LogType, Object)
UnityEngine.Debug:Log(Object)
OHD.Dungeons.HundrenDungeon:SaveMidwayState()
OHD.Dungeons.HundrenDungeon:OnEnterDungeonScene(SceneBase)
System.Action`1:Invoke(T)
SceneTransitInfo:RaiseOnLoadSuccess(SceneBase)
OHD.Scenes.<<CheckTransit>g__ProcessTransit|18_0>d:MoveNext()
UnityEngine.SetupCoroutine:InvokeMoveNext(IEnumerator, IntPtr)

[830] Enter Room [x:0 y:14]
UnityEngine.Logger:Log(LogType, Object)
UnityEngine.Debug:Log(Object)
OHD.Dungeons.DungeonBase:EnterRoom(Int32, Int32)
HundrenDungeonScene:OnClickCell(ChessCellObject)
System.Action`1:Invoke(T)
OHD.GameObjects.ChessGridObject:ProcessCheckHover()

[830] [Room : BattleRoom] Init
UnityEngine.Logger:Log(LogType, Object)
UnityEngine.Debug:Log(Object)
OHD.Dungeons.DungeonRoomBase:Init()
OHD.Dungeons.DungeonBase:EnterRoom(Int32, Int32)
HundrenDungeonScene:OnClickCell(ChessCellObject)
System.Action`1:Invoke(T)
OHD.GameObjects.ChessGridObject:ProcessCheckHover()

[830] Change Update Type = Dungeon -> Room
UnityEngine.Logger:Log(LogType, Object)
UnityEngine.Debug:Log(Object)
OHD.GameObjects.GameUpdateDelegator:Switch(TargetType, Boolean)
OHD.Dungeons.DungeonBase:EnterRoom(Int32, Int32)
HundrenDungeonScene:OnClickCell(ChessCellObject)
System.Action`1:Invoke(T)
OHD.GameObjects.ChessGridObject:ProcessCheckHover()

Material Crystal Fire doesn't have _Stencil property
UnityEngine.Logger:Log(LogType, Object, Object)
UnityEngine.Debug:LogWarning(Object, Object)
UnityEngine.UI.StencilMaterial:LogWarningWhenNotInBatchmode(String, Object)
UnityEngine.UI.StencilMaterial:Add(Material, Int32, StencilOp, CompareFunction, ColorWriteMask, Int32, Int32)
UnityEngine.UI.MaskableGraphic:GetModifiedMaterial(Material)
UnityEngine.UI.Graphic:get_materialForRendering()
UnityEngine.UI.Graphic:UpdateMaterial()
UnityEngine.UI.Image:UpdateMaterial()
UnityEngine.UI.Graphic:Rebuild(CanvasUpdate)
UnityEngine.UI.CanvasUpdateRegistry:PerformUpdate()
Effekseer.EffekseerSoundPlayerStopAll:Invoke()
UnityEngine.UI.ScrollRect:SetNormalizedPosition(Single, Int32)
UnityEngine.UI.ScrollRect:set_normalizedPosition(Vector2)
OHD.UI.LayoutGroupCtrl`1:ResetScrollPos(Single, Single)
OHD.UI.LayoutGroupCtrl`1:Reload(IEnumerable`1, Action`2)
OHD.UI.BattlePowerListPanelUIView:OnViewModelChanged()
OHD.UI.UIView:TriggerStartAction()
OHD.UI.UIView:Awake()

[50] [Room : BattleRoom] Enter
UnityEngine.Logger:Log(LogType, Object)
UnityEngine.Debug:Log(Object)
OHD.Dungeons.DungeonRoomBase:Enter(SceneBase)
System.Action`1:Invoke(T)
SceneTransitInfo:RaiseOnLoadSuccess(SceneBase)
OHD.Scenes.<<CheckTransit>g__ProcessTransit|18_0>d:MoveNext()
UnityEngine.SetupCoroutine:InvokeMoveNext(IEnumerator, IntPtr)

[360] 當前回合 : 1
UnityEngine.Logger:Log(LogType, Object)
UnityEngine.Debug:Log(Object)
OHD.GameActions.<Process>d__2:MoveNext()
UnityEngine.SetupCoroutine:InvokeMoveNext(IEnumerator, IntPtr)

[624] Steel Guardian Kill!
UnityEngine.Logger:Log(LogType, Object)
UnityEngine.Debug:Log(Object)
OHD.GameActions.<Process>d__6:MoveNext()
UnityEngine.SetupCoroutine:InvokeMoveNext(IEnumerator, IntPtr)

[517] 當前回合 : 2
UnityEngine.Logger:Log(LogType, Object)
UnityEngine.Debug:Log(Object)
OHD.GameActions.<Process>d__2:MoveNext()
UnityEngine.SetupCoroutine:InvokeMoveNext(IEnumerator, IntPtr)

[800] Flame Wolf Kill!
UnityEngine.Logger:Log(LogType, Object)
UnityEngine.Debug:Log(Object)
OHD.GameActions.<Process>d__6:MoveNext()
UnityEngine.SetupCoroutine:InvokeMoveNext(IEnumerator, IntPtr)

[612] [Room : BattleRoom] Leave
UnityEngine.Logger:Log(LogType, Object)
UnityEngine.Debug:Log(Object)
OHD.Dungeons.DungeonRoomBase:Leave()
OHD.Dungeons.DungeonBase:LeaveRoom(ISceneInfo)
UnityEngine.AndroidJavaRunnable:Invoke()
OHD.UI.CraftRuneUIViewModel:RaiseOnCraftEvent()
OHD.UI.RewardReceiveUIViewController:OnClickConfirmButton()
UnityEngine.AndroidJavaRunnable:Invoke()
UnityEngine.Events.InvokableCall:Invoke()
UnityEngine.Events.UnityEvent:Invoke()
System.Xml.XmlNodeChangedEventHandler:Invoke(Object, XmlNodeChangedEventArgs)
UnityEngine.EventSystems.ExecuteEvents:Execute(GameObject, BaseEventData, EventFunction`1)
UnityEngine.InputSystem.UI.InputSystemUIInputModule:ProcessPointerButton(ButtonState&, PointerEventData)
UnityEngine.InputSystem.UI.InputSystemUIInputModule:ProcessPointer(PointerModel&)
UnityEngine.InputSystem.UI.InputSystemUIInputModule:Process()
UnityEngine.EventSystems.EventSystem:Update()

[612] Change Update Type = Room -> Dungeon
UnityEngine.Logger:Log(LogType, Object)
UnityEngine.Debug:Log(Object)
OHD.GameObjects.GameUpdateDelegator:Switch(TargetType, Boolean)
OHD.Dungeons.DungeonBase:LeaveRoom(ISceneInfo)
UnityEngine.AndroidJavaRunnable:Invoke()
OHD.UI.CraftRuneUIViewModel:RaiseOnCraftEvent()
OHD.UI.RewardReceiveUIViewController:OnClickConfirmButton()
UnityEngine.AndroidJavaRunnable:Invoke()
UnityEngine.Events.InvokableCall:Invoke()
UnityEngine.Events.UnityEvent:Invoke()
System.Xml.XmlNodeChangedEventHandler:Invoke(Object, XmlNodeChangedEventArgs)
UnityEngine.EventSystems.ExecuteEvents:Execute(GameObject, BaseEventData, EventFunction`1)
UnityEngine.InputSystem.UI.InputSystemUIInputModule:ProcessPointerButton(ButtonState&, PointerEventData)
UnityEngine.InputSystem.UI.InputSystemUIInputModule:ProcessPointer(PointerModel&)
UnityEngine.InputSystem.UI.InputSystemUIInputModule:Process()
UnityEngine.EventSystems.EventSystem:Update()

[708] Save Midway State. 0.045 s
UnityEngine.Logger:Log(LogType, Object)
UnityEngine.Debug:Log(Object)
OHD.Dungeons.HundrenDungeon:SaveMidwayState()
OHD.Dungeons.HundrenDungeon:OnEnterDungeonScene(SceneBase)
System.Action`1:Invoke(T)
SceneTransitInfo:RaiseOnLoadSuccess(SceneBase)
OHD.Scenes.<<CheckTransit>g__ProcessTransit|18_0>d:MoveNext()
UnityEngine.SetupCoroutine:InvokeMoveNext(IEnumerator, IntPtr)

[876] Enter Room [x:0 y:15]
UnityEngine.Logger:Log(LogType, Object)
UnityEngine.Debug:Log(Object)
OHD.Dungeons.DungeonBase:EnterRoom(Int32, Int32)
HundrenDungeonScene:OnClickCell(ChessCellObject)
System.Action`1:Invoke(T)
OHD.GameObjects.ChessGridObject:ProcessCheckHover()

[876] [Room : BattleRoom] Init
UnityEngine.Logger:Log(LogType, Object)
UnityEngine.Debug:Log(Object)
OHD.Dungeons.DungeonRoomBase:Init()
OHD.Dungeons.DungeonBase:EnterRoom(Int32, Int32)
HundrenDungeonScene:OnClickCell(ChessCellObject)
System.Action`1:Invoke(T)
OHD.GameObjects.ChessGridObject:ProcessCheckHover()

[876] Change Update Type = Dungeon -> Room
UnityEngine.Logger:Log(LogType, Object)
UnityEngine.Debug:Log(Object)
OHD.GameObjects.GameUpdateDelegator:Switch(TargetType, Boolean)
OHD.Dungeons.DungeonBase:EnterRoom(Int32, Int32)
HundrenDungeonScene:OnClickCell(ChessCellObject)
System.Action`1:Invoke(T)
OHD.GameObjects.ChessGridObject:ProcessCheckHover()

Material Crystal Fire doesn't have _Stencil property
UnityEngine.Logger:Log(LogType, Object, Object)
UnityEngine.Debug:LogWarning(Object, Object)
UnityEngine.UI.StencilMaterial:LogWarningWhenNotInBatchmode(String, Object)
UnityEngine.UI.StencilMaterial:Add(Material, Int32, StencilOp, CompareFunction, ColorWriteMask, Int32, Int32)
UnityEngine.UI.MaskableGraphic:GetModifiedMaterial(Material)
UnityEngine.UI.Graphic:get_materialForRendering()
UnityEngine.UI.Graphic:UpdateMaterial()
UnityEngine.UI.Image:UpdateMaterial()
UnityEngine.UI.Graphic:Rebuild(CanvasUpdate)
UnityEngine.UI.CanvasUpdateRegistry:PerformUpdate()
Effekseer.EffekseerSoundPlayerStopAll:Invoke()
UnityEngine.UI.ScrollRect:SetNormalizedPosition(Single, Int32)
UnityEngine.UI.ScrollRect:set_normalizedPosition(Vector2)
OHD.UI.LayoutGroupCtrl`1:ResetScrollPos(Single, Single)
OHD.UI.LayoutGroupCtrl`1:Reload(IEnumerable`1, Action`2)
OHD.UI.BattlePowerListPanelUIView:OnViewModelChanged()
OHD.UI.UIView:TriggerStartAction()
OHD.UI.UIView:Awake()

[96] [Room : BattleRoom] Enter
UnityEngine.Logger:Log(LogType, Object)
UnityEngine.Debug:Log(Object)
OHD.Dungeons.DungeonRoomBase:Enter(SceneBase)
System.Action`1:Invoke(T)
SceneTransitInfo:RaiseOnLoadSuccess(SceneBase)
OHD.Scenes.<<CheckTransit>g__ProcessTransit|18_0>d:MoveNext()
UnityEngine.SetupCoroutine:InvokeMoveNext(IEnumerator, IntPtr)

[399] 當前回合 : 1
UnityEngine.Logger:Log(LogType, Object)
UnityEngine.Debug:Log(Object)
OHD.GameActions.<Process>d__2:MoveNext()
UnityEngine.SetupCoroutine:InvokeMoveNext(IEnumerator, IntPtr)

[50] Steel Guardian Kill!
UnityEngine.Logger:Log(LogType, Object)
UnityEngine.Debug:Log(Object)
OHD.GameActions.<Process>d__6:MoveNext()
UnityEngine.SetupCoroutine:InvokeMoveNext(IEnumerator, IntPtr)

[557] [GA_General_Attack] Deal 23 DMG x 1  time.
UnityEngine.Logger:Log(LogType, Object)
UnityEngine.Debug:Log(Object)
OHD.Dungeons.Monster.PatternizedMonsterBase:GA_General_Attack(BattleCreature, ActionExecutionData)
OHD.Dungeons.Monster.Monster367:MA_RemoveShield_And_Attack(ActionExecutionData)
System.Func`2:Invoke(T)
OHD.Dungeons.Monster.ActionPattern:CreateAction(Int32)
OHD.Dungeons.Monster.ActionPatternExecutor:FlushNextAction()
OHD.Dungeons.Monster.PatternizedMonsterBase:OnExecuteOperation(BattleRoomPlayer)
OHD.Dungeons.Monster.<ExecuteOperation>d__65:MoveNext()
UnityEngine.SetupCoroutine:InvokeMoveNext(IEnumerator, IntPtr)

[909] 當前回合 : 2
UnityEngine.Logger:Log(LogType, Object)
UnityEngine.Debug:Log(Object)
OHD.GameActions.<Process>d__2:MoveNext()
UnityEngine.SetupCoroutine:InvokeMoveNext(IEnumerator, IntPtr)

Material 'AllySummonFire_top' with Shader 'Shader Graphs/ZeldaFire_Unlit' doesn't have a texture property '_MainTex'
UnityEngine.Material:get_mainTexture()
UnityEngine.UI.Image:get_mainTexture()
UnityEngine.UI.Graphic:UpdateMaterial()
UnityEngine.UI.Image:UpdateMaterial()
UnityEngine.UI.Graphic:Rebuild(CanvasUpdate)
UnityEngine.UI.CanvasUpdateRegistry:PerformUpdate()
Effekseer.EffekseerSoundPlayerStopAll:Invoke()

[ line 1926229080]

Material 'AllySummonFire_bottom' with Shader 'Shader Graphs/ZeldaFire_Unlit' doesn't have a texture property '_MainTex'
UnityEngine.Material:get_mainTexture()
UnityEngine.UI.Image:get_mainTexture()
UnityEngine.UI.Graphic:UpdateMaterial()
UnityEngine.UI.Image:UpdateMaterial()
UnityEngine.UI.Graphic:Rebuild(CanvasUpdate)
UnityEngine.UI.CanvasUpdateRegistry:PerformUpdate()
Effekseer.EffekseerSoundPlayerStopAll:Invoke()

[ line 1926229080]

[90] 當前回合 : 3
UnityEngine.Logger:Log(LogType, Object)
UnityEngine.Debug:Log(Object)
OHD.GameActions.<Process>d__2:MoveNext()
UnityEngine.SetupCoroutine:InvokeMoveNext(IEnumerator, IntPtr)

[75] Primitive Beastman Kill!
UnityEngine.Logger:Log(LogType, Object)
UnityEngine.Debug:Log(Object)
OHD.GameActions.<Process>d__6:MoveNext()
UnityEngine.SetupCoroutine:InvokeMoveNext(IEnumerator, IntPtr)

[588] [Room : BattleRoom] Leave
UnityEngine.Logger:Log(LogType, Object)
UnityEngine.Debug:Log(Object)
OHD.Dungeons.DungeonRoomBase:Leave()
OHD.Dungeons.DungeonBase:LeaveRoom(ISceneInfo)
UnityEngine.AndroidJavaRunnable:Invoke()
OHD.UI.CraftRuneUIViewModel:RaiseOnCraftEvent()
OHD.UI.RewardReceiveUIViewController:OnClickConfirmButton()
UnityEngine.AndroidJavaRunnable:Invoke()
UnityEngine.Events.InvokableCall:Invoke()
UnityEngine.Events.UnityEvent:Invoke()
System.Xml.XmlNodeChangedEventHandler:Invoke(Object, XmlNodeChangedEventArgs)
UnityEngine.EventSystems.ExecuteEvents:Execute(GameObject, BaseEventData, EventFunction`1)
UnityEngine.InputSystem.UI.InputSystemUIInputModule:ProcessPointerButton(ButtonState&, PointerEventData)
UnityEngine.InputSystem.UI.InputSystemUIInputModule:ProcessPointer(PointerModel&)
UnityEngine.InputSystem.UI.InputSystemUIInputModule:Process()
UnityEngine.EventSystems.EventSystem:Update()

[588] Change Update Type = Room -> Dungeon
UnityEngine.Logger:Log(LogType, Object)
UnityEngine.Debug:Log(Object)
OHD.GameObjects.GameUpdateDelegator:Switch(TargetType, Boolean)
OHD.Dungeons.DungeonBase:LeaveRoom(ISceneInfo)
UnityEngine.AndroidJavaRunnable:Invoke()
OHD.UI.CraftRuneUIViewModel:RaiseOnCraftEvent()
OHD.UI.RewardReceiveUIViewController:OnClickConfirmButton()
UnityEngine.AndroidJavaRunnable:Invoke()
UnityEngine.Events.InvokableCall:Invoke()
UnityEngine.Events.UnityEvent:Invoke()
System.Xml.XmlNodeChangedEventHandler:Invoke(Object, XmlNodeChangedEventArgs)
UnityEngine.EventSystems.ExecuteEvents:Execute(GameObject, BaseEventData, EventFunction`1)
UnityEngine.InputSystem.UI.InputSystemUIInputModule:ProcessPointerButton(ButtonState&, PointerEventData)
UnityEngine.InputSystem.UI.InputSystemUIInputModule:ProcessPointer(PointerModel&)
UnityEngine.InputSystem.UI.InputSystemUIInputModule:Process()
UnityEngine.EventSystems.EventSystem:Update()

[684] Save Midway State. 0.048 s
UnityEngine.Logger:Log(LogType, Object)
UnityEngine.Debug:Log(Object)
OHD.Dungeons.HundrenDungeon:SaveMidwayState()
OHD.Dungeons.HundrenDungeon:OnEnterDungeonScene(SceneBase)
System.Action`1:Invoke(T)
SceneTransitInfo:RaiseOnLoadSuccess(SceneBase)
OHD.Scenes.<<CheckTransit>g__ProcessTransit|18_0>d:MoveNext()
UnityEngine.SetupCoroutine:InvokeMoveNext(IEnumerator, IntPtr)

[7] Enter Room [x:1 y:16]
UnityEngine.Logger:Log(LogType, Object)
UnityEngine.Debug:Log(Object)
OHD.Dungeons.DungeonBase:EnterRoom(Int32, Int32)
HundrenDungeonScene:OnClickCell(ChessCellObject)
System.Action`1:Invoke(T)
OHD.GameObjects.ChessGridObject:ProcessCheckHover()

[7] [Room : TreasureRoom] Init
UnityEngine.Logger:Log(LogType, Object)
UnityEngine.Debug:Log(Object)
OHD.Dungeons.DungeonRoomBase:Init()
OHD.Dungeons.DungeonBase:EnterRoom(Int32, Int32)
HundrenDungeonScene:OnClickCell(ChessCellObject)
System.Action`1:Invoke(T)
OHD.GameObjects.ChessGridObject:ProcessCheckHover()

[7] Change Update Type = Dungeon -> Room
UnityEngine.Logger:Log(LogType, Object)
UnityEngine.Debug:Log(Object)
OHD.GameObjects.GameUpdateDelegator:Switch(TargetType, Boolean)
OHD.Dungeons.DungeonBase:EnterRoom(Int32, Int32)
HundrenDungeonScene:OnClickCell(ChessCellObject)
System.Action`1:Invoke(T)
OHD.GameObjects.ChessGridObject:ProcessCheckHover()

[227] [Room : TreasureRoom] Enter
UnityEngine.Logger:Log(LogType, Object)
UnityEngine.Debug:Log(Object)
OHD.Dungeons.DungeonRoomBase:Enter(SceneBase)
System.Action`1:Invoke(T)
SceneTransitInfo:RaiseOnLoadSuccess(SceneBase)
OHD.Scenes.<<CheckTransit>g__ProcessTransit|18_0>d:MoveNext()
UnityEngine.SetupCoroutine:InvokeMoveNext(IEnumerator, IntPtr)

[679] [Room : TreasureRoom] Leave
UnityEngine.Logger:Log(LogType, Object)
UnityEngine.Debug:Log(Object)
OHD.Dungeons.DungeonRoomBase:Leave()
OHD.Dungeons.DungeonBase:LeaveRoom(ISceneInfo)
OHD.UI.<ProcessReceiveReward>d__49:MoveNext()
UnityEngine.SetupCoroutine:InvokeMoveNext(IEnumerator, IntPtr)

[679] Change Update Type = Room -> Dungeon
UnityEngine.Logger:Log(LogType, Object)
UnityEngine.Debug:Log(Object)
OHD.GameObjects.GameUpdateDelegator:Switch(TargetType, Boolean)
OHD.Dungeons.DungeonBase:LeaveRoom(ISceneInfo)
OHD.UI.<ProcessReceiveReward>d__49:MoveNext()
UnityEngine.SetupCoroutine:InvokeMoveNext(IEnumerator, IntPtr)

[863] Save Midway State. 0.044 s
UnityEngine.Logger:Log(LogType, Object)
UnityEngine.Debug:Log(Object)
OHD.Dungeons.HundrenDungeon:SaveMidwayState()
OHD.Dungeons.HundrenDungeon:OnEnterDungeonScene(SceneBase)
System.Action`1:Invoke(T)
SceneTransitInfo:RaiseOnLoadSuccess(SceneBase)
OHD.Scenes.<<CheckTransit>g__ProcessTransit|18_0>d:MoveNext()
UnityEngine.SetupCoroutine:InvokeMoveNext(IEnumerator, IntPtr)

[254] Enter Room [x:1 y:17]
UnityEngine.Logger:Log(LogType, Object)
UnityEngine.Debug:Log(Object)
OHD.Dungeons.DungeonBase:EnterRoom(Int32, Int32)
HundrenDungeonScene:OnClickCell(ChessCellObject)
System.Action`1:Invoke(T)
OHD.GameObjects.ChessGridObject:ProcessCheckHover()

[254] [Room : BattleRoom] Init
UnityEngine.Logger:Log(LogType, Object)
UnityEngine.Debug:Log(Object)
OHD.Dungeons.DungeonRoomBase:Init()
OHD.Dungeons.DungeonBase:EnterRoom(Int32, Int32)
HundrenDungeonScene:OnClickCell(ChessCellObject)
System.Action`1:Invoke(T)
OHD.GameObjects.ChessGridObject:ProcessCheckHover()

[254] Change Update Type = Dungeon -> Room
UnityEngine.Logger:Log(LogType, Object)
UnityEngine.Debug:Log(Object)
OHD.GameObjects.GameUpdateDelegator:Switch(TargetType, Boolean)
OHD.Dungeons.DungeonBase:EnterRoom(Int32, Int32)
HundrenDungeonScene:OnClickCell(ChessCellObject)
System.Action`1:Invoke(T)
OHD.GameObjects.ChessGridObject:ProcessCheckHover()

Material Crystal Fire doesn't have _Stencil property
UnityEngine.Logger:Log(LogType, Object, Object)
UnityEngine.Debug:LogWarning(Object, Object)
UnityEngine.UI.StencilMaterial:LogWarningWhenNotInBatchmode(String, Object)
UnityEngine.UI.StencilMaterial:Add(Material, Int32, StencilOp, CompareFunction, ColorWriteMask, Int32, Int32)
UnityEngine.UI.MaskableGraphic:GetModifiedMaterial(Material)
UnityEngine.UI.Graphic:get_materialForRendering()
UnityEngine.UI.Graphic:UpdateMaterial()
UnityEngine.UI.Image:UpdateMaterial()
UnityEngine.UI.Graphic:Rebuild(CanvasUpdate)
UnityEngine.UI.CanvasUpdateRegistry:PerformUpdate()
Effekseer.EffekseerSoundPlayerStopAll:Invoke()
UnityEngine.UI.ScrollRect:SetNormalizedPosition(Single, Int32)
UnityEngine.UI.ScrollRect:set_normalizedPosition(Vector2)
OHD.UI.LayoutGroupCtrl`1:ResetScrollPos(Single, Single)
OHD.UI.LayoutGroupCtrl`1:Reload(IEnumerable`1, Action`2)
OHD.UI.BattlePowerListPanelUIView:OnViewModelChanged()
OHD.UI.UIView:TriggerStartAction()
OHD.UI.UIView:Awake()

[475] [Room : BattleRoom] Enter
UnityEngine.Logger:Log(LogType, Object)
UnityEngine.Debug:Log(Object)
OHD.Dungeons.DungeonRoomBase:Enter(SceneBase)
System.Action`1:Invoke(T)
SceneTransitInfo:RaiseOnLoadSuccess(SceneBase)
OHD.Scenes.<<CheckTransit>g__ProcessTransit|18_0>d:MoveNext()
UnityEngine.SetupCoroutine:InvokeMoveNext(IEnumerator, IntPtr)

[785] 當前回合 : 1
UnityEngine.Logger:Log(LogType, Object)
UnityEngine.Debug:Log(Object)
OHD.GameActions.<Process>d__2:MoveNext()
UnityEngine.SetupCoroutine:InvokeMoveNext(IEnumerator, IntPtr)

[703] Steel Guardian Kill!
UnityEngine.Logger:Log(LogType, Object)
UnityEngine.Debug:Log(Object)
OHD.GameActions.<Process>d__6:MoveNext()
UnityEngine.SetupCoroutine:InvokeMoveNext(IEnumerator, IntPtr)

[362] [GA_General_Attack] Deal 23 DMG x 1  time.
UnityEngine.Logger:Log(LogType, Object)
UnityEngine.Debug:Log(Object)
OHD.Dungeons.Monster.PatternizedMonsterBase:GA_General_Attack(BattleCreature, ActionExecutionData)
OHD.Dungeons.Monster.Monster367:MA_RemoveShield_And_Attack(ActionExecutionData)
System.Func`2:Invoke(T)
OHD.Dungeons.Monster.ActionPattern:CreateAction(Int32)
OHD.Dungeons.Monster.ActionPatternExecutor:FlushNextAction()
OHD.Dungeons.Monster.PatternizedMonsterBase:OnExecuteOperation(BattleRoomPlayer)
OHD.Dungeons.Monster.<ExecuteOperation>d__65:MoveNext()
UnityEngine.SetupCoroutine:InvokeMoveNext(IEnumerator, IntPtr)

[714] 當前回合 : 2
UnityEngine.Logger:Log(LogType, Object)
UnityEngine.Debug:Log(Object)
OHD.GameActions.<Process>d__2:MoveNext()
UnityEngine.SetupCoroutine:InvokeMoveNext(IEnumerator, IntPtr)

[225] 當前回合 : 3
UnityEngine.Logger:Log(LogType, Object)
UnityEngine.Debug:Log(Object)
OHD.GameActions.<Process>d__2:MoveNext()
UnityEngine.SetupCoroutine:InvokeMoveNext(IEnumerator, IntPtr)

[220] Primitive Beastman Kill!
UnityEngine.Logger:Log(LogType, Object)
UnityEngine.Debug:Log(Object)
OHD.GameActions.<Process>d__6:MoveNext()
UnityEngine.SetupCoroutine:InvokeMoveNext(IEnumerator, IntPtr)

[743] [Room : BattleRoom] Leave
UnityEngine.Logger:Log(LogType, Object)
UnityEngine.Debug:Log(Object)
OHD.Dungeons.DungeonRoomBase:Leave()
OHD.Dungeons.DungeonBase:LeaveRoom(ISceneInfo)
UnityEngine.AndroidJavaRunnable:Invoke()
OHD.UI.CraftRuneUIViewModel:RaiseOnCraftEvent()
OHD.UI.RewardReceiveUIViewController:OnClickConfirmButton()
UnityEngine.AndroidJavaRunnable:Invoke()
UnityEngine.Events.InvokableCall:Invoke()
UnityEngine.Events.UnityEvent:Invoke()
System.Xml.XmlNodeChangedEventHandler:Invoke(Object, XmlNodeChangedEventArgs)
UnityEngine.EventSystems.ExecuteEvents:Execute(GameObject, BaseEventData, EventFunction`1)
UnityEngine.InputSystem.UI.InputSystemUIInputModule:ProcessPointerButton(ButtonState&, PointerEventData)
UnityEngine.InputSystem.UI.InputSystemUIInputModule:ProcessPointer(PointerModel&)
UnityEngine.InputSystem.UI.InputSystemUIInputModule:Process()
UnityEngine.EventSystems.EventSystem:Update()

[743] Change Update Type = Room -> Dungeon
UnityEngine.Logger:Log(LogType, Object)
UnityEngine.Debug:Log(Object)
OHD.GameObjects.GameUpdateDelegator:Switch(TargetType, Boolean)
OHD.Dungeons.DungeonBase:LeaveRoom(ISceneInfo)
UnityEngine.AndroidJavaRunnable:Invoke()
OHD.UI.CraftRuneUIViewModel:RaiseOnCraftEvent()
OHD.UI.RewardReceiveUIViewController:OnClickConfirmButton()
UnityEngine.AndroidJavaRunnable:Invoke()
UnityEngine.Events.InvokableCall:Invoke()
UnityEngine.Events.UnityEvent:Invoke()
System.Xml.XmlNodeChangedEventHandler:Invoke(Object, XmlNodeChangedEventArgs)
UnityEngine.EventSystems.ExecuteEvents:Execute(GameObject, BaseEventData, EventFunction`1)
UnityEngine.InputSystem.UI.InputSystemUIInputModule:ProcessPointerButton(ButtonState&, PointerEventData)
UnityEngine.InputSystem.UI.InputSystemUIInputModule:ProcessPointer(PointerModel&)
UnityEngine.InputSystem.UI.InputSystemUIInputModule:Process()
UnityEngine.EventSystems.EventSystem:Update()

[838] Save Midway State. 0.060 s
UnityEngine.Logger:Log(LogType, Object)
UnityEngine.Debug:Log(Object)
OHD.Dungeons.HundrenDungeon:SaveMidwayState()
OHD.Dungeons.HundrenDungeon:OnEnterDungeonScene(SceneBase)
System.Action`1:Invoke(T)
SceneTransitInfo:RaiseOnLoadSuccess(SceneBase)
OHD.Scenes.<<CheckTransit>g__ProcessTransit|18_0>d:MoveNext()
UnityEngine.SetupCoroutine:InvokeMoveNext(IEnumerator, IntPtr)

[49] Enter Room [x:1 y:18]
UnityEngine.Logger:Log(LogType, Object)
UnityEngine.Debug:Log(Object)
OHD.Dungeons.DungeonBase:EnterRoom(Int32, Int32)
HundrenDungeonScene:OnClickCell(ChessCellObject)
System.Action`1:Invoke(T)
OHD.GameObjects.ChessGridObject:ProcessCheckHover()

[49] [Room : EventRoom] Init
UnityEngine.Logger:Log(LogType, Object)
UnityEngine.Debug:Log(Object)
OHD.Dungeons.DungeonRoomBase:Init()
OHD.Dungeons.DungeonBase:EnterRoom(Int32, Int32)
HundrenDungeonScene:OnClickCell(ChessCellObject)
System.Action`1:Invoke(T)
OHD.GameObjects.ChessGridObject:ProcessCheckHover()

[49] Change Update Type = Dungeon -> Room
UnityEngine.Logger:Log(LogType, Object)
UnityEngine.Debug:Log(Object)
OHD.GameObjects.GameUpdateDelegator:Switch(TargetType, Boolean)
OHD.Dungeons.DungeonBase:EnterRoom(Int32, Int32)
HundrenDungeonScene:OnClickCell(ChessCellObject)
System.Action`1:Invoke(T)
OHD.GameObjects.ChessGridObject:ProcessCheckHover()

[268] [Room : EventRoom] Enter
UnityEngine.Logger:Log(LogType, Object)
UnityEngine.Debug:Log(Object)
OHD.Dungeons.DungeonRoomBase:Enter(SceneBase)
System.Action`1:Invoke(T)
SceneTransitInfo:RaiseOnLoadSuccess(SceneBase)
OHD.Scenes.<<CheckTransit>g__ProcessTransit|18_0>d:MoveNext()
UnityEngine.SetupCoroutine:InvokeMoveNext(IEnumerator, IntPtr)

[812] Game User Saved
UnityEngine.Logger:Log(LogType, Object)
UnityEngine.Debug:Log(Object)
GameUser:Save()
GameUser:AutoSave()
OHD.Dungeons.PlotMachines.PlotCmd_GameAction_UnlockGalleryByHealth:OnExecute()
OHD.Dungeons.PlotMachines.<ProcessExecute>d__38:MoveNext()
UnityEngine.SetupCoroutine:InvokeMoveNext(IEnumerator, IntPtr)

[900] Broadcast_SendStop
UnityEngine.Logger:Log(LogType, Object)
UnityEngine.Debug:Log(Object)
OHD.ThirdPartySupport.Lovenses.LovenseToy:Broadcast_SendStop(List`1)
OHD.Dungeons.PlotMachines.PlotMachine:DoPlotEnd()
OHD.Dungeons.PlotMachines.PlotCmd_PlotSignal_EndPlot:OnExecute()
OHD.Dungeons.PlotMachines.<ProcessExecute>d__38:MoveNext()
UnityEngine.SetupCoroutine:InvokeMoveNext(IEnumerator, IntPtr)

[900] [Room : EventRoom] Leave
UnityEngine.Logger:Log(LogType, Object)
UnityEngine.Debug:Log(Object)
OHD.Dungeons.DungeonRoomBase:Leave()
OHD.Dungeons.DungeonBase:LeaveRoom(ISceneInfo)
OHD.Dungeons.EventRoom:OnDungeonEventFinish()
UnityEngine.AndroidJavaRunnable:Invoke()
OHD.GameActions.PlayPlotAction:<OnStart>b__22_0(PlotMachine)
System.Xml.Serialization.XmlSerializationWriteCallback:Invoke(Object)
OHD.Dungeons.PlotMachines.PlotMachine:DoPlotEnd()
OHD.Dungeons.PlotMachines.PlotCmd_PlotSignal_EndPlot:OnExecute()
OHD.Dungeons.PlotMachines.<ProcessExecute>d__38:MoveNext()
UnityEngine.SetupCoroutine:InvokeMoveNext(IEnumerator, IntPtr)

[900] Change Update Type = Room -> Dungeon
UnityEngine.Logger:Log(LogType, Object)
UnityEngine.Debug:Log(Object)
OHD.GameObjects.GameUpdateDelegator:Switch(TargetType, Boolean)
OHD.Dungeons.DungeonBase:LeaveRoom(ISceneInfo)
OHD.Dungeons.EventRoom:OnDungeonEventFinish()
UnityEngine.AndroidJavaRunnable:Invoke()
OHD.GameActions.PlayPlotAction:<OnStart>b__22_0(PlotMachine)
System.Xml.Serialization.XmlSerializationWriteCallback:Invoke(Object)
OHD.Dungeons.PlotMachines.PlotMachine:DoPlotEnd()
OHD.Dungeons.PlotMachines.PlotCmd_PlotSignal_EndPlot:OnExecute()
OHD.Dungeons.PlotMachines.<ProcessExecute>d__38:MoveNext()
UnityEngine.SetupCoroutine:InvokeMoveNext(IEnumerator, IntPtr)

[84] Game User Saved
UnityEngine.Logger:Log(LogType, Object)
UnityEngine.Debug:Log(Object)
GameUser:Save()
GamePlayer:Save()
GamePlayer:AutoSave()
OHD.Dungeons.HundrenDungeon:SaveMidwayState()
OHD.Dungeons.HundrenDungeon:OnEnterDungeonScene(SceneBase)
System.Action`1:Invoke(T)
SceneTransitInfo:RaiseOnLoadSuccess(SceneBase)
OHD.Scenes.<<CheckTransit>g__ProcessTransit|18_0>d:MoveNext()
UnityEngine.SetupCoroutine:InvokeMoveNext(IEnumerator, IntPtr)

[84] Save Midway State. 0.046 s
UnityEngine.Logger:Log(LogType, Object)
UnityEngine.Debug:Log(Object)
OHD.Dungeons.HundrenDungeon:SaveMidwayState()
OHD.Dungeons.HundrenDungeon:OnEnterDungeonScene(SceneBase)
System.Action`1:Invoke(T)
SceneTransitInfo:RaiseOnLoadSuccess(SceneBase)
OHD.Scenes.<<CheckTransit>g__ProcessTransit|18_0>d:MoveNext()
UnityEngine.SetupCoroutine:InvokeMoveNext(IEnumerator, IntPtr)

[290] Enter Room [x:1 y:19]
UnityEngine.Logger:Log(LogType, Object)
UnityEngine.Debug:Log(Object)
OHD.Dungeons.DungeonBase:EnterRoom(Int32, Int32)
HundrenDungeonScene:OnClickCell(ChessCellObject)
System.Action`1:Invoke(T)
OHD.GameObjects.ChessGridObject:ProcessCheckHover()

[290] [Room : BattleRoom] Init
UnityEngine.Logger:Log(LogType, Object)
UnityEngine.Debug:Log(Object)
OHD.Dungeons.DungeonRoomBase:Init()
OHD.Dungeons.DungeonBase:EnterRoom(Int32, Int32)
HundrenDungeonScene:OnClickCell(ChessCellObject)
System.Action`1:Invoke(T)
OHD.GameObjects.ChessGridObject:ProcessCheckHover()

[290] Change Update Type = Dungeon -> Room
UnityEngine.Logger:Log(LogType, Object)
UnityEngine.Debug:Log(Object)
OHD.GameObjects.GameUpdateDelegator:Switch(TargetType, Boolean)
OHD.Dungeons.DungeonBase:EnterRoom(Int32, Int32)
HundrenDungeonScene:OnClickCell(ChessCellObject)
System.Action`1:Invoke(T)
OHD.GameObjects.ChessGridObject:ProcessCheckHover()

Material Crystal Fire doesn't have _Stencil property
UnityEngine.Logger:Log(LogType, Object, Object)
UnityEngine.Debug:LogWarning(Object, Object)
UnityEngine.UI.StencilMaterial:LogWarningWhenNotInBatchmode(String, Object)
UnityEngine.UI.StencilMaterial:Add(Material, Int32, StencilOp, CompareFunction, ColorWriteMask, Int32, Int32)
UnityEngine.UI.MaskableGraphic:GetModifiedMaterial(Material)
UnityEngine.UI.Graphic:get_materialForRendering()
UnityEngine.UI.Graphic:UpdateMaterial()
UnityEngine.UI.Image:UpdateMaterial()
UnityEngine.UI.Graphic:Rebuild(CanvasUpdate)
UnityEngine.UI.CanvasUpdateRegistry:PerformUpdate()
Effekseer.EffekseerSoundPlayerStopAll:Invoke()
UnityEngine.UI.ScrollRect:SetNormalizedPosition(Single, Int32)
UnityEngine.UI.ScrollRect:set_normalizedPosition(Vector2)
OHD.UI.LayoutGroupCtrl`1:ResetScrollPos(Single, Single)
OHD.UI.LayoutGroupCtrl`1:Reload(IEnumerable`1, Action`2)
OHD.UI.BattlePowerListPanelUIView:OnViewModelChanged()
OHD.UI.UIView:TriggerStartAction()
OHD.UI.UIView:Awake()

[511] [Room : BattleRoom] Enter
UnityEngine.Logger:Log(LogType, Object)
UnityEngine.Debug:Log(Object)
OHD.Dungeons.DungeonRoomBase:Enter(SceneBase)
System.Action`1:Invoke(T)
SceneTransitInfo:RaiseOnLoadSuccess(SceneBase)
OHD.Scenes.<<CheckTransit>g__ProcessTransit|18_0>d:MoveNext()
UnityEngine.SetupCoroutine:InvokeMoveNext(IEnumerator, IntPtr)

[273] Broadcast_SendStop
UnityEngine.Logger:Log(LogType, Object)
UnityEngine.Debug:Log(Object)
OHD.ThirdPartySupport.Lovenses.LovenseToy:Broadcast_SendStop(List`1)
OHD.Dungeons.PlotMachines.PlotMachine:DoPlotEnd()
OHD.Dungeons.PlotMachines.PlotCmd_PlotSignal_EndPlot:OnExecute()
OHD.Dungeons.PlotMachines.<ProcessExecute>d__38:MoveNext()
UnityEngine.SetupCoroutine:InvokeMoveNext(IEnumerator, IntPtr)

Main Camera: 3 camera overlays no longer exists and will be removed from the camera stack.
UnityEngine.Logger:Log(LogType, Object)
UnityEngine.Debug:LogWarning(Object)
UnityEngine.Rendering.Universal.UniversalAdditionalCameraData:UpdateCameraStack()
UnityEngine.Rendering.Universal.UniversalRenderPipeline:RenderCameraStack(ScriptableRenderContext, Camera)
UnityEngine.Rendering.Universal.UniversalRenderPipeline:Render(ScriptableRenderContext, Camera[])
UnityEngine.Rendering.RenderPipelineManager:DoRenderLoop_Internal(RenderPipelineAsset, IntPtr, List`1)

[394] 當前回合 : 1
UnityEngine.Logger:Log(LogType, Object)
UnityEngine.Debug:Log(Object)
OHD.GameActions.<Process>d__2:MoveNext()
UnityEngine.SetupCoroutine:InvokeMoveNext(IEnumerator, IntPtr)

[527] 當前回合 : 2
UnityEngine.Logger:Log(LogType, Object)
UnityEngine.Debug:Log(Object)
OHD.GameActions.<Process>d__2:MoveNext()
UnityEngine.SetupCoroutine:InvokeMoveNext(IEnumerator, IntPtr)

Material 'AllySummonFire_top' with Shader 'Shader Graphs/ZeldaFire_Unlit' doesn't have a texture property '_MainTex'
UnityEngine.Material:get_mainTexture()
UnityEngine.UI.Image:get_mainTexture()
UnityEngine.UI.Graphic:UpdateMaterial()
UnityEngine.UI.Image:UpdateMaterial()
UnityEngine.UI.Graphic:Rebuild(CanvasUpdate)
UnityEngine.UI.CanvasUpdateRegistry:PerformUpdate()
Effekseer.EffekseerSoundPlayerStopAll:Invoke()

[ line 1926229080]

Material 'AllySummonFire_bottom' with Shader 'Shader Graphs/ZeldaFire_Unlit' doesn't have a texture property '_MainTex'
UnityEngine.Material:get_mainTexture()
UnityEngine.UI.Image:get_mainTexture()
UnityEngine.UI.Graphic:UpdateMaterial()
UnityEngine.UI.Image:UpdateMaterial()
UnityEngine.UI.Graphic:Rebuild(CanvasUpdate)
UnityEngine.UI.CanvasUpdateRegistry:PerformUpdate()
Effekseer.EffekseerSoundPlayerStopAll:Invoke()

[ line 1926229080]

Material 'AllySummonFire_top' with Shader 'Shader Graphs/ZeldaFire_Unlit' doesn't have a texture property '_MainTex'
UnityEngine.Material:get_mainTexture()
UnityEngine.UI.Image:get_mainTexture()
UnityEngine.UI.Graphic:UpdateMaterial()
UnityEngine.UI.Image:UpdateMaterial()
UnityEngine.UI.Graphic:Rebuild(CanvasUpdate)
UnityEngine.UI.CanvasUpdateRegistry:PerformUpdate()
Effekseer.EffekseerSoundPlayerStopAll:Invoke()

[ line 1926229080]

Material 'AllySummonFire_bottom_reverse' with Shader 'Shader Graphs/ZeldaFire_Unlit' doesn't have a texture property '_MainTex'
UnityEngine.Material:get_mainTexture()
UnityEngine.UI.Image:get_mainTexture()
UnityEngine.UI.Graphic:UpdateMaterial()
UnityEngine.UI.Image:UpdateMaterial()
UnityEngine.UI.Graphic:Rebuild(CanvasUpdate)
UnityEngine.UI.CanvasUpdateRegistry:PerformUpdate()
Effekseer.EffekseerSoundPlayerStopAll:Invoke()

[ line 1926229080]

[928] [GA_General_Attack] Deal 48 DMG x 1  time.
UnityEngine.Logger:Log(LogType, Object)
UnityEngine.Debug:Log(Object)
OHD.Dungeons.Monster.PatternizedMonsterBase:GA_General_Attack(BattleCreature, ActionExecutionData)
OHD.Dungeons.Monster.Monster292:MA_Attack(ActionExecutionData)
System.Func`2:Invoke(T)
OHD.Dungeons.Monster.ActionPattern:CreateAction(Int32)
OHD.Dungeons.Monster.ActionPatternExecutor:FlushNextAction()
OHD.Dungeons.Monster.PatternizedMonsterBase:OnExecuteOperation(BattleRoomPlayer)
OHD.Dungeons.Monster.<ExecuteOperation>d__65:MoveNext()
UnityEngine.SetupCoroutine:InvokeMoveNext(IEnumerator, IntPtr)

[318] 當前回合 : 3
UnityEngine.Logger:Log(LogType, Object)
UnityEngine.Debug:Log(Object)
OHD.GameActions.<Process>d__2:MoveNext()
UnityEngine.SetupCoroutine:InvokeMoveNext(IEnumerator, IntPtr)

[157] [GA_General_Attack] Deal 48 DMG x 1  time.
UnityEngine.Logger:Log(LogType, Object)
UnityEngine.Debug:Log(Object)
OHD.Dungeons.Monster.PatternizedMonsterBase:GA_General_Attack(BattleCreature, ActionExecutionData)
OHD.Dungeons.Monster.Monster292:MA_Attack(ActionExecutionData)
System.Func`2:Invoke(T)
OHD.Dungeons.Monster.ActionPattern:CreateAction(Int32)
OHD.Dungeons.Monster.ActionPatternExecutor:FlushNextAction()
OHD.Dungeons.Monster.PatternizedMonsterBase:OnExecuteOperation(BattleRoomPlayer)
OHD.Dungeons.Monster.<ExecuteOperation>d__65:MoveNext()
UnityEngine.SetupCoroutine:InvokeMoveNext(IEnumerator, IntPtr)

[501] 當前回合 : 4
UnityEngine.Logger:Log(LogType, Object)
UnityEngine.Debug:Log(Object)
OHD.GameActions.<Process>d__2:MoveNext()
UnityEngine.SetupCoroutine:InvokeMoveNext(IEnumerator, IntPtr)

[396] [GA_General_Attack] Deal 48 DMG x 1  time.
UnityEngine.Logger:Log(LogType, Object)
UnityEngine.Debug:Log(Object)
OHD.Dungeons.Monster.PatternizedMonsterBase:GA_General_Attack(BattleCreature, ActionExecutionData)
OHD.Dungeons.Monster.Monster292:MA_Attack(ActionExecutionData)
System.Func`2:Invoke(T)
OHD.Dungeons.Monster.ActionPattern:CreateAction(Int32)
OHD.Dungeons.Monster.ActionPatternExecutor:FlushNextAction()
OHD.Dungeons.Monster.PatternizedMonsterBase:OnExecuteOperation(BattleRoomPlayer)
OHD.Dungeons.Monster.<ExecuteOperation>d__65:MoveNext()
UnityEngine.SetupCoroutine:InvokeMoveNext(IEnumerator, IntPtr)

[739] 當前回合 : 5
UnityEngine.Logger:Log(LogType, Object)
UnityEngine.Debug:Log(Object)
OHD.GameActions.<Process>d__2:MoveNext()
UnityEngine.SetupCoroutine:InvokeMoveNext(IEnumerator, IntPtr)

Material 'AllySummonFire_top' with Shader 'Shader Graphs/ZeldaFire_Unlit' doesn't have a texture property '_MainTex'
UnityEngine.Material:get_mainTexture()
UnityEngine.UI.Image:get_mainTexture()
UnityEngine.UI.Graphic:UpdateMaterial()
UnityEngine.UI.Image:UpdateMaterial()
UnityEngine.UI.Graphic:Rebuild(CanvasUpdate)
UnityEngine.UI.CanvasUpdateRegistry:PerformUpdate()
Effekseer.EffekseerSoundPlayerStopAll:Invoke()

[ line 1926229080]

Material 'AllySummonFire_bottom_reverse' with Shader 'Shader Graphs/ZeldaFire_Unlit' doesn't have a texture property '_MainTex'
UnityEngine.Material:get_mainTexture()
UnityEngine.UI.Image:get_mainTexture()
UnityEngine.UI.Graphic:UpdateMaterial()
UnityEngine.UI.Image:UpdateMaterial()
UnityEngine.UI.Graphic:Rebuild(CanvasUpdate)
UnityEngine.UI.CanvasUpdateRegistry:PerformUpdate()
Effekseer.EffekseerSoundPlayerStopAll:Invoke()

[ line 1926229080]

[252] 當前回合 : 6
UnityEngine.Logger:Log(LogType, Object)
UnityEngine.Debug:Log(Object)
OHD.GameActions.<Process>d__2:MoveNext()
UnityEngine.SetupCoroutine:InvokeMoveNext(IEnumerator, IntPtr)

[675] [GA_General_Attack] Deal 48 DMG x 1  time.
UnityEngine.Logger:Log(LogType, Object)
UnityEngine.Debug:Log(Object)
OHD.Dungeons.Monster.PatternizedMonsterBase:GA_General_Attack(BattleCreature, ActionExecutionData)
OHD.Dungeons.Monster.Monster292:MA_Attack(ActionExecutionData)
System.Func`2:Invoke(T)
OHD.Dungeons.Monster.ActionPattern:CreateAction(Int32)
OHD.Dungeons.Monster.ActionPatternExecutor:FlushNextAction()
OHD.Dungeons.Monster.PatternizedMonsterBase:OnExecuteOperation(BattleRoomPlayer)
OHD.Dungeons.Monster.<ExecuteOperation>d__65:MoveNext()
UnityEngine.SetupCoroutine:InvokeMoveNext(IEnumerator, IntPtr)

[76] 當前回合 : 7
UnityEngine.Logger:Log(LogType, Object)
UnityEngine.Debug:Log(Object)
OHD.GameActions.<Process>d__2:MoveNext()
UnityEngine.SetupCoroutine:InvokeMoveNext(IEnumerator, IntPtr)

[482] 當前回合 : 8
UnityEngine.Logger:Log(LogType, Object)
UnityEngine.Debug:Log(Object)
OHD.GameActions.<Process>d__2:MoveNext()
UnityEngine.SetupCoroutine:InvokeMoveNext(IEnumerator, IntPtr)

[410] [GA_General_Attack] Deal 48 DMG x 1  time.
UnityEngine.Logger:Log(LogType, Object)
UnityEngine.Debug:Log(Object)
OHD.Dungeons.Monster.PatternizedMonsterBase:GA_General_Attack(BattleCreature, ActionExecutionData)
OHD.Dungeons.Monster.Monster292:MA_Attack(ActionExecutionData)
System.Func`2:Invoke(T)
OHD.Dungeons.Monster.ActionPattern:CreateAction(Int32)
OHD.Dungeons.Monster.ActionPatternExecutor:FlushNextAction()
OHD.Dungeons.Monster.PatternizedMonsterBase:OnExecuteOperation(BattleRoomPlayer)
OHD.Dungeons.Monster.<ExecuteOperation>d__65:MoveNext()
UnityEngine.SetupCoroutine:InvokeMoveNext(IEnumerator, IntPtr)

[753] 當前回合 : 9
UnityEngine.Logger:Log(LogType, Object)
UnityEngine.Debug:Log(Object)
OHD.GameActions.<Process>d__2:MoveNext()
UnityEngine.SetupCoroutine:InvokeMoveNext(IEnumerator, IntPtr)

[182] [GA_General_Attack] Deal 48 DMG x 1  time.
UnityEngine.Logger:Log(LogType, Object)
UnityEngine.Debug:Log(Object)
OHD.Dungeons.Monster.PatternizedMonsterBase:GA_General_Attack(BattleCreature, ActionExecutionData)
OHD.Dungeons.Monster.Monster292:MA_Attack(ActionExecutionData)
System.Func`2:Invoke(T)
OHD.Dungeons.Monster.ActionPattern:CreateAction(Int32)
OHD.Dungeons.Monster.ActionPatternExecutor:FlushNextAction()
OHD.Dungeons.Monster.PatternizedMonsterBase:OnExecuteOperation(BattleRoomPlayer)
OHD.Dungeons.Monster.<ExecuteOperation>d__65:MoveNext()
UnityEngine.SetupCoroutine:InvokeMoveNext(IEnumerator, IntPtr)

[525] 當前回合 : 10
UnityEngine.Logger:Log(LogType, Object)
UnityEngine.Debug:Log(Object)
OHD.GameActions.<Process>d__2:MoveNext()
UnityEngine.SetupCoroutine:InvokeMoveNext(IEnumerator, IntPtr)

[598] [GA_General_Attack] Deal 48 DMG x 1  time.
UnityEngine.Logger:Log(LogType, Object)
UnityEngine.Debug:Log(Object)
OHD.Dungeons.Monster.PatternizedMonsterBase:GA_General_Attack(BattleCreature, ActionExecutionData)
OHD.Dungeons.Monster.Monster292:MA_Attack(ActionExecutionData)
System.Func`2:Invoke(T)
OHD.Dungeons.Monster.ActionPattern:CreateAction(Int32)
OHD.Dungeons.Monster.ActionPatternExecutor:FlushNextAction()
OHD.Dungeons.Monster.PatternizedMonsterBase:OnExecuteOperation(BattleRoomPlayer)
OHD.Dungeons.Monster.<ExecuteOperation>d__65:MoveNext()
UnityEngine.SetupCoroutine:InvokeMoveNext(IEnumerator, IntPtr)

[939] 當前回合 : 11
UnityEngine.Logger:Log(LogType, Object)
UnityEngine.Debug:Log(Object)
OHD.GameActions.<Process>d__2:MoveNext()
UnityEngine.SetupCoroutine:InvokeMoveNext(IEnumerator, IntPtr)

[624] 當前回合 : 12
UnityEngine.Logger:Log(LogType, Object)
UnityEngine.Debug:Log(Object)
OHD.GameActions.<Process>d__2:MoveNext()
UnityEngine.SetupCoroutine:InvokeMoveNext(IEnumerator, IntPtr)

[471] [GA_General_Attack] Deal 48 DMG x 1  time.
UnityEngine.Logger:Log(LogType, Object)
UnityEngine.Debug:Log(Object)
OHD.Dungeons.Monster.PatternizedMonsterBase:GA_General_Attack(BattleCreature, ActionExecutionData)
OHD.Dungeons.Monster.Monster292:MA_Attack(ActionExecutionData)
System.Func`2:Invoke(T)
OHD.Dungeons.Monster.ActionPattern:CreateAction(Int32)
OHD.Dungeons.Monster.ActionPatternExecutor:FlushNextAction()
OHD.Dungeons.Monster.PatternizedMonsterBase:OnExecuteOperation(BattleRoomPlayer)
OHD.Dungeons.Monster.<ExecuteOperation>d__65:MoveNext()
UnityEngine.SetupCoroutine:InvokeMoveNext(IEnumerator, IntPtr)

[871] 當前回合 : 13
UnityEngine.Logger:Log(LogType, Object)
UnityEngine.Debug:Log(Object)
OHD.GameActions.<Process>d__2:MoveNext()
UnityEngine.SetupCoroutine:InvokeMoveNext(IEnumerator, IntPtr)

[625] [Room : BattleRoom] Leave
UnityEngine.Logger:Log(LogType, Object)
UnityEngine.Debug:Log(Object)
OHD.Dungeons.DungeonRoomBase:Leave()
OHD.Dungeons.DungeonBase:LeaveRoom(ISceneInfo)
UnityEngine.AndroidJavaRunnable:Invoke()
OHD.UI.CraftRuneUIViewModel:RaiseOnCraftEvent()
OHD.UI.RewardReceiveUIViewController:OnClickConfirmButton()
UnityEngine.AndroidJavaRunnable:Invoke()
UnityEngine.Events.InvokableCall:Invoke()
UnityEngine.Events.UnityEvent:Invoke()
System.Xml.XmlNodeChangedEventHandler:Invoke(Object, XmlNodeChangedEventArgs)
UnityEngine.EventSystems.ExecuteEvents:Execute(GameObject, BaseEventData, EventFunction`1)
UnityEngine.InputSystem.UI.InputSystemUIInputModule:ProcessPointerButton(ButtonState&, PointerEventData)
UnityEngine.InputSystem.UI.InputSystemUIInputModule:ProcessPointer(PointerModel&)
UnityEngine.InputSystem.UI.InputSystemUIInputModule:Process()
UnityEngine.EventSystems.EventSystem:Update()

[625] Change Update Type = Room -> Dungeon
UnityEngine.Logger:Log(LogType, Object)
UnityEngine.Debug:Log(Object)
OHD.GameObjects.GameUpdateDelegator:Switch(TargetType, Boolean)
OHD.Dungeons.DungeonBase:LeaveRoom(ISceneInfo)
UnityEngine.AndroidJavaRunnable:Invoke()
OHD.UI.CraftRuneUIViewModel:RaiseOnCraftEvent()
OHD.UI.RewardReceiveUIViewController:OnClickConfirmButton()
UnityEngine.AndroidJavaRunnable:Invoke()
UnityEngine.Events.InvokableCall:Invoke()
UnityEngine.Events.UnityEvent:Invoke()
System.Xml.XmlNodeChangedEventHandler:Invoke(Object, XmlNodeChangedEventArgs)
UnityEngine.EventSystems.ExecuteEvents:Execute(GameObject, BaseEventData, EventFunction`1)
UnityEngine.InputSystem.UI.InputSystemUIInputModule:ProcessPointerButton(ButtonState&, PointerEventData)
UnityEngine.InputSystem.UI.InputSystemUIInputModule:ProcessPointer(PointerModel&)
UnityEngine.InputSystem.UI.InputSystemUIInputModule:Process()
UnityEngine.EventSystems.EventSystem:Update()

[720] Force Reload Dungeon Event Pool
UnityEngine.Logger:Log(LogType, Object)
UnityEngine.Debug:Log(Object)
OHD.Dungeons.HundrenDungeon:OnEnterDungeonScene(SceneBase)
System.Action`1:Invoke(T)
SceneTransitInfo:RaiseOnLoadSuccess(SceneBase)
OHD.Scenes.<<CheckTransit>g__ProcessTransit|18_0>d:MoveNext()
UnityEngine.SetupCoroutine:InvokeMoveNext(IEnumerator, IntPtr)

[720] Save Midway State. 0.048 s
UnityEngine.Logger:Log(LogType, Object)
UnityEngine.Debug:Log(Object)
OHD.Dungeons.HundrenDungeon:SaveMidwayState()
OHD.Dungeons.HundrenDungeon:OnEnterDungeonScene(SceneBase)
System.Action`1:Invoke(T)
SceneTransitInfo:RaiseOnLoadSuccess(SceneBase)
OHD.Scenes.<<CheckTransit>g__ProcessTransit|18_0>d:MoveNext()
UnityEngine.SetupCoroutine:InvokeMoveNext(IEnumerator, IntPtr)

[575] Broadcast_SendStop
UnityEngine.Logger:Log(LogType, Object)
UnityEngine.Debug:Log(Object)
OHD.ThirdPartySupport.Lovenses.LovenseToy:Broadcast_SendStop(List`1)
OHD.Dungeons.PlotMachines.PlotMachine:DoPlotEnd()
OHD.Dungeons.PlotMachines.PlotCmd_PlotSignal_EndPlot:OnExecute()
OHD.Dungeons.PlotMachines.<ProcessExecute>d__38:MoveNext()
UnityEngine.SetupCoroutine:InvokeMoveNext(IEnumerator, IntPtr)

[575] Game User Saved
UnityEngine.Logger:Log(LogType, Object)
UnityEngine.Debug:Log(Object)
GameUser:Save()
GamePlayer:Save()
GamePlayer:AutoSave()
OHD.GameActions.PlayStoryPlotAction:<Process>b__38_0(PlotMachine)
System.Xml.Serialization.XmlSerializationWriteCallback:Invoke(Object)
OHD.Dungeons.PlotMachines.PlotMachine:DoPlotEnd()
OHD.Dungeons.PlotMachines.PlotCmd_PlotSignal_EndPlot:OnExecute()
OHD.Dungeons.PlotMachines.<ProcessExecute>d__38:MoveNext()
UnityEngine.SetupCoroutine:InvokeMoveNext(IEnumerator, IntPtr)

Main Camera: 3 camera overlays no longer exists and will be removed from the camera stack.
UnityEngine.Logger:Log(LogType, Object)
UnityEngine.Debug:LogWarning(Object)
UnityEngine.Rendering.Universal.UniversalAdditionalCameraData:UpdateCameraStack()
UnityEngine.Rendering.Universal.UniversalRenderPipeline:RenderCameraStack(ScriptableRenderContext, Camera)
UnityEngine.Rendering.Universal.UniversalRenderPipeline:Render(ScriptableRenderContext, Camera[])
UnityEngine.Rendering.RenderPipelineManager:DoRenderLoop_Internal(RenderPipelineAsset, IntPtr, List`1)

[491] Broadcast_SendStop
UnityEngine.Logger:Log(LogType, Object)
UnityEngine.Debug:Log(Object)
OHD.ThirdPartySupport.Lovenses.LovenseToy:Broadcast_SendStop(List`1)
OHD.Dungeons.PlotMachines.PlotMachine:DoPlotEnd()
OHD.Dungeons.PlotMachines.PlotCmd_PlotSignal_EndPlot:OnExecute()
OHD.Dungeons.PlotMachines.<ProcessExecute>d__38:MoveNext()
UnityEngine.SetupCoroutine:InvokeMoveNext(IEnumerator, IntPtr)

Main Camera: 3 camera overlays no longer exists and will be removed from the camera stack.
UnityEngine.Logger:Log(LogType, Object)
UnityEngine.Debug:LogWarning(Object)
UnityEngine.Rendering.Universal.UniversalAdditionalCameraData:UpdateCameraStack()
UnityEngine.Rendering.Universal.UniversalRenderPipeline:RenderCameraStack(ScriptableRenderContext, Camera)
UnityEngine.Rendering.Universal.UniversalRenderPipeline:Render(ScriptableRenderContext, Camera[])
UnityEngine.Rendering.RenderPipelineManager:DoRenderLoop_Internal(RenderPipelineAsset, IntPtr, List`1)

[492] [Achievement Unlock] Meeting Her
UnityEngine.Logger:Log(LogType, Object)
UnityEngine.Debug:Log(Object)
OHD.Players.GamePlayer_Achievement:MarkAsFinish(Int32)
OHD.Players.GamePlayer_Achievement:CheckOwnableCardCount()
OHD.Players.GamePlayer_Card:AddToStore(CardBase)
GamePlayer:AddReward(Resource)
OHD.GameActions.<Process>d__5:MoveNext()
UnityEngine.SetupCoroutine:InvokeMoveNext(IEnumerator, IntPtr)

[975] Enter Room [x:2 y:20]
UnityEngine.Logger:Log(LogType, Object)
UnityEngine.Debug:Log(Object)
OHD.Dungeons.DungeonBase:EnterRoom(Int32, Int32)
HundrenDungeonScene:OnClickCell(ChessCellObject)
System.Action`1:Invoke(T)
OHD.GameObjects.ChessGridObject:ProcessCheckHover()

[975] [Room : TreasureRoom] Init
UnityEngine.Logger:Log(LogType, Object)
UnityEngine.Debug:Log(Object)
OHD.Dungeons.DungeonRoomBase:Init()
OHD.Dungeons.DungeonBase:EnterRoom(Int32, Int32)
HundrenDungeonScene:OnClickCell(ChessCellObject)
System.Action`1:Invoke(T)
OHD.GameObjects.ChessGridObject:ProcessCheckHover()

[975] Change Update Type = Dungeon -> Room
UnityEngine.Logger:Log(LogType, Object)
UnityEngine.Debug:Log(Object)
OHD.GameObjects.GameUpdateDelegator:Switch(TargetType, Boolean)
OHD.Dungeons.DungeonBase:EnterRoom(Int32, Int32)
HundrenDungeonScene:OnClickCell(ChessCellObject)
System.Action`1:Invoke(T)
OHD.GameObjects.ChessGridObject:ProcessCheckHover()

[195] [Room : TreasureRoom] Enter
UnityEngine.Logger:Log(LogType, Object)
UnityEngine.Debug:Log(Object)
OHD.Dungeons.DungeonRoomBase:Enter(SceneBase)
System.Action`1:Invoke(T)
SceneTransitInfo:RaiseOnLoadSuccess(SceneBase)
OHD.Scenes.<<CheckTransit>g__ProcessTransit|18_0>d:MoveNext()
UnityEngine.SetupCoroutine:InvokeMoveNext(IEnumerator, IntPtr)

[659] [Room : TreasureRoom] Leave
UnityEngine.Logger:Log(LogType, Object)
UnityEngine.Debug:Log(Object)
OHD.Dungeons.DungeonRoomBase:Leave()
OHD.Dungeons.DungeonBase:LeaveRoom(ISceneInfo)
OHD.UI.<ProcessReceiveReward>d__49:MoveNext()
UnityEngine.SetupCoroutine:InvokeMoveNext(IEnumerator, IntPtr)

[659] Change Update Type = Room -> Dungeon
UnityEngine.Logger:Log(LogType, Object)
UnityEngine.Debug:Log(Object)
OHD.GameObjects.GameUpdateDelegator:Switch(TargetType, Boolean)
OHD.Dungeons.DungeonBase:LeaveRoom(ISceneInfo)
OHD.UI.<ProcessReceiveReward>d__49:MoveNext()
UnityEngine.SetupCoroutine:InvokeMoveNext(IEnumerator, IntPtr)

[843] Save Midway State. 0.049 s
UnityEngine.Logger:Log(LogType, Object)
UnityEngine.Debug:Log(Object)
OHD.Dungeons.HundrenDungeon:SaveMidwayState()
OHD.Dungeons.HundrenDungeon:OnEnterDungeonScene(SceneBase)
System.Action`1:Invoke(T)
SceneTransitInfo:RaiseOnLoadSuccess(SceneBase)
OHD.Scenes.<<CheckTransit>g__ProcessTransit|18_0>d:MoveNext()
UnityEngine.SetupCoroutine:InvokeMoveNext(IEnumerator, IntPtr)

[844] Enter Room [x:2 y:21]
UnityEngine.Logger:Log(LogType, Object)
UnityEngine.Debug:Log(Object)
OHD.Dungeons.DungeonBase:EnterRoom(Int32, Int32)
HundrenDungeonScene:OnClickCell(ChessCellObject)
System.Action`1:Invoke(T)
OHD.GameObjects.ChessGridObject:ProcessCheckHover()

[844] [Room : BattleRoom] Init
UnityEngine.Logger:Log(LogType, Object)
UnityEngine.Debug:Log(Object)
OHD.Dungeons.DungeonRoomBase:Init()
OHD.Dungeons.DungeonBase:EnterRoom(Int32, Int32)
HundrenDungeonScene:OnClickCell(ChessCellObject)
System.Action`1:Invoke(T)
OHD.GameObjects.ChessGridObject:ProcessCheckHover()

[844] Change Update Type = Dungeon -> Room
UnityEngine.Logger:Log(LogType, Object)
UnityEngine.Debug:Log(Object)
OHD.GameObjects.GameUpdateDelegator:Switch(TargetType, Boolean)
OHD.Dungeons.DungeonBase:EnterRoom(Int32, Int32)
HundrenDungeonScene:OnClickCell(ChessCellObject)
System.Action`1:Invoke(T)
OHD.GameObjects.ChessGridObject:ProcessCheckHover()

Material Crystal Fire doesn't have _Stencil property
UnityEngine.Logger:Log(LogType, Object, Object)
UnityEngine.Debug:LogWarning(Object, Object)
UnityEngine.UI.StencilMaterial:LogWarningWhenNotInBatchmode(String, Object)
UnityEngine.UI.StencilMaterial:Add(Material, Int32, StencilOp, CompareFunction, ColorWriteMask, Int32, Int32)
UnityEngine.UI.MaskableGraphic:GetModifiedMaterial(Material)
UnityEngine.UI.Graphic:get_materialForRendering()
UnityEngine.UI.Graphic:UpdateMaterial()
UnityEngine.UI.Image:UpdateMaterial()
UnityEngine.UI.Graphic:Rebuild(CanvasUpdate)
UnityEngine.UI.CanvasUpdateRegistry:PerformUpdate()
Effekseer.EffekseerSoundPlayerStopAll:Invoke()
UnityEngine.UI.ScrollRect:SetNormalizedPosition(Single, Int32)
UnityEngine.UI.ScrollRect:set_normalizedPosition(Vector2)
OHD.UI.LayoutGroupCtrl`1:ResetScrollPos(Single, Single)
OHD.UI.LayoutGroupCtrl`1:Reload(IEnumerable`1, Action`2)
OHD.UI.BattlePowerListPanelUIView:OnViewModelChanged()
OHD.UI.UIView:TriggerStartAction()
OHD.UI.UIView:Awake()

[64] [Room : BattleRoom] Enter
UnityEngine.Logger:Log(LogType, Object)
UnityEngine.Debug:Log(Object)
OHD.Dungeons.DungeonRoomBase:Enter(SceneBase)
System.Action`1:Invoke(T)
SceneTransitInfo:RaiseOnLoadSuccess(SceneBase)
OHD.Scenes.<<CheckTransit>g__ProcessTransit|18_0>d:MoveNext()
UnityEngine.SetupCoroutine:InvokeMoveNext(IEnumerator, IntPtr)

[369] 當前回合 : 1
UnityEngine.Logger:Log(LogType, Object)
UnityEngine.Debug:Log(Object)
OHD.GameActions.<Process>d__2:MoveNext()
UnityEngine.SetupCoroutine:InvokeMoveNext(IEnumerator, IntPtr)

[972] Steel Guardian Kill!
UnityEngine.Logger:Log(LogType, Object)
UnityEngine.Debug:Log(Object)
OHD.GameActions.<Process>d__6:MoveNext()
UnityEngine.SetupCoroutine:InvokeMoveNext(IEnumerator, IntPtr)

[949] 當前回合 : 2
UnityEngine.Logger:Log(LogType, Object)
UnityEngine.Debug:Log(Object)
OHD.GameActions.<Process>d__2:MoveNext()
UnityEngine.SetupCoroutine:InvokeMoveNext(IEnumerator, IntPtr)

Material 'AllySummonFire_top' with Shader 'Shader Graphs/ZeldaFire_Unlit' doesn't have a texture property '_MainTex'
UnityEngine.Material:get_mainTexture()
UnityEngine.UI.Image:get_mainTexture()
UnityEngine.UI.Graphic:UpdateMaterial()
UnityEngine.UI.Image:UpdateMaterial()
UnityEngine.UI.Graphic:Rebuild(CanvasUpdate)
UnityEngine.UI.CanvasUpdateRegistry:PerformUpdate()
Effekseer.EffekseerSoundPlayerStopAll:Invoke()

[ line 1926229080]

Material 'AllySummonFire_bottom' with Shader 'Shader Graphs/ZeldaFire_Unlit' doesn't have a texture property '_MainTex'
UnityEngine.Material:get_mainTexture()
UnityEngine.UI.Image:get_mainTexture()
UnityEngine.UI.Graphic:UpdateMaterial()
UnityEngine.UI.Image:UpdateMaterial()
UnityEngine.UI.Graphic:Rebuild(CanvasUpdate)
UnityEngine.UI.CanvasUpdateRegistry:PerformUpdate()
Effekseer.EffekseerSoundPlayerStopAll:Invoke()

[ line 1926229080]

Material 'AllySummonFire_top' with Shader 'Shader Graphs/ZeldaFire_Unlit' doesn't have a texture property '_MainTex'
UnityEngine.Material:get_mainTexture()
UnityEngine.UI.Image:get_mainTexture()
UnityEngine.UI.Graphic:UpdateMaterial()
UnityEngine.UI.Image:UpdateMaterial()
UnityEngine.UI.Graphic:Rebuild(CanvasUpdate)
UnityEngine.UI.CanvasUpdateRegistry:PerformUpdate()
Effekseer.EffekseerSoundPlayerStopAll:Invoke()

[ line 1926229080]

Material 'AllySummonFire_bottom_reverse' with Shader 'Shader Graphs/ZeldaFire_Unlit' doesn't have a texture property '_MainTex'
UnityEngine.Material:get_mainTexture()
UnityEngine.UI.Image:get_mainTexture()
UnityEngine.UI.Graphic:UpdateMaterial()
UnityEngine.UI.Image:UpdateMaterial()
UnityEngine.UI.Graphic:Rebuild(CanvasUpdate)
UnityEngine.UI.CanvasUpdateRegistry:PerformUpdate()
Effekseer.EffekseerSoundPlayerStopAll:Invoke()

[ line 1926229080]

[477] 當前回合 : 3
UnityEngine.Logger:Log(LogType, Object)
UnityEngine.Debug:Log(Object)
OHD.GameActions.<Process>d__2:MoveNext()
UnityEngine.SetupCoroutine:InvokeMoveNext(IEnumerator, IntPtr)

[808] Breath of Life Kill!
UnityEngine.Logger:Log(LogType, Object)
UnityEngine.Debug:Log(Object)
OHD.GameActions.<Process>d__6:MoveNext()
UnityEngine.SetupCoroutine:InvokeMoveNext(IEnumerator, IntPtr)

[313] [Room : BattleRoom] Leave
UnityEngine.Logger:Log(LogType, Object)
UnityEngine.Debug:Log(Object)
OHD.Dungeons.DungeonRoomBase:Leave()
OHD.Dungeons.DungeonBase:LeaveRoom(ISceneInfo)
UnityEngine.AndroidJavaRunnable:Invoke()
OHD.UI.CraftRuneUIViewModel:RaiseOnCraftEvent()
OHD.UI.RewardReceiveUIViewController:OnClickConfirmButton()
UnityEngine.AndroidJavaRunnable:Invoke()
UnityEngine.Events.InvokableCall:Invoke()
UnityEngine.Events.UnityEvent:Invoke()
System.Xml.XmlNodeChangedEventHandler:Invoke(Object, XmlNodeChangedEventArgs)
UnityEngine.EventSystems.ExecuteEvents:Execute(GameObject, BaseEventData, EventFunction`1)
UnityEngine.InputSystem.UI.InputSystemUIInputModule:ProcessPointerButton(ButtonState&, PointerEventData)
UnityEngine.InputSystem.UI.InputSystemUIInputModule:ProcessPointer(PointerModel&)
UnityEngine.InputSystem.UI.InputSystemUIInputModule:Process()
UnityEngine.EventSystems.EventSystem:Update()

[313] Change Update Type = Room -> Dungeon
UnityEngine.Logger:Log(LogType, Object)
UnityEngine.Debug:Log(Object)
OHD.GameObjects.GameUpdateDelegator:Switch(TargetType, Boolean)
OHD.Dungeons.DungeonBase:LeaveRoom(ISceneInfo)
UnityEngine.AndroidJavaRunnable:Invoke()
OHD.UI.CraftRuneUIViewModel:RaiseOnCraftEvent()
OHD.UI.RewardReceiveUIViewController:OnClickConfirmButton()
UnityEngine.AndroidJavaRunnable:Invoke()
UnityEngine.Events.InvokableCall:Invoke()
UnityEngine.Events.UnityEvent:Invoke()
System.Xml.XmlNodeChangedEventHandler:Invoke(Object, XmlNodeChangedEventArgs)
UnityEngine.EventSystems.ExecuteEvents:Execute(GameObject, BaseEventData, EventFunction`1)
UnityEngine.InputSystem.UI.InputSystemUIInputModule:ProcessPointerButton(ButtonState&, PointerEventData)
UnityEngine.InputSystem.UI.InputSystemUIInputModule:ProcessPointer(PointerModel&)
UnityEngine.InputSystem.UI.InputSystemUIInputModule:Process()
UnityEngine.EventSystems.EventSystem:Update()

[408] Save Midway State. 0.049 s
UnityEngine.Logger:Log(LogType, Object)
UnityEngine.Debug:Log(Object)
OHD.Dungeons.HundrenDungeon:SaveMidwayState()
OHD.Dungeons.HundrenDungeon:OnEnterDungeonScene(SceneBase)
System.Action`1:Invoke(T)
SceneTransitInfo:RaiseOnLoadSuccess(SceneBase)
OHD.Scenes.<<CheckTransit>g__ProcessTransit|18_0>d:MoveNext()
UnityEngine.SetupCoroutine:InvokeMoveNext(IEnumerator, IntPtr)

[938] Enter Room [x:3 y:22]
UnityEngine.Logger:Log(LogType, Object)
UnityEngine.Debug:Log(Object)
OHD.Dungeons.DungeonBase:EnterRoom(Int32, Int32)
HundrenDungeonScene:OnClickCell(ChessCellObject)
System.Action`1:Invoke(T)
OHD.GameObjects.ChessGridObject:ProcessCheckHover()

[938] [Room : EventRoom] Init
UnityEngine.Logger:Log(LogType, Object)
UnityEngine.Debug:Log(Object)
OHD.Dungeons.DungeonRoomBase:Init()
OHD.Dungeons.DungeonBase:EnterRoom(Int32, Int32)
HundrenDungeonScene:OnClickCell(ChessCellObject)
System.Action`1:Invoke(T)
OHD.GameObjects.ChessGridObject:ProcessCheckHover()

[938] Change Update Type = Dungeon -> Room
UnityEngine.Logger:Log(LogType, Object)
UnityEngine.Debug:Log(Object)
OHD.GameObjects.GameUpdateDelegator:Switch(TargetType, Boolean)
OHD.Dungeons.DungeonBase:EnterRoom(Int32, Int32)
HundrenDungeonScene:OnClickCell(ChessCellObject)
System.Action`1:Invoke(T)
OHD.GameObjects.ChessGridObject:ProcessCheckHover()

[157] [Room : EventRoom] Enter
UnityEngine.Logger:Log(LogType, Object)
UnityEngine.Debug:Log(Object)
OHD.Dungeons.DungeonRoomBase:Enter(SceneBase)
System.Action`1:Invoke(T)
SceneTransitInfo:RaiseOnLoadSuccess(SceneBase)
OHD.Scenes.<<CheckTransit>g__ProcessTransit|18_0>d:MoveNext()
UnityEngine.SetupCoroutine:InvokeMoveNext(IEnumerator, IntPtr)

[198] Broadcast_SendStop
UnityEngine.Logger:Log(LogType, Object)
UnityEngine.Debug:Log(Object)
OHD.ThirdPartySupport.Lovenses.LovenseToy:Broadcast_SendStop(List`1)
OHD.Dungeons.PlotMachines.PlotMachine:DoPlotEnd()
OHD.Dungeons.PlotMachines.PlotCmd_PlotSignal_EndPlot:OnExecute()
OHD.Dungeons.PlotMachines.<ProcessExecute>d__38:MoveNext()
UnityEngine.SetupCoroutine:InvokeMoveNext(IEnumerator, IntPtr)

Main Camera: 3 camera overlays no longer exists and will be removed from the camera stack.
UnityEngine.Logger:Log(LogType, Object)
UnityEngine.Debug:LogWarning(Object)
UnityEngine.Rendering.Universal.UniversalAdditionalCameraData:UpdateCameraStack()
UnityEngine.Rendering.Universal.UniversalRenderPipeline:RenderCameraStack(ScriptableRenderContext, Camera)
UnityEngine.Rendering.Universal.UniversalRenderPipeline:Render(ScriptableRenderContext, Camera[])
UnityEngine.Rendering.RenderPipelineManager:DoRenderLoop_Internal(RenderPipelineAsset, IntPtr, List`1)

[14] Yeah
UnityEngine.Logger:Log(LogType, Object)
UnityEngine.Debug:LogError(Object)
OHD.UI.CardInstallSuffixUIViewController:OnClickInstallButton()
UnityEngine.AndroidJavaRunnable:Invoke()
UnityEngine.Events.InvokableCall:Invoke()
UnityEngine.Events.UnityEvent:Invoke()
System.Xml.XmlNodeChangedEventHandler:Invoke(Object, XmlNodeChangedEventArgs)
UnityEngine.EventSystems.ExecuteEvents:Execute(GameObject, BaseEventData, EventFunction`1)
UnityEngine.InputSystem.UI.InputSystemUIInputModule:ProcessPointerButton(ButtonState&, PointerEventData)
UnityEngine.InputSystem.UI.InputSystemUIInputModule:ProcessPointer(PointerModel&)
UnityEngine.InputSystem.UI.InputSystemUIInputModule:Process()
UnityEngine.EventSystems.EventSystem:Update()

[284] [Room : EventRoom] Leave
UnityEngine.Logger:Log(LogType, Object)
UnityEngine.Debug:Log(Object)
OHD.Dungeons.DungeonRoomBase:Leave()
OHD.Dungeons.DungeonBase:LeaveRoom(ISceneInfo)
UnityEngine.AndroidJavaRunnable:Invoke()
OHD.UI.CardInstallSuffixUIViewModel:TriggerInstalledEvt()
OHD.UI.CardInstallSuffixUIViewController:<OnClickInstallButton>b__38_0(List`1)
System.Action`1:Invoke(T)
OHD.UI.SelectCardUIViewModel:RaiseOnSelectEvent()
OHD.UI.SelectCardUIViewController:<OnCreate>b__20_2()
UnityEngine.AndroidJavaRunnable:Invoke()
UnityEngine.Events.InvokableCall:Invoke()
UnityEngine.Events.UnityEvent:Invoke()
System.Xml.XmlNodeChangedEventHandler:Invoke(Object, XmlNodeChangedEventArgs)
UnityEngine.EventSystems.ExecuteEvents:Execute(GameObject, BaseEventData, EventFunction`1)
UnityEngine.InputSystem.UI.InputSystemUIInputModule:ProcessPointerButton(ButtonState&, PointerEventData)
UnityEngine.InputSystem.UI.InputSystemUIInputModule:ProcessPointer(PointerModel&)
UnityEngine.InputSystem.UI.InputSystemUIInputModule:Process()
UnityEngine.EventSystems.EventSystem:Update()

[284] Change Update Type = Room -> Dungeon
UnityEngine.Logger:Log(LogType, Object)
UnityEngine.Debug:Log(Object)
OHD.GameObjects.GameUpdateDelegator:Switch(TargetType, Boolean)
OHD.Dungeons.DungeonBase:LeaveRoom(ISceneInfo)
UnityEngine.AndroidJavaRunnable:Invoke()
OHD.UI.CardInstallSuffixUIViewModel:TriggerInstalledEvt()
OHD.UI.CardInstallSuffixUIViewController:<OnClickInstallButton>b__38_0(List`1)
System.Action`1:Invoke(T)
OHD.UI.SelectCardUIViewModel:RaiseOnSelectEvent()
OHD.UI.SelectCardUIViewController:<OnCreate>b__20_2()
UnityEngine.AndroidJavaRunnable:Invoke()
UnityEngine.Events.InvokableCall:Invoke()
UnityEngine.Events.UnityEvent:Invoke()
System.Xml.XmlNodeChangedEventHandler:Invoke(Object, XmlNodeChangedEventArgs)
UnityEngine.EventSystems.ExecuteEvents:Execute(GameObject, BaseEventData, EventFunction`1)
UnityEngine.InputSystem.UI.InputSystemUIInputModule:ProcessPointerButton(ButtonState&, PointerEventData)
UnityEngine.InputSystem.UI.InputSystemUIInputModule:ProcessPointer(PointerModel&)
UnityEngine.InputSystem.UI.InputSystemUIInputModule:Process()
UnityEngine.EventSystems.EventSystem:Update()

[467] Save Midway State. 0.043 s
UnityEngine.Logger:Log(LogType, Object)
UnityEngine.Debug:Log(Object)
OHD.Dungeons.HundrenDungeon:SaveMidwayState()
OHD.Dungeons.HundrenDungeon:OnEnterDungeonScene(SceneBase)
System.Action`1:Invoke(T)
SceneTransitInfo:RaiseOnLoadSuccess(SceneBase)
OHD.Scenes.<<CheckTransit>g__ProcessTransit|18_0>d:MoveNext()
UnityEngine.SetupCoroutine:InvokeMoveNext(IEnumerator, IntPtr)

[220] Enter Room [x:2 y:23]
UnityEngine.Logger:Log(LogType, Object)
UnityEngine.Debug:Log(Object)
OHD.Dungeons.DungeonBase:EnterRoom(Int32, Int32)
HundrenDungeonScene:OnClickCell(ChessCellObject)
System.Action`1:Invoke(T)
OHD.GameObjects.ChessGridObject:ProcessCheckHover()

[220] [Room : BattleRoom] Init
UnityEngine.Logger:Log(LogType, Object)
UnityEngine.Debug:Log(Object)
OHD.Dungeons.DungeonRoomBase:Init()
OHD.Dungeons.DungeonBase:EnterRoom(Int32, Int32)
HundrenDungeonScene:OnClickCell(ChessCellObject)
System.Action`1:Invoke(T)
OHD.GameObjects.ChessGridObject:ProcessCheckHover()

[220] Change Update Type = Dungeon -> Room
UnityEngine.Logger:Log(LogType, Object)
UnityEngine.Debug:Log(Object)
OHD.GameObjects.GameUpdateDelegator:Switch(TargetType, Boolean)
OHD.Dungeons.DungeonBase:EnterRoom(Int32, Int32)
HundrenDungeonScene:OnClickCell(ChessCellObject)
System.Action`1:Invoke(T)
OHD.GameObjects.ChessGridObject:ProcessCheckHover()

Material Crystal Fire doesn't have _Stencil property
UnityEngine.Logger:Log(LogType, Object, Object)
UnityEngine.Debug:LogWarning(Object, Object)
UnityEngine.UI.StencilMaterial:LogWarningWhenNotInBatchmode(String, Object)
UnityEngine.UI.StencilMaterial:Add(Material, Int32, StencilOp, CompareFunction, ColorWriteMask, Int32, Int32)
UnityEngine.UI.MaskableGraphic:GetModifiedMaterial(Material)
UnityEngine.UI.Graphic:get_materialForRendering()
UnityEngine.UI.Graphic:UpdateMaterial()
UnityEngine.UI.Image:UpdateMaterial()
UnityEngine.UI.Graphic:Rebuild(CanvasUpdate)
UnityEngine.UI.CanvasUpdateRegistry:PerformUpdate()
Effekseer.EffekseerSoundPlayerStopAll:Invoke()
UnityEngine.UI.ScrollRect:SetNormalizedPosition(Single, Int32)
UnityEngine.UI.ScrollRect:set_normalizedPosition(Vector2)
OHD.UI.LayoutGroupCtrl`1:ResetScrollPos(Single, Single)
OHD.UI.LayoutGroupCtrl`1:Reload(IEnumerable`1, Action`2)
OHD.UI.BattlePowerListPanelUIView:OnViewModelChanged()
OHD.UI.UIView:TriggerStartAction()
OHD.UI.UIView:Awake()

[440] [Room : BattleRoom] Enter
UnityEngine.Logger:Log(LogType, Object)
UnityEngine.Debug:Log(Object)
OHD.Dungeons.DungeonRoomBase:Enter(SceneBase)
System.Action`1:Invoke(T)
SceneTransitInfo:RaiseOnLoadSuccess(SceneBase)
OHD.Scenes.<<CheckTransit>g__ProcessTransit|18_0>d:MoveNext()
UnityEngine.SetupCoroutine:InvokeMoveNext(IEnumerator, IntPtr)

[750] 當前回合 : 1
UnityEngine.Logger:Log(LogType, Object)
UnityEngine.Debug:Log(Object)
OHD.GameActions.<Process>d__2:MoveNext()
UnityEngine.SetupCoroutine:InvokeMoveNext(IEnumerator, IntPtr)

[386] Primitive Beastman Kill!
UnityEngine.Logger:Log(LogType, Object)
UnityEngine.Debug:Log(Object)
OHD.GameActions.<Process>d__6:MoveNext()
UnityEngine.SetupCoroutine:InvokeMoveNext(IEnumerator, IntPtr)

[678] [GA_General_Attack] Deal 18 DMG x 1  time.
UnityEngine.Logger:Log(LogType, Object)
UnityEngine.Debug:Log(Object)
OHD.Dungeons.Monster.PatternizedMonsterBase:GA_General_Attack(BattleCreature, ActionExecutionData)
OHD.Dungeons.Monster.PatternizedMonsterBase:MA_General_Attack(ActionExecutionData)
System.Func`2:Invoke(T)
OHD.Dungeons.Monster.ActionPattern:CreateAction(Int32)
OHD.Dungeons.Monster.ActionPatternExecutor:FlushNextAction()
OHD.Dungeons.Monster.PatternizedMonsterBase:OnExecuteOperation(BattleRoomPlayer)
OHD.Dungeons.Monster.<ExecuteOperation>d__65:MoveNext()
UnityEngine.SetupCoroutine:InvokeMoveNext(IEnumerator, IntPtr)

[967] 當前回合 : 2
UnityEngine.Logger:Log(LogType, Object)
UnityEngine.Debug:Log(Object)
OHD.GameActions.<Process>d__2:MoveNext()
UnityEngine.SetupCoroutine:InvokeMoveNext(IEnumerator, IntPtr)

[681] [GA_General_Attack] Deal 18 DMG x 1  time.
UnityEngine.Logger:Log(LogType, Object)
UnityEngine.Debug:Log(Object)
OHD.Dungeons.Monster.PatternizedMonsterBase:GA_General_Attack(BattleCreature, ActionExecutionData)
OHD.Dungeons.Monster.PatternizedMonsterBase:MA_General_Attack(ActionExecutionData)
System.Func`2:Invoke(T)
OHD.Dungeons.Monster.ActionPattern:CreateAction(Int32)
OHD.Dungeons.Monster.ActionPatternExecutor:FlushNextAction()
OHD.Dungeons.Monster.PatternizedMonsterBase:OnExecuteOperation(BattleRoomPlayer)
OHD.Dungeons.Monster.<ExecuteOperation>d__65:MoveNext()
UnityEngine.SetupCoroutine:InvokeMoveNext(IEnumerator, IntPtr)

[971] 當前回合 : 3
UnityEngine.Logger:Log(LogType, Object)
UnityEngine.Debug:Log(Object)
OHD.GameActions.<Process>d__2:MoveNext()
UnityEngine.SetupCoroutine:InvokeMoveNext(IEnumerator, IntPtr)

[817] Steel Guardian Kill!
UnityEngine.Logger:Log(LogType, Object)
UnityEngine.Debug:Log(Object)
OHD.GameActions.<Process>d__6:MoveNext()
UnityEngine.SetupCoroutine:InvokeMoveNext(IEnumerator, IntPtr)

[340] [Room : BattleRoom] Leave
UnityEngine.Logger:Log(LogType, Object)
UnityEngine.Debug:Log(Object)
OHD.Dungeons.DungeonRoomBase:Leave()
OHD.Dungeons.DungeonBase:LeaveRoom(ISceneInfo)
UnityEngine.AndroidJavaRunnable:Invoke()
OHD.UI.CraftRuneUIViewModel:RaiseOnCraftEvent()
OHD.UI.RewardReceiveUIViewController:OnClickConfirmButton()
UnityEngine.AndroidJavaRunnable:Invoke()
UnityEngine.Events.InvokableCall:Invoke()
UnityEngine.Events.UnityEvent:Invoke()
System.Xml.XmlNodeChangedEventHandler:Invoke(Object, XmlNodeChangedEventArgs)
UnityEngine.EventSystems.ExecuteEvents:Execute(GameObject, BaseEventData, EventFunction`1)
UnityEngine.InputSystem.UI.InputSystemUIInputModule:ProcessPointerButton(ButtonState&, PointerEventData)
UnityEngine.InputSystem.UI.InputSystemUIInputModule:ProcessPointer(PointerModel&)
UnityEngine.InputSystem.UI.InputSystemUIInputModule:Process()
UnityEngine.EventSystems.EventSystem:Update()

[340] Change Update Type = Room -> Dungeon
UnityEngine.Logger:Log(LogType, Object)
UnityEngine.Debug:Log(Object)
OHD.GameObjects.GameUpdateDelegator:Switch(TargetType, Boolean)
OHD.Dungeons.DungeonBase:LeaveRoom(ISceneInfo)
UnityEngine.AndroidJavaRunnable:Invoke()
OHD.UI.CraftRuneUIViewModel:RaiseOnCraftEvent()
OHD.UI.RewardReceiveUIViewController:OnClickConfirmButton()
UnityEngine.AndroidJavaRunnable:Invoke()
UnityEngine.Events.InvokableCall:Invoke()
UnityEngine.Events.UnityEvent:Invoke()
System.Xml.XmlNodeChangedEventHandler:Invoke(Object, XmlNodeChangedEventArgs)
UnityEngine.EventSystems.ExecuteEvents:Execute(GameObject, BaseEventData, EventFunction`1)
UnityEngine.InputSystem.UI.InputSystemUIInputModule:ProcessPointerButton(ButtonState&, PointerEventData)
UnityEngine.InputSystem.UI.InputSystemUIInputModule:ProcessPointer(PointerModel&)
UnityEngine.InputSystem.UI.InputSystemUIInputModule:Process()
UnityEngine.EventSystems.EventSystem:Update()

[435] Save Midway State. 0.055 s
UnityEngine.Logger:Log(LogType, Object)
UnityEngine.Debug:Log(Object)
OHD.Dungeons.HundrenDungeon:SaveMidwayState()
OHD.Dungeons.HundrenDungeon:OnEnterDungeonScene(SceneBase)
System.Action`1:Invoke(T)
SceneTransitInfo:RaiseOnLoadSuccess(SceneBase)
OHD.Scenes.<<CheckTransit>g__ProcessTransit|18_0>d:MoveNext()
UnityEngine.SetupCoroutine:InvokeMoveNext(IEnumerator, IntPtr)

[840] Enter Room [x:3 y:24]
UnityEngine.Logger:Log(LogType, Object)
UnityEngine.Debug:Log(Object)
OHD.Dungeons.DungeonBase:EnterRoom(Int32, Int32)
HundrenDungeonScene:OnClickCell(ChessCellObject)
System.Action`1:Invoke(T)
OHD.GameObjects.ChessGridObject:ProcessCheckHover()

[840] [Room : BattleRoom] Init
UnityEngine.Logger:Log(LogType, Object)
UnityEngine.Debug:Log(Object)
OHD.Dungeons.DungeonRoomBase:Init()
OHD.Dungeons.DungeonBase:EnterRoom(Int32, Int32)
HundrenDungeonScene:OnClickCell(ChessCellObject)
System.Action`1:Invoke(T)
OHD.GameObjects.ChessGridObject:ProcessCheckHover()

[840] Change Update Type = Dungeon -> Room
UnityEngine.Logger:Log(LogType, Object)
UnityEngine.Debug:Log(Object)
OHD.GameObjects.GameUpdateDelegator:Switch(TargetType, Boolean)
OHD.Dungeons.DungeonBase:EnterRoom(Int32, Int32)
HundrenDungeonScene:OnClickCell(ChessCellObject)
System.Action`1:Invoke(T)
OHD.GameObjects.ChessGridObject:ProcessCheckHover()

Material Crystal Fire doesn't have _Stencil property
UnityEngine.Logger:Log(LogType, Object, Object)
UnityEngine.Debug:LogWarning(Object, Object)
UnityEngine.UI.StencilMaterial:LogWarningWhenNotInBatchmode(String, Object)
UnityEngine.UI.StencilMaterial:Add(Material, Int32, StencilOp, CompareFunction, ColorWriteMask, Int32, Int32)
UnityEngine.UI.MaskableGraphic:GetModifiedMaterial(Material)
UnityEngine.UI.Graphic:get_materialForRendering()
UnityEngine.UI.Graphic:UpdateMaterial()
UnityEngine.UI.Image:UpdateMaterial()
UnityEngine.UI.Graphic:Rebuild(CanvasUpdate)
UnityEngine.UI.CanvasUpdateRegistry:PerformUpdate()
Effekseer.EffekseerSoundPlayerStopAll:Invoke()
UnityEngine.UI.ScrollRect:SetNormalizedPosition(Single, Int32)
UnityEngine.UI.ScrollRect:set_normalizedPosition(Vector2)
OHD.UI.LayoutGroupCtrl`1:ResetScrollPos(Single, Single)
OHD.UI.LayoutGroupCtrl`1:Reload(IEnumerable`1, Action`2)
OHD.UI.BattlePowerListPanelUIView:OnViewModelChanged()
OHD.UI.UIView:TriggerStartAction()
OHD.UI.UIView:Awake()

[60] [Room : BattleRoom] Enter
UnityEngine.Logger:Log(LogType, Object)
UnityEngine.Debug:Log(Object)
OHD.Dungeons.DungeonRoomBase:Enter(SceneBase)
System.Action`1:Invoke(T)
SceneTransitInfo:RaiseOnLoadSuccess(SceneBase)
OHD.Scenes.<<CheckTransit>g__ProcessTransit|18_0>d:MoveNext()
UnityEngine.SetupCoroutine:InvokeMoveNext(IEnumerator, IntPtr)

[323] 當前回合 : 1
UnityEngine.Logger:Log(LogType, Object)
UnityEngine.Debug:Log(Object)
OHD.GameActions.<Process>d__2:MoveNext()
UnityEngine.SetupCoroutine:InvokeMoveNext(IEnumerator, IntPtr)

[358] Gold Skeleton Kill!
UnityEngine.Logger:Log(LogType, Object)
UnityEngine.Debug:Log(Object)
OHD.GameActions.<Process>d__6:MoveNext()
UnityEngine.SetupCoroutine:InvokeMoveNext(IEnumerator, IntPtr)

[12] [GA_General_Attack] Deal 23 DMG x 1  time.
UnityEngine.Logger:Log(LogType, Object)
UnityEngine.Debug:Log(Object)
OHD.Dungeons.Monster.PatternizedMonsterBase:GA_General_Attack(BattleCreature, ActionExecutionData)
OHD.Dungeons.Monster.Monster367:MA_RemoveShield_And_Attack(ActionExecutionData)
System.Func`2:Invoke(T)
OHD.Dungeons.Monster.ActionPattern:CreateAction(Int32)
OHD.Dungeons.Monster.ActionPatternExecutor:FlushNextAction()
OHD.Dungeons.Monster.PatternizedMonsterBase:OnExecuteOperation(BattleRoomPlayer)
OHD.Dungeons.Monster.<ExecuteOperation>d__65:MoveNext()
UnityEngine.SetupCoroutine:InvokeMoveNext(IEnumerator, IntPtr)

[365] 當前回合 : 2
UnityEngine.Logger:Log(LogType, Object)
UnityEngine.Debug:Log(Object)
OHD.GameActions.<Process>d__2:MoveNext()
UnityEngine.SetupCoroutine:InvokeMoveNext(IEnumerator, IntPtr)

Material 'AllySummonFire_top' with Shader 'Shader Graphs/ZeldaFire_Unlit' doesn't have a texture property '_MainTex'
UnityEngine.Material:get_mainTexture()
UnityEngine.UI.Image:get_mainTexture()
UnityEngine.UI.Graphic:UpdateMaterial()
UnityEngine.UI.Image:UpdateMaterial()
UnityEngine.UI.Graphic:Rebuild(CanvasUpdate)
UnityEngine.UI.CanvasUpdateRegistry:PerformUpdate()
Effekseer.EffekseerSoundPlayerStopAll:Invoke()

[ line 1926229080]

Material 'AllySummonFire_bottom' with Shader 'Shader Graphs/ZeldaFire_Unlit' doesn't have a texture property '_MainTex'
UnityEngine.Material:get_mainTexture()
UnityEngine.UI.Image:get_mainTexture()
UnityEngine.UI.Graphic:UpdateMaterial()
UnityEngine.UI.Image:UpdateMaterial()
UnityEngine.UI.Graphic:Rebuild(CanvasUpdate)
UnityEngine.UI.CanvasUpdateRegistry:PerformUpdate()
Effekseer.EffekseerSoundPlayerStopAll:Invoke()

[ line 1926229080]

Material 'AllySummonFire_top' with Shader 'Shader Graphs/ZeldaFire_Unlit' doesn't have a texture property '_MainTex'
UnityEngine.Material:get_mainTexture()
UnityEngine.UI.Image:get_mainTexture()
UnityEngine.UI.Graphic:UpdateMaterial()
UnityEngine.UI.Image:UpdateMaterial()
UnityEngine.UI.Graphic:Rebuild(CanvasUpdate)
UnityEngine.UI.CanvasUpdateRegistry:PerformUpdate()
Effekseer.EffekseerSoundPlayerStopAll:Invoke()

[ line 1926229080]

Material 'AllySummonFire_bottom_reverse' with Shader 'Shader Graphs/ZeldaFire_Unlit' doesn't have a texture property '_MainTex'
UnityEngine.Material:get_mainTexture()
UnityEngine.UI.Image:get_mainTexture()
UnityEngine.UI.Graphic:UpdateMaterial()
UnityEngine.UI.Image:UpdateMaterial()
UnityEngine.UI.Graphic:Rebuild(CanvasUpdate)
UnityEngine.UI.CanvasUpdateRegistry:PerformUpdate()
Effekseer.EffekseerSoundPlayerStopAll:Invoke()

[ line 1926229080]

[445] 當前回合 : 3
UnityEngine.Logger:Log(LogType, Object)
UnityEngine.Debug:Log(Object)
OHD.GameActions.<Process>d__2:MoveNext()
UnityEngine.SetupCoroutine:InvokeMoveNext(IEnumerator, IntPtr)

[374] Primitive Beastman Kill!
UnityEngine.Logger:Log(LogType, Object)
UnityEngine.Debug:Log(Object)
OHD.GameActions.<Process>d__6:MoveNext()
UnityEngine.SetupCoroutine:InvokeMoveNext(IEnumerator, IntPtr)

[900] [Room : BattleRoom] Leave
UnityEngine.Logger:Log(LogType, Object)
UnityEngine.Debug:Log(Object)
OHD.Dungeons.DungeonRoomBase:Leave()
OHD.Dungeons.DungeonBase:LeaveRoom(ISceneInfo)
UnityEngine.AndroidJavaRunnable:Invoke()
OHD.UI.CraftRuneUIViewModel:RaiseOnCraftEvent()
OHD.UI.RewardReceiveUIViewController:OnClickConfirmButton()
UnityEngine.AndroidJavaRunnable:Invoke()
UnityEngine.Events.InvokableCall:Invoke()
UnityEngine.Events.UnityEvent:Invoke()
System.Xml.XmlNodeChangedEventHandler:Invoke(Object, XmlNodeChangedEventArgs)
UnityEngine.EventSystems.ExecuteEvents:Execute(GameObject, BaseEventData, EventFunction`1)
UnityEngine.InputSystem.UI.InputSystemUIInputModule:ProcessPointerButton(ButtonState&, PointerEventData)
UnityEngine.InputSystem.UI.InputSystemUIInputModule:ProcessPointer(PointerModel&)
UnityEngine.InputSystem.UI.InputSystemUIInputModule:Process()
UnityEngine.EventSystems.EventSystem:Update()

[900] Change Update Type = Room -> Dungeon
UnityEngine.Logger:Log(LogType, Object)
UnityEngine.Debug:Log(Object)
OHD.GameObjects.GameUpdateDelegator:Switch(TargetType, Boolean)
OHD.Dungeons.DungeonBase:LeaveRoom(ISceneInfo)
UnityEngine.AndroidJavaRunnable:Invoke()
OHD.UI.CraftRuneUIViewModel:RaiseOnCraftEvent()
OHD.UI.RewardReceiveUIViewController:OnClickConfirmButton()
UnityEngine.AndroidJavaRunnable:Invoke()
UnityEngine.Events.InvokableCall:Invoke()
UnityEngine.Events.UnityEvent:Invoke()
System.Xml.XmlNodeChangedEventHandler:Invoke(Object, XmlNodeChangedEventArgs)
UnityEngine.EventSystems.ExecuteEvents:Execute(GameObject, BaseEventData, EventFunction`1)
UnityEngine.InputSystem.UI.InputSystemUIInputModule:ProcessPointerButton(ButtonState&, PointerEventData)
UnityEngine.InputSystem.UI.InputSystemUIInputModule:ProcessPointer(PointerModel&)
UnityEngine.InputSystem.UI.InputSystemUIInputModule:Process()
UnityEngine.EventSystems.EventSystem:Update()

[995] Save Midway State. 0.047 s
UnityEngine.Logger:Log(LogType, Object)
UnityEngine.Debug:Log(Object)
OHD.Dungeons.HundrenDungeon:SaveMidwayState()
OHD.Dungeons.HundrenDungeon:OnEnterDungeonScene(SceneBase)
System.Action`1:Invoke(T)
SceneTransitInfo:RaiseOnLoadSuccess(SceneBase)
OHD.Scenes.<<CheckTransit>g__ProcessTransit|18_0>d:MoveNext()
UnityEngine.SetupCoroutine:InvokeMoveNext(IEnumerator, IntPtr)

[302] Enter Room [x:3 y:25]
UnityEngine.Logger:Log(LogType, Object)
UnityEngine.Debug:Log(Object)
OHD.Dungeons.DungeonBase:EnterRoom(Int32, Int32)
HundrenDungeonScene:OnClickCell(ChessCellObject)
System.Action`1:Invoke(T)
OHD.GameObjects.ChessGridObject:ProcessCheckHover()

[302] [Room : EventRoom] Init
UnityEngine.Logger:Log(LogType, Object)
UnityEngine.Debug:Log(Object)
OHD.Dungeons.DungeonRoomBase:Init()
OHD.Dungeons.DungeonBase:EnterRoom(Int32, Int32)
HundrenDungeonScene:OnClickCell(ChessCellObject)
System.Action`1:Invoke(T)
OHD.GameObjects.ChessGridObject:ProcessCheckHover()

[302] Change Update Type = Dungeon -> Room
UnityEngine.Logger:Log(LogType, Object)
UnityEngine.Debug:Log(Object)
OHD.GameObjects.GameUpdateDelegator:Switch(TargetType, Boolean)
OHD.Dungeons.DungeonBase:EnterRoom(Int32, Int32)
HundrenDungeonScene:OnClickCell(ChessCellObject)
System.Action`1:Invoke(T)
OHD.GameObjects.ChessGridObject:ProcessCheckHover()

[522] [Room : EventRoom] Enter
UnityEngine.Logger:Log(LogType, Object)
UnityEngine.Debug:Log(Object)
OHD.Dungeons.DungeonRoomBase:Enter(SceneBase)
System.Action`1:Invoke(T)
SceneTransitInfo:RaiseOnLoadSuccess(SceneBase)
OHD.Scenes.<<CheckTransit>g__ProcessTransit|18_0>d:MoveNext()
UnityEngine.SetupCoroutine:InvokeMoveNext(IEnumerator, IntPtr)

[371] Broadcast_SendStop
UnityEngine.Logger:Log(LogType, Object)
UnityEngine.Debug:Log(Object)
OHD.ThirdPartySupport.Lovenses.LovenseToy:Broadcast_SendStop(List`1)
OHD.Dungeons.PlotMachines.PlotMachine:DoPlotEnd()
OHD.Dungeons.PlotMachines.PlotCmd_PlotSignal_EndPlot:OnExecute()
OHD.Dungeons.PlotMachines.<ProcessExecute>d__38:MoveNext()
UnityEngine.SetupCoroutine:InvokeMoveNext(IEnumerator, IntPtr)

Main Camera: 3 camera overlays no longer exists and will be removed from the camera stack.
UnityEngine.Logger:Log(LogType, Object)
UnityEngine.Debug:LogWarning(Object)
UnityEngine.Rendering.Universal.UniversalAdditionalCameraData:UpdateCameraStack()
UnityEngine.Rendering.Universal.UniversalRenderPipeline:RenderCameraStack(ScriptableRenderContext, Camera)
UnityEngine.Rendering.Universal.UniversalRenderPipeline:Render(ScriptableRenderContext, Camera[])
UnityEngine.Rendering.RenderPipelineManager:DoRenderLoop_Internal(RenderPipelineAsset, IntPtr, List`1)

[873] Yeah
UnityEngine.Logger:Log(LogType, Object)
UnityEngine.Debug:LogError(Object)
OHD.UI.CardInstallSuffixUIViewController:OnClickInstallButton()
UnityEngine.AndroidJavaRunnable:Invoke()
UnityEngine.Events.InvokableCall:Invoke()
UnityEngine.Events.UnityEvent:Invoke()
System.Xml.XmlNodeChangedEventHandler:Invoke(Object, XmlNodeChangedEventArgs)
UnityEngine.EventSystems.ExecuteEvents:Execute(GameObject, BaseEventData, EventFunction`1)
UnityEngine.InputSystem.UI.InputSystemUIInputModule:ProcessPointerButton(ButtonState&, PointerEventData)
UnityEngine.InputSystem.UI.InputSystemUIInputModule:ProcessPointer(PointerModel&)
UnityEngine.InputSystem.UI.InputSystemUIInputModule:Process()
UnityEngine.EventSystems.EventSystem:Update()

[153] [Room : EventRoom] Leave
UnityEngine.Logger:Log(LogType, Object)
UnityEngine.Debug:Log(Object)
OHD.Dungeons.DungeonRoomBase:Leave()
OHD.Dungeons.DungeonBase:LeaveRoom(ISceneInfo)
UnityEngine.AndroidJavaRunnable:Invoke()
OHD.UI.CardInstallSuffixUIViewModel:TriggerInstalledEvt()
OHD.UI.CardInstallSuffixUIViewController:<OnClickInstallButton>b__38_0(List`1)
System.Action`1:Invoke(T)
OHD.UI.SelectCardUIViewModel:RaiseOnSelectEvent()
OHD.UI.SelectCardUIViewController:<OnCreate>b__20_2()
UnityEngine.AndroidJavaRunnable:Invoke()
UnityEngine.Events.InvokableCall:Invoke()
UnityEngine.Events.UnityEvent:Invoke()
System.Xml.XmlNodeChangedEventHandler:Invoke(Object, XmlNodeChangedEventArgs)
UnityEngine.EventSystems.ExecuteEvents:Execute(GameObject, BaseEventData, EventFunction`1)
UnityEngine.InputSystem.UI.InputSystemUIInputModule:ProcessPointerButton(ButtonState&, PointerEventData)
UnityEngine.InputSystem.UI.InputSystemUIInputModule:ProcessPointer(PointerModel&)
UnityEngine.InputSystem.UI.InputSystemUIInputModule:Process()
UnityEngine.EventSystems.EventSystem:Update()

[153] Change Update Type = Room -> Dungeon
UnityEngine.Logger:Log(LogType, Object)
UnityEngine.Debug:Log(Object)
OHD.GameObjects.GameUpdateDelegator:Switch(TargetType, Boolean)
OHD.Dungeons.DungeonBase:LeaveRoom(ISceneInfo)
UnityEngine.AndroidJavaRunnable:Invoke()
OHD.UI.CardInstallSuffixUIViewModel:TriggerInstalledEvt()
OHD.UI.CardInstallSuffixUIViewController:<OnClickInstallButton>b__38_0(List`1)
System.Action`1:Invoke(T)
OHD.UI.SelectCardUIViewModel:RaiseOnSelectEvent()
OHD.UI.SelectCardUIViewController:<OnCreate>b__20_2()
UnityEngine.AndroidJavaRunnable:Invoke()
UnityEngine.Events.InvokableCall:Invoke()
UnityEngine.Events.UnityEvent:Invoke()
System.Xml.XmlNodeChangedEventHandler:Invoke(Object, XmlNodeChangedEventArgs)
UnityEngine.EventSystems.ExecuteEvents:Execute(GameObject, BaseEventData, EventFunction`1)
UnityEngine.InputSystem.UI.InputSystemUIInputModule:ProcessPointerButton(ButtonState&, PointerEventData)
UnityEngine.InputSystem.UI.InputSystemUIInputModule:ProcessPointer(PointerModel&)
UnityEngine.InputSystem.UI.InputSystemUIInputModule:Process()
UnityEngine.EventSystems.EventSystem:Update()

[336] Save Midway State. 0.044 s
UnityEngine.Logger:Log(LogType, Object)
UnityEngine.Debug:Log(Object)
OHD.Dungeons.HundrenDungeon:SaveMidwayState()
OHD.Dungeons.HundrenDungeon:OnEnterDungeonScene(SceneBase)
System.Action`1:Invoke(T)
SceneTransitInfo:RaiseOnLoadSuccess(SceneBase)
OHD.Scenes.<<CheckTransit>g__ProcessTransit|18_0>d:MoveNext()
UnityEngine.SetupCoroutine:InvokeMoveNext(IEnumerator, IntPtr)

[67] Enter Room [x:4 y:26]
UnityEngine.Logger:Log(LogType, Object)
UnityEngine.Debug:Log(Object)
OHD.Dungeons.DungeonBase:EnterRoom(Int32, Int32)
HundrenDungeonScene:OnClickCell(ChessCellObject)
System.Action`1:Invoke(T)
OHD.GameObjects.ChessGridObject:ProcessCheckHover()

[67] [Room : BattleRoom] Init
UnityEngine.Logger:Log(LogType, Object)
UnityEngine.Debug:Log(Object)
OHD.Dungeons.DungeonRoomBase:Init()
OHD.Dungeons.DungeonBase:EnterRoom(Int32, Int32)
HundrenDungeonScene:OnClickCell(ChessCellObject)
System.Action`1:Invoke(T)
OHD.GameObjects.ChessGridObject:ProcessCheckHover()

[67] Change Update Type = Dungeon -> Room
UnityEngine.Logger:Log(LogType, Object)
UnityEngine.Debug:Log(Object)
OHD.GameObjects.GameUpdateDelegator:Switch(TargetType, Boolean)
OHD.Dungeons.DungeonBase:EnterRoom(Int32, Int32)
HundrenDungeonScene:OnClickCell(ChessCellObject)
System.Action`1:Invoke(T)
OHD.GameObjects.ChessGridObject:ProcessCheckHover()

Material Crystal Fire doesn't have _Stencil property
UnityEngine.Logger:Log(LogType, Object, Object)
UnityEngine.Debug:LogWarning(Object, Object)
UnityEngine.UI.StencilMaterial:LogWarningWhenNotInBatchmode(String, Object)
UnityEngine.UI.StencilMaterial:Add(Material, Int32, StencilOp, CompareFunction, ColorWriteMask, Int32, Int32)
UnityEngine.UI.MaskableGraphic:GetModifiedMaterial(Material)
UnityEngine.UI.Graphic:get_materialForRendering()
UnityEngine.UI.Graphic:UpdateMaterial()
UnityEngine.UI.Image:UpdateMaterial()
UnityEngine.UI.Graphic:Rebuild(CanvasUpdate)
UnityEngine.UI.CanvasUpdateRegistry:PerformUpdate()
Effekseer.EffekseerSoundPlayerStopAll:Invoke()
UnityEngine.UI.ScrollRect:SetNormalizedPosition(Single, Int32)
UnityEngine.UI.ScrollRect:set_normalizedPosition(Vector2)
OHD.UI.LayoutGroupCtrl`1:ResetScrollPos(Single, Single)
OHD.UI.LayoutGroupCtrl`1:Reload(IEnumerable`1, Action`2)
OHD.UI.BattlePowerListPanelUIView:OnViewModelChanged()
OHD.UI.UIView:TriggerStartAction()
OHD.UI.UIView:Awake()

[287] [Room : BattleRoom] Enter
UnityEngine.Logger:Log(LogType, Object)
UnityEngine.Debug:Log(Object)
OHD.Dungeons.DungeonRoomBase:Enter(SceneBase)
System.Action`1:Invoke(T)
SceneTransitInfo:RaiseOnLoadSuccess(SceneBase)
OHD.Scenes.<<CheckTransit>g__ProcessTransit|18_0>d:MoveNext()
UnityEngine.SetupCoroutine:InvokeMoveNext(IEnumerator, IntPtr)

[551] 當前回合 : 1
UnityEngine.Logger:Log(LogType, Object)
UnityEngine.Debug:Log(Object)
OHD.GameActions.<Process>d__2:MoveNext()
UnityEngine.SetupCoroutine:InvokeMoveNext(IEnumerator, IntPtr)

[233] Primitive Beastman Kill!
UnityEngine.Logger:Log(LogType, Object)
UnityEngine.Debug:Log(Object)
OHD.GameActions.<Process>d__6:MoveNext()
UnityEngine.SetupCoroutine:InvokeMoveNext(IEnumerator, IntPtr)

[497] [GA_General_Attack] Deal 23 DMG x 1  time.
UnityEngine.Logger:Log(LogType, Object)
UnityEngine.Debug:Log(Object)
OHD.Dungeons.Monster.PatternizedMonsterBase:GA_General_Attack(BattleCreature, ActionExecutionData)
OHD.Dungeons.Monster.Monster367:MA_RemoveShield_And_Attack(ActionExecutionData)
System.Func`2:Invoke(T)
OHD.Dungeons.Monster.ActionPattern:CreateAction(Int32)
OHD.Dungeons.Monster.ActionPatternExecutor:FlushNextAction()
OHD.Dungeons.Monster.PatternizedMonsterBase:OnExecuteOperation(BattleRoomPlayer)
OHD.Dungeons.Monster.<ExecuteOperation>d__65:MoveNext()
UnityEngine.SetupCoroutine:InvokeMoveNext(IEnumerator, IntPtr)

[905] 當前回合 : 2
UnityEngine.Logger:Log(LogType, Object)
UnityEngine.Debug:Log(Object)
OHD.GameActions.<Process>d__2:MoveNext()
UnityEngine.SetupCoroutine:InvokeMoveNext(IEnumerator, IntPtr)

[862] 當前回合 : 3
UnityEngine.Logger:Log(LogType, Object)
UnityEngine.Debug:Log(Object)
OHD.GameActions.<Process>d__2:MoveNext()
UnityEngine.SetupCoroutine:InvokeMoveNext(IEnumerator, IntPtr)

[748] Primitive Beastman Kill!
UnityEngine.Logger:Log(LogType, Object)
UnityEngine.Debug:Log(Object)
OHD.GameActions.<Process>d__6:MoveNext()
UnityEngine.SetupCoroutine:InvokeMoveNext(IEnumerator, IntPtr)

[248] [Room : BattleRoom] Leave
UnityEngine.Logger:Log(LogType, Object)
UnityEngine.Debug:Log(Object)
OHD.Dungeons.DungeonRoomBase:Leave()
OHD.Dungeons.DungeonBase:LeaveRoom(ISceneInfo)
UnityEngine.AndroidJavaRunnable:Invoke()
OHD.UI.CraftRuneUIViewModel:RaiseOnCraftEvent()
OHD.UI.RewardReceiveUIViewController:OnClickConfirmButton()
UnityEngine.AndroidJavaRunnable:Invoke()
UnityEngine.Events.InvokableCall:Invoke()
UnityEngine.Events.UnityEvent:Invoke()
System.Xml.XmlNodeChangedEventHandler:Invoke(Object, XmlNodeChangedEventArgs)
UnityEngine.EventSystems.ExecuteEvents:Execute(GameObject, BaseEventData, EventFunction`1)
UnityEngine.InputSystem.UI.InputSystemUIInputModule:ProcessPointerButton(ButtonState&, PointerEventData)
UnityEngine.InputSystem.UI.InputSystemUIInputModule:ProcessPointer(PointerModel&)
UnityEngine.InputSystem.UI.InputSystemUIInputModule:Process()
UnityEngine.EventSystems.EventSystem:Update()

[248] Change Update Type = Room -> Dungeon
UnityEngine.Logger:Log(LogType, Object)
UnityEngine.Debug:Log(Object)
OHD.GameObjects.GameUpdateDelegator:Switch(TargetType, Boolean)
OHD.Dungeons.DungeonBase:LeaveRoom(ISceneInfo)
UnityEngine.AndroidJavaRunnable:Invoke()
OHD.UI.CraftRuneUIViewModel:RaiseOnCraftEvent()
OHD.UI.RewardReceiveUIViewController:OnClickConfirmButton()
UnityEngine.AndroidJavaRunnable:Invoke()
UnityEngine.Events.InvokableCall:Invoke()
UnityEngine.Events.UnityEvent:Invoke()
System.Xml.XmlNodeChangedEventHandler:Invoke(Object, XmlNodeChangedEventArgs)
UnityEngine.EventSystems.ExecuteEvents:Execute(GameObject, BaseEventData, EventFunction`1)
UnityEngine.InputSystem.UI.InputSystemUIInputModule:ProcessPointerButton(ButtonState&, PointerEventData)
UnityEngine.InputSystem.UI.InputSystemUIInputModule:ProcessPointer(PointerModel&)
UnityEngine.InputSystem.UI.InputSystemUIInputModule:Process()
UnityEngine.EventSystems.EventSystem:Update()

[343] Save Midway State. 0.047 s
UnityEngine.Logger:Log(LogType, Object)
UnityEngine.Debug:Log(Object)
OHD.Dungeons.HundrenDungeon:SaveMidwayState()
OHD.Dungeons.HundrenDungeon:OnEnterDungeonScene(SceneBase)
System.Action`1:Invoke(T)
SceneTransitInfo:RaiseOnLoadSuccess(SceneBase)
OHD.Scenes.<<CheckTransit>g__ProcessTransit|18_0>d:MoveNext()
UnityEngine.SetupCoroutine:InvokeMoveNext(IEnumerator, IntPtr)

[587] Enter Room [x:4 y:27]
UnityEngine.Logger:Log(LogType, Object)
UnityEngine.Debug:Log(Object)
OHD.Dungeons.DungeonBase:EnterRoom(Int32, Int32)
HundrenDungeonScene:OnClickCell(ChessCellObject)
System.Action`1:Invoke(T)
OHD.GameObjects.ChessGridObject:ProcessCheckHover()

[587] [Room : BattleRoom] Init
UnityEngine.Logger:Log(LogType, Object)
UnityEngine.Debug:Log(Object)
OHD.Dungeons.DungeonRoomBase:Init()
OHD.Dungeons.DungeonBase:EnterRoom(Int32, Int32)
HundrenDungeonScene:OnClickCell(ChessCellObject)
System.Action`1:Invoke(T)
OHD.GameObjects.ChessGridObject:ProcessCheckHover()

[587] Change Update Type = Dungeon -> Room
UnityEngine.Logger:Log(LogType, Object)
UnityEngine.Debug:Log(Object)
OHD.GameObjects.GameUpdateDelegator:Switch(TargetType, Boolean)
OHD.Dungeons.DungeonBase:EnterRoom(Int32, Int32)
HundrenDungeonScene:OnClickCell(ChessCellObject)
System.Action`1:Invoke(T)
OHD.GameObjects.ChessGridObject:ProcessCheckHover()

Material Crystal Fire doesn't have _Stencil property
UnityEngine.Logger:Log(LogType, Object, Object)
UnityEngine.Debug:LogWarning(Object, Object)
UnityEngine.UI.StencilMaterial:LogWarningWhenNotInBatchmode(String, Object)
UnityEngine.UI.StencilMaterial:Add(Material, Int32, StencilOp, CompareFunction, ColorWriteMask, Int32, Int32)
UnityEngine.UI.MaskableGraphic:GetModifiedMaterial(Material)
UnityEngine.UI.Graphic:get_materialForRendering()
UnityEngine.UI.Graphic:UpdateMaterial()
UnityEngine.UI.Image:UpdateMaterial()
UnityEngine.UI.Graphic:Rebuild(CanvasUpdate)
UnityEngine.UI.CanvasUpdateRegistry:PerformUpdate()
Effekseer.EffekseerSoundPlayerStopAll:Invoke()
UnityEngine.UI.ScrollRect:SetNormalizedPosition(Single, Int32)
UnityEngine.UI.ScrollRect:set_normalizedPosition(Vector2)
OHD.UI.LayoutGroupCtrl`1:ResetScrollPos(Single, Single)
OHD.UI.LayoutGroupCtrl`1:Reload(IEnumerable`1, Action`2)
OHD.UI.BattlePowerListPanelUIView:OnViewModelChanged()
OHD.UI.UIView:TriggerStartAction()
OHD.UI.UIView:Awake()

[807] [Room : BattleRoom] Enter
UnityEngine.Logger:Log(LogType, Object)
UnityEngine.Debug:Log(Object)
OHD.Dungeons.DungeonRoomBase:Enter(SceneBase)
System.Action`1:Invoke(T)
SceneTransitInfo:RaiseOnLoadSuccess(SceneBase)
OHD.Scenes.<<CheckTransit>g__ProcessTransit|18_0>d:MoveNext()
UnityEngine.SetupCoroutine:InvokeMoveNext(IEnumerator, IntPtr)

[72] 當前回合 : 1
UnityEngine.Logger:Log(LogType, Object)
UnityEngine.Debug:Log(Object)
OHD.GameActions.<Process>d__2:MoveNext()
UnityEngine.SetupCoroutine:InvokeMoveNext(IEnumerator, IntPtr)

[468] Primitive Beastman Kill!
UnityEngine.Logger:Log(LogType, Object)
UnityEngine.Debug:Log(Object)
OHD.GameActions.<Process>d__6:MoveNext()
UnityEngine.SetupCoroutine:InvokeMoveNext(IEnumerator, IntPtr)

[62] 當前回合 : 2
UnityEngine.Logger:Log(LogType, Object)
UnityEngine.Debug:Log(Object)
OHD.GameActions.<Process>d__2:MoveNext()
UnityEngine.SetupCoroutine:InvokeMoveNext(IEnumerator, IntPtr)

[43] 當前回合 : 3
UnityEngine.Logger:Log(LogType, Object)
UnityEngine.Debug:Log(Object)
OHD.GameActions.<Process>d__2:MoveNext()
UnityEngine.SetupCoroutine:InvokeMoveNext(IEnumerator, IntPtr)

[701] Breath of Life Kill!
UnityEngine.Logger:Log(LogType, Object)
UnityEngine.Debug:Log(Object)
OHD.GameActions.<Process>d__6:MoveNext()
UnityEngine.SetupCoroutine:InvokeMoveNext(IEnumerator, IntPtr)

[203] [Room : BattleRoom] Leave
UnityEngine.Logger:Log(LogType, Object)
UnityEngine.Debug:Log(Object)
OHD.Dungeons.DungeonRoomBase:Leave()
OHD.Dungeons.DungeonBase:LeaveRoom(ISceneInfo)
UnityEngine.AndroidJavaRunnable:Invoke()
OHD.UI.CraftRuneUIViewModel:RaiseOnCraftEvent()
OHD.UI.RewardReceiveUIViewController:OnClickConfirmButton()
UnityEngine.AndroidJavaRunnable:Invoke()
UnityEngine.Events.InvokableCall:Invoke()
UnityEngine.Events.UnityEvent:Invoke()
System.Xml.XmlNodeChangedEventHandler:Invoke(Object, XmlNodeChangedEventArgs)
UnityEngine.EventSystems.ExecuteEvents:Execute(GameObject, BaseEventData, EventFunction`1)
UnityEngine.InputSystem.UI.InputSystemUIInputModule:ProcessPointerButton(ButtonState&, PointerEventData)
UnityEngine.InputSystem.UI.InputSystemUIInputModule:ProcessPointer(PointerModel&)
UnityEngine.InputSystem.UI.InputSystemUIInputModule:Process()
UnityEngine.EventSystems.EventSystem:Update()

[203] Change Update Type = Room -> Dungeon
UnityEngine.Logger:Log(LogType, Object)
UnityEngine.Debug:Log(Object)
OHD.GameObjects.GameUpdateDelegator:Switch(TargetType, Boolean)
OHD.Dungeons.DungeonBase:LeaveRoom(ISceneInfo)
UnityEngine.AndroidJavaRunnable:Invoke()
OHD.UI.CraftRuneUIViewModel:RaiseOnCraftEvent()
OHD.UI.RewardReceiveUIViewController:OnClickConfirmButton()
UnityEngine.AndroidJavaRunnable:Invoke()
UnityEngine.Events.InvokableCall:Invoke()
UnityEngine.Events.UnityEvent:Invoke()
System.Xml.XmlNodeChangedEventHandler:Invoke(Object, XmlNodeChangedEventArgs)
UnityEngine.EventSystems.ExecuteEvents:Execute(GameObject, BaseEventData, EventFunction`1)
UnityEngine.InputSystem.UI.InputSystemUIInputModule:ProcessPointerButton(ButtonState&, PointerEventData)
UnityEngine.InputSystem.UI.InputSystemUIInputModule:ProcessPointer(PointerModel&)
UnityEngine.InputSystem.UI.InputSystemUIInputModule:Process()
UnityEngine.EventSystems.EventSystem:Update()

[298] Save Midway State. 0.046 s
UnityEngine.Logger:Log(LogType, Object)
UnityEngine.Debug:Log(Object)
OHD.Dungeons.HundrenDungeon:SaveMidwayState()
OHD.Dungeons.HundrenDungeon:OnEnterDungeonScene(SceneBase)
System.Action`1:Invoke(T)
SceneTransitInfo:RaiseOnLoadSuccess(SceneBase)
OHD.Scenes.<<CheckTransit>g__ProcessTransit|18_0>d:MoveNext()
UnityEngine.SetupCoroutine:InvokeMoveNext(IEnumerator, IntPtr)

[537] Enter Room [x:4 y:28]
UnityEngine.Logger:Log(LogType, Object)
UnityEngine.Debug:Log(Object)
OHD.Dungeons.DungeonBase:EnterRoom(Int32, Int32)
HundrenDungeonScene:OnClickCell(ChessCellObject)
System.Action`1:Invoke(T)
OHD.GameObjects.ChessGridObject:ProcessCheckHover()

[537] [Room : HotSprintRoom] Init
UnityEngine.Logger:Log(LogType, Object)
UnityEngine.Debug:Log(Object)
OHD.Dungeons.DungeonRoomBase:Init()
OHD.Dungeons.DungeonBase:EnterRoom(Int32, Int32)
HundrenDungeonScene:OnClickCell(ChessCellObject)
System.Action`1:Invoke(T)
OHD.GameObjects.ChessGridObject:ProcessCheckHover()

[537] Change Update Type = Dungeon -> Room
UnityEngine.Logger:Log(LogType, Object)
UnityEngine.Debug:Log(Object)
OHD.GameObjects.GameUpdateDelegator:Switch(TargetType, Boolean)
OHD.Dungeons.DungeonBase:EnterRoom(Int32, Int32)
HundrenDungeonScene:OnClickCell(ChessCellObject)
System.Action`1:Invoke(T)
OHD.GameObjects.ChessGridObject:ProcessCheckHover()

[762] [Room : HotSprintRoom] Enter
UnityEngine.Logger:Log(LogType, Object)
UnityEngine.Debug:Log(Object)
OHD.Dungeons.DungeonRoomBase:Enter(SceneBase)
System.Action`1:Invoke(T)
SceneTransitInfo:RaiseOnLoadSuccess(SceneBase)
OHD.Scenes.<<CheckTransit>g__ProcessTransit|18_0>d:MoveNext()
UnityEngine.SetupCoroutine:InvokeMoveNext(IEnumerator, IntPtr)

[841] [Room : HotSprintRoom] Leave
UnityEngine.Logger:Log(LogType, Object)
UnityEngine.Debug:Log(Object)
OHD.Dungeons.DungeonRoomBase:Leave()
OHD.Dungeons.DungeonBase:LeaveRoom(ISceneInfo)
OHD.UI.<ProcessDungeonRest>d__12:MoveNext()
UnityEngine.SetupCoroutine:InvokeMoveNext(IEnumerator, IntPtr)

[841] Change Update Type = Room -> Dungeon
UnityEngine.Logger:Log(LogType, Object)
UnityEngine.Debug:Log(Object)
OHD.GameObjects.GameUpdateDelegator:Switch(TargetType, Boolean)
OHD.Dungeons.DungeonBase:LeaveRoom(ISceneInfo)
OHD.UI.<ProcessDungeonRest>d__12:MoveNext()
UnityEngine.SetupCoroutine:InvokeMoveNext(IEnumerator, IntPtr)

[24] Game User Saved
UnityEngine.Logger:Log(LogType, Object)
UnityEngine.Debug:Log(Object)
GameUser:Save()
GamePlayer:Save()
GamePlayer:AutoSave()
OHD.Dungeons.HundrenDungeon:SaveMidwayState()
OHD.Dungeons.HundrenDungeon:OnEnterDungeonScene(SceneBase)
System.Action`1:Invoke(T)
SceneTransitInfo:RaiseOnLoadSuccess(SceneBase)
OHD.Scenes.<<CheckTransit>g__ProcessTransit|18_0>d:MoveNext()
UnityEngine.SetupCoroutine:InvokeMoveNext(IEnumerator, IntPtr)

[24] Save Midway State. 0.050 s
UnityEngine.Logger:Log(LogType, Object)
UnityEngine.Debug:Log(Object)
OHD.Dungeons.HundrenDungeon:SaveMidwayState()
OHD.Dungeons.HundrenDungeon:OnEnterDungeonScene(SceneBase)
System.Action`1:Invoke(T)
SceneTransitInfo:RaiseOnLoadSuccess(SceneBase)
OHD.Scenes.<<CheckTransit>g__ProcessTransit|18_0>d:MoveNext()
UnityEngine.SetupCoroutine:InvokeMoveNext(IEnumerator, IntPtr)

[215] Enter Room [x:4 y:29]
UnityEngine.Logger:Log(LogType, Object)
UnityEngine.Debug:Log(Object)
OHD.Dungeons.DungeonBase:EnterRoom(Int32, Int32)
HundrenDungeonScene:OnClickCell(ChessCellObject)
System.Action`1:Invoke(T)
OHD.GameObjects.ChessGridObject:ProcessCheckHover()

[215] [Room : BattleRoom] Init
UnityEngine.Logger:Log(LogType, Object)
UnityEngine.Debug:Log(Object)
OHD.Dungeons.DungeonRoomBase:Init()
OHD.Dungeons.DungeonBase:EnterRoom(Int32, Int32)
HundrenDungeonScene:OnClickCell(ChessCellObject)
System.Action`1:Invoke(T)
OHD.GameObjects.ChessGridObject:ProcessCheckHover()

[215] Change Update Type = Dungeon -> Room
UnityEngine.Logger:Log(LogType, Object)
UnityEngine.Debug:Log(Object)
OHD.GameObjects.GameUpdateDelegator:Switch(TargetType, Boolean)
OHD.Dungeons.DungeonBase:EnterRoom(Int32, Int32)
HundrenDungeonScene:OnClickCell(ChessCellObject)
System.Action`1:Invoke(T)
OHD.GameObjects.ChessGridObject:ProcessCheckHover()

Material Crystal Fire doesn't have _Stencil property
UnityEngine.Logger:Log(LogType, Object, Object)
UnityEngine.Debug:LogWarning(Object, Object)
UnityEngine.UI.StencilMaterial:LogWarningWhenNotInBatchmode(String, Object)
UnityEngine.UI.StencilMaterial:Add(Material, Int32, StencilOp, CompareFunction, ColorWriteMask, Int32, Int32)
UnityEngine.UI.MaskableGraphic:GetModifiedMaterial(Material)
UnityEngine.UI.Graphic:get_materialForRendering()
UnityEngine.UI.Graphic:UpdateMaterial()
UnityEngine.UI.Image:UpdateMaterial()
UnityEngine.UI.Graphic:Rebuild(CanvasUpdate)
UnityEngine.UI.CanvasUpdateRegistry:PerformUpdate()
Effekseer.EffekseerSoundPlayerStopAll:Invoke()
UnityEngine.UI.ScrollRect:SetNormalizedPosition(Single, Int32)
UnityEngine.UI.ScrollRect:set_normalizedPosition(Vector2)
OHD.UI.LayoutGroupCtrl`1:ResetScrollPos(Single, Single)
OHD.UI.LayoutGroupCtrl`1:Reload(IEnumerable`1, Action`2)
OHD.UI.BattlePowerListPanelUIView:OnViewModelChanged()
OHD.UI.UIView:TriggerStartAction()
OHD.UI.UIView:Awake()

[436] [Room : BattleRoom] Enter
UnityEngine.Logger:Log(LogType, Object)
UnityEngine.Debug:Log(Object)
OHD.Dungeons.DungeonRoomBase:Enter(SceneBase)
System.Action`1:Invoke(T)
SceneTransitInfo:RaiseOnLoadSuccess(SceneBase)
OHD.Scenes.<<CheckTransit>g__ProcessTransit|18_0>d:MoveNext()
UnityEngine.SetupCoroutine:InvokeMoveNext(IEnumerator, IntPtr)

[84] Broadcast_SendStop
UnityEngine.Logger:Log(LogType, Object)
UnityEngine.Debug:Log(Object)
OHD.ThirdPartySupport.Lovenses.LovenseToy:Broadcast_SendStop(List`1)
OHD.Dungeons.PlotMachines.PlotMachine:DoPlotEnd()
OHD.Dungeons.PlotMachines.PlotCmd_PlotSignal_EndPlot:OnExecute()
OHD.Dungeons.PlotMachines.<ProcessExecute>d__38:MoveNext()
UnityEngine.SetupCoroutine:InvokeMoveNext(IEnumerator, IntPtr)

Main Camera: 3 camera overlays no longer exists and will be removed from the camera stack.
UnityEngine.Logger:Log(LogType, Object)
UnityEngine.Debug:LogWarning(Object)
UnityEngine.Rendering.Universal.UniversalAdditionalCameraData:UpdateCameraStack()
UnityEngine.Rendering.Universal.UniversalRenderPipeline:RenderCameraStack(ScriptableRenderContext, Camera)
UnityEngine.Rendering.Universal.UniversalRenderPipeline:Render(ScriptableRenderContext, Camera[])
UnityEngine.Rendering.RenderPipelineManager:DoRenderLoop_Internal(RenderPipelineAsset, IntPtr, List`1)

[179] 當前回合 : 1
UnityEngine.Logger:Log(LogType, Object)
UnityEngine.Debug:Log(Object)
OHD.GameActions.<Process>d__2:MoveNext()
UnityEngine.SetupCoroutine:InvokeMoveNext(IEnumerator, IntPtr)

Material 'AllySummonFire_top' with Shader 'Shader Graphs/ZeldaFire_Unlit' doesn't have a texture property '_MainTex'
UnityEngine.Material:get_mainTexture()
UnityEngine.UI.Image:get_mainTexture()
UnityEngine.UI.Graphic:UpdateMaterial()
UnityEngine.UI.Image:UpdateMaterial()
UnityEngine.UI.Graphic:Rebuild(CanvasUpdate)
UnityEngine.UI.CanvasUpdateRegistry:PerformUpdate()
Effekseer.EffekseerSoundPlayerStopAll:Invoke()

[ line 1926229080]

Material 'AllySummonFire_bottom' with Shader 'Shader Graphs/ZeldaFire_Unlit' doesn't have a texture property '_MainTex'
UnityEngine.Material:get_mainTexture()
UnityEngine.UI.Image:get_mainTexture()
UnityEngine.UI.Graphic:UpdateMaterial()
UnityEngine.UI.Image:UpdateMaterial()
UnityEngine.UI.Graphic:Rebuild(CanvasUpdate)
UnityEngine.UI.CanvasUpdateRegistry:PerformUpdate()
Effekseer.EffekseerSoundPlayerStopAll:Invoke()

[ line 1926229080]

[114] 當前回合 : 2
UnityEngine.Logger:Log(LogType, Object)
UnityEngine.Debug:Log(Object)
OHD.GameActions.<Process>d__2:MoveNext()
UnityEngine.SetupCoroutine:InvokeMoveNext(IEnumerator, IntPtr)

Material 'AllySummonFire_top' with Shader 'Shader Graphs/ZeldaFire_Unlit' doesn't have a texture property '_MainTex'
UnityEngine.Material:get_mainTexture()
UnityEngine.UI.Image:get_mainTexture()
UnityEngine.UI.Graphic:UpdateMaterial()
UnityEngine.UI.Image:UpdateMaterial()
UnityEngine.UI.Graphic:Rebuild(CanvasUpdate)
UnityEngine.UI.CanvasUpdateRegistry:PerformUpdate()
Effekseer.EffekseerSoundPlayerStopAll:Invoke()

[ line 1926229080]

Material 'AllySummonFire_bottom_reverse' with Shader 'Shader Graphs/ZeldaFire_Unlit' doesn't have a texture property '_MainTex'
UnityEngine.Material:get_mainTexture()
UnityEngine.UI.Image:get_mainTexture()
UnityEngine.UI.Graphic:UpdateMaterial()
UnityEngine.UI.Image:UpdateMaterial()
UnityEngine.UI.Graphic:Rebuild(CanvasUpdate)
UnityEngine.UI.CanvasUpdateRegistry:PerformUpdate()
Effekseer.EffekseerSoundPlayerStopAll:Invoke()

[ line 1926229080]

[885] [GA_General_Attack] Deal 48 DMG x 1  time.
UnityEngine.Logger:Log(LogType, Object)
UnityEngine.Debug:Log(Object)
OHD.Dungeons.Monster.PatternizedMonsterBase:GA_General_Attack(BattleCreature, ActionExecutionData)
OHD.Dungeons.Monster.Monster293:MA_Attack(ActionExecutionData)
System.Func`2:Invoke(T)
OHD.Dungeons.Monster.ActionPattern:CreateAction(Int32)
OHD.Dungeons.Monster.ActionPatternExecutor:FlushNextAction()
OHD.Dungeons.Monster.PatternizedMonsterBase:OnExecuteOperation(BattleRoomPlayer)
OHD.Dungeons.Monster.<ExecuteOperation>d__65:MoveNext()
UnityEngine.SetupCoroutine:InvokeMoveNext(IEnumerator, IntPtr)

[286] 當前回合 : 3
UnityEngine.Logger:Log(LogType, Object)
UnityEngine.Debug:Log(Object)
OHD.GameActions.<Process>d__2:MoveNext()
UnityEngine.SetupCoroutine:InvokeMoveNext(IEnumerator, IntPtr)

[877] TODO : lock controller input
UnityEngine.Logger:Log(LogType, Object)
UnityEngine.Debug:LogWarning(Object)
OHD.Dungeons.Monster.<ProcessSmokeEnterEffect>d__26:MoveNext()
UnityEngine.SetupCoroutine:InvokeMoveNext(IEnumerator, IntPtr)

[888] 當前回合 : 4
UnityEngine.Logger:Log(LogType, Object)
UnityEngine.Debug:Log(Object)
OHD.GameActions.<Process>d__2:MoveNext()
UnityEngine.SetupCoroutine:InvokeMoveNext(IEnumerator, IntPtr)

Material 'AllySummonFire_top' with Shader 'Shader Graphs/ZeldaFire_Unlit' doesn't have a texture property '_MainTex'
UnityEngine.Material:get_mainTexture()
UnityEngine.UI.Image:get_mainTexture()
UnityEngine.UI.Graphic:UpdateMaterial()
UnityEngine.UI.Image:UpdateMaterial()
UnityEngine.UI.Graphic:Rebuild(CanvasUpdate)
UnityEngine.UI.CanvasUpdateRegistry:PerformUpdate()
Effekseer.EffekseerSoundPlayerStopAll:Invoke()

[ line 1926229080]

Material 'AllySummonFire_bottom' with Shader 'Shader Graphs/ZeldaFire_Unlit' doesn't have a texture property '_MainTex'
UnityEngine.Material:get_mainTexture()
UnityEngine.UI.Image:get_mainTexture()
UnityEngine.UI.Graphic:UpdateMaterial()
UnityEngine.UI.Image:UpdateMaterial()
UnityEngine.UI.Graphic:Rebuild(CanvasUpdate)
UnityEngine.UI.CanvasUpdateRegistry:PerformUpdate()
Effekseer.EffekseerSoundPlayerStopAll:Invoke()

[ line 1926229080]

[120] Anim Handler is Changing from NoahMistAnimationHandler to SuccubusQueenAnimationHandler.
UnityEngine.Logger:Log(LogType, Object)
UnityEngine.Debug:Log(Object)
OHD.Dungeons.AnimationHandlerHolder:Use(T)
OHD.Dungeons.Monster.<ProcessMistGoneAndChangeRoom>d__27:MoveNext()
UnityEngine.SetupCoroutine:InvokeMoveNext(IEnumerator, IntPtr)

[297] [GA_General_Attack] Deal 44 DMG x 1  time.
UnityEngine.Logger:Log(LogType, Object)
UnityEngine.Debug:Log(Object)
OHD.Dungeons.Monster.PatternizedMonsterBase:GA_General_Attack(BattleCreature, ActionExecutionData)
OHD.Dungeons.Monster.PatternizedMonsterBase:MA_General_Attack(ActionExecutionData)
System.Func`2:Invoke(T)
OHD.Dungeons.Monster.ActionPattern:CreateAction(Int32)
OHD.Dungeons.Monster.ActionPatternExecutor:FlushNextAction()
OHD.Dungeons.Monster.PatternizedMonsterBase:OnExecuteOperation(BattleRoomPlayer)
OHD.Dungeons.Monster.<ExecuteOperation>d__65:MoveNext()
UnityEngine.SetupCoroutine:InvokeMoveNext(IEnumerator, IntPtr)

[645] 當前回合 : 5
UnityEngine.Logger:Log(LogType, Object)
UnityEngine.Debug:Log(Object)
OHD.GameActions.<Process>d__2:MoveNext()
UnityEngine.SetupCoroutine:InvokeMoveNext(IEnumerator, IntPtr)

Material 'AllySummonFire_top' with Shader 'Shader Graphs/ZeldaFire_Unlit' doesn't have a texture property '_MainTex'
UnityEngine.Material:get_mainTexture()
UnityEngine.UI.Image:get_mainTexture()
UnityEngine.UI.Graphic:UpdateMaterial()
UnityEngine.UI.Image:UpdateMaterial()
UnityEngine.UI.Graphic:Rebuild(CanvasUpdate)
UnityEngine.UI.CanvasUpdateRegistry:PerformUpdate()
Effekseer.EffekseerSoundPlayerStopAll:Invoke()

[ line 1926229080]

Material 'AllySummonFire_bottom_reverse' with Shader 'Shader Graphs/ZeldaFire_Unlit' doesn't have a texture property '_MainTex'
UnityEngine.Material:get_mainTexture()
UnityEngine.UI.Image:get_mainTexture()
UnityEngine.UI.Graphic:UpdateMaterial()
UnityEngine.UI.Image:UpdateMaterial()
UnityEngine.UI.Graphic:Rebuild(CanvasUpdate)
UnityEngine.UI.CanvasUpdateRegistry:PerformUpdate()
Effekseer.EffekseerSoundPlayerStopAll:Invoke()

[ line 1926229080]

[93] [GA_General_Attack] Deal 44 DMG x 1  time.
UnityEngine.Logger:Log(LogType, Object)
UnityEngine.Debug:Log(Object)
OHD.Dungeons.Monster.PatternizedMonsterBase:GA_General_Attack(BattleCreature, ActionExecutionData)
OHD.Dungeons.Monster.PatternizedMonsterBase:MA_General_Attack(ActionExecutionData)
System.Func`2:Invoke(T)
OHD.Dungeons.Monster.ActionPattern:CreateAction(Int32)
OHD.Dungeons.Monster.ActionPatternExecutor:FlushNextAction()
OHD.Dungeons.Monster.PatternizedMonsterBase:OnExecuteOperation(BattleRoomPlayer)
OHD.Dungeons.Monster.<ExecuteOperation>d__65:MoveNext()
UnityEngine.SetupCoroutine:InvokeMoveNext(IEnumerator, IntPtr)

[440] 當前回合 : 6
UnityEngine.Logger:Log(LogType, Object)
UnityEngine.Debug:Log(Object)
OHD.GameActions.<Process>d__2:MoveNext()
UnityEngine.SetupCoroutine:InvokeMoveNext(IEnumerator, IntPtr)

[644] [GA_General_Attack] Deal 44 DMG x 1  time.
UnityEngine.Logger:Log(LogType, Object)
UnityEngine.Debug:Log(Object)
OHD.Dungeons.Monster.PatternizedMonsterBase:GA_General_Attack(BattleCreature, ActionExecutionData)
OHD.Dungeons.Monster.PatternizedMonsterBase:MA_General_Attack(ActionExecutionData)
System.Func`2:Invoke(T)
OHD.Dungeons.Monster.ActionPattern:CreateAction(Int32)
OHD.Dungeons.Monster.ActionPatternExecutor:FlushNextAction()
OHD.Dungeons.Monster.PatternizedMonsterBase:OnExecuteOperation(BattleRoomPlayer)
OHD.Dungeons.Monster.<ExecuteOperation>d__65:MoveNext()
UnityEngine.SetupCoroutine:InvokeMoveNext(IEnumerator, IntPtr)

[127] 當前回合 : 7
UnityEngine.Logger:Log(LogType, Object)
UnityEngine.Debug:Log(Object)
OHD.GameActions.<Process>d__2:MoveNext()
UnityEngine.SetupCoroutine:InvokeMoveNext(IEnumerator, IntPtr)

[393] [GA_General_Attack] Deal 44 DMG x 1  time.
UnityEngine.Logger:Log(LogType, Object)
UnityEngine.Debug:Log(Object)
OHD.Dungeons.Monster.PatternizedMonsterBase:GA_General_Attack(BattleCreature, ActionExecutionData)
OHD.Dungeons.Monster.PatternizedMonsterBase:MA_General_Attack(ActionExecutionData)
System.Func`2:Invoke(T)
OHD.Dungeons.Monster.ActionPattern:CreateAction(Int32)
OHD.Dungeons.Monster.ActionPatternExecutor:FlushNextAction()
OHD.Dungeons.Monster.PatternizedMonsterBase:OnExecuteOperation(BattleRoomPlayer)
OHD.Dungeons.Monster.<ExecuteOperation>d__65:MoveNext()
UnityEngine.SetupCoroutine:InvokeMoveNext(IEnumerator, IntPtr)

[740] 當前回合 : 8
UnityEngine.Logger:Log(LogType, Object)
UnityEngine.Debug:Log(Object)
OHD.GameActions.<Process>d__2:MoveNext()
UnityEngine.SetupCoroutine:InvokeMoveNext(IEnumerator, IntPtr)

[586] [GA_General_Attack] Deal 44 DMG x 1  time.
UnityEngine.Logger:Log(LogType, Object)
UnityEngine.Debug:Log(Object)
OHD.Dungeons.Monster.PatternizedMonsterBase:GA_General_Attack(BattleCreature, ActionExecutionData)
OHD.Dungeons.Monster.PatternizedMonsterBase:MA_General_Attack(ActionExecutionData)
System.Func`2:Invoke(T)
OHD.Dungeons.Monster.ActionPattern:CreateAction(Int32)
OHD.Dungeons.Monster.ActionPatternExecutor:FlushNextAction()
OHD.Dungeons.Monster.PatternizedMonsterBase:OnExecuteOperation(BattleRoomPlayer)
OHD.Dungeons.Monster.<ExecuteOperation>d__65:MoveNext()
UnityEngine.SetupCoroutine:InvokeMoveNext(IEnumerator, IntPtr)

[933] 當前回合 : 9
UnityEngine.Logger:Log(LogType, Object)
UnityEngine.Debug:Log(Object)
OHD.GameActions.<Process>d__2:MoveNext()
UnityEngine.SetupCoroutine:InvokeMoveNext(IEnumerator, IntPtr)

[523] [GA_General_Attack] Deal 44 DMG x 1  time.
UnityEngine.Logger:Log(LogType, Object)
UnityEngine.Debug:Log(Object)
OHD.Dungeons.Monster.PatternizedMonsterBase:GA_General_Attack(BattleCreature, ActionExecutionData)
OHD.Dungeons.Monster.PatternizedMonsterBase:MA_General_Attack(ActionExecutionData)
System.Func`2:Invoke(T)
OHD.Dungeons.Monster.ActionPattern:CreateAction(Int32)
OHD.Dungeons.Monster.ActionPatternExecutor:FlushNextAction()
OHD.Dungeons.Monster.PatternizedMonsterBase:OnExecuteOperation(BattleRoomPlayer)
OHD.Dungeons.Monster.<ExecuteOperation>d__65:MoveNext()
UnityEngine.SetupCoroutine:InvokeMoveNext(IEnumerator, IntPtr)

[6] 當前回合 : 10
UnityEngine.Logger:Log(LogType, Object)
UnityEngine.Debug:Log(Object)
OHD.GameActions.<Process>d__2:MoveNext()
UnityEngine.SetupCoroutine:InvokeMoveNext(IEnumerator, IntPtr)

[599] [GA_General_Attack] Deal 44 DMG x 1  time.
UnityEngine.Logger:Log(LogType, Object)
UnityEngine.Debug:Log(Object)
OHD.Dungeons.Monster.PatternizedMonsterBase:GA_General_Attack(BattleCreature, ActionExecutionData)
OHD.Dungeons.Monster.PatternizedMonsterBase:MA_General_Attack(ActionExecutionData)
System.Func`2:Invoke(T)
OHD.Dungeons.Monster.ActionPattern:CreateAction(Int32)
OHD.Dungeons.Monster.ActionPatternExecutor:FlushNextAction()
OHD.Dungeons.Monster.PatternizedMonsterBase:OnExecuteOperation(BattleRoomPlayer)
OHD.Dungeons.Monster.<ExecuteOperation>d__65:MoveNext()
UnityEngine.SetupCoroutine:InvokeMoveNext(IEnumerator, IntPtr)

[946] 當前回合 : 11
UnityEngine.Logger:Log(LogType, Object)
UnityEngine.Debug:Log(Object)
OHD.GameActions.<Process>d__2:MoveNext()
UnityEngine.SetupCoroutine:InvokeMoveNext(IEnumerator, IntPtr)

[23] [GA_General_Attack] Deal 44 DMG x 1  time.
UnityEngine.Logger:Log(LogType, Object)
UnityEngine.Debug:Log(Object)
OHD.Dungeons.Monster.PatternizedMonsterBase:GA_General_Attack(BattleCreature, ActionExecutionData)
OHD.Dungeons.Monster.PatternizedMonsterBase:MA_General_Attack(ActionExecutionData)
System.Func`2:Invoke(T)
OHD.Dungeons.Monster.ActionPattern:CreateAction(Int32)
OHD.Dungeons.Monster.ActionPatternExecutor:FlushNextAction()
OHD.Dungeons.Monster.PatternizedMonsterBase:OnExecuteOperation(BattleRoomPlayer)
OHD.Dungeons.Monster.<ExecuteOperation>d__65:MoveNext()
UnityEngine.SetupCoroutine:InvokeMoveNext(IEnumerator, IntPtr)

Main Camera: 1 camera overlay no longer exists and will be removed from the camera stack.
UnityEngine.Logger:Log(LogType, Object)
UnityEngine.Debug:LogWarning(Object)
UnityEngine.Rendering.Universal.UniversalAdditionalCameraData:UpdateCameraStack()
UnityEngine.Rendering.Universal.UniversalRenderPipeline:RenderCameraStack(ScriptableRenderContext, Camera)
UnityEngine.Rendering.Universal.UniversalRenderPipeline:Render(ScriptableRenderContext, Camera[])
UnityEngine.Rendering.RenderPipelineManager:DoRenderLoop_Internal(RenderPipelineAsset, IntPtr, List`1)

[830] 當前回合 : 12
UnityEngine.Logger:Log(LogType, Object)
UnityEngine.Debug:Log(Object)
OHD.GameActions.<Process>d__2:MoveNext()
UnityEngine.SetupCoroutine:InvokeMoveNext(IEnumerator, IntPtr)

[951] 當前回合 : 13
UnityEngine.Logger:Log(LogType, Object)
UnityEngine.Debug:Log(Object)
OHD.GameActions.<Process>d__2:MoveNext()
UnityEngine.SetupCoroutine:InvokeMoveNext(IEnumerator, IntPtr)

[726] [GA_General_Attack] Deal 48 DMG x 1  time.
UnityEngine.Logger:Log(LogType, Object)
UnityEngine.Debug:Log(Object)
OHD.Dungeons.Monster.PatternizedMonsterBase:GA_General_Attack(BattleCreature, ActionExecutionData)
OHD.Dungeons.Monster.Monster293:MA_Attack(ActionExecutionData)
System.Func`2:Invoke(T)
OHD.Dungeons.Monster.ActionPattern:CreateAction(Int32)
OHD.Dungeons.Monster.ActionPatternExecutor:FlushNextAction()
OHD.Dungeons.Monster.PatternizedMonsterBase:OnExecuteOperation(BattleRoomPlayer)
OHD.Dungeons.Monster.<ExecuteOperation>d__65:MoveNext()
UnityEngine.SetupCoroutine:InvokeMoveNext(IEnumerator, IntPtr)

[69] 當前回合 : 14
UnityEngine.Logger:Log(LogType, Object)
UnityEngine.Debug:Log(Object)
OHD.GameActions.<Process>d__2:MoveNext()
UnityEngine.SetupCoroutine:InvokeMoveNext(IEnumerator, IntPtr)

Material 'AllySummonFire_top' with Shader 'Shader Graphs/ZeldaFire_Unlit' doesn't have a texture property '_MainTex'
UnityEngine.Material:get_mainTexture()
UnityEngine.UI.Image:get_mainTexture()
UnityEngine.UI.Graphic:UpdateMaterial()
UnityEngine.UI.Image:UpdateMaterial()
UnityEngine.UI.Graphic:Rebuild(CanvasUpdate)
UnityEngine.UI.CanvasUpdateRegistry:PerformUpdate()
Effekseer.EffekseerSoundPlayerStopAll:Invoke()

[ line 1926229080]

Material 'AllySummonFire_bottom_reverse' with Shader 'Shader Graphs/ZeldaFire_Unlit' doesn't have a texture property '_MainTex'
UnityEngine.Material:get_mainTexture()
UnityEngine.UI.Image:get_mainTexture()
UnityEngine.UI.Graphic:UpdateMaterial()
UnityEngine.UI.Image:UpdateMaterial()
UnityEngine.UI.Graphic:Rebuild(CanvasUpdate)
UnityEngine.UI.CanvasUpdateRegistry:PerformUpdate()
Effekseer.EffekseerSoundPlayerStopAll:Invoke()

[ line 1926229080]

[669] 當前回合 : 15
UnityEngine.Logger:Log(LogType, Object)
UnityEngine.Debug:Log(Object)
OHD.GameActions.<Process>d__2:MoveNext()
UnityEngine.SetupCoroutine:InvokeMoveNext(IEnumerator, IntPtr)

[439] [GA_General_Attack] Deal 48 DMG x 1  time.
UnityEngine.Logger:Log(LogType, Object)
UnityEngine.Debug:Log(Object)
OHD.Dungeons.Monster.PatternizedMonsterBase:GA_General_Attack(BattleCreature, ActionExecutionData)
OHD.Dungeons.Monster.Monster293:MA_Attack(ActionExecutionData)
System.Func`2:Invoke(T)
OHD.Dungeons.Monster.ActionPattern:CreateAction(Int32)
OHD.Dungeons.Monster.ActionPatternExecutor:FlushNextAction()
OHD.Dungeons.Monster.PatternizedMonsterBase:OnExecuteOperation(BattleRoomPlayer)
OHD.Dungeons.Monster.<ExecuteOperation>d__65:MoveNext()
UnityEngine.SetupCoroutine:InvokeMoveNext(IEnumerator, IntPtr)

[886] 當前回合 : 16
UnityEngine.Logger:Log(LogType, Object)
UnityEngine.Debug:Log(Object)
OHD.GameActions.<Process>d__2:MoveNext()
UnityEngine.SetupCoroutine:InvokeMoveNext(IEnumerator, IntPtr)

[891] 當前回合 : 17
UnityEngine.Logger:Log(LogType, Object)
UnityEngine.Debug:Log(Object)
OHD.GameActions.<Process>d__2:MoveNext()
UnityEngine.SetupCoroutine:InvokeMoveNext(IEnumerator, IntPtr)

Material 'AllySummonFire_top' with Shader 'Shader Graphs/ZeldaFire_Unlit' doesn't have a texture property '_MainTex'
UnityEngine.Material:get_mainTexture()
UnityEngine.UI.Image:get_mainTexture()
UnityEngine.UI.Graphic:UpdateMaterial()
UnityEngine.UI.Image:UpdateMaterial()
UnityEngine.UI.Graphic:Rebuild(CanvasUpdate)
UnityEngine.UI.CanvasUpdateRegistry:PerformUpdate()
Effekseer.EffekseerSoundPlayerStopAll:Invoke()

[ line 1926229080]

Material 'AllySummonFire_bottom_reverse' with Shader 'Shader Graphs/ZeldaFire_Unlit' doesn't have a texture property '_MainTex'
UnityEngine.Material:get_mainTexture()
UnityEngine.UI.Image:get_mainTexture()
UnityEngine.UI.Graphic:UpdateMaterial()
UnityEngine.UI.Image:UpdateMaterial()
UnityEngine.UI.Graphic:Rebuild(CanvasUpdate)
UnityEngine.UI.CanvasUpdateRegistry:PerformUpdate()
Effekseer.EffekseerSoundPlayerStopAll:Invoke()

[ line 1926229080]

[485] [GA_General_Attack] Deal 48 DMG x 1  time.
UnityEngine.Logger:Log(LogType, Object)
UnityEngine.Debug:Log(Object)
OHD.Dungeons.Monster.PatternizedMonsterBase:GA_General_Attack(BattleCreature, ActionExecutionData)
OHD.Dungeons.Monster.Monster293:MA_Attack(ActionExecutionData)
System.Func`2:Invoke(T)
OHD.Dungeons.Monster.ActionPattern:CreateAction(Int32)
OHD.Dungeons.Monster.ActionPatternExecutor:FlushNextAction()
OHD.Dungeons.Monster.PatternizedMonsterBase:OnExecuteOperation(BattleRoomPlayer)
OHD.Dungeons.Monster.<ExecuteOperation>d__65:MoveNext()
UnityEngine.SetupCoroutine:InvokeMoveNext(IEnumerator, IntPtr)

[931] 當前回合 : 18
UnityEngine.Logger:Log(LogType, Object)
UnityEngine.Debug:Log(Object)
OHD.GameActions.<Process>d__2:MoveNext()
UnityEngine.SetupCoroutine:InvokeMoveNext(IEnumerator, IntPtr)

[897] Time Prison Kill!
UnityEngine.Logger:Log(LogType, Object)
UnityEngine.Debug:Log(Object)
OHD.GameActions.<Process>d__6:MoveNext()
UnityEngine.SetupCoroutine:InvokeMoveNext(IEnumerator, IntPtr)

[903] 當前回合 : 19
UnityEngine.Logger:Log(LogType, Object)
UnityEngine.Debug:Log(Object)
OHD.GameActions.<Process>d__2:MoveNext()
UnityEngine.SetupCoroutine:InvokeMoveNext(IEnumerator, IntPtr)

[704] TODO : lock controller input
UnityEngine.Logger:Log(LogType, Object)
UnityEngine.Debug:LogWarning(Object)
OHD.Dungeons.Monster.<ProcessSmokeEnterEffect>d__26:MoveNext()
UnityEngine.SetupCoroutine:InvokeMoveNext(IEnumerator, IntPtr)

[715] 當前回合 : 20
UnityEngine.Logger:Log(LogType, Object)
UnityEngine.Debug:Log(Object)
OHD.GameActions.<Process>d__2:MoveNext()
UnityEngine.SetupCoroutine:InvokeMoveNext(IEnumerator, IntPtr)

Material 'AllySummonFire_top' with Shader 'Shader Graphs/ZeldaFire_Unlit' doesn't have a texture property '_MainTex'
UnityEngine.Material:get_mainTexture()
UnityEngine.UI.Image:get_mainTexture()
UnityEngine.UI.Graphic:UpdateMaterial()
UnityEngine.UI.Image:UpdateMaterial()
UnityEngine.UI.Graphic:Rebuild(CanvasUpdate)
UnityEngine.UI.CanvasUpdateRegistry:PerformUpdate()
Effekseer.EffekseerSoundPlayerStopAll:Invoke()

[ line 1926229080]

Material 'AllySummonFire_bottom' with Shader 'Shader Graphs/ZeldaFire_Unlit' doesn't have a texture property '_MainTex'
UnityEngine.Material:get_mainTexture()
UnityEngine.UI.Image:get_mainTexture()
UnityEngine.UI.Graphic:UpdateMaterial()
UnityEngine.UI.Image:UpdateMaterial()
UnityEngine.UI.Graphic:Rebuild(CanvasUpdate)
UnityEngine.UI.CanvasUpdateRegistry:PerformUpdate()
Effekseer.EffekseerSoundPlayerStopAll:Invoke()

[ line 1926229080]

[731] Anim Handler is Changing from NoahMistAnimationHandler to VampireAnimationHandler.
UnityEngine.Logger:Log(LogType, Object)
UnityEngine.Debug:Log(Object)
OHD.Dungeons.AnimationHandlerHolder:Use(T)
OHD.Dungeons.Monster.<ProcessMistGoneAndChangeRoom>d__27:MoveNext()
UnityEngine.SetupCoroutine:InvokeMoveNext(IEnumerator, IntPtr)

[916] [GA_General_Attack] Deal 40 DMG x 1  time.
UnityEngine.Logger:Log(LogType, Object)
UnityEngine.Debug:Log(Object)
OHD.Dungeons.Monster.PatternizedMonsterBase:GA_General_Attack(BattleCreature, ActionExecutionData)
OHD.Dungeons.Monster.PatternizedMonsterBase:MA_General_Attack(ActionExecutionData)
System.Func`2:Invoke(T)
OHD.Dungeons.Monster.ActionPattern:CreateAction(Int32)
OHD.Dungeons.Monster.ActionPatternExecutor:FlushNextAction()
OHD.Dungeons.Monster.PatternizedMonsterBase:OnExecuteOperation(BattleRoomPlayer)
OHD.Dungeons.Monster.<ExecuteOperation>d__65:MoveNext()
UnityEngine.SetupCoroutine:InvokeMoveNext(IEnumerator, IntPtr)

[164] 當前回合 : 21
UnityEngine.Logger:Log(LogType, Object)
UnityEngine.Debug:Log(Object)
OHD.GameActions.<Process>d__2:MoveNext()
UnityEngine.SetupCoroutine:InvokeMoveNext(IEnumerator, IntPtr)

Material 'AllySummonFire_top' with Shader 'Shader Graphs/ZeldaFire_Unlit' doesn't have a texture property '_MainTex'
UnityEngine.Material:get_mainTexture()
UnityEngine.UI.Image:get_mainTexture()
UnityEngine.UI.Graphic:UpdateMaterial()
UnityEngine.UI.Image:UpdateMaterial()
UnityEngine.UI.Graphic:Rebuild(CanvasUpdate)
UnityEngine.UI.CanvasUpdateRegistry:PerformUpdate()
Effekseer.EffekseerSoundPlayerStopAll:Invoke()

[ line 1926229080]

Material 'AllySummonFire_bottom_reverse' with Shader 'Shader Graphs/ZeldaFire_Unlit' doesn't have a texture property '_MainTex'
UnityEngine.Material:get_mainTexture()
UnityEngine.UI.Image:get_mainTexture()
UnityEngine.UI.Graphic:UpdateMaterial()
UnityEngine.UI.Image:UpdateMaterial()
UnityEngine.UI.Graphic:Rebuild(CanvasUpdate)
UnityEngine.UI.CanvasUpdateRegistry:PerformUpdate()
Effekseer.EffekseerSoundPlayerStopAll:Invoke()

[ line 1926229080]

[693] [GA_General_Attack] Deal 40 DMG x 1  time.
UnityEngine.Logger:Log(LogType, Object)
UnityEngine.Debug:Log(Object)
OHD.Dungeons.Monster.PatternizedMonsterBase:GA_General_Attack(BattleCreature, ActionExecutionData)
OHD.Dungeons.Monster.PatternizedMonsterBase:MA_General_Attack(ActionExecutionData)
System.Func`2:Invoke(T)
OHD.Dungeons.Monster.ActionPattern:CreateAction(Int32)
OHD.Dungeons.Monster.ActionPatternExecutor:FlushNextAction()
OHD.Dungeons.Monster.PatternizedMonsterBase:OnExecuteOperation(BattleRoomPlayer)
OHD.Dungeons.Monster.<ExecuteOperation>d__65:MoveNext()
UnityEngine.SetupCoroutine:InvokeMoveNext(IEnumerator, IntPtr)

[941] 當前回合 : 22
UnityEngine.Logger:Log(LogType, Object)
UnityEngine.Debug:Log(Object)
OHD.GameActions.<Process>d__2:MoveNext()
UnityEngine.SetupCoroutine:InvokeMoveNext(IEnumerator, IntPtr)

[74] [GA_General_Attack] Deal 40 DMG x 1  time.
UnityEngine.Logger:Log(LogType, Object)
UnityEngine.Debug:Log(Object)
OHD.Dungeons.Monster.PatternizedMonsterBase:GA_General_Attack(BattleCreature, ActionExecutionData)
OHD.Dungeons.Monster.PatternizedMonsterBase:MA_General_Attack(ActionExecutionData)
System.Func`2:Invoke(T)
OHD.Dungeons.Monster.ActionPattern:CreateAction(Int32)
OHD.Dungeons.Monster.ActionPatternExecutor:FlushNextAction()
OHD.Dungeons.Monster.PatternizedMonsterBase:OnExecuteOperation(BattleRoomPlayer)
OHD.Dungeons.Monster.<ExecuteOperation>d__65:MoveNext()
UnityEngine.SetupCoroutine:InvokeMoveNext(IEnumerator, IntPtr)

[322] 當前回合 : 23
UnityEngine.Logger:Log(LogType, Object)
UnityEngine.Debug:Log(Object)
OHD.GameActions.<Process>d__2:MoveNext()
UnityEngine.SetupCoroutine:InvokeMoveNext(IEnumerator, IntPtr)

[10] [GA_General_Attack] Deal 40 DMG x 1  time.
UnityEngine.Logger:Log(LogType, Object)
UnityEngine.Debug:Log(Object)
OHD.Dungeons.Monster.PatternizedMonsterBase:GA_General_Attack(BattleCreature, ActionExecutionData)
OHD.Dungeons.Monster.PatternizedMonsterBase:MA_General_Attack(ActionExecutionData)
System.Func`2:Invoke(T)
OHD.Dungeons.Monster.ActionPattern:CreateAction(Int32)
OHD.Dungeons.Monster.ActionPatternExecutor:FlushNextAction()
OHD.Dungeons.Monster.PatternizedMonsterBase:OnExecuteOperation(BattleRoomPlayer)
OHD.Dungeons.Monster.<ExecuteOperation>d__65:MoveNext()
UnityEngine.SetupCoroutine:InvokeMoveNext(IEnumerator, IntPtr)

[394] 當前回合 : 24
UnityEngine.Logger:Log(LogType, Object)
UnityEngine.Debug:Log(Object)
OHD.GameActions.<Process>d__2:MoveNext()
UnityEngine.SetupCoroutine:InvokeMoveNext(IEnumerator, IntPtr)

[379] [GA_General_Attack] Deal 40 DMG x 1  time.
UnityEngine.Logger:Log(LogType, Object)
UnityEngine.Debug:Log(Object)
OHD.Dungeons.Monster.PatternizedMonsterBase:GA_General_Attack(BattleCreature, ActionExecutionData)
OHD.Dungeons.Monster.PatternizedMonsterBase:MA_General_Attack(ActionExecutionData)
System.Func`2:Invoke(T)
OHD.Dungeons.Monster.ActionPattern:CreateAction(Int32)
OHD.Dungeons.Monster.ActionPatternExecutor:FlushNextAction()
OHD.Dungeons.Monster.PatternizedMonsterBase:OnExecuteOperation(BattleRoomPlayer)
OHD.Dungeons.Monster.<ExecuteOperation>d__65:MoveNext()
UnityEngine.SetupCoroutine:InvokeMoveNext(IEnumerator, IntPtr)

[628] 當前回合 : 25
UnityEngine.Logger:Log(LogType, Object)
UnityEngine.Debug:Log(Object)
OHD.GameActions.<Process>d__2:MoveNext()
UnityEngine.SetupCoroutine:InvokeMoveNext(IEnumerator, IntPtr)

[192] [GA_General_Attack] Deal 40 DMG x 1  time.
UnityEngine.Logger:Log(LogType, Object)
UnityEngine.Debug:Log(Object)
OHD.Dungeons.Monster.PatternizedMonsterBase:GA_General_Attack(BattleCreature, ActionExecutionData)
OHD.Dungeons.Monster.PatternizedMonsterBase:MA_General_Attack(ActionExecutionData)
System.Func`2:Invoke(T)
OHD.Dungeons.Monster.ActionPattern:CreateAction(Int32)
OHD.Dungeons.Monster.ActionPatternExecutor:FlushNextAction()
OHD.Dungeons.Monster.PatternizedMonsterBase:OnExecuteOperation(BattleRoomPlayer)
OHD.Dungeons.Monster.<ExecuteOperation>d__65:MoveNext()
UnityEngine.SetupCoroutine:InvokeMoveNext(IEnumerator, IntPtr)

[441] 當前回合 : 26
UnityEngine.Logger:Log(LogType, Object)
UnityEngine.Debug:Log(Object)
OHD.GameActions.<Process>d__2:MoveNext()
UnityEngine.SetupCoroutine:InvokeMoveNext(IEnumerator, IntPtr)

[494] [GA_General_Attack] Deal 40 DMG x 1  time.
UnityEngine.Logger:Log(LogType, Object)
UnityEngine.Debug:Log(Object)
OHD.Dungeons.Monster.PatternizedMonsterBase:GA_General_Attack(BattleCreature, ActionExecutionData)
OHD.Dungeons.Monster.PatternizedMonsterBase:MA_General_Attack(ActionExecutionData)
System.Func`2:Invoke(T)
OHD.Dungeons.Monster.ActionPattern:CreateAction(Int32)
OHD.Dungeons.Monster.ActionPatternExecutor:FlushNextAction()
OHD.Dungeons.Monster.PatternizedMonsterBase:OnExecuteOperation(BattleRoomPlayer)
OHD.Dungeons.Monster.<ExecuteOperation>d__65:MoveNext()
UnityEngine.SetupCoroutine:InvokeMoveNext(IEnumerator, IntPtr)

[742] 當前回合 : 27
UnityEngine.Logger:Log(LogType, Object)
UnityEngine.Debug:Log(Object)
OHD.GameActions.<Process>d__2:MoveNext()
UnityEngine.SetupCoroutine:InvokeMoveNext(IEnumerator, IntPtr)

[599] [GA_General_Attack] Deal 40 DMG x 1  time.
UnityEngine.Logger:Log(LogType, Object)
UnityEngine.Debug:Log(Object)
OHD.Dungeons.Monster.PatternizedMonsterBase:GA_General_Attack(BattleCreature, ActionExecutionData)
OHD.Dungeons.Monster.PatternizedMonsterBase:MA_General_Attack(ActionExecutionData)
System.Func`2:Invoke(T)
OHD.Dungeons.Monster.ActionPattern:CreateAction(Int32)
OHD.Dungeons.Monster.ActionPatternExecutor:FlushNextAction()
OHD.Dungeons.Monster.PatternizedMonsterBase:OnExecuteOperation(BattleRoomPlayer)
OHD.Dungeons.Monster.<ExecuteOperation>d__65:MoveNext()
UnityEngine.SetupCoroutine:InvokeMoveNext(IEnumerator, IntPtr)

[847] 當前回合 : 28
UnityEngine.Logger:Log(LogType, Object)
UnityEngine.Debug:Log(Object)
OHD.GameActions.<Process>d__2:MoveNext()
UnityEngine.SetupCoroutine:InvokeMoveNext(IEnumerator, IntPtr)

[638] [GA_General_Attack] Deal 40 DMG x 1  time.
UnityEngine.Logger:Log(LogType, Object)
UnityEngine.Debug:Log(Object)
OHD.Dungeons.Monster.PatternizedMonsterBase:GA_General_Attack(BattleCreature, ActionExecutionData)
OHD.Dungeons.Monster.PatternizedMonsterBase:MA_General_Attack(ActionExecutionData)
System.Func`2:Invoke(T)
OHD.Dungeons.Monster.ActionPattern:CreateAction(Int32)
OHD.Dungeons.Monster.ActionPatternExecutor:FlushNextAction()
OHD.Dungeons.Monster.PatternizedMonsterBase:OnExecuteOperation(BattleRoomPlayer)
OHD.Dungeons.Monster.<ExecuteOperation>d__65:MoveNext()
UnityEngine.SetupCoroutine:InvokeMoveNext(IEnumerator, IntPtr)

[886] 當前回合 : 29
UnityEngine.Logger:Log(LogType, Object)
UnityEngine.Debug:Log(Object)
OHD.GameActions.<Process>d__2:MoveNext()
UnityEngine.SetupCoroutine:InvokeMoveNext(IEnumerator, IntPtr)

[181] [GA_General_Attack] Deal 40 DMG x 1  time.
UnityEngine.Logger:Log(LogType, Object)
UnityEngine.Debug:Log(Object)
OHD.Dungeons.Monster.PatternizedMonsterBase:GA_General_Attack(BattleCreature, ActionExecutionData)
OHD.Dungeons.Monster.PatternizedMonsterBase:MA_General_Attack(ActionExecutionData)
System.Func`2:Invoke(T)
OHD.Dungeons.Monster.ActionPattern:CreateAction(Int32)
OHD.Dungeons.Monster.ActionPatternExecutor:FlushNextAction()
OHD.Dungeons.Monster.PatternizedMonsterBase:OnExecuteOperation(BattleRoomPlayer)
OHD.Dungeons.Monster.<ExecuteOperation>d__65:MoveNext()
UnityEngine.SetupCoroutine:InvokeMoveNext(IEnumerator, IntPtr)

[565] 當前回合 : 30
UnityEngine.Logger:Log(LogType, Object)
UnityEngine.Debug:Log(Object)
OHD.GameActions.<Process>d__2:MoveNext()
UnityEngine.SetupCoroutine:InvokeMoveNext(IEnumerator, IntPtr)

[986] [GA_General_Attack] Deal 40 DMG x 1  time.
UnityEngine.Logger:Log(LogType, Object)
UnityEngine.Debug:Log(Object)
OHD.Dungeons.Monster.PatternizedMonsterBase:GA_General_Attack(BattleCreature, ActionExecutionData)
OHD.Dungeons.Monster.PatternizedMonsterBase:MA_General_Attack(ActionExecutionData)
System.Func`2:Invoke(T)
OHD.Dungeons.Monster.ActionPattern:CreateAction(Int32)
OHD.Dungeons.Monster.ActionPatternExecutor:FlushNextAction()
OHD.Dungeons.Monster.PatternizedMonsterBase:OnExecuteOperation(BattleRoomPlayer)
OHD.Dungeons.Monster.<ExecuteOperation>d__65:MoveNext()
UnityEngine.SetupCoroutine:InvokeMoveNext(IEnumerator, IntPtr)

[234] 當前回合 : 31
UnityEngine.Logger:Log(LogType, Object)
UnityEngine.Debug:Log(Object)
OHD.GameActions.<Process>d__2:MoveNext()
UnityEngine.SetupCoroutine:InvokeMoveNext(IEnumerator, IntPtr)

[842] [GA_General_Attack] Deal 40 DMG x 1  time.
UnityEngine.Logger:Log(LogType, Object)
UnityEngine.Debug:Log(Object)
OHD.Dungeons.Monster.PatternizedMonsterBase:GA_General_Attack(BattleCreature, ActionExecutionData)
OHD.Dungeons.Monster.PatternizedMonsterBase:MA_General_Attack(ActionExecutionData)
System.Func`2:Invoke(T)
OHD.Dungeons.Monster.ActionPattern:CreateAction(Int32)
OHD.Dungeons.Monster.ActionPatternExecutor:FlushNextAction()
OHD.Dungeons.Monster.PatternizedMonsterBase:OnExecuteOperation(BattleRoomPlayer)
OHD.Dungeons.Monster.<ExecuteOperation>d__65:MoveNext()
UnityEngine.SetupCoroutine:InvokeMoveNext(IEnumerator, IntPtr)

Main Camera: 1 camera overlay no longer exists and will be removed from the camera stack.
UnityEngine.Logger:Log(LogType, Object)
UnityEngine.Debug:LogWarning(Object)
UnityEngine.Rendering.Universal.UniversalAdditionalCameraData:UpdateCameraStack()
UnityEngine.Rendering.Universal.UniversalRenderPipeline:RenderCameraStack(ScriptableRenderContext, Camera)
UnityEngine.Rendering.Universal.UniversalRenderPipeline:Render(ScriptableRenderContext, Camera[])
UnityEngine.Rendering.RenderPipelineManager:DoRenderLoop_Internal(RenderPipelineAsset, IntPtr, List`1)

[692] 當前回合 : 32
UnityEngine.Logger:Log(LogType, Object)
UnityEngine.Debug:Log(Object)
OHD.GameActions.<Process>d__2:MoveNext()
UnityEngine.SetupCoroutine:InvokeMoveNext(IEnumerator, IntPtr)

[97] 當前回合 : 33
UnityEngine.Logger:Log(LogType, Object)
UnityEngine.Debug:Log(Object)
OHD.GameActions.<Process>d__2:MoveNext()
UnityEngine.SetupCoroutine:InvokeMoveNext(IEnumerator, IntPtr)

[446] [GA_General_Attack] Deal 48 DMG x 1  time.
UnityEngine.Logger:Log(LogType, Object)
UnityEngine.Debug:Log(Object)
OHD.Dungeons.Monster.PatternizedMonsterBase:GA_General_Attack(BattleCreature, ActionExecutionData)
OHD.Dungeons.Monster.Monster293:MA_Attack(ActionExecutionData)
System.Func`2:Invoke(T)
OHD.Dungeons.Monster.ActionPattern:CreateAction(Int32)
OHD.Dungeons.Monster.ActionPatternExecutor:FlushNextAction()
OHD.Dungeons.Monster.PatternizedMonsterBase:OnExecuteOperation(BattleRoomPlayer)
OHD.Dungeons.Monster.<ExecuteOperation>d__65:MoveNext()
UnityEngine.SetupCoroutine:InvokeMoveNext(IEnumerator, IntPtr)

[845] 當前回合 : 34
UnityEngine.Logger:Log(LogType, Object)
UnityEngine.Debug:Log(Object)
OHD.GameActions.<Process>d__2:MoveNext()
UnityEngine.SetupCoroutine:InvokeMoveNext(IEnumerator, IntPtr)

[166] 當前回合 : 35
UnityEngine.Logger:Log(LogType, Object)
UnityEngine.Debug:Log(Object)
OHD.GameActions.<Process>d__2:MoveNext()
UnityEngine.SetupCoroutine:InvokeMoveNext(IEnumerator, IntPtr)

[80] [GA_General_Attack] Deal 48 DMG x 1  time.
UnityEngine.Logger:Log(LogType, Object)
UnityEngine.Debug:Log(Object)
OHD.Dungeons.Monster.PatternizedMonsterBase:GA_General_Attack(BattleCreature, ActionExecutionData)
OHD.Dungeons.Monster.Monster293:MA_Attack(ActionExecutionData)
System.Func`2:Invoke(T)
OHD.Dungeons.Monster.ActionPattern:CreateAction(Int32)
OHD.Dungeons.Monster.ActionPatternExecutor:FlushNextAction()
OHD.Dungeons.Monster.PatternizedMonsterBase:OnExecuteOperation(BattleRoomPlayer)
OHD.Dungeons.Monster.<ExecuteOperation>d__65:MoveNext()
UnityEngine.SetupCoroutine:InvokeMoveNext(IEnumerator, IntPtr)

[526] 當前回合 : 36
UnityEngine.Logger:Log(LogType, Object)
UnityEngine.Debug:Log(Object)
OHD.GameActions.<Process>d__2:MoveNext()
UnityEngine.SetupCoroutine:InvokeMoveNext(IEnumerator, IntPtr)

[314] TODO : lock controller input
UnityEngine.Logger:Log(LogType, Object)
UnityEngine.Debug:LogWarning(Object)
OHD.Dungeons.Monster.<ProcessSmokeEnterEffect>d__26:MoveNext()
UnityEngine.SetupCoroutine:InvokeMoveNext(IEnumerator, IntPtr)

[327] 當前回合 : 37
UnityEngine.Logger:Log(LogType, Object)
UnityEngine.Debug:Log(Object)
OHD.GameActions.<Process>d__2:MoveNext()
UnityEngine.SetupCoroutine:InvokeMoveNext(IEnumerator, IntPtr)

Material 'AllySummonFire_top' with Shader 'Shader Graphs/ZeldaFire_Unlit' doesn't have a texture property '_MainTex'
UnityEngine.Material:get_mainTexture()
UnityEngine.UI.Image:get_mainTexture()
UnityEngine.UI.Graphic:UpdateMaterial()
UnityEngine.UI.Image:UpdateMaterial()
UnityEngine.UI.Graphic:Rebuild(CanvasUpdate)
UnityEngine.UI.CanvasUpdateRegistry:PerformUpdate()
Effekseer.EffekseerSoundPlayerStopAll:Invoke()

[ line 1926229080]

Material 'AllySummonFire_bottom' with Shader 'Shader Graphs/ZeldaFire_Unlit' doesn't have a texture property '_MainTex'
UnityEngine.Material:get_mainTexture()
UnityEngine.UI.Image:get_mainTexture()
UnityEngine.UI.Graphic:UpdateMaterial()
UnityEngine.UI.Image:UpdateMaterial()
UnityEngine.UI.Graphic:Rebuild(CanvasUpdate)
UnityEngine.UI.CanvasUpdateRegistry:PerformUpdate()
Effekseer.EffekseerSoundPlayerStopAll:Invoke()

[ line 1926229080]

[896] Anim Handler is Changing from NoahMistAnimationHandler to PamelaAnimatorHandler.
UnityEngine.Logger:Log(LogType, Object)
UnityEngine.Debug:Log(Object)
OHD.Dungeons.AnimationHandlerHolder:Use(T)
OHD.Dungeons.Monster.<ProcessMistGoneAndChangeRoom>d__27:MoveNext()
UnityEngine.SetupCoroutine:InvokeMoveNext(IEnumerator, IntPtr)

[164] [GA_General_Attack] Deal 25 DMG x 1  time.
UnityEngine.Logger:Log(LogType, Object)
UnityEngine.Debug:Log(Object)
OHD.Dungeons.Monster.PatternizedMonsterBase:GA_General_Attack(BattleCreature, ActionExecutionData)
OHD.Dungeons.Monster.PatternizedMonsterBase:MA_General_Attack(ActionExecutionData)
System.Func`2:Invoke(T)
OHD.Dungeons.Monster.ActionPattern:CreateAction(Int32)
OHD.Dungeons.Monster.ActionPatternExecutor:FlushNextAction()
OHD.Dungeons.Monster.PatternizedMonsterBase:OnExecuteOperation(BattleRoomPlayer)
OHD.Dungeons.Monster.<ExecuteOperation>d__65:MoveNext()
UnityEngine.SetupCoroutine:InvokeMoveNext(IEnumerator, IntPtr)

[394] 當前回合 : 38
UnityEngine.Logger:Log(LogType, Object)
UnityEngine.Debug:Log(Object)
OHD.GameActions.<Process>d__2:MoveNext()
UnityEngine.SetupCoroutine:InvokeMoveNext(IEnumerator, IntPtr)

Material 'AllySummonFire_top' with Shader 'Shader Graphs/ZeldaFire_Unlit' doesn't have a texture property '_MainTex'
UnityEngine.Material:get_mainTexture()
UnityEngine.UI.Image:get_mainTexture()
UnityEngine.UI.Graphic:UpdateMaterial()
UnityEngine.UI.Image:UpdateMaterial()
UnityEngine.UI.Graphic:Rebuild(CanvasUpdate)
UnityEngine.UI.CanvasUpdateRegistry:PerformUpdate()
Effekseer.EffekseerSoundPlayerStopAll:Invoke()

[ line 1926229080]

Material 'AllySummonFire_bottom_reverse' with Shader 'Shader Graphs/ZeldaFire_Unlit' doesn't have a texture property '_MainTex'
UnityEngine.Material:get_mainTexture()
UnityEngine.UI.Image:get_mainTexture()
UnityEngine.UI.Graphic:UpdateMaterial()
UnityEngine.UI.Image:UpdateMaterial()
UnityEngine.UI.Graphic:Rebuild(CanvasUpdate)
UnityEngine.UI.CanvasUpdateRegistry:PerformUpdate()
Effekseer.EffekseerSoundPlayerStopAll:Invoke()

[ line 1926229080]

Material 'AllySummonFire_top' with Shader 'Shader Graphs/ZeldaFire_Unlit' doesn't have a texture property '_MainTex'
UnityEngine.Material:get_mainTexture()
UnityEngine.UI.Image:get_mainTexture()
UnityEngine.UI.Graphic:UpdateMaterial()
UnityEngine.UI.Image:UpdateMaterial()
UnityEngine.UI.Graphic:Rebuild(CanvasUpdate)
UnityEngine.UI.CanvasUpdateRegistry:PerformUpdate()
Effekseer.EffekseerSoundPlayerStopAll:Invoke()

[ line 1926229080]

Material 'AllySummonFire_bottom_reverse' with Shader 'Shader Graphs/ZeldaFire_Unlit' doesn't have a texture property '_MainTex'
UnityEngine.Material:get_mainTexture()
UnityEngine.UI.Image:get_mainTexture()
UnityEngine.UI.Graphic:UpdateMaterial()
UnityEngine.UI.Image:UpdateMaterial()
UnityEngine.UI.Graphic:Rebuild(CanvasUpdate)
UnityEngine.UI.CanvasUpdateRegistry:PerformUpdate()
Effekseer.EffekseerSoundPlayerStopAll:Invoke()

[ line 1926229080]

[495] [GA_General_Attack] Deal 25 DMG x 1  time.
UnityEngine.Logger:Log(LogType, Object)
UnityEngine.Debug:Log(Object)
OHD.Dungeons.Monster.PatternizedMonsterBase:GA_General_Attack(BattleCreature, ActionExecutionData)
OHD.Dungeons.Monster.PatternizedMonsterBase:MA_General_Attack(ActionExecutionData)
System.Func`2:Invoke(T)
OHD.Dungeons.Monster.ActionPattern:CreateAction(Int32)
OHD.Dungeons.Monster.ActionPatternExecutor:FlushNextAction()
OHD.Dungeons.Monster.PatternizedMonsterBase:OnExecuteOperation(BattleRoomPlayer)
OHD.Dungeons.Monster.<ExecuteOperation>d__65:MoveNext()
UnityEngine.SetupCoroutine:InvokeMoveNext(IEnumerator, IntPtr)

[726] 當前回合 : 39
UnityEngine.Logger:Log(LogType, Object)
UnityEngine.Debug:Log(Object)
OHD.GameActions.<Process>d__2:MoveNext()
UnityEngine.SetupCoroutine:InvokeMoveNext(IEnumerator, IntPtr)

[21] [GA_General_Attack] Deal 25 DMG x 1  time.
UnityEngine.Logger:Log(LogType, Object)
UnityEngine.Debug:Log(Object)
OHD.Dungeons.Monster.PatternizedMonsterBase:GA_General_Attack(BattleCreature, ActionExecutionData)
OHD.Dungeons.Monster.PatternizedMonsterBase:MA_General_Attack(ActionExecutionData)
System.Func`2:Invoke(T)
OHD.Dungeons.Monster.ActionPattern:CreateAction(Int32)
OHD.Dungeons.Monster.ActionPatternExecutor:FlushNextAction()
OHD.Dungeons.Monster.PatternizedMonsterBase:OnExecuteOperation(BattleRoomPlayer)
OHD.Dungeons.Monster.<ExecuteOperation>d__65:MoveNext()
UnityEngine.SetupCoroutine:InvokeMoveNext(IEnumerator, IntPtr)

[252] 當前回合 : 40
UnityEngine.Logger:Log(LogType, Object)
UnityEngine.Debug:Log(Object)
OHD.GameActions.<Process>d__2:MoveNext()
UnityEngine.SetupCoroutine:InvokeMoveNext(IEnumerator, IntPtr)

[190] [GA_General_Attack] Deal 25 DMG x 1  time.
UnityEngine.Logger:Log(LogType, Object)
UnityEngine.Debug:Log(Object)
OHD.Dungeons.Monster.PatternizedMonsterBase:GA_General_Attack(BattleCreature, ActionExecutionData)
OHD.Dungeons.Monster.PatternizedMonsterBase:MA_General_Attack(ActionExecutionData)
System.Func`2:Invoke(T)
OHD.Dungeons.Monster.ActionPattern:CreateAction(Int32)
OHD.Dungeons.Monster.ActionPatternExecutor:FlushNextAction()
OHD.Dungeons.Monster.PatternizedMonsterBase:OnExecuteOperation(BattleRoomPlayer)
OHD.Dungeons.Monster.<ExecuteOperation>d__65:MoveNext()
UnityEngine.SetupCoroutine:InvokeMoveNext(IEnumerator, IntPtr)

[421] 當前回合 : 41
UnityEngine.Logger:Log(LogType, Object)
UnityEngine.Debug:Log(Object)
OHD.GameActions.<Process>d__2:MoveNext()
UnityEngine.SetupCoroutine:InvokeMoveNext(IEnumerator, IntPtr)

[922] [GA_General_Attack] Deal 25 DMG x 1  time.
UnityEngine.Logger:Log(LogType, Object)
UnityEngine.Debug:Log(Object)
OHD.Dungeons.Monster.PatternizedMonsterBase:GA_General_Attack(BattleCreature, ActionExecutionData)
OHD.Dungeons.Monster.PatternizedMonsterBase:MA_General_Attack(ActionExecutionData)
System.Func`2:Invoke(T)
OHD.Dungeons.Monster.ActionPattern:CreateAction(Int32)
OHD.Dungeons.Monster.ActionPatternExecutor:FlushNextAction()
OHD.Dungeons.Monster.PatternizedMonsterBase:OnExecuteOperation(BattleRoomPlayer)
OHD.Dungeons.Monster.<ExecuteOperation>d__65:MoveNext()
UnityEngine.SetupCoroutine:InvokeMoveNext(IEnumerator, IntPtr)

[152] 當前回合 : 42
UnityEngine.Logger:Log(LogType, Object)
UnityEngine.Debug:Log(Object)
OHD.GameActions.<Process>d__2:MoveNext()
UnityEngine.SetupCoroutine:InvokeMoveNext(IEnumerator, IntPtr)

[251] [GA_General_Attack] Deal 25 DMG x 1  time.
UnityEngine.Logger:Log(LogType, Object)
UnityEngine.Debug:Log(Object)
OHD.Dungeons.Monster.PatternizedMonsterBase:GA_General_Attack(BattleCreature, ActionExecutionData)
OHD.Dungeons.Monster.PatternizedMonsterBase:MA_General_Attack(ActionExecutionData)
System.Func`2:Invoke(T)
OHD.Dungeons.Monster.ActionPattern:CreateAction(Int32)
OHD.Dungeons.Monster.ActionPatternExecutor:FlushNextAction()
OHD.Dungeons.Monster.PatternizedMonsterBase:OnExecuteOperation(BattleRoomPlayer)
OHD.Dungeons.Monster.<ExecuteOperation>d__65:MoveNext()
UnityEngine.SetupCoroutine:InvokeMoveNext(IEnumerator, IntPtr)

[481] 當前回合 : 43
UnityEngine.Logger:Log(LogType, Object)
UnityEngine.Debug:Log(Object)
OHD.GameActions.<Process>d__2:MoveNext()
UnityEngine.SetupCoroutine:InvokeMoveNext(IEnumerator, IntPtr)

[154] [GA_General_Attack] Deal 25 DMG x 1  time.
UnityEngine.Logger:Log(LogType, Object)
UnityEngine.Debug:Log(Object)
OHD.Dungeons.Monster.PatternizedMonsterBase:GA_General_Attack(BattleCreature, ActionExecutionData)
OHD.Dungeons.Monster.PatternizedMonsterBase:MA_General_Attack(ActionExecutionData)
System.Func`2:Invoke(T)
OHD.Dungeons.Monster.ActionPattern:CreateAction(Int32)
OHD.Dungeons.Monster.ActionPatternExecutor:FlushNextAction()
OHD.Dungeons.Monster.PatternizedMonsterBase:OnExecuteOperation(BattleRoomPlayer)
OHD.Dungeons.Monster.<ExecuteOperation>d__65:MoveNext()
UnityEngine.SetupCoroutine:InvokeMoveNext(IEnumerator, IntPtr)

[384] 當前回合 : 44
UnityEngine.Logger:Log(LogType, Object)
UnityEngine.Debug:Log(Object)
OHD.GameActions.<Process>d__2:MoveNext()
UnityEngine.SetupCoroutine:InvokeMoveNext(IEnumerator, IntPtr)

[360] [GA_General_Attack] Deal 25 DMG x 1  time.
UnityEngine.Logger:Log(LogType, Object)
UnityEngine.Debug:Log(Object)
OHD.Dungeons.Monster.PatternizedMonsterBase:GA_General_Attack(BattleCreature, ActionExecutionData)
OHD.Dungeons.Monster.PatternizedMonsterBase:MA_General_Attack(ActionExecutionData)
System.Func`2:Invoke(T)
OHD.Dungeons.Monster.ActionPattern:CreateAction(Int32)
OHD.Dungeons.Monster.ActionPatternExecutor:FlushNextAction()
OHD.Dungeons.Monster.PatternizedMonsterBase:OnExecuteOperation(BattleRoomPlayer)
OHD.Dungeons.Monster.<ExecuteOperation>d__65:MoveNext()
UnityEngine.SetupCoroutine:InvokeMoveNext(IEnumerator, IntPtr)

[590] 當前回合 : 45
UnityEngine.Logger:Log(LogType, Object)
UnityEngine.Debug:Log(Object)
OHD.GameActions.<Process>d__2:MoveNext()
UnityEngine.SetupCoroutine:InvokeMoveNext(IEnumerator, IntPtr)

[130] [GA_General_Attack] Deal 25 DMG x 1  time.
UnityEngine.Logger:Log(LogType, Object)
UnityEngine.Debug:Log(Object)
OHD.Dungeons.Monster.PatternizedMonsterBase:GA_General_Attack(BattleCreature, ActionExecutionData)
OHD.Dungeons.Monster.PatternizedMonsterBase:MA_General_Attack(ActionExecutionData)
System.Func`2:Invoke(T)
OHD.Dungeons.Monster.ActionPattern:CreateAction(Int32)
OHD.Dungeons.Monster.ActionPatternExecutor:FlushNextAction()
OHD.Dungeons.Monster.PatternizedMonsterBase:OnExecuteOperation(BattleRoomPlayer)
OHD.Dungeons.Monster.<ExecuteOperation>d__65:MoveNext()
UnityEngine.SetupCoroutine:InvokeMoveNext(IEnumerator, IntPtr)

[360] 當前回合 : 46
UnityEngine.Logger:Log(LogType, Object)
UnityEngine.Debug:Log(Object)
OHD.GameActions.<Process>d__2:MoveNext()
UnityEngine.SetupCoroutine:InvokeMoveNext(IEnumerator, IntPtr)

[922] [GA_General_Attack] Deal 25 DMG x 1  time.
UnityEngine.Logger:Log(LogType, Object)
UnityEngine.Debug:Log(Object)
OHD.Dungeons.Monster.PatternizedMonsterBase:GA_General_Attack(BattleCreature, ActionExecutionData)
OHD.Dungeons.Monster.PatternizedMonsterBase:MA_General_Attack(ActionExecutionData)
System.Func`2:Invoke(T)
OHD.Dungeons.Monster.ActionPattern:CreateAction(Int32)
OHD.Dungeons.Monster.ActionPatternExecutor:FlushNextAction()
OHD.Dungeons.Monster.PatternizedMonsterBase:OnExecuteOperation(BattleRoomPlayer)
OHD.Dungeons.Monster.<ExecuteOperation>d__65:MoveNext()
UnityEngine.SetupCoroutine:InvokeMoveNext(IEnumerator, IntPtr)

[288] 當前回合 : 47
UnityEngine.Logger:Log(LogType, Object)
UnityEngine.Debug:Log(Object)
OHD.GameActions.<Process>d__2:MoveNext()
UnityEngine.SetupCoroutine:InvokeMoveNext(IEnumerator, IntPtr)

[857] [GA_General_Attack] Deal 25 DMG x 1  time.
UnityEngine.Logger:Log(LogType, Object)
UnityEngine.Debug:Log(Object)
OHD.Dungeons.Monster.PatternizedMonsterBase:GA_General_Attack(BattleCreature, ActionExecutionData)
OHD.Dungeons.Monster.PatternizedMonsterBase:MA_General_Attack(ActionExecutionData)
System.Func`2:Invoke(T)
OHD.Dungeons.Monster.ActionPattern:CreateAction(Int32)
OHD.Dungeons.Monster.ActionPatternExecutor:FlushNextAction()
OHD.Dungeons.Monster.PatternizedMonsterBase:OnExecuteOperation(BattleRoomPlayer)
OHD.Dungeons.Monster.<ExecuteOperation>d__65:MoveNext()
UnityEngine.SetupCoroutine:InvokeMoveNext(IEnumerator, IntPtr)

[87] 當前回合 : 48
UnityEngine.Logger:Log(LogType, Object)
UnityEngine.Debug:Log(Object)
OHD.GameActions.<Process>d__2:MoveNext()
UnityEngine.SetupCoroutine:InvokeMoveNext(IEnumerator, IntPtr)

[561] [GA_General_Attack] Deal 25 DMG x 1  time.
UnityEngine.Logger:Log(LogType, Object)
UnityEngine.Debug:Log(Object)
OHD.Dungeons.Monster.PatternizedMonsterBase:GA_General_Attack(BattleCreature, ActionExecutionData)
OHD.Dungeons.Monster.PatternizedMonsterBase:MA_General_Attack(ActionExecutionData)
System.Func`2:Invoke(T)
OHD.Dungeons.Monster.ActionPattern:CreateAction(Int32)
OHD.Dungeons.Monster.ActionPatternExecutor:FlushNextAction()
OHD.Dungeons.Monster.PatternizedMonsterBase:OnExecuteOperation(BattleRoomPlayer)
OHD.Dungeons.Monster.<ExecuteOperation>d__65:MoveNext()
UnityEngine.SetupCoroutine:InvokeMoveNext(IEnumerator, IntPtr)

[791] 當前回合 : 49
UnityEngine.Logger:Log(LogType, Object)
UnityEngine.Debug:Log(Object)
OHD.GameActions.<Process>d__2:MoveNext()
UnityEngine.SetupCoroutine:InvokeMoveNext(IEnumerator, IntPtr)

[230] [GA_General_Attack] Deal 25 DMG x 1  time.
UnityEngine.Logger:Log(LogType, Object)
UnityEngine.Debug:Log(Object)
OHD.Dungeons.Monster.PatternizedMonsterBase:GA_General_Attack(BattleCreature, ActionExecutionData)
OHD.Dungeons.Monster.PatternizedMonsterBase:MA_General_Attack(ActionExecutionData)
System.Func`2:Invoke(T)
OHD.Dungeons.Monster.ActionPattern:CreateAction(Int32)
OHD.Dungeons.Monster.ActionPatternExecutor:FlushNextAction()
OHD.Dungeons.Monster.PatternizedMonsterBase:OnExecuteOperation(BattleRoomPlayer)
OHD.Dungeons.Monster.<ExecuteOperation>d__65:MoveNext()
UnityEngine.SetupCoroutine:InvokeMoveNext(IEnumerator, IntPtr)

[461] 當前回合 : 50
UnityEngine.Logger:Log(LogType, Object)
UnityEngine.Debug:Log(Object)
OHD.GameActions.<Process>d__2:MoveNext()
UnityEngine.SetupCoroutine:InvokeMoveNext(IEnumerator, IntPtr)

[898] [GA_General_Attack] Deal 25 DMG x 1  time.
UnityEngine.Logger:Log(LogType, Object)
UnityEngine.Debug:Log(Object)
OHD.Dungeons.Monster.PatternizedMonsterBase:GA_General_Attack(BattleCreature, ActionExecutionData)
OHD.Dungeons.Monster.PatternizedMonsterBase:MA_General_Attack(ActionExecutionData)
System.Func`2:Invoke(T)
OHD.Dungeons.Monster.ActionPattern:CreateAction(Int32)
OHD.Dungeons.Monster.ActionPatternExecutor:FlushNextAction()
OHD.Dungeons.Monster.PatternizedMonsterBase:OnExecuteOperation(BattleRoomPlayer)
OHD.Dungeons.Monster.<ExecuteOperation>d__65:MoveNext()
UnityEngine.SetupCoroutine:InvokeMoveNext(IEnumerator, IntPtr)

[128] 當前回合 : 51
UnityEngine.Logger:Log(LogType, Object)
UnityEngine.Debug:Log(Object)
OHD.GameActions.<Process>d__2:MoveNext()
UnityEngine.SetupCoroutine:InvokeMoveNext(IEnumerator, IntPtr)

[503] [GA_General_Attack] Deal 25 DMG x 1  time.
UnityEngine.Logger:Log(LogType, Object)
UnityEngine.Debug:Log(Object)
OHD.Dungeons.Monster.PatternizedMonsterBase:GA_General_Attack(BattleCreature, ActionExecutionData)
OHD.Dungeons.Monster.PatternizedMonsterBase:MA_General_Attack(ActionExecutionData)
System.Func`2:Invoke(T)
OHD.Dungeons.Monster.ActionPattern:CreateAction(Int32)
OHD.Dungeons.Monster.ActionPatternExecutor:FlushNextAction()
OHD.Dungeons.Monster.PatternizedMonsterBase:OnExecuteOperation(BattleRoomPlayer)
OHD.Dungeons.Monster.<ExecuteOperation>d__65:MoveNext()
UnityEngine.SetupCoroutine:InvokeMoveNext(IEnumerator, IntPtr)

[869] 當前回合 : 52
UnityEngine.Logger:Log(LogType, Object)
UnityEngine.Debug:Log(Object)
OHD.GameActions.<Process>d__2:MoveNext()
UnityEngine.SetupCoroutine:InvokeMoveNext(IEnumerator, IntPtr)

[376] [GA_General_Attack] Deal 25 DMG x 1  time.
UnityEngine.Logger:Log(LogType, Object)
UnityEngine.Debug:Log(Object)
OHD.Dungeons.Monster.PatternizedMonsterBase:GA_General_Attack(BattleCreature, ActionExecutionData)
OHD.Dungeons.Monster.PatternizedMonsterBase:MA_General_Attack(ActionExecutionData)
System.Func`2:Invoke(T)
OHD.Dungeons.Monster.ActionPattern:CreateAction(Int32)
OHD.Dungeons.Monster.ActionPatternExecutor:FlushNextAction()
OHD.Dungeons.Monster.PatternizedMonsterBase:OnExecuteOperation(BattleRoomPlayer)
OHD.Dungeons.Monster.<ExecuteOperation>d__65:MoveNext()
UnityEngine.SetupCoroutine:InvokeMoveNext(IEnumerator, IntPtr)

[606] 當前回合 : 53
UnityEngine.Logger:Log(LogType, Object)
UnityEngine.Debug:Log(Object)
OHD.GameActions.<Process>d__2:MoveNext()
UnityEngine.SetupCoroutine:InvokeMoveNext(IEnumerator, IntPtr)

[968] [GA_General_Attack] Deal 25 DMG x 1  time.
UnityEngine.Logger:Log(LogType, Object)
UnityEngine.Debug:Log(Object)
OHD.Dungeons.Monster.PatternizedMonsterBase:GA_General_Attack(BattleCreature, ActionExecutionData)
OHD.Dungeons.Monster.PatternizedMonsterBase:MA_General_Attack(ActionExecutionData)
System.Func`2:Invoke(T)
OHD.Dungeons.Monster.ActionPattern:CreateAction(Int32)
OHD.Dungeons.Monster.ActionPatternExecutor:FlushNextAction()
OHD.Dungeons.Monster.PatternizedMonsterBase:OnExecuteOperation(BattleRoomPlayer)
OHD.Dungeons.Monster.<ExecuteOperation>d__65:MoveNext()
UnityEngine.SetupCoroutine:InvokeMoveNext(IEnumerator, IntPtr)

[197] 當前回合 : 54
UnityEngine.Logger:Log(LogType, Object)
UnityEngine.Debug:Log(Object)
OHD.GameActions.<Process>d__2:MoveNext()
UnityEngine.SetupCoroutine:InvokeMoveNext(IEnumerator, IntPtr)

[781] [GA_General_Attack] Deal 25 DMG x 1  time.
UnityEngine.Logger:Log(LogType, Object)
UnityEngine.Debug:Log(Object)
OHD.Dungeons.Monster.PatternizedMonsterBase:GA_General_Attack(BattleCreature, ActionExecutionData)
OHD.Dungeons.Monster.PatternizedMonsterBase:MA_General_Attack(ActionExecutionData)
System.Func`2:Invoke(T)
OHD.Dungeons.Monster.ActionPattern:CreateAction(Int32)
OHD.Dungeons.Monster.ActionPatternExecutor:FlushNextAction()
OHD.Dungeons.Monster.PatternizedMonsterBase:OnExecuteOperation(BattleRoomPlayer)
OHD.Dungeons.Monster.<ExecuteOperation>d__65:MoveNext()
UnityEngine.SetupCoroutine:InvokeMoveNext(IEnumerator, IntPtr)

[10] 當前回合 : 55
UnityEngine.Logger:Log(LogType, Object)
UnityEngine.Debug:Log(Object)
OHD.GameActions.<Process>d__2:MoveNext()
UnityEngine.SetupCoroutine:InvokeMoveNext(IEnumerator, IntPtr)

[726] [GA_General_Attack] Deal 25 DMG x 1  time.
UnityEngine.Logger:Log(LogType, Object)
UnityEngine.Debug:Log(Object)
OHD.Dungeons.Monster.PatternizedMonsterBase:GA_General_Attack(BattleCreature, ActionExecutionData)
OHD.Dungeons.Monster.PatternizedMonsterBase:MA_General_Attack(ActionExecutionData)
System.Func`2:Invoke(T)
OHD.Dungeons.Monster.ActionPattern:CreateAction(Int32)
OHD.Dungeons.Monster.ActionPatternExecutor:FlushNextAction()
OHD.Dungeons.Monster.PatternizedMonsterBase:OnExecuteOperation(BattleRoomPlayer)
OHD.Dungeons.Monster.<ExecuteOperation>d__65:MoveNext()
UnityEngine.SetupCoroutine:InvokeMoveNext(IEnumerator, IntPtr)

Main Camera: 1 camera overlay no longer exists and will be removed from the camera stack.
UnityEngine.Logger:Log(LogType, Object)
UnityEngine.Debug:LogWarning(Object)
UnityEngine.Rendering.Universal.UniversalAdditionalCameraData:UpdateCameraStack()
UnityEngine.Rendering.Universal.UniversalRenderPipeline:RenderCameraStack(ScriptableRenderContext, Camera)
UnityEngine.Rendering.Universal.UniversalRenderPipeline:Render(ScriptableRenderContext, Camera[])
UnityEngine.Rendering.RenderPipelineManager:DoRenderLoop_Internal(RenderPipelineAsset, IntPtr, List`1)

[662] 當前回合 : 56
UnityEngine.Logger:Log(LogType, Object)
UnityEngine.Debug:Log(Object)
OHD.GameActions.<Process>d__2:MoveNext()
UnityEngine.SetupCoroutine:InvokeMoveNext(IEnumerator, IntPtr)

[164] 當前回合 : 57
UnityEngine.Logger:Log(LogType, Object)
UnityEngine.Debug:Log(Object)
OHD.GameActions.<Process>d__2:MoveNext()
UnityEngine.SetupCoroutine:InvokeMoveNext(IEnumerator, IntPtr)

[329] [GA_General_Attack] Deal 48 DMG x 1  time.
UnityEngine.Logger:Log(LogType, Object)
UnityEngine.Debug:Log(Object)
OHD.Dungeons.Monster.PatternizedMonsterBase:GA_General_Attack(BattleCreature, ActionExecutionData)
OHD.Dungeons.Monster.Monster293:MA_Attack(ActionExecutionData)
System.Func`2:Invoke(T)
OHD.Dungeons.Monster.ActionPattern:CreateAction(Int32)
OHD.Dungeons.Monster.ActionPatternExecutor:FlushNextAction()
OHD.Dungeons.Monster.PatternizedMonsterBase:OnExecuteOperation(BattleRoomPlayer)
OHD.Dungeons.Monster.<ExecuteOperation>d__65:MoveNext()
UnityEngine.SetupCoroutine:InvokeMoveNext(IEnumerator, IntPtr)

[776] 當前回合 : 58
UnityEngine.Logger:Log(LogType, Object)
UnityEngine.Debug:Log(Object)
OHD.GameActions.<Process>d__2:MoveNext()
UnityEngine.SetupCoroutine:InvokeMoveNext(IEnumerator, IntPtr)

[844] [GA_General_Attack] Deal 48 DMG x 1  time.
UnityEngine.Logger:Log(LogType, Object)
UnityEngine.Debug:Log(Object)
OHD.Dungeons.Monster.PatternizedMonsterBase:GA_General_Attack(BattleCreature, ActionExecutionData)
OHD.Dungeons.Monster.Monster293:MA_Attack(ActionExecutionData)
System.Func`2:Invoke(T)
OHD.Dungeons.Monster.ActionPattern:CreateAction(Int32)
OHD.Dungeons.Monster.PatternizedMonsterBase:CreatePatternAction(Int32, Int32)
OHD.Dungeons.Monster.ActionPattern:CreateAction(Int32)
OHD.Dungeons.Monster.ActionPatternExecutor:FlushNextAction()
OHD.Dungeons.Monster.PatternizedMonsterBase:OnExecuteOperation(BattleRoomPlayer)
OHD.Dungeons.Monster.<ExecuteOperation>d__65:MoveNext()
UnityEngine.SetupCoroutine:InvokeMoveNext(IEnumerator, IntPtr)

[290] 當前回合 : 59
UnityEngine.Logger:Log(LogType, Object)
UnityEngine.Debug:Log(Object)
OHD.GameActions.<Process>d__2:MoveNext()
UnityEngine.SetupCoroutine:InvokeMoveNext(IEnumerator, IntPtr)

[575] Time Prison Kill!
UnityEngine.Logger:Log(LogType, Object)
UnityEngine.Debug:Log(Object)
OHD.GameActions.<Process>d__6:MoveNext()
UnityEngine.SetupCoroutine:InvokeMoveNext(IEnumerator, IntPtr)

[58] [GA_General_Attack] Deal 48 DMG x 1  time.
UnityEngine.Logger:Log(LogType, Object)
UnityEngine.Debug:Log(Object)
OHD.Dungeons.Monster.PatternizedMonsterBase:GA_General_Attack(BattleCreature, ActionExecutionData)
OHD.Dungeons.Monster.Monster293:MA_Attack(ActionExecutionData)
System.Func`2:Invoke(T)
OHD.Dungeons.Monster.ActionPattern:CreateAction(Int32)
OHD.Dungeons.Monster.ActionPatternExecutor:FlushNextAction()
OHD.Dungeons.Monster.PatternizedMonsterBase:OnExecuteOperation(BattleRoomPlayer)
OHD.Dungeons.Monster.<ExecuteOperation>d__65:MoveNext()
UnityEngine.SetupCoroutine:InvokeMoveNext(IEnumerator, IntPtr)

[457] 當前回合 : 60
UnityEngine.Logger:Log(LogType, Object)
UnityEngine.Debug:Log(Object)
OHD.GameActions.<Process>d__2:MoveNext()
UnityEngine.SetupCoroutine:InvokeMoveNext(IEnumerator, IntPtr)

[174] 當前回合 : 61
UnityEngine.Logger:Log(LogType, Object)
UnityEngine.Debug:Log(Object)
OHD.GameActions.<Process>d__2:MoveNext()
UnityEngine.SetupCoroutine:InvokeMoveNext(IEnumerator, IntPtr)

[91] Broadcast_SendStop
UnityEngine.Logger:Log(LogType, Object)
UnityEngine.Debug:Log(Object)
OHD.ThirdPartySupport.Lovenses.LovenseToy:Broadcast_SendStop(List`1)
OHD.Dungeons.PlotMachines.PlotMachine:DoPlotEnd()
OHD.Dungeons.PlotMachines.PlotCmd_PlotSignal_EndPlot:OnExecute()
OHD.Dungeons.PlotMachines.<ProcessExecute>d__38:MoveNext()
UnityEngine.SetupCoroutine:InvokeMoveNext(IEnumerator, IntPtr)

Main Camera: 3 camera overlays no longer exists and will be removed from the camera stack.
UnityEngine.Logger:Log(LogType, Object)
UnityEngine.Debug:LogWarning(Object)
UnityEngine.Rendering.Universal.UniversalAdditionalCameraData:UpdateCameraStack()
UnityEngine.Rendering.Universal.UniversalRenderPipeline:RenderCameraStack(ScriptableRenderContext, Camera)
UnityEngine.Rendering.Universal.UniversalRenderPipeline:Render(ScriptableRenderContext, Camera[])
UnityEngine.Rendering.RenderPipelineManager:DoRenderLoop_Internal(RenderPipelineAsset, IntPtr, List`1)

[105] 當前回合 : 62
UnityEngine.Logger:Log(LogType, Object)
UnityEngine.Debug:Log(Object)
OHD.GameActions.<Process>d__2:MoveNext()
UnityEngine.SetupCoroutine:InvokeMoveNext(IEnumerator, IntPtr)

Material 'AllySummonFire_top' with Shader 'Shader Graphs/ZeldaFire_Unlit' doesn't have a texture property '_MainTex'
UnityEngine.Material:get_mainTexture()
UnityEngine.UI.Image:get_mainTexture()
UnityEngine.UI.Graphic:UpdateMaterial()
UnityEngine.UI.Image:UpdateMaterial()
UnityEngine.UI.Graphic:Rebuild(CanvasUpdate)
UnityEngine.UI.CanvasUpdateRegistry:PerformUpdate()
Effekseer.EffekseerSoundPlayerStopAll:Invoke()

[ line 1926229080]

Material 'AllySummonFire_bottom_reverse' with Shader 'Shader Graphs/ZeldaFire_Unlit' doesn't have a texture property '_MainTex'
UnityEngine.Material:get_mainTexture()
UnityEngine.UI.Image:get_mainTexture()
UnityEngine.UI.Graphic:UpdateMaterial()
UnityEngine.UI.Image:UpdateMaterial()
UnityEngine.UI.Graphic:Rebuild(CanvasUpdate)
UnityEngine.UI.CanvasUpdateRegistry:PerformUpdate()
Effekseer.EffekseerSoundPlayerStopAll:Invoke()

[ line 1926229080]

[805] Time Prison Kill!
UnityEngine.Logger:Log(LogType, Object)
UnityEngine.Debug:Log(Object)
OHD.GameActions.<Process>d__6:MoveNext()
UnityEngine.SetupCoroutine:InvokeMoveNext(IEnumerator, IntPtr)

[806] Time Prison Kill!
UnityEngine.Logger:Log(LogType, Object)
UnityEngine.Debug:Log(Object)
OHD.GameActions.<Process>d__6:MoveNext()
UnityEngine.SetupCoroutine:InvokeMoveNext(IEnumerator, IntPtr)

[807] Time Prison Kill!
UnityEngine.Logger:Log(LogType, Object)
UnityEngine.Debug:Log(Object)
OHD.GameActions.<Process>d__6:MoveNext()
UnityEngine.SetupCoroutine:InvokeMoveNext(IEnumerator, IntPtr)

[808] Time Prison Kill!
UnityEngine.Logger:Log(LogType, Object)
UnityEngine.Debug:Log(Object)
OHD.GameActions.<Process>d__6:MoveNext()
UnityEngine.SetupCoroutine:InvokeMoveNext(IEnumerator, IntPtr)

[809] Time Prison Kill!
UnityEngine.Logger:Log(LogType, Object)
UnityEngine.Debug:Log(Object)
OHD.GameActions.<Process>d__6:MoveNext()
UnityEngine.SetupCoroutine:InvokeMoveNext(IEnumerator, IntPtr)

[810] Time Prison Kill!
UnityEngine.Logger:Log(LogType, Object)
UnityEngine.Debug:Log(Object)
OHD.GameActions.<Process>d__6:MoveNext()
UnityEngine.SetupCoroutine:InvokeMoveNext(IEnumerator, IntPtr)

[811] Time Prison Kill!
UnityEngine.Logger:Log(LogType, Object)
UnityEngine.Debug:Log(Object)
OHD.GameActions.<Process>d__6:MoveNext()
UnityEngine.SetupCoroutine:InvokeMoveNext(IEnumerator, IntPtr)

[812] Time Prison Kill!
UnityEngine.Logger:Log(LogType, Object)
UnityEngine.Debug:Log(Object)
OHD.GameActions.<Process>d__6:MoveNext()
UnityEngine.SetupCoroutine:InvokeMoveNext(IEnumerator, IntPtr)

[813] Time Prison Kill!
UnityEngine.Logger:Log(LogType, Object)
UnityEngine.Debug:Log(Object)
OHD.GameActions.<Process>d__6:MoveNext()
UnityEngine.SetupCoroutine:InvokeMoveNext(IEnumerator, IntPtr)

[814] Time Prison Kill!
UnityEngine.Logger:Log(LogType, Object)
UnityEngine.Debug:Log(Object)
OHD.GameActions.<Process>d__6:MoveNext()
UnityEngine.SetupCoroutine:InvokeMoveNext(IEnumerator, IntPtr)

Material 'AllySummonFire_top' with Shader 'Shader Graphs/ZeldaFire_Unlit' doesn't have a texture property '_MainTex'
UnityEngine.Material:get_mainTexture()
UnityEngine.UI.Image:get_mainTexture()
UnityEngine.UI.Graphic:UpdateMaterial()
UnityEngine.UI.Image:UpdateMaterial()
UnityEngine.UI.Graphic:Rebuild(CanvasUpdate)
UnityEngine.UI.CanvasUpdateRegistry:PerformUpdate()
Effekseer.EffekseerSoundPlayerStopAll:Invoke()

[ line 1926229080]

Material 'AllySummonFire_bottom_reverse' with Shader 'Shader Graphs/ZeldaFire_Unlit' doesn't have a texture property '_MainTex'
UnityEngine.Material:get_mainTexture()
UnityEngine.UI.Image:get_mainTexture()
UnityEngine.UI.Graphic:UpdateMaterial()
UnityEngine.UI.Image:UpdateMaterial()
UnityEngine.UI.Graphic:Rebuild(CanvasUpdate)
UnityEngine.UI.CanvasUpdateRegistry:PerformUpdate()
Effekseer.EffekseerSoundPlayerStopAll:Invoke()

[ line 1926229080]

Material 'AllySummonFire_top' with Shader 'Shader Graphs/ZeldaFire_Unlit' doesn't have a texture property '_MainTex'
UnityEngine.Material:get_mainTexture()
UnityEngine.UI.Image:get_mainTexture()
UnityEngine.UI.Graphic:UpdateMaterial()
UnityEngine.UI.Image:UpdateMaterial()
UnityEngine.UI.Graphic:Rebuild(CanvasUpdate)
UnityEngine.UI.CanvasUpdateRegistry:PerformUpdate()
Effekseer.EffekseerSoundPlayerStopAll:Invoke()

[ line 1926229080]

Material 'AllySummonFire_bottom_reverse' with Shader 'Shader Graphs/ZeldaFire_Unlit' doesn't have a texture property '_MainTex'
UnityEngine.Material:get_mainTexture()
UnityEngine.UI.Image:get_mainTexture()
UnityEngine.UI.Graphic:UpdateMaterial()
UnityEngine.UI.Image:UpdateMaterial()
UnityEngine.UI.Graphic:Rebuild(CanvasUpdate)
UnityEngine.UI.CanvasUpdateRegistry:PerformUpdate()
Effekseer.EffekseerSoundPlayerStopAll:Invoke()

[ line 1926229080]

[719] [GA_General_Attack] Deal 12 DMG x 1  time, [T]Power1x12, [T]Power74x3.
UnityEngine.Logger:Log(LogType, Object)
UnityEngine.Debug:Log(Object)
OHD.Dungeons.Monster.PatternizedMonsterBase:GA_General_Attack(BattleCreature, ActionExecutionData)
OHD.Dungeons.Monster.Monster293:MA_Attack_02(ActionExecutionData)
System.Func`2:Invoke(T)
OHD.Dungeons.Monster.ActionPattern:CreateAction(Int32)
OHD.Dungeons.Monster.ActionPatternExecutor:FlushNextAction()
OHD.Dungeons.Monster.PatternizedMonsterBase:OnExecuteOperation(BattleRoomPlayer)
OHD.Dungeons.Monster.<ExecuteOperation>d__65:MoveNext()
UnityEngine.SetupCoroutine:InvokeMoveNext(IEnumerator, IntPtr)

[178] 當前回合 : 63
UnityEngine.Logger:Log(LogType, Object)
UnityEngine.Debug:Log(Object)
OHD.GameActions.<Process>d__2:MoveNext()
UnityEngine.SetupCoroutine:InvokeMoveNext(IEnumerator, IntPtr)

[75] [GA_General_Attack] Deal 48 DMG x 1  time.
UnityEngine.Logger:Log(LogType, Object)
UnityEngine.Debug:Log(Object)
OHD.Dungeons.Monster.PatternizedMonsterBase:GA_General_Attack(BattleCreature, ActionExecutionData)
OHD.Dungeons.Monster.Monster293:MA_Attack(ActionExecutionData)
System.Func`2:Invoke(T)
OHD.Dungeons.Monster.ActionPattern:CreateAction(Int32)
OHD.Dungeons.Monster.ActionPatternExecutor:FlushNextAction()
OHD.Dungeons.Monster.PatternizedMonsterBase:OnExecuteOperation(BattleRoomPlayer)
OHD.Dungeons.Monster.<ExecuteOperation>d__65:MoveNext()
UnityEngine.SetupCoroutine:InvokeMoveNext(IEnumerator, IntPtr)

[475] 當前回合 : 64
UnityEngine.Logger:Log(LogType, Object)
UnityEngine.Debug:Log(Object)
OHD.GameActions.<Process>d__2:MoveNext()
UnityEngine.SetupCoroutine:InvokeMoveNext(IEnumerator, IntPtr)

[632] 當前回合 : 65
UnityEngine.Logger:Log(LogType, Object)
UnityEngine.Debug:Log(Object)
OHD.GameActions.<Process>d__2:MoveNext()
UnityEngine.SetupCoroutine:InvokeMoveNext(IEnumerator, IntPtr)

[935] [GA_General_Attack] Deal 48 DMG x 1  time.
UnityEngine.Logger:Log(LogType, Object)
UnityEngine.Debug:Log(Object)
OHD.Dungeons.Monster.PatternizedMonsterBase:GA_General_Attack(BattleCreature, ActionExecutionData)
OHD.Dungeons.Monster.Monster293:MA_Attack(ActionExecutionData)
System.Func`2:Invoke(T)
OHD.Dungeons.Monster.ActionPattern:CreateAction(Int32)
OHD.Dungeons.Monster.ActionPatternExecutor:FlushNextAction()
OHD.Dungeons.Monster.PatternizedMonsterBase:OnExecuteOperation(BattleRoomPlayer)
OHD.Dungeons.Monster.<ExecuteOperation>d__65:MoveNext()
UnityEngine.SetupCoroutine:InvokeMoveNext(IEnumerator, IntPtr)

[493] 當前回合 : 66
UnityEngine.Logger:Log(LogType, Object)
UnityEngine.Debug:Log(Object)
OHD.GameActions.<Process>d__2:MoveNext()
UnityEngine.SetupCoroutine:InvokeMoveNext(IEnumerator, IntPtr)

[758] 當前回合 : 67
UnityEngine.Logger:Log(LogType, Object)
UnityEngine.Debug:Log(Object)
OHD.GameActions.<Process>d__2:MoveNext()
UnityEngine.SetupCoroutine:InvokeMoveNext(IEnumerator, IntPtr)

[720] [GA_General_Attack] Deal 48 DMG x 1  time.
UnityEngine.Logger:Log(LogType, Object)
UnityEngine.Debug:Log(Object)
OHD.Dungeons.Monster.PatternizedMonsterBase:GA_General_Attack(BattleCreature, ActionExecutionData)
OHD.Dungeons.Monster.Monster293:MA_Attack(ActionExecutionData)
System.Func`2:Invoke(T)
OHD.Dungeons.Monster.ActionPattern:CreateAction(Int32)
OHD.Dungeons.Monster.ActionPatternExecutor:FlushNextAction()
OHD.Dungeons.Monster.PatternizedMonsterBase:OnExecuteOperation(BattleRoomPlayer)
OHD.Dungeons.Monster.<ExecuteOperation>d__65:MoveNext()
UnityEngine.SetupCoroutine:InvokeMoveNext(IEnumerator, IntPtr)

[426] 當前回合 : 68
UnityEngine.Logger:Log(LogType, Object)
UnityEngine.Debug:Log(Object)
OHD.GameActions.<Process>d__2:MoveNext()
UnityEngine.SetupCoroutine:InvokeMoveNext(IEnumerator, IntPtr)

[610] [GA_General_Attack] Deal 12 DMG x 1  time, [T]Power1x12, [T]Power74x3.
UnityEngine.Logger:Log(LogType, Object)
UnityEngine.Debug:Log(Object)
OHD.Dungeons.Monster.PatternizedMonsterBase:GA_General_Attack(BattleCreature, ActionExecutionData)
OHD.Dungeons.Monster.Monster293:MA_Attack_02(ActionExecutionData)
System.Func`2:Invoke(T)
OHD.Dungeons.Monster.ActionPattern:CreateAction(Int32)
OHD.Dungeons.Monster.ActionPatternExecutor:FlushNextAction()
OHD.Dungeons.Monster.PatternizedMonsterBase:OnExecuteOperation(BattleRoomPlayer)
OHD.Dungeons.Monster.<ExecuteOperation>d__65:MoveNext()
UnityEngine.SetupCoroutine:InvokeMoveNext(IEnumerator, IntPtr)

[115] 當前回合 : 69
UnityEngine.Logger:Log(LogType, Object)
UnityEngine.Debug:Log(Object)
OHD.GameActions.<Process>d__2:MoveNext()
UnityEngine.SetupCoroutine:InvokeMoveNext(IEnumerator, IntPtr)

[88] [GA_General_Attack] Deal 48 DMG x 1  time.
UnityEngine.Logger:Log(LogType, Object)
UnityEngine.Debug:Log(Object)
OHD.Dungeons.Monster.PatternizedMonsterBase:GA_General_Attack(BattleCreature, ActionExecutionData)
OHD.Dungeons.Monster.Monster293:MA_Attack(ActionExecutionData)
System.Func`2:Invoke(T)
OHD.Dungeons.Monster.ActionPattern:CreateAction(Int32)
OHD.Dungeons.Monster.ActionPatternExecutor:FlushNextAction()
OHD.Dungeons.Monster.PatternizedMonsterBase:OnExecuteOperation(BattleRoomPlayer)
OHD.Dungeons.Monster.<ExecuteOperation>d__65:MoveNext()
UnityEngine.SetupCoroutine:InvokeMoveNext(IEnumerator, IntPtr)

[590] 當前回合 : 70
UnityEngine.Logger:Log(LogType, Object)
UnityEngine.Debug:Log(Object)
OHD.GameActions.<Process>d__2:MoveNext()
UnityEngine.SetupCoroutine:InvokeMoveNext(IEnumerator, IntPtr)

[628] [GA_General_Attack] Deal 48 DMG x 1  time.
UnityEngine.Logger:Log(LogType, Object)
UnityEngine.Debug:Log(Object)
OHD.Dungeons.Monster.PatternizedMonsterBase:GA_General_Attack(BattleCreature, ActionExecutionData)
OHD.Dungeons.Monster.Monster293:MA_Attack(ActionExecutionData)
System.Func`2:Invoke(T)
OHD.Dungeons.Monster.ActionPattern:CreateAction(Int32)
OHD.Dungeons.Monster.PatternizedMonsterBase:CreatePatternAction(Int32, Int32)
OHD.Dungeons.Monster.ActionPattern:CreateAction(Int32)
OHD.Dungeons.Monster.ActionPatternExecutor:FlushNextAction()
OHD.Dungeons.Monster.PatternizedMonsterBase:OnExecuteOperation(BattleRoomPlayer)
OHD.Dungeons.Monster.<ExecuteOperation>d__65:MoveNext()
UnityEngine.SetupCoroutine:InvokeMoveNext(IEnumerator, IntPtr)

[130] 當前回合 : 71
UnityEngine.Logger:Log(LogType, Object)
UnityEngine.Debug:Log(Object)
OHD.GameActions.<Process>d__2:MoveNext()
UnityEngine.SetupCoroutine:InvokeMoveNext(IEnumerator, IntPtr)

[266] [GA_General_Attack] Deal 48 DMG x 1  time.
UnityEngine.Logger:Log(LogType, Object)
UnityEngine.Debug:Log(Object)
OHD.Dungeons.Monster.PatternizedMonsterBase:GA_General_Attack(BattleCreature, ActionExecutionData)
OHD.Dungeons.Monster.Monster293:MA_Attack(ActionExecutionData)
System.Func`2:Invoke(T)
OHD.Dungeons.Monster.ActionPattern:CreateAction(Int32)
OHD.Dungeons.Monster.ActionPatternExecutor:FlushNextAction()
OHD.Dungeons.Monster.PatternizedMonsterBase:OnExecuteOperation(BattleRoomPlayer)
OHD.Dungeons.Monster.<ExecuteOperation>d__65:MoveNext()
UnityEngine.SetupCoroutine:InvokeMoveNext(IEnumerator, IntPtr)

[769] 當前回合 : 72
UnityEngine.Logger:Log(LogType, Object)
UnityEngine.Debug:Log(Object)
OHD.GameActions.<Process>d__2:MoveNext()
UnityEngine.SetupCoroutine:InvokeMoveNext(IEnumerator, IntPtr)

[210] Noah Kill!
UnityEngine.Logger:Log(LogType, Object)
UnityEngine.Debug:Log(Object)
OHD.GameActions.<Process>d__6:MoveNext()
UnityEngine.SetupCoroutine:InvokeMoveNext(IEnumerator, IntPtr)

[356] Time Prison Kill!
UnityEngine.Logger:Log(LogType, Object)
UnityEngine.Debug:Log(Object)
OHD.GameActions.<Process>d__6:MoveNext()
UnityEngine.SetupCoroutine:InvokeMoveNext(IEnumerator, IntPtr)

[418] Noah Power Total = 3
UnityEngine.Logger:Log(LogType, Object)
UnityEngine.Debug:Log(Object)
OHD.Dungeons.Monster.Achievement411Checker:OnCheckWhenWin()
OHD.Dungeons.BattleRoom:CheckWinAchievement()
OHD.GameActions.<>c:<Process>b__2_0()
UnityEngine.AndroidJavaRunnable:Invoke()
OHD.GameActions.<Process>d__2:MoveNext()
UnityEngine.SetupCoroutine:InvokeMoveNext(IEnumerator, IntPtr)

[418] Noah Power Total = 3
UnityEngine.Logger:Log(LogType, Object)
UnityEngine.Debug:Log(Object)
OHD.Dungeons.Monster.Achievement411Checker:OnCheckWhenWin()
OHD.Dungeons.BattleRoom:CheckWinAchievement()
OHD.GameActions.<>c:<Process>b__2_0()
UnityEngine.AndroidJavaRunnable:Invoke()
OHD.GameActions.<Process>d__2:MoveNext()
UnityEngine.SetupCoroutine:InvokeMoveNext(IEnumerator, IntPtr)

[418] Noah Power Total = 3
UnityEngine.Logger:Log(LogType, Object)
UnityEngine.Debug:Log(Object)
OHD.Dungeons.Monster.Achievement411Checker:OnCheckWhenWin()
OHD.Dungeons.BattleRoom:CheckWinAchievement()
OHD.GameActions.<>c:<Process>b__2_0()
UnityEngine.AndroidJavaRunnable:Invoke()
OHD.GameActions.<Process>d__2:MoveNext()
UnityEngine.SetupCoroutine:InvokeMoveNext(IEnumerator, IntPtr)

[418] Noah Power Total = 3
UnityEngine.Logger:Log(LogType, Object)
UnityEngine.Debug:Log(Object)
OHD.Dungeons.Monster.Achievement411Checker:OnCheckWhenWin()
OHD.Dungeons.BattleRoom:CheckWinAchievement()
OHD.GameActions.<>c:<Process>b__2_0()
UnityEngine.AndroidJavaRunnable:Invoke()
OHD.GameActions.<Process>d__2:MoveNext()
UnityEngine.SetupCoroutine:InvokeMoveNext(IEnumerator, IntPtr)

[988] Dungeon Win Deck = 107,2S32355Q5R5T5Y8NB4BACW
UnityEngine.Logger:Log(LogType, Object)
UnityEngine.Debug:Log(Object)
OHD.Dungeons.DungeonBase:TriggerFinish(DungeonFinishState)
UnityEngine.AndroidJavaRunnable:Invoke()
OHD.UI.CraftRuneUIViewModel:RaiseOnCraftEvent()
OHD.UI.RewardReceiveUIViewController:OnClickConfirmButton()
UnityEngine.AndroidJavaRunnable:Invoke()
UnityEngine.Events.InvokableCall:Invoke()
UnityEngine.Events.UnityEvent:Invoke()
System.Xml.XmlNodeChangedEventHandler:Invoke(Object, XmlNodeChangedEventArgs)
UnityEngine.EventSystems.ExecuteEvents:Execute(GameObject, BaseEventData, EventFunction`1)
UnityEngine.InputSystem.UI.InputSystemUIInputModule:ProcessPointerButton(ButtonState&, PointerEventData)
UnityEngine.InputSystem.UI.InputSystemUIInputModule:ProcessPointer(PointerModel&)
UnityEngine.InputSystem.UI.InputSystemUIInputModule:Process()
UnityEngine.EventSystems.EventSystem:Update()

[988] Clear Midway State
UnityEngine.Logger:Log(LogType, Object)
UnityEngine.Debug:Log(Object)
OHD.Dungeons.HundrenDungeon:OnTriggerFinish(DungeonFinishState)
UnityEngine.AndroidJavaRunnable:Invoke()
OHD.UI.CraftRuneUIViewModel:RaiseOnCraftEvent()
OHD.UI.RewardReceiveUIViewController:OnClickConfirmButton()
UnityEngine.AndroidJavaRunnable:Invoke()
UnityEngine.Events.InvokableCall:Invoke()
UnityEngine.Events.UnityEvent:Invoke()
System.Xml.XmlNodeChangedEventHandler:Invoke(Object, XmlNodeChangedEventArgs)
UnityEngine.EventSystems.ExecuteEvents:Execute(GameObject, BaseEventData, EventFunction`1)
UnityEngine.InputSystem.UI.InputSystemUIInputModule:ProcessPointerButton(ButtonState&, PointerEventData)
UnityEngine.InputSystem.UI.InputSystemUIInputModule:ProcessPointer(PointerModel&)
UnityEngine.InputSystem.UI.InputSystemUIInputModule:Process()
UnityEngine.EventSystems.EventSystem:Update()

[102] [Dungeon : HundrenDungeon] Leave
UnityEngine.Logger:Log(LogType, Object)
UnityEngine.Debug:Log(Object)
OHD.Dungeons.DungeonBase:Leave(SceneTranslation)
OHD.Dungeons.HundrenDungeon:<Internal_TriggerFinish_Normal>g__PushFirstTimeStoryPlotId|18_1(FinishEvent)
OHD.Dungeons.HundrenDungeon:<Internal_TriggerFinish_Normal>g__HandleFinishEvent|18_4(FinishEvent)
System.Action`1:Invoke(T)
OHD.UI.DungeonResultShowcaseUIViewModel:TriggerOnCloseEvt(DungeonResultShowcaseUIViewController)
System.Action`1:Invoke(T)
OHD.UI.DungeonResultUIViewModel:TriggerOnConfirmEvt()
UnityEngine.AndroidJavaRunnable:Invoke()
UnityEngine.Events.InvokableCall:Invoke()
UnityEngine.Events.UnityEvent:Invoke()
System.Xml.XmlNodeChangedEventHandler:Invoke(Object, XmlNodeChangedEventArgs)
UnityEngine.EventSystems.ExecuteEvents:Execute(GameObject, BaseEventData, EventFunction`1)
UnityEngine.InputSystem.UI.InputSystemUIInputModule:ProcessPointerButton(ButtonState&, PointerEventData)
UnityEngine.InputSystem.UI.InputSystemUIInputModule:ProcessPointer(PointerModel&)
UnityEngine.InputSystem.UI.InputSystemUIInputModule:Process()
UnityEngine.EventSystems.EventSystem:Update()

[102] [Room : BattleRoom] Leave
UnityEngine.Logger:Log(LogType, Object)
UnityEngine.Debug:Log(Object)
OHD.Dungeons.DungeonRoomBase:Leave()
OHD.Dungeons.DungeonBase:LeaveRoom(ISceneInfo)
OHD.Dungeons.DungeonBase:Leave(SceneTranslation)
OHD.Dungeons.HundrenDungeon:<Internal_TriggerFinish_Normal>g__PushFirstTimeStoryPlotId|18_1(FinishEvent)
OHD.Dungeons.HundrenDungeon:<Internal_TriggerFinish_Normal>g__HandleFinishEvent|18_4(FinishEvent)
System.Action`1:Invoke(T)
OHD.UI.DungeonResultShowcaseUIViewModel:TriggerOnCloseEvt(DungeonResultShowcaseUIViewController)
System.Action`1:Invoke(T)
OHD.UI.DungeonResultUIViewModel:TriggerOnConfirmEvt()
UnityEngine.AndroidJavaRunnable:Invoke()
UnityEngine.Events.InvokableCall:Invoke()
UnityEngine.Events.UnityEvent:Invoke()
System.Xml.XmlNodeChangedEventHandler:Invoke(Object, XmlNodeChangedEventArgs)
UnityEngine.EventSystems.ExecuteEvents:Execute(GameObject, BaseEventData, EventFunction`1)
UnityEngine.InputSystem.UI.InputSystemUIInputModule:ProcessPointerButton(ButtonState&, PointerEventData)
UnityEngine.InputSystem.UI.InputSystemUIInputModule:ProcessPointer(PointerModel&)
UnityEngine.InputSystem.UI.InputSystemUIInputModule:Process()
UnityEngine.EventSystems.EventSystem:Update()

[102] Change Update Type = Room -> Dungeon
UnityEngine.Logger:Log(LogType, Object)
UnityEngine.Debug:Log(Object)
OHD.GameObjects.GameUpdateDelegator:Switch(TargetType, Boolean)
OHD.Dungeons.DungeonBase:LeaveRoom(ISceneInfo)
OHD.Dungeons.DungeonBase:Leave(SceneTranslation)
OHD.Dungeons.HundrenDungeon:<Internal_TriggerFinish_Normal>g__PushFirstTimeStoryPlotId|18_1(FinishEvent)
OHD.Dungeons.HundrenDungeon:<Internal_TriggerFinish_Normal>g__HandleFinishEvent|18_4(FinishEvent)
System.Action`1:Invoke(T)
OHD.UI.DungeonResultShowcaseUIViewModel:TriggerOnCloseEvt(DungeonResultShowcaseUIViewController)
System.Action`1:Invoke(T)
OHD.UI.DungeonResultUIViewModel:TriggerOnConfirmEvt()
UnityEngine.AndroidJavaRunnable:Invoke()
UnityEngine.Events.InvokableCall:Invoke()
UnityEngine.Events.UnityEvent:Invoke()
System.Xml.XmlNodeChangedEventHandler:Invoke(Object, XmlNodeChangedEventArgs)
UnityEngine.EventSystems.ExecuteEvents:Execute(GameObject, BaseEventData, EventFunction`1)
UnityEngine.InputSystem.UI.InputSystemUIInputModule:ProcessPointerButton(ButtonState&, PointerEventData)
UnityEngine.InputSystem.UI.InputSystemUIInputModule:ProcessPointer(PointerModel&)
UnityEngine.InputSystem.UI.InputSystemUIInputModule:Process()
UnityEngine.EventSystems.EventSystem:Update()

[102] Change Update Type = Dungeon -> None
UnityEngine.Logger:Log(LogType, Object)
UnityEngine.Debug:Log(Object)
OHD.GameObjects.GameUpdateDelegator:Switch(TargetType, Boolean)
OHD.Dungeons.DungeonBase:Leave(SceneTranslation)
OHD.Dungeons.HundrenDungeon:<Internal_TriggerFinish_Normal>g__PushFirstTimeStoryPlotId|18_1(FinishEvent)
OHD.Dungeons.HundrenDungeon:<Internal_TriggerFinish_Normal>g__HandleFinishEvent|18_4(FinishEvent)
System.Action`1:Invoke(T)
OHD.UI.DungeonResultShowcaseUIViewModel:TriggerOnCloseEvt(DungeonResultShowcaseUIViewController)
System.Action`1:Invoke(T)
OHD.UI.DungeonResultUIViewModel:TriggerOnConfirmEvt()
UnityEngine.AndroidJavaRunnable:Invoke()
UnityEngine.Events.InvokableCall:Invoke()
UnityEngine.Events.UnityEvent:Invoke()
System.Xml.XmlNodeChangedEventHandler:Invoke(Object, XmlNodeChangedEventArgs)
UnityEngine.EventSystems.ExecuteEvents:Execute(GameObject, BaseEventData, EventFunction`1)
UnityEngine.InputSystem.UI.InputSystemUIInputModule:ProcessPointerButton(ButtonState&, PointerEventData)
UnityEngine.InputSystem.UI.InputSystemUIInputModule:ProcessPointer(PointerModel&)
UnityEngine.InputSystem.UI.InputSystemUIInputModule:Process()
UnityEngine.EventSystems.EventSystem:Update()

[221] Change Update Type = None -> City
UnityEngine.Logger:Log(LogType, Object)
UnityEngine.Debug:Log(Object)
OHD.GameObjects.GameUpdateDelegator:Switch(TargetType, Boolean)
SceneTransitInfo:RaiseOnPrepared()
OHD.Scenes.<<CheckTransit>g__ProcessTransit|18_0>d:MoveNext()
UnityEngine.SetupCoroutine:InvokeMoveNext(IEnumerator, IntPtr)

[404] Notes : 吸血&魅魔 扒低
UnityEngine.Logger:Log(LogType, Object)
UnityEngine.Debug:Log(Object)
OHD.Dungeons.PlotMachines.PlotCmd_Common_Notes:OnExecute()
OHD.Dungeons.PlotMachines.<ProcessExecute>d__38:MoveNext()
UnityEngine.SetupCoroutine:InvokeMoveNext(IEnumerator, IntPtr)

[982] Notes : 夢娜&尤娜 扒低
UnityEngine.Logger:Log(LogType, Object)
UnityEngine.Debug:Log(Object)
OHD.Dungeons.PlotMachines.PlotCmd_Common_Notes:OnExecute()
OHD.Dungeons.PlotMachines.<ProcessExecute>d__38:MoveNext()
UnityEngine.SetupCoroutine:InvokeMoveNext(IEnumerator, IntPtr)

[550] Notes : 尤娜&諾亞
UnityEngine.Logger:Log(LogType, Object)
UnityEngine.Debug:Log(Object)
OHD.Dungeons.PlotMachines.PlotCmd_Common_Notes:OnExecute()
OHD.Dungeons.PlotMachines.<ProcessExecute>d__38:MoveNext()
UnityEngine.SetupCoroutine:InvokeMoveNext(IEnumerator, IntPtr)

[476] Notes : 切到潘蜜拉&諾亞
UnityEngine.Logger:Log(LogType, Object)
UnityEngine.Debug:Log(Object)
OHD.Dungeons.PlotMachines.PlotCmd_Common_Notes:OnExecute()
OHD.Dungeons.PlotMachines.<ProcessExecute>d__38:MoveNext()
UnityEngine.SetupCoroutine:InvokeMoveNext(IEnumerator, IntPtr)

[132] Notes : 切到望神器
UnityEngine.Logger:Log(LogType, Object)
UnityEngine.Debug:Log(Object)
OHD.Dungeons.PlotMachines.PlotCmd_Common_Notes:OnExecute()
OHD.Dungeons.PlotMachines.<ProcessExecute>d__38:MoveNext()
UnityEngine.SetupCoroutine:InvokeMoveNext(IEnumerator, IntPtr)

[660] Notes : 切回來
UnityEngine.Logger:Log(LogType, Object)
UnityEngine.Debug:Log(Object)
OHD.Dungeons.PlotMachines.PlotCmd_Common_Notes:OnExecute()
OHD.Dungeons.PlotMachines.<ProcessExecute>d__38:MoveNext()
UnityEngine.SetupCoroutine:InvokeMoveNext(IEnumerator, IntPtr)

[729] Notes : 衝去神器
UnityEngine.Logger:Log(LogType, Object)
UnityEngine.Debug:Log(Object)
OHD.Dungeons.PlotMachines.PlotCmd_Common_Notes:OnExecute()
OHD.Dungeons.PlotMachines.<ProcessExecute>d__38:MoveNext()
UnityEngine.SetupCoroutine:InvokeMoveNext(IEnumerator, IntPtr)

[643] Notes : 番去本身果度
UnityEngine.Logger:Log(LogType, Object)
UnityEngine.Debug:Log(Object)
OHD.Dungeons.PlotMachines.PlotCmd_Common_Notes:OnExecute()
OHD.Dungeons.PlotMachines.<ProcessExecute>d__38:MoveNext()
UnityEngine.SetupCoroutine:InvokeMoveNext(IEnumerator, IntPtr)

[737] Notes : 切去魅魔女王&吸血女王
UnityEngine.Logger:Log(LogType, Object)
UnityEngine.Debug:Log(Object)
OHD.Dungeons.PlotMachines.PlotCmd_Common_Notes:OnExecute()
OHD.Dungeons.PlotMachines.<ProcessExecute>d__38:MoveNext()
UnityEngine.SetupCoroutine:InvokeMoveNext(IEnumerator, IntPtr)

[511] Notes : 切番黎最後
UnityEngine.Logger:Log(LogType, Object)
UnityEngine.Debug:Log(Object)
OHD.Dungeons.PlotMachines.PlotCmd_Common_Notes:OnExecute()
OHD.Dungeons.PlotMachines.<ProcessExecute>d__38:MoveNext()
UnityEngine.SetupCoroutine:InvokeMoveNext(IEnumerator, IntPtr)

[301] Notes : 這句可能不要
UnityEngine.Logger:Log(LogType, Object)
UnityEngine.Debug:Log(Object)
OHD.Dungeons.PlotMachines.PlotCmd_Common_Notes:OnExecute()
OHD.Dungeons.PlotMachines.<ProcessExecute>d__38:MoveNext()
UnityEngine.SetupCoroutine:InvokeMoveNext(IEnumerator, IntPtr)

[765] Broadcast_SendStop
UnityEngine.Logger:Log(LogType, Object)
UnityEngine.Debug:Log(Object)
OHD.ThirdPartySupport.Lovenses.LovenseToy:Broadcast_SendStop(List`1)
OHD.Dungeons.PlotMachines.PlotMachine:DoPlotEnd()
OHD.Dungeons.PlotMachines.PlotCmd_PlotSignal_EndPlot:OnExecute()
OHD.Dungeons.PlotMachines.<ProcessExecute>d__38:MoveNext()
UnityEngine.SetupCoroutine:InvokeMoveNext(IEnumerator, IntPtr)

[765] Game User Saved
UnityEngine.Logger:Log(LogType, Object)
UnityEngine.Debug:Log(Object)
GameUser:Save()
GamePlayer:Save()
GamePlayer:AutoSave()
OHD.GameActions.PlayStoryPlotAction:<Process>b__38_0(PlotMachine)
System.Xml.Serialization.XmlSerializationWriteCallback:Invoke(Object)
OHD.Dungeons.PlotMachines.PlotMachine:DoPlotEnd()
OHD.Dungeons.PlotMachines.PlotCmd_PlotSignal_EndPlot:OnExecute()
OHD.Dungeons.PlotMachines.<ProcessExecute>d__38:MoveNext()
UnityEngine.SetupCoroutine:InvokeMoveNext(IEnumerator, IntPtr)

Main Camera: 3 camera overlays no longer exists and will be removed from the camera stack.
UnityEngine.Logger:Log(LogType, Object)
UnityEngine.Debug:LogWarning(Object)
UnityEngine.Rendering.Universal.UniversalAdditionalCameraData:UpdateCameraStack()
UnityEngine.Rendering.Universal.UniversalRenderPipeline:RenderCameraStack(ScriptableRenderContext, Camera)
UnityEngine.Rendering.Universal.UniversalRenderPipeline:Render(ScriptableRenderContext, Camera[])
UnityEngine.Rendering.RenderPipelineManager:DoRenderLoop_Internal(RenderPipelineAsset, IntPtr, List`1)

[294] Broadcast_SendStop
UnityEngine.Logger:Log(LogType, Object)
UnityEngine.Debug:Log(Object)
OHD.ThirdPartySupport.Lovenses.LovenseToy:Broadcast_SendStop(List`1)
OHD.Dungeons.PlotMachines.PlotMachine:DoPlotEnd()
OHD.Dungeons.PlotMachines.PlotCmd_PlotSignal_EndPlot:OnExecute()
OHD.Dungeons.PlotMachines.<ProcessExecute>d__38:MoveNext()
UnityEngine.SetupCoroutine:InvokeMoveNext(IEnumerator, IntPtr)

Main Camera: 3 camera overlays no longer exists and will be removed from the camera stack.
UnityEngine.Logger:Log(LogType, Object)
UnityEngine.Debug:LogWarning(Object)
UnityEngine.Rendering.Universal.UniversalAdditionalCameraData:UpdateCameraStack()
UnityEngine.Rendering.Universal.UniversalRenderPipeline:RenderCameraStack(ScriptableRenderContext, Camera)
UnityEngine.Rendering.Universal.UniversalRenderPipeline:Render(ScriptableRenderContext, Camera[])
UnityEngine.Rendering.RenderPipelineManager:DoRenderLoop_Internal(RenderPipelineAsset, IntPtr, List`1)

[299] [Achievement Unlock] Side by Side
UnityEngine.Logger:Log(LogType, Object)
UnityEngine.Debug:Log(Object)
OHD.Players.GamePlayer_Achievement:MarkAsFinish(Int32)
OHD.Players.GamePlayer_Achievement:CheckCGUnlock()
OHD.Players.GamePlayer_Gallery:MarkAsUnlocked(Int32, Boolean, Boolean)
OHD.Dungeons.PlotMachines.PlotCmd_GameAction_UnlockGallery:OnExecute()
OHD.Dungeons.PlotMachines.<ProcessExecute>d__38:MoveNext()
UnityEngine.SetupCoroutine:InvokeMoveNext(IEnumerator, IntPtr)

[299] [Achievement Unlock] Can't Live Without You
UnityEngine.Logger:Log(LogType, Object)
UnityEngine.Debug:Log(Object)
OHD.Players.GamePlayer_Achievement:MarkAsFinish(Int32)
OHD.Players.GamePlayer_Achievement:CheckCGUnlock()
OHD.Players.GamePlayer_Gallery:MarkAsUnlocked(Int32, Boolean, Boolean)
OHD.Dungeons.PlotMachines.PlotCmd_GameAction_UnlockGallery:OnExecute()
OHD.Dungeons.PlotMachines.<ProcessExecute>d__38:MoveNext()
UnityEngine.SetupCoroutine:InvokeMoveNext(IEnumerator, IntPtr)

[302] Game User Saved
UnityEngine.Logger:Log(LogType, Object)
UnityEngine.Debug:Log(Object)
GameUser:Save()
GamePlayer:Save()
GamePlayer:AutoSave()
GamePlayer:OnUpdatePerFrame(Int64)
Effekseer.EffekseerProceduralMaterialGeneratorUngenerate:Invoke(IntPtr)
UniRx.Operators.FromMicroCoroutine:OnNext(T)
UniRx.<EveryCycleCore>d__311:MoveNext()
UniRx.InternalUtil.MicroCoroutine:Run()
UniRx.<RunUpdateMicroCoroutine>d__31:MoveNext()
UnityEngine.SetupCoroutine:InvokeMoveNext(IEnumerator, IntPtr)

[981] Broadcast_SendStop
UnityEngine.Logger:Log(LogType, Object)
UnityEngine.Debug:Log(Object)
OHD.ThirdPartySupport.Lovenses.LovenseToy:Broadcast_SendStop(List`1)
OHD.Dungeons.PlotMachines.PlotMachine:DoPlotEnd()
OHD.Dungeons.PlotMachines.PlotCmd_PlotSignal_EndPlot:OnExecute()
OHD.Dungeons.PlotMachines.<ProcessExecute>d__38:MoveNext()
UnityEngine.SetupCoroutine:InvokeMoveNext(IEnumerator, IntPtr)

Main Camera: 3 camera overlays no longer exists and will be removed from the camera stack.
UnityEngine.Logger:Log(LogType, Object)
UnityEngine.Debug:LogWarning(Object)
UnityEngine.Rendering.Universal.UniversalAdditionalCameraData:UpdateCameraStack()
UnityEngine.Rendering.Universal.UniversalRenderPipeline:RenderCameraStack(ScriptableRenderContext, Camera)
UnityEngine.Rendering.Universal.UniversalRenderPipeline:Render(ScriptableRenderContext, Camera[])
UnityEngine.Rendering.RenderPipelineManager:DoRenderLoop_Internal(RenderPipelineAsset, IntPtr, List`1)

[984] [Story Flag] TrueEnd = True
UnityEngine.Logger:Log(LogType, Object)
UnityEngine.Debug:Log(Object)
OHD.Players.GamePlayer_Story:SetFlag(StoryFlag, Boolean)
OHD.Dungeons.PlotMachines.PlotCmd_GameAction_StoryFlag:OnExecute()
OHD.Dungeons.PlotMachines.<ProcessExecute>d__38:MoveNext()
UnityEngine.SetupCoroutine:InvokeMoveNext(IEnumerator, IntPtr)

[984] [Achievement Unlock] Ideal State
UnityEngine.Logger:Log(LogType, Object)
UnityEngine.Debug:Log(Object)
OHD.Players.GamePlayer_Achievement:MarkAsFinish(Int32)
OHD.Players.GamePlayer_Story:SetFlag(StoryFlag, Boolean)
OHD.Dungeons.PlotMachines.PlotCmd_GameAction_StoryFlag:OnExecute()
OHD.Dungeons.PlotMachines.<ProcessExecute>d__38:MoveNext()
UnityEngine.SetupCoroutine:InvokeMoveNext(IEnumerator, IntPtr)

[984] Game User Saved
UnityEngine.Logger:Log(LogType, Object)
UnityEngine.Debug:Log(Object)
GameUser:Save()
GameUser:AutoSave()
OHD.Players.GamePlayer_Story:SetFlag(StoryFlag, Boolean)
OHD.Dungeons.PlotMachines.PlotCmd_GameAction_StoryFlag:OnExecute()
OHD.Dungeons.PlotMachines.<ProcessExecute>d__38:MoveNext()
UnityEngine.SetupCoroutine:InvokeMoveNext(IEnumerator, IntPtr)

[6] Notes : 清晨
UnityEngine.Logger:Log(LogType, Object)
UnityEngine.Debug:Log(Object)
OHD.Dungeons.PlotMachines.PlotCmd_Common_Notes:OnExecute()
OHD.Dungeons.PlotMachines.<ProcessExecute>d__38:MoveNext()
UnityEngine.SetupCoroutine:InvokeMoveNext(IEnumerator, IntPtr)

[302] Notes : 早上
UnityEngine.Logger:Log(LogType, Object)
UnityEngine.Debug:Log(Object)
OHD.Dungeons.PlotMachines.PlotCmd_Common_Notes:OnExecute()
OHD.Dungeons.PlotMachines.<ProcessExecute>d__38:MoveNext()
UnityEngine.SetupCoroutine:InvokeMoveNext(IEnumerator, IntPtr)

[640] Notes : 中午
UnityEngine.Logger:Log(LogType, Object)
UnityEngine.Debug:Log(Object)
OHD.Dungeons.PlotMachines.PlotCmd_Common_Notes:OnExecute()
OHD.Dungeons.PlotMachines.<ProcessExecute>d__38:MoveNext()
UnityEngine.SetupCoroutine:InvokeMoveNext(IEnumerator, IntPtr)

[955] Notes : 下午
UnityEngine.Logger:Log(LogType, Object)
UnityEngine.Debug:Log(Object)
OHD.Dungeons.PlotMachines.PlotCmd_Common_Notes:OnExecute()
OHD.Dungeons.PlotMachines.<ProcessExecute>d__38:MoveNext()
UnityEngine.SetupCoroutine:InvokeMoveNext(IEnumerator, IntPtr)

[711] Notes : 黃昏
UnityEngine.Logger:Log(LogType, Object)
UnityEngine.Debug:Log(Object)
OHD.Dungeons.PlotMachines.PlotCmd_Common_Notes:OnExecute()
OHD.Dungeons.PlotMachines.<ProcessExecute>d__38:MoveNext()
UnityEngine.SetupCoroutine:InvokeMoveNext(IEnumerator, IntPtr)

[33] Notes : 晚上
UnityEngine.Logger:Log(LogType, Object)
UnityEngine.Debug:Log(Object)
OHD.Dungeons.PlotMachines.PlotCmd_Common_Notes:OnExecute()
OHD.Dungeons.PlotMachines.<ProcessExecute>d__38:MoveNext()
UnityEngine.SetupCoroutine:InvokeMoveNext(IEnumerator, IntPtr)

[871] Reset Game
UnityEngine.Logger:Log(LogType, Object)
UnityEngine.Debug:Log(Object)
Game:RestartGame()
OHD.Dungeons.PlotMachines.PlotCmd_GameAction_BackToTitleScreen:OnExecute()
OHD.Dungeons.PlotMachines.<ProcessExecute>d__38:MoveNext()
UnityEngine.SetupCoroutine:InvokeMoveNext(IEnumerator, IntPtr)

Unloading 5 Unused Serialized files (Serialized files now loaded: 0)
UnloadTime: 9.288200 ms
[47] App Start
UnityEngine.Logger:Log(LogType, Object)
UnityEngine.Debug:Log(Object)
<ProcessStartGame>d__2:MoveNext()
UnityEngine.SetupCoroutine:InvokeMoveNext(IEnumerator, IntPtr)


Unloading 84673 unused Assets to reduce memory usage. Loaded Objects now: 5844.
Total: 117.501900 ms (FindLiveObjects: 3.443800 ms CreateObjectMapping: 4.438500 ms MarkObjects: 30.079600 ms  DeleteObjects: 79.539700 ms)

Window dimensions changed to 1920x1080 AspectRatio:1.777778
UnityEngine.Logger:Log(LogType, Object)
UnityEngine.Debug:Log(Object)
OHD.UI.<>c:<OnRectTransformDimensionsChange>b__3_0()
UnityEngine.AndroidJavaRunnable:Invoke()
System.Action`1:Invoke(T)
System.Action`1:Invoke(T)
UniRx.QueuedAction`1:Invoke(Object)
System.Action`1:Invoke(T)
UniRx.InternalUtil.ThreadSafeQueueWorker:ExecuteAll(Action`1)

[369] Game Init
UnityEngine.Logger:Log(LogType, Object)
UnityEngine.Debug:Log(Object)
<ProcessStartGame>d__1:MoveNext()
UnityEngine.SetupCoroutine:InvokeMoveNext(IEnumerator, IntPtr)

[369] Game Load
UnityEngine.Logger:Log(LogType, Object)
UnityEngine.Debug:Log(Object)
<ProcessStartGame>d__1:MoveNext()
UnityEngine.SetupCoroutine:InvokeMoveNext(IEnumerator, IntPtr)

[369] Load i18n
UnityEngine.Logger:Log(LogType, Object)
UnityEngine.Debug:Log(Object)
<Load>d__52:MoveNext()
UnityEngine.SetupCoroutine:InvokeMoveNext(IEnumerator, IntPtr)

[369] Load Lang -> EN
UnityEngine.Logger:Log(LogType, Object)
UnityEngine.Debug:Log(Object)
GameLocalization:Load(GameLanguage)
<Load>d__52:MoveNext()
UnityEngine.SetupCoroutine:InvokeMoveNext(IEnumerator, IntPtr)

[369] Load Game Setting
UnityEngine.Logger:Log(LogType, Object)
UnityEngine.Debug:Log(Object)
<Load>d__52:MoveNext()
UnityEngine.SetupCoroutine:InvokeMoveNext(IEnumerator, IntPtr)

[369] Load Setting Elapsed = 34ms
UnityEngine.Logger:Log(LogType, Object)
UnityEngine.Debug:Log(Object)
OHD.Setting.GameSettingDatastoreList:LoadAllSetting()
<Load>d__52:MoveNext()
UnityEngine.SetupCoroutine:InvokeMoveNext(IEnumerator, IntPtr)

[369] Load Keywords
UnityEngine.Logger:Log(LogType, Object)
UnityEngine.Debug:Log(Object)
<Load>d__52:MoveNext()
UnityEngine.SetupCoroutine:InvokeMoveNext(IEnumerator, IntPtr)

[369] Bind Main Event
UnityEngine.Logger:Log(LogType, Object)
UnityEngine.Debug:Log(Object)
<Load>d__52:MoveNext()
UnityEngine.SetupCoroutine:InvokeMoveNext(IEnumerator, IntPtr)

[369] Load Rate Machine
UnityEngine.Logger:Log(LogType, Object)
UnityEngine.Debug:Log(Object)
<Load>d__52:MoveNext()
UnityEngine.SetupCoroutine:InvokeMoveNext(IEnumerator, IntPtr)

[369] Load Game Time
UnityEngine.Logger:Log(LogType, Object)
UnityEngine.Debug:Log(Object)
<Load>d__52:MoveNext()
UnityEngine.SetupCoroutine:InvokeMoveNext(IEnumerator, IntPtr)

[369] Load Manager - Asset Bundle
UnityEngine.Logger:Log(LogType, Object)
UnityEngine.Debug:Log(Object)
<Load>d__52:MoveNext()
UnityEngine.SetupCoroutine:InvokeMoveNext(IEnumerator, IntPtr)

[370] Load Manager - Game Update Delegator
UnityEngine.Logger:Log(LogType, Object)
UnityEngine.Debug:Log(Object)
<Load>d__52:MoveNext()
UnityEngine.SetupCoroutine:InvokeMoveNext(IEnumerator, IntPtr)

[370] Change Update Type = None -> Title
UnityEngine.Logger:Log(LogType, Object)
UnityEngine.Debug:Log(Object)
OHD.GameObjects.GameUpdateDelegator:Switch(TargetType, Boolean)
<Load>d__52:MoveNext()
UnityEngine.SetupCoroutine:InvokeMoveNext(IEnumerator, IntPtr)

[370] Load Manager - Audio
UnityEngine.Logger:Log(LogType, Object)
UnityEngine.Debug:Log(Object)
<Load>d__52:MoveNext()
UnityEngine.SetupCoroutine:InvokeMoveNext(IEnumerator, IntPtr)

[370] Load Dialog Log Recorder
UnityEngine.Logger:Log(LogType, Object)
UnityEngine.Debug:Log(Object)
<Load>d__52:MoveNext()
UnityEngine.SetupCoroutine:InvokeMoveNext(IEnumerator, IntPtr)

[370] Load Game User
UnityEngine.Logger:Log(LogType, Object)
UnityEngine.Debug:Log(Object)
GameInstance:LoadUser()
<ProcessStartGame>d__1:MoveNext()
UnityEngine.SetupCoroutine:InvokeMoveNext(IEnumerator, IntPtr)

[370] Load Resource
UnityEngine.Logger:Log(LogType, Object)
UnityEngine.Debug:Log(Object)
<ProcessStartGame>d__1:MoveNext()
UnityEngine.SetupCoroutine:InvokeMoveNext(IEnumerator, IntPtr)

[370] Steam Manager - Initialized
UnityEngine.Logger:Log(LogType, Object)
UnityEngine.Debug:Log(Object)
<Init>d__12:MoveNext()
UnityEngine.SetupCoroutine:InvokeMoveNext(IEnumerator, IntPtr)

[378] Steam Manager Initialized -> k_EResultOK
UnityEngine.Logger:Log(LogType, Object)
UnityEngine.Debug:Log(Object)
GameUser_SteamHelper:OnUserStatsReceived(UserStatsReceived_t)
System.Action`1:Invoke(T)
Steamworks.Callback`1:OnRunCallback(IntPtr)
Steamworks.CallbackDispatcher:RunFrame(Boolean)

[378] Steam Manager Initialized -> k_EResultOK
UnityEngine.Logger:Log(LogType, Object)
UnityEngine.Debug:Log(Object)
GameUser_SteamHelper:OnUserStatsReceived(UserStatsReceived_t)
System.Action`1:Invoke(T)
Steamworks.Callback`1:OnRunCallback(IntPtr)
Steamworks.CallbackDispatcher:RunFrame(Boolean)

[378] Steam Manager - True
UnityEngine.Logger:Log(LogType, Object)
UnityEngine.Debug:Log(Object)
<Init>d__12:MoveNext()
UnityEngine.SetupCoroutine:InvokeMoveNext(IEnumerator, IntPtr)

[593] Load Title Scene
UnityEngine.Logger:Log(LogType, Object)
UnityEngine.Debug:Log(Object)
<ProcessStartGame>d__1:MoveNext()
UnityEngine.SetupCoroutine:InvokeMoveNext(IEnumerator, IntPtr)

[101] Broadcast_SendStop
UnityEngine.Logger:Log(LogType, Object)
UnityEngine.Debug:Log(Object)
OHD.ThirdPartySupport.Lovenses.LovenseToy:Broadcast_SendStop(List`1)

Setting up 6 worker threads for Enlighten.
  Thread -> id: 17b4 -> priority: 1 
  Thread -> id: bfc -> priority: 1 
  Thread -> id: 2a60 -> priority: 1 
  Thread -> id: 8 -> priority: 1 
  Thread -> id: 27d4 -> priority: 1 
  Thread -> id: 15a4 -> priority: 1 
